p1	p2	dcifer
SPT35309	SPT35323	0
SPT35309	SPT35324	0
SPT35309	SPT35374	0.006
SPT35309	SPT35459	0
SPT35309	SPT35471	0
SPT35309	SPT35509	0
SPT35309	SPT35551	0
SPT35309	SPT35556	0
SPT35309	SPT35564	0
SPT35309	SPT35566	0.006
SPT35309	SPT35587	0
SPT35309	SPT35673	0
SPT35309	SPT35681	0.004
SPT35309	SPT35752	0
SPT35309	SPT35334	0
SPT35309	SPT35469	0
SPT35309	SPT35332	0
SPT35309	SPT35351	0.025
SPT35309	SPT35355	0.017
SPT35309	SPT35420	0.001
SPT35309	SPT35502	0
SPT35309	SPT35412	0
SPT35309	SPT35446	0
SPT35309	SPT35450	0.022
SPT35309	SPT35474	0
SPT35309	SPT35503	0
SPT35309	SPT35571	0
SPT35309	SPT35575	0.001
SPT35309	SPT35592	0
SPT35309	SPT35766	0.006
SPT35309	SPT35500	0
SPT35309	SPT35508	0
SPT35309	SPT35313	0
SPT35309	SPT35328	0.048
SPT35309	SPT35330	0
SPT35309	SPT35362	0
SPT35309	SPT35430	0
SPT35309	SPT35431	0
SPT35309	SPT35453	0.005
SPT35309	SPT35317	0
SPT35309	SPT35318	0
SPT35309	SPT35320	0.002
SPT35309	SPT35321	0
SPT35309	SPT35322	0
SPT35309	SPT35333	0
SPT35309	SPT35341	0
SPT35309	SPT35342	0.009
SPT35309	SPT35346	0
SPT35309	SPT35347	0
SPT35309	SPT35352	0.002
SPT35309	SPT35361	0
SPT35309	SPT35363	0
SPT35309	SPT35389	0.022
SPT35309	SPT35425	0.007
SPT35309	SPT35435	0
SPT35309	SPT35443	0.003
SPT35309	SPT35447	0.001
SPT35309	SPT35448	0
SPT35309	SPT35449	0
SPT35309	SPT35458	0
SPT35309	SPT35461	0.003
SPT35309	SPT35462	0
SPT35309	SPT35463	0
SPT35309	SPT35487	0
SPT35309	SPT35501	0
SPT35309	SPT35510	0.007
SPT35309	SPT35511	0
SPT35309	SPT35514	0
SPT35309	SPT35515	0
SPT35309	SPT35516	0
SPT35309	SPT35517	0
SPT35309	SPT35518	0
SPT35309	SPT35519	0.002
SPT35309	SPT35520	0.015
SPT35309	SPT35521	0
SPT35309	SPT35522	0.003
SPT35309	SPT35523	0
SPT35309	SPT35524	0
SPT35309	SPT35525	0
SPT35309	SPT35526	0
SPT35309	SPT35529	0
SPT35309	SPT35532	0
SPT35309	SPT35537	0
SPT35309	SPT35538	0
SPT35309	SPT35541	0
SPT35309	SPT35543	0
SPT35309	SPT35544	0
SPT35309	SPT35546	0
SPT35309	SPT35547	0
SPT35309	SPT35552	0
SPT35309	SPT35553	0
SPT35309	SPT35557	0.001
SPT35309	SPT35561	0.003
SPT35309	SPT35563	0
SPT35309	SPT35567	0
SPT35309	SPT35576	0
SPT35309	SPT35577	0
SPT35309	SPT35580	0
SPT35309	SPT35583	0
SPT35309	SPT35584	0
SPT35309	SPT35585	0
SPT35309	SPT35302	0
SPT35309	SPT35303	0
SPT35309	SPT35304	0.015
SPT35309	SPT35306	0
SPT35309	SPT35308	0.017
SPT35309	SPT35310	1
SPT35309	SPT35315	0.033
SPT35309	SPT35325	0
SPT35309	SPT35336	0
SPT35309	SPT35337	0
SPT35309	SPT35338	0
SPT35309	SPT35340	0.022
SPT35309	SPT35348	0
SPT35309	SPT35349	0
SPT35309	SPT35354	0
SPT35309	SPT35356	0
SPT35309	SPT35357	0
SPT35309	SPT35360	0
SPT35309	SPT35365	0
SPT35309	SPT35366	0
SPT35309	SPT35368	0.003
SPT35309	SPT35369	0
SPT35309	SPT35370	0
SPT35309	SPT35373	0
SPT35309	SPT35377	0.023
SPT35309	SPT35378	0
SPT35309	SPT35379	0
SPT35309	SPT35382	0
SPT35309	SPT35384	0
SPT35309	SPT35390	0
SPT35309	SPT35407	0
SPT35309	SPT35410	0
SPT35309	SPT35414	0
SPT35309	SPT35417	0
SPT35309	SPT35418	0.003
SPT35309	SPT35419	0
SPT35309	SPT35423	0
SPT35309	SPT35436	0.008
SPT35309	SPT35444	0
SPT35309	SPT35316	0
SPT35309	SPT35331	0
SPT35309	SPT35339	0.009
SPT35309	SPT35364	0
SPT35309	SPT35372	0
SPT35309	SPT35405	0
SPT35309	SPT35424	0
SPT35309	SPT35427	0
SPT35309	SPT35437	0
SPT35309	SPT35440	0.002
SPT35309	SPT35467	0
SPT35309	SPT35468	0
SPT35309	SPT35470	0
SPT35309	SPT35472	0
SPT35309	SPT35475	0
SPT35309	SPT35476	0
SPT35309	SPT35485	0.002
SPT35309	SPT35499	0
SPT35309	SPT35780	0
SPT35323	SPT35324	0
SPT35323	SPT35374	0
SPT35323	SPT35459	0
SPT35323	SPT35471	0
SPT35323	SPT35509	0
SPT35323	SPT35551	0
SPT35323	SPT35556	0.003
SPT35323	SPT35564	0
SPT35323	SPT35566	0
SPT35323	SPT35587	0
SPT35323	SPT35673	0
SPT35323	SPT35681	0
SPT35323	SPT35752	0
SPT35323	SPT35334	0
SPT35323	SPT35469	0
SPT35323	SPT35332	0
SPT35323	SPT35351	0
SPT35323	SPT35355	0
SPT35323	SPT35420	0
SPT35323	SPT35502	0
SPT35323	SPT35412	0
SPT35323	SPT35446	0
SPT35323	SPT35450	0
SPT35323	SPT35474	0
SPT35323	SPT35503	0
SPT35323	SPT35571	0
SPT35323	SPT35575	0
SPT35323	SPT35592	0
SPT35323	SPT35766	0
SPT35323	SPT35500	0
SPT35323	SPT35508	0
SPT35323	SPT35313	1
SPT35323	SPT35328	0.036
SPT35323	SPT35330	0.986
SPT35323	SPT35362	0
SPT35323	SPT35430	0
SPT35323	SPT35431	0
SPT35323	SPT35453	0
SPT35323	SPT35317	0
SPT35323	SPT35318	0
SPT35323	SPT35320	0
SPT35323	SPT35321	0.348
SPT35323	SPT35322	0.056
SPT35323	SPT35333	0
SPT35323	SPT35341	0
SPT35323	SPT35342	0.01
SPT35323	SPT35346	0.25
SPT35323	SPT35347	0
SPT35323	SPT35352	0
SPT35323	SPT35361	0
SPT35323	SPT35363	0
SPT35323	SPT35389	0
SPT35323	SPT35425	0
SPT35323	SPT35435	0
SPT35323	SPT35443	0
SPT35323	SPT35447	0
SPT35323	SPT35448	0
SPT35323	SPT35449	0
SPT35323	SPT35458	0
SPT35323	SPT35461	0
SPT35323	SPT35462	0
SPT35323	SPT35463	0
SPT35323	SPT35487	0
SPT35323	SPT35501	0
SPT35323	SPT35510	0
SPT35323	SPT35511	0
SPT35323	SPT35514	0
SPT35323	SPT35515	0
SPT35323	SPT35516	0
SPT35323	SPT35517	0
SPT35323	SPT35518	0
SPT35323	SPT35519	0
SPT35323	SPT35520	0
SPT35323	SPT35521	0
SPT35323	SPT35522	0
SPT35323	SPT35523	0
SPT35323	SPT35524	0
SPT35323	SPT35525	0
SPT35323	SPT35526	0
SPT35323	SPT35529	0
SPT35323	SPT35532	0
SPT35323	SPT35537	0
SPT35323	SPT35538	0
SPT35323	SPT35541	0
SPT35323	SPT35543	0
SPT35323	SPT35544	0
SPT35323	SPT35546	0
SPT35323	SPT35547	0
SPT35323	SPT35552	0.012
SPT35323	SPT35553	0
SPT35323	SPT35557	0
SPT35323	SPT35561	0
SPT35323	SPT35563	0
SPT35323	SPT35567	0
SPT35323	SPT35576	0
SPT35323	SPT35577	0
SPT35323	SPT35580	0
SPT35323	SPT35583	0
SPT35323	SPT35584	0
SPT35323	SPT35585	0
SPT35323	SPT35302	0
SPT35323	SPT35303	0
SPT35323	SPT35304	0
SPT35323	SPT35306	0
SPT35323	SPT35308	0
SPT35323	SPT35310	0
SPT35323	SPT35315	0
SPT35323	SPT35325	0
SPT35323	SPT35336	0
SPT35323	SPT35337	0
SPT35323	SPT35338	0
SPT35323	SPT35340	0
SPT35323	SPT35348	0
SPT35323	SPT35349	0
SPT35323	SPT35354	0
SPT35323	SPT35356	0
SPT35323	SPT35357	0.058
SPT35323	SPT35360	0
SPT35323	SPT35365	0.003
SPT35323	SPT35366	0
SPT35323	SPT35368	0.009
SPT35323	SPT35369	0.007
SPT35323	SPT35370	0
SPT35323	SPT35373	0.006
SPT35323	SPT35377	0
SPT35323	SPT35378	0
SPT35323	SPT35379	0.002
SPT35323	SPT35382	0
SPT35323	SPT35384	0
SPT35323	SPT35390	0.018
SPT35323	SPT35407	0
SPT35323	SPT35410	0
SPT35323	SPT35414	0
SPT35323	SPT35417	0
SPT35323	SPT35418	0.05
SPT35323	SPT35419	0
SPT35323	SPT35423	0
SPT35323	SPT35436	0
SPT35323	SPT35444	0
SPT35323	SPT35316	0.022
SPT35323	SPT35331	0
SPT35323	SPT35339	0
SPT35323	SPT35364	0
SPT35323	SPT35372	0
SPT35323	SPT35405	0
SPT35323	SPT35424	0
SPT35323	SPT35427	0
SPT35323	SPT35437	0
SPT35323	SPT35440	0
SPT35323	SPT35467	0
SPT35323	SPT35468	0
SPT35323	SPT35470	0
SPT35323	SPT35472	0
SPT35323	SPT35475	0
SPT35323	SPT35476	0
SPT35323	SPT35485	0
SPT35323	SPT35499	0
SPT35323	SPT35780	0
SPT35324	SPT35374	0
SPT35324	SPT35459	0
SPT35324	SPT35471	0
SPT35324	SPT35509	0
SPT35324	SPT35551	0
SPT35324	SPT35556	0.006
SPT35324	SPT35564	0.001
SPT35324	SPT35566	0.005
SPT35324	SPT35587	0
SPT35324	SPT35673	0
SPT35324	SPT35681	0
SPT35324	SPT35752	0
SPT35324	SPT35334	0
SPT35324	SPT35469	0
SPT35324	SPT35332	0
SPT35324	SPT35351	0.048
SPT35324	SPT35355	0
SPT35324	SPT35420	0
SPT35324	SPT35502	0
SPT35324	SPT35412	0
SPT35324	SPT35446	0
SPT35324	SPT35450	0.024
SPT35324	SPT35474	0.028
SPT35324	SPT35503	0
SPT35324	SPT35571	0
SPT35324	SPT35575	0.004
SPT35324	SPT35592	0
SPT35324	SPT35766	0.005
SPT35324	SPT35500	0
SPT35324	SPT35508	0
SPT35324	SPT35313	0
SPT35324	SPT35328	0.001
SPT35324	SPT35330	0
SPT35324	SPT35362	0
SPT35324	SPT35430	0
SPT35324	SPT35431	0
SPT35324	SPT35453	0.005
SPT35324	SPT35317	0
SPT35324	SPT35318	0.006
SPT35324	SPT35320	0.009
SPT35324	SPT35321	0.009
SPT35324	SPT35322	0
SPT35324	SPT35333	0
SPT35324	SPT35341	0.024
SPT35324	SPT35342	0.006
SPT35324	SPT35346	0
SPT35324	SPT35347	0.004
SPT35324	SPT35352	0
SPT35324	SPT35361	0
SPT35324	SPT35363	0
SPT35324	SPT35389	0.071
SPT35324	SPT35425	0
SPT35324	SPT35435	0
SPT35324	SPT35443	0
SPT35324	SPT35447	0
SPT35324	SPT35448	0
SPT35324	SPT35449	0
SPT35324	SPT35458	0
SPT35324	SPT35461	0
SPT35324	SPT35462	0.1
SPT35324	SPT35463	0
SPT35324	SPT35487	0
SPT35324	SPT35501	0
SPT35324	SPT35510	0
SPT35324	SPT35511	0
SPT35324	SPT35514	0
SPT35324	SPT35515	0
SPT35324	SPT35516	0
SPT35324	SPT35517	0
SPT35324	SPT35518	0
SPT35324	SPT35519	0
SPT35324	SPT35520	0.007
SPT35324	SPT35521	0
SPT35324	SPT35522	0
SPT35324	SPT35523	0
SPT35324	SPT35524	0.004
SPT35324	SPT35525	0
SPT35324	SPT35526	0
SPT35324	SPT35529	0
SPT35324	SPT35532	0
SPT35324	SPT35537	0.005
SPT35324	SPT35538	0.003
SPT35324	SPT35541	0
SPT35324	SPT35543	0.01
SPT35324	SPT35544	0
SPT35324	SPT35546	0
SPT35324	SPT35547	0
SPT35324	SPT35552	0.005
SPT35324	SPT35553	0.008
SPT35324	SPT35557	0.002
SPT35324	SPT35561	0
SPT35324	SPT35563	0
SPT35324	SPT35567	0
SPT35324	SPT35576	0
SPT35324	SPT35577	0
SPT35324	SPT35580	0.009
SPT35324	SPT35583	0
SPT35324	SPT35584	0
SPT35324	SPT35585	0
SPT35324	SPT35302	0
SPT35324	SPT35303	0.041
SPT35324	SPT35304	0.035
SPT35324	SPT35306	0.007
SPT35324	SPT35308	0.036
SPT35324	SPT35310	0
SPT35324	SPT35315	0.047
SPT35324	SPT35325	0
SPT35324	SPT35336	0.014
SPT35324	SPT35337	0
SPT35324	SPT35338	0.014
SPT35324	SPT35340	0.072
SPT35324	SPT35348	0
SPT35324	SPT35349	0.005
SPT35324	SPT35354	0.018
SPT35324	SPT35356	0.028
SPT35324	SPT35357	0.001
SPT35324	SPT35360	0.004
SPT35324	SPT35365	0
SPT35324	SPT35366	0
SPT35324	SPT35368	0
SPT35324	SPT35369	0
SPT35324	SPT35370	0
SPT35324	SPT35373	0.002
SPT35324	SPT35377	0.07
SPT35324	SPT35378	0
SPT35324	SPT35379	0
SPT35324	SPT35382	0.02
SPT35324	SPT35384	0.017
SPT35324	SPT35390	0.002
SPT35324	SPT35407	0
SPT35324	SPT35410	0.015
SPT35324	SPT35414	0
SPT35324	SPT35417	0
SPT35324	SPT35418	0
SPT35324	SPT35419	0
SPT35324	SPT35423	0
SPT35324	SPT35436	0.002
SPT35324	SPT35444	0
SPT35324	SPT35316	0.005
SPT35324	SPT35331	0
SPT35324	SPT35339	0
SPT35324	SPT35364	0.036
SPT35324	SPT35372	0
SPT35324	SPT35405	0
SPT35324	SPT35424	0
SPT35324	SPT35427	0
SPT35324	SPT35437	0
SPT35324	SPT35440	0
SPT35324	SPT35467	0
SPT35324	SPT35468	0
SPT35324	SPT35470	0.055
SPT35324	SPT35472	0.004
SPT35324	SPT35475	0
SPT35324	SPT35476	0
SPT35324	SPT35485	0.001
SPT35324	SPT35499	0
SPT35324	SPT35780	0
SPT35374	SPT35459	0
SPT35374	SPT35471	0
SPT35374	SPT35509	0
SPT35374	SPT35551	0
SPT35374	SPT35556	0.008
SPT35374	SPT35564	0.001
SPT35374	SPT35566	0
SPT35374	SPT35587	0
SPT35374	SPT35673	0
SPT35374	SPT35681	0
SPT35374	SPT35752	0
SPT35374	SPT35334	0
SPT35374	SPT35469	0
SPT35374	SPT35332	0
SPT35374	SPT35351	0
SPT35374	SPT35355	0.003
SPT35374	SPT35420	0.004
SPT35374	SPT35502	0.006
SPT35374	SPT35412	0.001
SPT35374	SPT35446	0.009
SPT35374	SPT35450	0
SPT35374	SPT35474	0
SPT35374	SPT35503	0
SPT35374	SPT35571	0.003
SPT35374	SPT35575	0
SPT35374	SPT35592	0
SPT35374	SPT35766	0.01
SPT35374	SPT35500	0
SPT35374	SPT35508	0.005
SPT35374	SPT35313	0
SPT35374	SPT35328	0
SPT35374	SPT35330	0
SPT35374	SPT35362	0.009
SPT35374	SPT35430	0.006
SPT35374	SPT35431	0.004
SPT35374	SPT35453	0
SPT35374	SPT35317	0.015
SPT35374	SPT35318	0
SPT35374	SPT35320	0.016
SPT35374	SPT35321	0
SPT35374	SPT35322	0
SPT35374	SPT35333	0
SPT35374	SPT35341	0.017
SPT35374	SPT35342	0.014
SPT35374	SPT35346	0
SPT35374	SPT35347	0.005
SPT35374	SPT35352	0
SPT35374	SPT35361	0.006
SPT35374	SPT35363	0.005
SPT35374	SPT35389	0
SPT35374	SPT35425	0.009
SPT35374	SPT35435	0
SPT35374	SPT35443	0.011
SPT35374	SPT35447	0.008
SPT35374	SPT35448	0
SPT35374	SPT35449	0
SPT35374	SPT35458	0
SPT35374	SPT35461	0
SPT35374	SPT35462	0
SPT35374	SPT35463	0.011
SPT35374	SPT35487	0
SPT35374	SPT35501	0
SPT35374	SPT35510	0.011
SPT35374	SPT35511	0
SPT35374	SPT35514	0
SPT35374	SPT35515	0
SPT35374	SPT35516	0
SPT35374	SPT35517	0
SPT35374	SPT35518	0.018
SPT35374	SPT35519	0
SPT35374	SPT35520	0.001
SPT35374	SPT35521	0
SPT35374	SPT35522	0
SPT35374	SPT35523	0
SPT35374	SPT35524	0.002
SPT35374	SPT35525	0
SPT35374	SPT35526	0
SPT35374	SPT35529	0
SPT35374	SPT35532	0
SPT35374	SPT35537	0
SPT35374	SPT35538	0
SPT35374	SPT35541	0.01
SPT35374	SPT35543	0
SPT35374	SPT35544	0
SPT35374	SPT35546	0
SPT35374	SPT35547	0
SPT35374	SPT35552	0.021
SPT35374	SPT35553	0.005
SPT35374	SPT35557	0.016
SPT35374	SPT35561	0
SPT35374	SPT35563	0
SPT35374	SPT35567	0
SPT35374	SPT35576	0
SPT35374	SPT35577	0
SPT35374	SPT35580	0.008
SPT35374	SPT35583	0
SPT35374	SPT35584	0
SPT35374	SPT35585	0
SPT35374	SPT35302	0
SPT35374	SPT35303	0.003
SPT35374	SPT35304	0
SPT35374	SPT35306	0.003
SPT35374	SPT35308	0
SPT35374	SPT35310	0.006
SPT35374	SPT35315	0.007
SPT35374	SPT35325	0
SPT35374	SPT35336	0
SPT35374	SPT35337	0.016
SPT35374	SPT35338	0.022
SPT35374	SPT35340	0
SPT35374	SPT35348	0.015
SPT35374	SPT35349	0.018
SPT35374	SPT35354	0
SPT35374	SPT35356	0.018
SPT35374	SPT35357	0
SPT35374	SPT35360	0.005
SPT35374	SPT35365	0
SPT35374	SPT35366	0.006
SPT35374	SPT35368	0.006
SPT35374	SPT35369	0.014
SPT35374	SPT35370	0
SPT35374	SPT35373	0.001
SPT35374	SPT35377	0
SPT35374	SPT35378	0.011
SPT35374	SPT35379	0.002
SPT35374	SPT35382	0
SPT35374	SPT35384	0
SPT35374	SPT35390	0
SPT35374	SPT35407	0
SPT35374	SPT35410	0.002
SPT35374	SPT35414	0
SPT35374	SPT35417	0
SPT35374	SPT35418	0
SPT35374	SPT35419	0
SPT35374	SPT35423	0.017
SPT35374	SPT35436	0.003
SPT35374	SPT35444	0.008
SPT35374	SPT35316	0.001
SPT35374	SPT35331	0.007
SPT35374	SPT35339	0
SPT35374	SPT35364	0.014
SPT35374	SPT35372	0.005
SPT35374	SPT35405	0
SPT35374	SPT35424	0.007
SPT35374	SPT35427	0.025
SPT35374	SPT35437	0
SPT35374	SPT35440	0.004
SPT35374	SPT35467	0
SPT35374	SPT35468	0
SPT35374	SPT35470	0
SPT35374	SPT35472	0.008
SPT35374	SPT35475	0
SPT35374	SPT35476	0
SPT35374	SPT35485	0.003
SPT35374	SPT35499	0
SPT35374	SPT35780	0.001
SPT35459	SPT35471	0
SPT35459	SPT35509	0
SPT35459	SPT35551	0
SPT35459	SPT35556	0
SPT35459	SPT35564	0.018
SPT35459	SPT35566	0
SPT35459	SPT35587	0
SPT35459	SPT35673	0
SPT35459	SPT35681	0.007
SPT35459	SPT35752	0
SPT35459	SPT35334	0
SPT35459	SPT35469	0
SPT35459	SPT35332	0
SPT35459	SPT35351	0
SPT35459	SPT35355	0.002
SPT35459	SPT35420	0
SPT35459	SPT35502	0
SPT35459	SPT35412	0
SPT35459	SPT35446	0
SPT35459	SPT35450	0
SPT35459	SPT35474	0
SPT35459	SPT35503	0
SPT35459	SPT35571	0
SPT35459	SPT35575	0
SPT35459	SPT35592	0
SPT35459	SPT35766	0
SPT35459	SPT35500	0
SPT35459	SPT35508	0
SPT35459	SPT35313	0
SPT35459	SPT35328	0
SPT35459	SPT35330	0
SPT35459	SPT35362	0.005
SPT35459	SPT35430	0.002
SPT35459	SPT35431	0.008
SPT35459	SPT35453	0
SPT35459	SPT35317	0
SPT35459	SPT35318	0
SPT35459	SPT35320	0
SPT35459	SPT35321	0
SPT35459	SPT35322	0
SPT35459	SPT35333	0.007
SPT35459	SPT35341	0
SPT35459	SPT35342	0
SPT35459	SPT35346	0
SPT35459	SPT35347	0
SPT35459	SPT35352	0
SPT35459	SPT35361	0
SPT35459	SPT35363	0.02
SPT35459	SPT35389	0
SPT35459	SPT35425	0.007
SPT35459	SPT35435	0
SPT35459	SPT35443	0
SPT35459	SPT35447	0.023
SPT35459	SPT35448	0
SPT35459	SPT35449	0
SPT35459	SPT35458	0.996
SPT35459	SPT35461	0.997
SPT35459	SPT35462	0
SPT35459	SPT35463	0.001
SPT35459	SPT35487	0
SPT35459	SPT35501	0
SPT35459	SPT35510	0.016
SPT35459	SPT35511	0
SPT35459	SPT35514	0
SPT35459	SPT35515	0
SPT35459	SPT35516	0
SPT35459	SPT35517	0
SPT35459	SPT35518	0.028
SPT35459	SPT35519	0
SPT35459	SPT35520	0.004
SPT35459	SPT35521	0.013
SPT35459	SPT35522	0
SPT35459	SPT35523	0
SPT35459	SPT35524	0
SPT35459	SPT35525	0
SPT35459	SPT35526	0
SPT35459	SPT35529	0
SPT35459	SPT35532	0
SPT35459	SPT35537	0
SPT35459	SPT35538	0
SPT35459	SPT35541	0.002
SPT35459	SPT35543	0
SPT35459	SPT35544	0.014
SPT35459	SPT35546	0
SPT35459	SPT35547	0
SPT35459	SPT35552	0
SPT35459	SPT35553	0.012
SPT35459	SPT35557	0
SPT35459	SPT35561	0
SPT35459	SPT35563	0
SPT35459	SPT35567	0
SPT35459	SPT35576	0
SPT35459	SPT35577	0
SPT35459	SPT35580	0.018
SPT35459	SPT35583	0.031
SPT35459	SPT35584	0
SPT35459	SPT35585	0
SPT35459	SPT35302	0
SPT35459	SPT35303	0
SPT35459	SPT35304	0
SPT35459	SPT35306	0
SPT35459	SPT35308	0
SPT35459	SPT35310	0
SPT35459	SPT35315	0
SPT35459	SPT35325	0
SPT35459	SPT35336	0
SPT35459	SPT35337	0
SPT35459	SPT35338	0
SPT35459	SPT35340	0
SPT35459	SPT35348	0
SPT35459	SPT35349	0
SPT35459	SPT35354	0
SPT35459	SPT35356	0
SPT35459	SPT35357	0
SPT35459	SPT35360	0
SPT35459	SPT35365	0
SPT35459	SPT35366	0
SPT35459	SPT35368	0.002
SPT35459	SPT35369	0
SPT35459	SPT35370	0
SPT35459	SPT35373	0
SPT35459	SPT35377	0
SPT35459	SPT35378	0
SPT35459	SPT35379	0
SPT35459	SPT35382	0
SPT35459	SPT35384	0
SPT35459	SPT35390	0
SPT35459	SPT35407	0
SPT35459	SPT35410	0
SPT35459	SPT35414	0.013
SPT35459	SPT35417	0.018
SPT35459	SPT35418	0
SPT35459	SPT35419	0
SPT35459	SPT35423	0
SPT35459	SPT35436	0
SPT35459	SPT35444	0
SPT35459	SPT35316	0
SPT35459	SPT35331	0
SPT35459	SPT35339	0.022
SPT35459	SPT35364	0
SPT35459	SPT35372	0
SPT35459	SPT35405	0
SPT35459	SPT35424	0.009
SPT35459	SPT35427	0.003
SPT35459	SPT35437	0
SPT35459	SPT35440	0
SPT35459	SPT35467	0
SPT35459	SPT35468	0
SPT35459	SPT35470	0
SPT35459	SPT35472	0.002
SPT35459	SPT35475	0
SPT35459	SPT35476	0
SPT35459	SPT35485	0.022
SPT35459	SPT35499	0
SPT35459	SPT35780	0
SPT35471	SPT35509	0
SPT35471	SPT35551	0
SPT35471	SPT35556	0
SPT35471	SPT35564	0
SPT35471	SPT35566	0
SPT35471	SPT35587	0
SPT35471	SPT35673	0
SPT35471	SPT35681	0
SPT35471	SPT35752	0
SPT35471	SPT35334	0
SPT35471	SPT35469	0.933
SPT35471	SPT35332	0
SPT35471	SPT35351	0
SPT35471	SPT35355	0
SPT35471	SPT35420	0
SPT35471	SPT35502	0
SPT35471	SPT35412	0
SPT35471	SPT35446	0
SPT35471	SPT35450	0
SPT35471	SPT35474	0
SPT35471	SPT35503	0
SPT35471	SPT35571	0
SPT35471	SPT35575	0
SPT35471	SPT35592	0
SPT35471	SPT35766	0
SPT35471	SPT35500	0
SPT35471	SPT35508	0
SPT35471	SPT35313	0
SPT35471	SPT35328	0
SPT35471	SPT35330	0
SPT35471	SPT35362	0
SPT35471	SPT35430	0
SPT35471	SPT35431	0
SPT35471	SPT35453	0
SPT35471	SPT35317	0
SPT35471	SPT35318	0
SPT35471	SPT35320	0
SPT35471	SPT35321	0
SPT35471	SPT35322	0
SPT35471	SPT35333	0
SPT35471	SPT35341	0
SPT35471	SPT35342	0
SPT35471	SPT35346	0
SPT35471	SPT35347	0
SPT35471	SPT35352	0
SPT35471	SPT35361	0
SPT35471	SPT35363	0
SPT35471	SPT35389	0
SPT35471	SPT35425	0
SPT35471	SPT35435	0.861
SPT35471	SPT35443	0
SPT35471	SPT35447	0
SPT35471	SPT35448	0.867
SPT35471	SPT35449	0
SPT35471	SPT35458	0
SPT35471	SPT35461	0
SPT35471	SPT35462	0
SPT35471	SPT35463	0
SPT35471	SPT35487	0.995
SPT35471	SPT35501	0
SPT35471	SPT35510	0
SPT35471	SPT35511	0
SPT35471	SPT35514	0.891
SPT35471	SPT35515	0.989
SPT35471	SPT35516	0.831
SPT35471	SPT35517	0.878
SPT35471	SPT35518	0
SPT35471	SPT35519	0
SPT35471	SPT35520	0
SPT35471	SPT35521	0
SPT35471	SPT35522	0
SPT35471	SPT35523	0.952
SPT35471	SPT35524	0
SPT35471	SPT35525	0
SPT35471	SPT35526	0
SPT35471	SPT35529	0
SPT35471	SPT35532	0.951
SPT35471	SPT35537	0
SPT35471	SPT35538	0
SPT35471	SPT35541	0
SPT35471	SPT35543	0
SPT35471	SPT35544	0
SPT35471	SPT35546	0
SPT35471	SPT35547	0
SPT35471	SPT35552	0
SPT35471	SPT35553	0
SPT35471	SPT35557	0
SPT35471	SPT35561	0.001
SPT35471	SPT35563	0
SPT35471	SPT35567	0
SPT35471	SPT35576	0
SPT35471	SPT35577	0
SPT35471	SPT35580	0
SPT35471	SPT35583	0
SPT35471	SPT35584	0
SPT35471	SPT35585	0
SPT35471	SPT35302	0
SPT35471	SPT35303	0
SPT35471	SPT35304	0
SPT35471	SPT35306	0
SPT35471	SPT35308	0
SPT35471	SPT35310	0
SPT35471	SPT35315	0
SPT35471	SPT35325	0
SPT35471	SPT35336	0
SPT35471	SPT35337	0
SPT35471	SPT35338	0
SPT35471	SPT35340	0
SPT35471	SPT35348	0
SPT35471	SPT35349	0
SPT35471	SPT35354	0
SPT35471	SPT35356	0
SPT35471	SPT35357	0
SPT35471	SPT35360	0
SPT35471	SPT35365	0
SPT35471	SPT35366	0
SPT35471	SPT35368	0
SPT35471	SPT35369	0
SPT35471	SPT35370	0
SPT35471	SPT35373	0
SPT35471	SPT35377	0
SPT35471	SPT35378	0
SPT35471	SPT35379	0
SPT35471	SPT35382	0
SPT35471	SPT35384	0
SPT35471	SPT35390	0
SPT35471	SPT35407	0
SPT35471	SPT35410	0
SPT35471	SPT35414	0
SPT35471	SPT35417	0
SPT35471	SPT35418	0
SPT35471	SPT35419	0
SPT35471	SPT35423	0
SPT35471	SPT35436	0
SPT35471	SPT35444	0
SPT35471	SPT35316	0
SPT35471	SPT35331	0
SPT35471	SPT35339	0
SPT35471	SPT35364	0
SPT35471	SPT35372	0
SPT35471	SPT35405	0
SPT35471	SPT35424	0
SPT35471	SPT35427	0
SPT35471	SPT35437	0.359
SPT35471	SPT35440	0
SPT35471	SPT35467	0
SPT35471	SPT35468	0.84
SPT35471	SPT35470	0
SPT35471	SPT35472	0
SPT35471	SPT35475	0
SPT35471	SPT35476	0.871
SPT35471	SPT35485	0
SPT35471	SPT35499	0
SPT35471	SPT35780	0
SPT35509	SPT35551	0
SPT35509	SPT35556	0.006
SPT35509	SPT35564	0.017
SPT35509	SPT35566	0
SPT35509	SPT35587	0
SPT35509	SPT35673	0.024
SPT35509	SPT35681	0
SPT35509	SPT35752	0
SPT35509	SPT35334	0
SPT35509	SPT35469	0
SPT35509	SPT35332	0
SPT35509	SPT35351	0.004
SPT35509	SPT35355	0
SPT35509	SPT35420	0.001
SPT35509	SPT35502	0
SPT35509	SPT35412	0.006
SPT35509	SPT35446	0.005
SPT35509	SPT35450	0
SPT35509	SPT35474	0
SPT35509	SPT35503	0
SPT35509	SPT35571	0
SPT35509	SPT35575	0
SPT35509	SPT35592	0
SPT35509	SPT35766	0
SPT35509	SPT35500	0.004
SPT35509	SPT35508	0.002
SPT35509	SPT35313	0
SPT35509	SPT35328	0.006
SPT35509	SPT35330	0
SPT35509	SPT35362	0.011
SPT35509	SPT35430	0
SPT35509	SPT35431	0.006
SPT35509	SPT35453	0.009
SPT35509	SPT35317	0
SPT35509	SPT35318	0
SPT35509	SPT35320	0.001
SPT35509	SPT35321	0.001
SPT35509	SPT35322	0
SPT35509	SPT35333	0.001
SPT35509	SPT35341	0
SPT35509	SPT35342	0
SPT35509	SPT35346	0
SPT35509	SPT35347	0
SPT35509	SPT35352	0.006
SPT35509	SPT35361	0
SPT35509	SPT35363	0
SPT35509	SPT35389	0
SPT35509	SPT35425	0
SPT35509	SPT35435	0
SPT35509	SPT35443	0.014
SPT35509	SPT35447	0
SPT35509	SPT35448	0
SPT35509	SPT35449	0
SPT35509	SPT35458	0
SPT35509	SPT35461	0
SPT35509	SPT35462	0
SPT35509	SPT35463	0.011
SPT35509	SPT35487	0
SPT35509	SPT35501	0.002
SPT35509	SPT35510	0.002
SPT35509	SPT35511	0
SPT35509	SPT35514	0
SPT35509	SPT35515	0
SPT35509	SPT35516	0
SPT35509	SPT35517	0
SPT35509	SPT35518	0.015
SPT35509	SPT35519	0.02
SPT35509	SPT35520	0.008
SPT35509	SPT35521	0
SPT35509	SPT35522	0
SPT35509	SPT35523	0
SPT35509	SPT35524	0.173
SPT35509	SPT35525	0
SPT35509	SPT35526	0
SPT35509	SPT35529	0
SPT35509	SPT35532	0
SPT35509	SPT35537	0
SPT35509	SPT35538	0
SPT35509	SPT35541	0.001
SPT35509	SPT35543	0
SPT35509	SPT35544	0
SPT35509	SPT35546	0
SPT35509	SPT35547	0
SPT35509	SPT35552	0.008
SPT35509	SPT35553	0
SPT35509	SPT35557	0
SPT35509	SPT35561	0
SPT35509	SPT35563	0
SPT35509	SPT35567	0
SPT35509	SPT35576	0
SPT35509	SPT35577	0
SPT35509	SPT35580	0
SPT35509	SPT35583	0.006
SPT35509	SPT35584	0
SPT35509	SPT35585	0
SPT35509	SPT35302	0
SPT35509	SPT35303	0
SPT35509	SPT35304	0
SPT35509	SPT35306	0
SPT35509	SPT35308	0
SPT35509	SPT35310	0
SPT35509	SPT35315	0
SPT35509	SPT35325	0
SPT35509	SPT35336	0
SPT35509	SPT35337	0
SPT35509	SPT35338	0.005
SPT35509	SPT35340	0
SPT35509	SPT35348	0
SPT35509	SPT35349	0.003
SPT35509	SPT35354	0
SPT35509	SPT35356	0
SPT35509	SPT35357	0
SPT35509	SPT35360	0
SPT35509	SPT35365	0.006
SPT35509	SPT35366	0.002
SPT35509	SPT35368	0
SPT35509	SPT35369	0
SPT35509	SPT35370	0
SPT35509	SPT35373	0
SPT35509	SPT35377	0
SPT35509	SPT35378	0
SPT35509	SPT35379	0
SPT35509	SPT35382	0
SPT35509	SPT35384	0
SPT35509	SPT35390	0
SPT35509	SPT35407	0
SPT35509	SPT35410	0.009
SPT35509	SPT35414	0
SPT35509	SPT35417	0
SPT35509	SPT35418	0.001
SPT35509	SPT35419	0
SPT35509	SPT35423	0
SPT35509	SPT35436	0.008
SPT35509	SPT35444	0
SPT35509	SPT35316	0
SPT35509	SPT35331	0
SPT35509	SPT35339	0.007
SPT35509	SPT35364	0
SPT35509	SPT35372	0
SPT35509	SPT35405	0
SPT35509	SPT35424	0.007
SPT35509	SPT35427	0
SPT35509	SPT35437	0.192
SPT35509	SPT35440	0.003
SPT35509	SPT35467	0
SPT35509	SPT35468	0
SPT35509	SPT35470	0
SPT35509	SPT35472	0.001
SPT35509	SPT35475	0
SPT35509	SPT35476	0
SPT35509	SPT35485	0
SPT35509	SPT35499	0
SPT35509	SPT35780	0.005
SPT35551	SPT35556	0
SPT35551	SPT35564	0
SPT35551	SPT35566	0
SPT35551	SPT35587	0
SPT35551	SPT35673	0.007
SPT35551	SPT35681	0
SPT35551	SPT35752	0
SPT35551	SPT35334	0
SPT35551	SPT35469	0
SPT35551	SPT35332	0
SPT35551	SPT35351	0
SPT35551	SPT35355	0
SPT35551	SPT35420	0
SPT35551	SPT35502	0
SPT35551	SPT35412	0
SPT35551	SPT35446	0
SPT35551	SPT35450	0
SPT35551	SPT35474	0
SPT35551	SPT35503	0
SPT35551	SPT35571	0.999
SPT35551	SPT35575	0
SPT35551	SPT35592	0
SPT35551	SPT35766	0
SPT35551	SPT35500	0.005
SPT35551	SPT35508	0
SPT35551	SPT35313	0
SPT35551	SPT35328	0
SPT35551	SPT35330	0
SPT35551	SPT35362	0
SPT35551	SPT35430	0
SPT35551	SPT35431	0.008
SPT35551	SPT35453	0
SPT35551	SPT35317	0
SPT35551	SPT35318	0
SPT35551	SPT35320	0
SPT35551	SPT35321	0
SPT35551	SPT35322	0.006
SPT35551	SPT35333	0
SPT35551	SPT35341	0
SPT35551	SPT35342	0
SPT35551	SPT35346	0
SPT35551	SPT35347	0
SPT35551	SPT35352	0
SPT35551	SPT35361	0
SPT35551	SPT35363	0
SPT35551	SPT35389	0
SPT35551	SPT35425	0
SPT35551	SPT35435	0
SPT35551	SPT35443	0.005
SPT35551	SPT35447	0
SPT35551	SPT35448	0
SPT35551	SPT35449	0
SPT35551	SPT35458	0
SPT35551	SPT35461	0
SPT35551	SPT35462	0
SPT35551	SPT35463	0
SPT35551	SPT35487	0
SPT35551	SPT35501	0
SPT35551	SPT35510	0
SPT35551	SPT35511	0
SPT35551	SPT35514	0
SPT35551	SPT35515	0
SPT35551	SPT35516	0
SPT35551	SPT35517	0
SPT35551	SPT35518	0.002
SPT35551	SPT35519	0.006
SPT35551	SPT35520	0.008
SPT35551	SPT35521	0
SPT35551	SPT35522	0
SPT35551	SPT35523	0
SPT35551	SPT35524	0.002
SPT35551	SPT35525	0
SPT35551	SPT35526	0
SPT35551	SPT35529	0
SPT35551	SPT35532	0
SPT35551	SPT35537	0
SPT35551	SPT35538	0
SPT35551	SPT35541	0
SPT35551	SPT35543	0
SPT35551	SPT35544	0
SPT35551	SPT35546	0.256
SPT35551	SPT35547	0.252
SPT35551	SPT35552	0
SPT35551	SPT35553	0
SPT35551	SPT35557	0
SPT35551	SPT35561	0
SPT35551	SPT35563	0
SPT35551	SPT35567	0
SPT35551	SPT35576	0
SPT35551	SPT35577	0.088
SPT35551	SPT35580	0.014
SPT35551	SPT35583	0
SPT35551	SPT35584	0.251
SPT35551	SPT35585	0
SPT35551	SPT35302	0
SPT35551	SPT35303	0
SPT35551	SPT35304	0
SPT35551	SPT35306	0
SPT35551	SPT35308	0
SPT35551	SPT35310	0
SPT35551	SPT35315	0
SPT35551	SPT35325	0
SPT35551	SPT35336	0
SPT35551	SPT35337	0
SPT35551	SPT35338	0.017
SPT35551	SPT35340	0
SPT35551	SPT35348	0
SPT35551	SPT35349	0.014
SPT35551	SPT35354	0
SPT35551	SPT35356	0
SPT35551	SPT35357	0.005
SPT35551	SPT35360	0
SPT35551	SPT35365	0
SPT35551	SPT35366	0
SPT35551	SPT35368	0.015
SPT35551	SPT35369	0
SPT35551	SPT35370	0
SPT35551	SPT35373	0
SPT35551	SPT35377	0
SPT35551	SPT35378	0
SPT35551	SPT35379	0
SPT35551	SPT35382	0
SPT35551	SPT35384	0
SPT35551	SPT35390	0
SPT35551	SPT35407	0
SPT35551	SPT35410	0
SPT35551	SPT35414	0
SPT35551	SPT35417	0
SPT35551	SPT35418	0
SPT35551	SPT35419	0
SPT35551	SPT35423	0
SPT35551	SPT35436	0.003
SPT35551	SPT35444	0
SPT35551	SPT35316	0.003
SPT35551	SPT35331	0.002
SPT35551	SPT35339	0
SPT35551	SPT35364	0
SPT35551	SPT35372	0
SPT35551	SPT35405	0
SPT35551	SPT35424	0
SPT35551	SPT35427	0.003
SPT35551	SPT35437	0
SPT35551	SPT35440	0
SPT35551	SPT35467	0
SPT35551	SPT35468	0
SPT35551	SPT35470	0
SPT35551	SPT35472	0
SPT35551	SPT35475	0
SPT35551	SPT35476	0
SPT35551	SPT35485	0
SPT35551	SPT35499	0
SPT35551	SPT35780	0
SPT35556	SPT35564	0
SPT35556	SPT35566	0.009
SPT35556	SPT35587	0
SPT35556	SPT35673	0.008
SPT35556	SPT35681	0.008
SPT35556	SPT35752	0.012
SPT35556	SPT35334	0
SPT35556	SPT35469	0
SPT35556	SPT35332	0.004
SPT35556	SPT35351	0
SPT35556	SPT35355	0
SPT35556	SPT35420	0.011
SPT35556	SPT35502	0
SPT35556	SPT35412	0.006
SPT35556	SPT35446	0
SPT35556	SPT35450	0
SPT35556	SPT35474	0
SPT35556	SPT35503	0
SPT35556	SPT35571	0
SPT35556	SPT35575	0
SPT35556	SPT35592	0.075
SPT35556	SPT35766	0
SPT35556	SPT35500	0
SPT35556	SPT35508	0
SPT35556	SPT35313	0.002
SPT35556	SPT35328	0.003
SPT35556	SPT35330	0.006
SPT35556	SPT35362	0.005
SPT35556	SPT35430	0.006
SPT35556	SPT35431	0
SPT35556	SPT35453	0
SPT35556	SPT35317	0.008
SPT35556	SPT35318	0
SPT35556	SPT35320	0.006
SPT35556	SPT35321	0.012
SPT35556	SPT35322	0
SPT35556	SPT35333	0.018
SPT35556	SPT35341	0
SPT35556	SPT35342	0.014
SPT35556	SPT35346	0
SPT35556	SPT35347	0
SPT35556	SPT35352	0
SPT35556	SPT35361	0
SPT35556	SPT35363	0
SPT35556	SPT35389	0
SPT35556	SPT35425	0
SPT35556	SPT35435	0
SPT35556	SPT35443	0.011
SPT35556	SPT35447	0.005
SPT35556	SPT35448	0
SPT35556	SPT35449	0
SPT35556	SPT35458	0
SPT35556	SPT35461	0
SPT35556	SPT35462	0
SPT35556	SPT35463	0.018
SPT35556	SPT35487	0
SPT35556	SPT35501	0
SPT35556	SPT35510	0.002
SPT35556	SPT35511	0
SPT35556	SPT35514	0
SPT35556	SPT35515	0
SPT35556	SPT35516	0
SPT35556	SPT35517	0
SPT35556	SPT35518	0.013
SPT35556	SPT35519	0
SPT35556	SPT35520	0.012
SPT35556	SPT35521	0.016
SPT35556	SPT35522	0
SPT35556	SPT35523	0
SPT35556	SPT35524	0
SPT35556	SPT35525	0
SPT35556	SPT35526	0
SPT35556	SPT35529	0
SPT35556	SPT35532	0
SPT35556	SPT35537	0
SPT35556	SPT35538	0
SPT35556	SPT35541	0.004
SPT35556	SPT35543	0.011
SPT35556	SPT35544	0
SPT35556	SPT35546	0
SPT35556	SPT35547	0
SPT35556	SPT35552	0.016
SPT35556	SPT35553	0.006
SPT35556	SPT35557	0.012
SPT35556	SPT35561	0.017
SPT35556	SPT35563	0
SPT35556	SPT35567	0
SPT35556	SPT35576	0
SPT35556	SPT35577	0.004
SPT35556	SPT35580	0
SPT35556	SPT35583	0.009
SPT35556	SPT35584	0
SPT35556	SPT35585	0
SPT35556	SPT35302	0
SPT35556	SPT35303	0
SPT35556	SPT35304	0
SPT35556	SPT35306	0.009
SPT35556	SPT35308	0
SPT35556	SPT35310	0
SPT35556	SPT35315	0
SPT35556	SPT35325	0.002
SPT35556	SPT35336	0
SPT35556	SPT35337	0
SPT35556	SPT35338	0.005
SPT35556	SPT35340	0
SPT35556	SPT35348	0.007
SPT35556	SPT35349	0.003
SPT35556	SPT35354	0
SPT35556	SPT35356	0
SPT35556	SPT35357	0
SPT35556	SPT35360	0
SPT35556	SPT35365	0.001
SPT35556	SPT35366	0
SPT35556	SPT35368	0
SPT35556	SPT35369	0
SPT35556	SPT35370	0
SPT35556	SPT35373	0
SPT35556	SPT35377	0
SPT35556	SPT35378	0
SPT35556	SPT35379	0
SPT35556	SPT35382	0
SPT35556	SPT35384	0
SPT35556	SPT35390	0
SPT35556	SPT35407	0
SPT35556	SPT35410	0
SPT35556	SPT35414	0.003
SPT35556	SPT35417	0.003
SPT35556	SPT35418	0
SPT35556	SPT35419	0
SPT35556	SPT35423	0.011
SPT35556	SPT35436	0.01
SPT35556	SPT35444	0
SPT35556	SPT35316	0
SPT35556	SPT35331	0
SPT35556	SPT35339	0.026
SPT35556	SPT35364	0
SPT35556	SPT35372	0
SPT35556	SPT35405	0
SPT35556	SPT35424	0.022
SPT35556	SPT35427	0
SPT35556	SPT35437	0
SPT35556	SPT35440	0.018
SPT35556	SPT35467	0
SPT35556	SPT35468	0
SPT35556	SPT35470	0
SPT35556	SPT35472	0.013
SPT35556	SPT35475	0
SPT35556	SPT35476	0
SPT35556	SPT35485	0.012
SPT35556	SPT35499	0
SPT35556	SPT35780	0.021
SPT35564	SPT35566	0.001
SPT35564	SPT35587	0
SPT35564	SPT35673	0.008
SPT35564	SPT35681	0.002
SPT35564	SPT35752	0.002
SPT35564	SPT35334	0.012
SPT35564	SPT35469	0
SPT35564	SPT35332	0
SPT35564	SPT35351	0
SPT35564	SPT35355	0
SPT35564	SPT35420	0.025
SPT35564	SPT35502	0.006
SPT35564	SPT35412	0.004
SPT35564	SPT35446	0.011
SPT35564	SPT35450	0
SPT35564	SPT35474	0
SPT35564	SPT35503	0
SPT35564	SPT35571	0
SPT35564	SPT35575	0
SPT35564	SPT35592	0
SPT35564	SPT35766	0.01
SPT35564	SPT35500	0
SPT35564	SPT35508	0
SPT35564	SPT35313	0
SPT35564	SPT35328	0
SPT35564	SPT35330	0
SPT35564	SPT35362	0
SPT35564	SPT35430	0.007
SPT35564	SPT35431	0.005
SPT35564	SPT35453	0.017
SPT35564	SPT35317	0
SPT35564	SPT35318	0.004
SPT35564	SPT35320	0
SPT35564	SPT35321	0.001
SPT35564	SPT35322	0
SPT35564	SPT35333	0
SPT35564	SPT35341	0.005
SPT35564	SPT35342	0
SPT35564	SPT35346	0
SPT35564	SPT35347	0.002
SPT35564	SPT35352	0.009
SPT35564	SPT35361	0
SPT35564	SPT35363	0.011
SPT35564	SPT35389	0
SPT35564	SPT35425	0
SPT35564	SPT35435	0
SPT35564	SPT35443	0.018
SPT35564	SPT35447	0.02
SPT35564	SPT35448	0
SPT35564	SPT35449	0
SPT35564	SPT35458	0.018
SPT35564	SPT35461	0.006
SPT35564	SPT35462	0
SPT35564	SPT35463	0
SPT35564	SPT35487	0
SPT35564	SPT35501	0.014
SPT35564	SPT35510	0
SPT35564	SPT35511	0
SPT35564	SPT35514	0
SPT35564	SPT35515	0
SPT35564	SPT35516	0
SPT35564	SPT35517	0
SPT35564	SPT35518	0.002
SPT35564	SPT35519	0.01
SPT35564	SPT35520	0.003
SPT35564	SPT35521	0.007
SPT35564	SPT35522	0
SPT35564	SPT35523	0
SPT35564	SPT35524	0.016
SPT35564	SPT35525	0
SPT35564	SPT35526	0
SPT35564	SPT35529	0
SPT35564	SPT35532	0
SPT35564	SPT35537	0
SPT35564	SPT35538	0
SPT35564	SPT35541	0
SPT35564	SPT35543	0.019
SPT35564	SPT35544	0
SPT35564	SPT35546	0
SPT35564	SPT35547	0
SPT35564	SPT35552	0.001
SPT35564	SPT35553	0
SPT35564	SPT35557	0
SPT35564	SPT35561	0
SPT35564	SPT35563	0.007
SPT35564	SPT35567	0.008
SPT35564	SPT35576	0
SPT35564	SPT35577	0
SPT35564	SPT35580	0.016
SPT35564	SPT35583	0.013
SPT35564	SPT35584	0
SPT35564	SPT35585	0
SPT35564	SPT35302	0
SPT35564	SPT35303	0.004
SPT35564	SPT35304	0
SPT35564	SPT35306	0
SPT35564	SPT35308	0
SPT35564	SPT35310	0
SPT35564	SPT35315	0.004
SPT35564	SPT35325	0
SPT35564	SPT35336	0
SPT35564	SPT35337	0.011
SPT35564	SPT35338	0
SPT35564	SPT35340	0
SPT35564	SPT35348	0
SPT35564	SPT35349	0
SPT35564	SPT35354	0
SPT35564	SPT35356	0
SPT35564	SPT35357	0
SPT35564	SPT35360	0.005
SPT35564	SPT35365	0.003
SPT35564	SPT35366	0
SPT35564	SPT35368	0
SPT35564	SPT35369	0
SPT35564	SPT35370	0
SPT35564	SPT35373	0.013
SPT35564	SPT35377	0
SPT35564	SPT35378	0
SPT35564	SPT35379	0
SPT35564	SPT35382	0
SPT35564	SPT35384	0
SPT35564	SPT35390	0
SPT35564	SPT35407	0
SPT35564	SPT35410	0.007
SPT35564	SPT35414	0
SPT35564	SPT35417	0.001
SPT35564	SPT35418	0
SPT35564	SPT35419	0
SPT35564	SPT35423	0
SPT35564	SPT35436	0.01
SPT35564	SPT35444	0.008
SPT35564	SPT35316	0
SPT35564	SPT35331	0
SPT35564	SPT35339	0
SPT35564	SPT35364	0.006
SPT35564	SPT35372	0
SPT35564	SPT35405	0
SPT35564	SPT35424	0
SPT35564	SPT35427	0.003
SPT35564	SPT35437	0.012
SPT35564	SPT35440	0.001
SPT35564	SPT35467	0
SPT35564	SPT35468	0
SPT35564	SPT35470	0
SPT35564	SPT35472	0
SPT35564	SPT35475	0
SPT35564	SPT35476	0
SPT35564	SPT35485	0.009
SPT35564	SPT35499	0
SPT35564	SPT35780	0.016
SPT35566	SPT35587	0.33
SPT35566	SPT35673	0
SPT35566	SPT35681	0
SPT35566	SPT35752	0.005
SPT35566	SPT35334	0
SPT35566	SPT35469	0
SPT35566	SPT35332	0
SPT35566	SPT35351	0.025
SPT35566	SPT35355	0
SPT35566	SPT35420	0.002
SPT35566	SPT35502	0
SPT35566	SPT35412	0
SPT35566	SPT35446	0
SPT35566	SPT35450	0
SPT35566	SPT35474	0.104
SPT35566	SPT35503	0
SPT35566	SPT35571	0
SPT35566	SPT35575	0.001
SPT35566	SPT35592	0
SPT35566	SPT35766	0
SPT35566	SPT35500	0
SPT35566	SPT35508	0.112
SPT35566	SPT35313	0
SPT35566	SPT35328	0
SPT35566	SPT35330	0
SPT35566	SPT35362	0
SPT35566	SPT35430	0
SPT35566	SPT35431	0
SPT35566	SPT35453	0.001
SPT35566	SPT35317	0.037
SPT35566	SPT35318	0
SPT35566	SPT35320	0.051
SPT35566	SPT35321	0
SPT35566	SPT35322	0
SPT35566	SPT35333	0
SPT35566	SPT35341	0.023
SPT35566	SPT35342	0
SPT35566	SPT35346	0
SPT35566	SPT35347	0.052
SPT35566	SPT35352	0
SPT35566	SPT35361	0.032
SPT35566	SPT35363	0
SPT35566	SPT35389	0
SPT35566	SPT35425	0
SPT35566	SPT35435	0
SPT35566	SPT35443	0
SPT35566	SPT35447	0
SPT35566	SPT35448	0
SPT35566	SPT35449	0
SPT35566	SPT35458	0
SPT35566	SPT35461	0
SPT35566	SPT35462	0.107
SPT35566	SPT35463	0
SPT35566	SPT35487	0
SPT35566	SPT35501	0
SPT35566	SPT35510	0
SPT35566	SPT35511	0
SPT35566	SPT35514	0
SPT35566	SPT35515	0
SPT35566	SPT35516	0
SPT35566	SPT35517	0
SPT35566	SPT35518	0.006
SPT35566	SPT35519	0
SPT35566	SPT35520	0.009
SPT35566	SPT35521	0
SPT35566	SPT35522	0.022
SPT35566	SPT35523	0
SPT35566	SPT35524	0
SPT35566	SPT35525	0
SPT35566	SPT35526	0
SPT35566	SPT35529	0
SPT35566	SPT35532	0
SPT35566	SPT35537	0
SPT35566	SPT35538	0
SPT35566	SPT35541	0
SPT35566	SPT35543	0
SPT35566	SPT35544	0
SPT35566	SPT35546	0
SPT35566	SPT35547	0
SPT35566	SPT35552	0.04
SPT35566	SPT35553	0
SPT35566	SPT35557	0.004
SPT35566	SPT35561	0
SPT35566	SPT35563	0
SPT35566	SPT35567	0
SPT35566	SPT35576	0.155
SPT35566	SPT35577	0
SPT35566	SPT35580	0.009
SPT35566	SPT35583	0
SPT35566	SPT35584	0
SPT35566	SPT35585	0.339
SPT35566	SPT35302	0.198
SPT35566	SPT35303	0.05
SPT35566	SPT35304	0
SPT35566	SPT35306	0.015
SPT35566	SPT35308	0
SPT35566	SPT35310	0.004
SPT35566	SPT35315	0.045
SPT35566	SPT35325	0
SPT35566	SPT35336	0.002
SPT35566	SPT35337	0
SPT35566	SPT35338	0
SPT35566	SPT35340	0
SPT35566	SPT35348	0
SPT35566	SPT35349	0
SPT35566	SPT35354	0
SPT35566	SPT35356	0
SPT35566	SPT35357	0
SPT35566	SPT35360	0.051
SPT35566	SPT35365	0.004
SPT35566	SPT35366	0
SPT35566	SPT35368	0
SPT35566	SPT35369	0
SPT35566	SPT35370	0
SPT35566	SPT35373	0
SPT35566	SPT35377	0
SPT35566	SPT35378	0
SPT35566	SPT35379	0
SPT35566	SPT35382	0
SPT35566	SPT35384	0
SPT35566	SPT35390	0.044
SPT35566	SPT35407	0.219
SPT35566	SPT35410	0
SPT35566	SPT35414	0
SPT35566	SPT35417	0
SPT35566	SPT35418	0
SPT35566	SPT35419	0.153
SPT35566	SPT35423	0.006
SPT35566	SPT35436	0.002
SPT35566	SPT35444	0
SPT35566	SPT35316	0
SPT35566	SPT35331	0
SPT35566	SPT35339	0
SPT35566	SPT35364	0.014
SPT35566	SPT35372	0.012
SPT35566	SPT35405	0.181
SPT35566	SPT35424	0
SPT35566	SPT35427	0.003
SPT35566	SPT35437	0
SPT35566	SPT35440	0
SPT35566	SPT35467	0
SPT35566	SPT35468	0
SPT35566	SPT35470	0.185
SPT35566	SPT35472	0
SPT35566	SPT35475	0
SPT35566	SPT35476	0
SPT35566	SPT35485	0
SPT35566	SPT35499	0
SPT35566	SPT35780	0
SPT35587	SPT35673	0
SPT35587	SPT35681	0
SPT35587	SPT35752	0
SPT35587	SPT35334	0.023
SPT35587	SPT35469	0
SPT35587	SPT35332	0
SPT35587	SPT35351	0
SPT35587	SPT35355	0
SPT35587	SPT35420	0
SPT35587	SPT35502	0
SPT35587	SPT35412	0
SPT35587	SPT35446	0
SPT35587	SPT35450	0
SPT35587	SPT35474	0.545
SPT35587	SPT35503	0
SPT35587	SPT35571	0
SPT35587	SPT35575	0
SPT35587	SPT35592	0
SPT35587	SPT35766	0
SPT35587	SPT35500	0
SPT35587	SPT35508	0.406
SPT35587	SPT35313	0
SPT35587	SPT35328	0
SPT35587	SPT35330	0
SPT35587	SPT35362	0
SPT35587	SPT35430	0
SPT35587	SPT35431	0
SPT35587	SPT35453	0
SPT35587	SPT35317	0.052
SPT35587	SPT35318	0
SPT35587	SPT35320	0.08
SPT35587	SPT35321	0
SPT35587	SPT35322	0
SPT35587	SPT35333	0
SPT35587	SPT35341	0.048
SPT35587	SPT35342	0
SPT35587	SPT35346	0
SPT35587	SPT35347	0.171
SPT35587	SPT35352	0
SPT35587	SPT35361	0
SPT35587	SPT35363	0
SPT35587	SPT35389	0
SPT35587	SPT35425	0
SPT35587	SPT35435	0
SPT35587	SPT35443	0
SPT35587	SPT35447	0
SPT35587	SPT35448	0
SPT35587	SPT35449	0
SPT35587	SPT35458	0
SPT35587	SPT35461	0
SPT35587	SPT35462	0.516
SPT35587	SPT35463	0
SPT35587	SPT35487	0
SPT35587	SPT35501	0
SPT35587	SPT35510	0
SPT35587	SPT35511	0
SPT35587	SPT35514	0
SPT35587	SPT35515	0
SPT35587	SPT35516	0
SPT35587	SPT35517	0
SPT35587	SPT35518	0
SPT35587	SPT35519	0
SPT35587	SPT35520	0
SPT35587	SPT35521	0
SPT35587	SPT35522	0.128
SPT35587	SPT35523	0
SPT35587	SPT35524	0
SPT35587	SPT35525	0
SPT35587	SPT35526	0
SPT35587	SPT35529	0
SPT35587	SPT35532	0
SPT35587	SPT35537	0
SPT35587	SPT35538	0
SPT35587	SPT35541	0
SPT35587	SPT35543	0
SPT35587	SPT35544	0
SPT35587	SPT35546	0
SPT35587	SPT35547	0
SPT35587	SPT35552	0
SPT35587	SPT35553	0
SPT35587	SPT35557	0
SPT35587	SPT35561	0
SPT35587	SPT35563	0
SPT35587	SPT35567	0
SPT35587	SPT35576	0.525
SPT35587	SPT35577	0
SPT35587	SPT35580	0
SPT35587	SPT35583	0
SPT35587	SPT35584	0
SPT35587	SPT35585	0.993
SPT35587	SPT35302	0.766
SPT35587	SPT35303	0
SPT35587	SPT35304	0
SPT35587	SPT35306	0
SPT35587	SPT35308	0
SPT35587	SPT35310	0
SPT35587	SPT35315	0
SPT35587	SPT35325	0
SPT35587	SPT35336	0
SPT35587	SPT35337	0.06
SPT35587	SPT35338	0
SPT35587	SPT35340	0
SPT35587	SPT35348	0
SPT35587	SPT35349	0
SPT35587	SPT35354	0
SPT35587	SPT35356	0
SPT35587	SPT35357	0
SPT35587	SPT35360	0.171
SPT35587	SPT35365	0
SPT35587	SPT35366	0
SPT35587	SPT35368	0
SPT35587	SPT35369	0
SPT35587	SPT35370	0.019
SPT35587	SPT35373	0
SPT35587	SPT35377	0
SPT35587	SPT35378	0
SPT35587	SPT35379	0
SPT35587	SPT35382	0
SPT35587	SPT35384	0
SPT35587	SPT35390	0.123
SPT35587	SPT35407	0.795
SPT35587	SPT35410	0
SPT35587	SPT35414	0
SPT35587	SPT35417	0
SPT35587	SPT35418	0
SPT35587	SPT35419	0.502
SPT35587	SPT35423	0
SPT35587	SPT35436	0
SPT35587	SPT35444	0
SPT35587	SPT35316	0
SPT35587	SPT35331	0
SPT35587	SPT35339	0
SPT35587	SPT35364	0
SPT35587	SPT35372	0.079
SPT35587	SPT35405	0.729
SPT35587	SPT35424	0
SPT35587	SPT35427	0
SPT35587	SPT35437	0
SPT35587	SPT35440	0
SPT35587	SPT35467	0
SPT35587	SPT35468	0
SPT35587	SPT35470	0.579
SPT35587	SPT35472	0
SPT35587	SPT35475	0
SPT35587	SPT35476	0
SPT35587	SPT35485	0
SPT35587	SPT35499	0
SPT35587	SPT35780	0
SPT35673	SPT35681	0
SPT35673	SPT35752	0.001
SPT35673	SPT35334	0
SPT35673	SPT35469	0
SPT35673	SPT35332	0
SPT35673	SPT35351	0
SPT35673	SPT35355	0
SPT35673	SPT35420	0.005
SPT35673	SPT35502	0
SPT35673	SPT35412	0
SPT35673	SPT35446	0
SPT35673	SPT35450	0
SPT35673	SPT35474	0
SPT35673	SPT35503	0
SPT35673	SPT35571	0
SPT35673	SPT35575	0
SPT35673	SPT35592	0.02
SPT35673	SPT35766	0.019
SPT35673	SPT35500	0
SPT35673	SPT35508	0
SPT35673	SPT35313	0
SPT35673	SPT35328	0.008
SPT35673	SPT35330	0
SPT35673	SPT35362	0.002
SPT35673	SPT35430	0.012
SPT35673	SPT35431	0.005
SPT35673	SPT35453	0
SPT35673	SPT35317	0.01
SPT35673	SPT35318	0
SPT35673	SPT35320	0
SPT35673	SPT35321	0.006
SPT35673	SPT35322	0
SPT35673	SPT35333	0.017
SPT35673	SPT35341	0
SPT35673	SPT35342	0
SPT35673	SPT35346	0
SPT35673	SPT35347	0
SPT35673	SPT35352	0.001
SPT35673	SPT35361	0
SPT35673	SPT35363	0.001
SPT35673	SPT35389	0
SPT35673	SPT35425	0.018
SPT35673	SPT35435	0
SPT35673	SPT35443	0.006
SPT35673	SPT35447	0.004
SPT35673	SPT35448	0
SPT35673	SPT35449	0
SPT35673	SPT35458	0
SPT35673	SPT35461	0
SPT35673	SPT35462	0
SPT35673	SPT35463	0
SPT35673	SPT35487	0
SPT35673	SPT35501	0.005
SPT35673	SPT35510	0.104
SPT35673	SPT35511	0
SPT35673	SPT35514	0
SPT35673	SPT35515	0
SPT35673	SPT35516	0
SPT35673	SPT35517	0
SPT35673	SPT35518	0
SPT35673	SPT35519	0
SPT35673	SPT35520	0
SPT35673	SPT35521	0
SPT35673	SPT35522	0
SPT35673	SPT35523	0
SPT35673	SPT35524	0.043
SPT35673	SPT35525	0
SPT35673	SPT35526	0
SPT35673	SPT35529	0
SPT35673	SPT35532	0
SPT35673	SPT35537	0
SPT35673	SPT35538	0
SPT35673	SPT35541	0
SPT35673	SPT35543	0
SPT35673	SPT35544	0.017
SPT35673	SPT35546	0
SPT35673	SPT35547	0
SPT35673	SPT35552	0
SPT35673	SPT35553	0.026
SPT35673	SPT35557	0
SPT35673	SPT35561	0.045
SPT35673	SPT35563	0.012
SPT35673	SPT35567	0.012
SPT35673	SPT35576	0
SPT35673	SPT35577	0.004
SPT35673	SPT35580	0.012
SPT35673	SPT35583	0
SPT35673	SPT35584	0
SPT35673	SPT35585	0
SPT35673	SPT35302	0
SPT35673	SPT35303	0
SPT35673	SPT35304	0
SPT35673	SPT35306	0.014
SPT35673	SPT35308	0
SPT35673	SPT35310	0
SPT35673	SPT35315	0
SPT35673	SPT35325	0
SPT35673	SPT35336	0
SPT35673	SPT35337	0
SPT35673	SPT35338	0
SPT35673	SPT35340	0
SPT35673	SPT35348	0
SPT35673	SPT35349	0.018
SPT35673	SPT35354	0
SPT35673	SPT35356	0
SPT35673	SPT35357	0
SPT35673	SPT35360	0
SPT35673	SPT35365	0
SPT35673	SPT35366	0
SPT35673	SPT35368	0
SPT35673	SPT35369	0
SPT35673	SPT35370	0
SPT35673	SPT35373	0.006
SPT35673	SPT35377	0
SPT35673	SPT35378	0
SPT35673	SPT35379	0
SPT35673	SPT35382	0
SPT35673	SPT35384	0
SPT35673	SPT35390	0
SPT35673	SPT35407	0
SPT35673	SPT35410	0.007
SPT35673	SPT35414	0
SPT35673	SPT35417	0
SPT35673	SPT35418	0
SPT35673	SPT35419	0
SPT35673	SPT35423	0.005
SPT35673	SPT35436	0.009
SPT35673	SPT35444	0
SPT35673	SPT35316	0
SPT35673	SPT35331	0
SPT35673	SPT35339	0
SPT35673	SPT35364	0
SPT35673	SPT35372	0
SPT35673	SPT35405	0
SPT35673	SPT35424	0.003
SPT35673	SPT35427	0
SPT35673	SPT35437	0.008
SPT35673	SPT35440	0.013
SPT35673	SPT35467	0
SPT35673	SPT35468	0
SPT35673	SPT35470	0
SPT35673	SPT35472	0
SPT35673	SPT35475	0.003
SPT35673	SPT35476	0
SPT35673	SPT35485	0
SPT35673	SPT35499	0
SPT35673	SPT35780	0.014
SPT35681	SPT35752	0
SPT35681	SPT35334	0
SPT35681	SPT35469	0
SPT35681	SPT35332	0
SPT35681	SPT35351	0
SPT35681	SPT35355	0
SPT35681	SPT35420	0.012
SPT35681	SPT35502	0
SPT35681	SPT35412	0
SPT35681	SPT35446	0.014
SPT35681	SPT35450	0
SPT35681	SPT35474	0
SPT35681	SPT35503	0
SPT35681	SPT35571	0
SPT35681	SPT35575	0
SPT35681	SPT35592	0
SPT35681	SPT35766	0.009
SPT35681	SPT35500	0
SPT35681	SPT35508	0
SPT35681	SPT35313	0
SPT35681	SPT35328	0.006
SPT35681	SPT35330	0
SPT35681	SPT35362	0.009
SPT35681	SPT35430	0.014
SPT35681	SPT35431	0.009
SPT35681	SPT35453	0
SPT35681	SPT35317	0
SPT35681	SPT35318	0
SPT35681	SPT35320	0.014
SPT35681	SPT35321	0
SPT35681	SPT35322	0.007
SPT35681	SPT35333	0.011
SPT35681	SPT35341	0
SPT35681	SPT35342	0
SPT35681	SPT35346	0
SPT35681	SPT35347	0
SPT35681	SPT35352	0.012
SPT35681	SPT35361	0
SPT35681	SPT35363	0.003
SPT35681	SPT35389	0
SPT35681	SPT35425	0
SPT35681	SPT35435	0
SPT35681	SPT35443	0.004
SPT35681	SPT35447	0.005
SPT35681	SPT35448	0
SPT35681	SPT35449	0
SPT35681	SPT35458	0.013
SPT35681	SPT35461	0
SPT35681	SPT35462	0
SPT35681	SPT35463	0.004
SPT35681	SPT35487	0
SPT35681	SPT35501	0.003
SPT35681	SPT35510	0.006
SPT35681	SPT35511	0
SPT35681	SPT35514	0
SPT35681	SPT35515	0
SPT35681	SPT35516	0
SPT35681	SPT35517	0
SPT35681	SPT35518	0.039
SPT35681	SPT35519	0.007
SPT35681	SPT35520	0.003
SPT35681	SPT35521	0
SPT35681	SPT35522	0.001
SPT35681	SPT35523	0
SPT35681	SPT35524	0
SPT35681	SPT35525	0
SPT35681	SPT35526	0
SPT35681	SPT35529	0
SPT35681	SPT35532	0
SPT35681	SPT35537	0
SPT35681	SPT35538	0
SPT35681	SPT35541	0
SPT35681	SPT35543	0.004
SPT35681	SPT35544	0.006
SPT35681	SPT35546	0
SPT35681	SPT35547	0
SPT35681	SPT35552	0
SPT35681	SPT35553	0.015
SPT35681	SPT35557	0.001
SPT35681	SPT35561	0
SPT35681	SPT35563	0.008
SPT35681	SPT35567	0.008
SPT35681	SPT35576	0
SPT35681	SPT35577	0.012
SPT35681	SPT35580	0.011
SPT35681	SPT35583	0
SPT35681	SPT35584	0
SPT35681	SPT35585	0
SPT35681	SPT35302	0
SPT35681	SPT35303	0
SPT35681	SPT35304	0
SPT35681	SPT35306	0
SPT35681	SPT35308	0
SPT35681	SPT35310	0.005
SPT35681	SPT35315	0.006
SPT35681	SPT35325	0
SPT35681	SPT35336	0
SPT35681	SPT35337	0
SPT35681	SPT35338	0
SPT35681	SPT35340	0
SPT35681	SPT35348	0.006
SPT35681	SPT35349	0
SPT35681	SPT35354	0
SPT35681	SPT35356	0
SPT35681	SPT35357	0.008
SPT35681	SPT35360	0
SPT35681	SPT35365	0
SPT35681	SPT35366	0
SPT35681	SPT35368	0
SPT35681	SPT35369	0
SPT35681	SPT35370	0
SPT35681	SPT35373	0.01
SPT35681	SPT35377	0
SPT35681	SPT35378	0
SPT35681	SPT35379	0.005
SPT35681	SPT35382	0
SPT35681	SPT35384	0
SPT35681	SPT35390	0
SPT35681	SPT35407	0
SPT35681	SPT35410	0.006
SPT35681	SPT35414	0.016
SPT35681	SPT35417	0.016
SPT35681	SPT35418	0
SPT35681	SPT35419	0
SPT35681	SPT35423	0.007
SPT35681	SPT35436	0.011
SPT35681	SPT35444	0
SPT35681	SPT35316	0
SPT35681	SPT35331	0.002
SPT35681	SPT35339	0.009
SPT35681	SPT35364	0
SPT35681	SPT35372	0
SPT35681	SPT35405	0
SPT35681	SPT35424	0
SPT35681	SPT35427	0.001
SPT35681	SPT35437	0
SPT35681	SPT35440	0.013
SPT35681	SPT35467	0
SPT35681	SPT35468	0
SPT35681	SPT35470	0
SPT35681	SPT35472	0.01
SPT35681	SPT35475	0
SPT35681	SPT35476	0
SPT35681	SPT35485	0
SPT35681	SPT35499	0
SPT35681	SPT35780	0.019
SPT35752	SPT35334	0
SPT35752	SPT35469	0
SPT35752	SPT35332	0
SPT35752	SPT35351	0
SPT35752	SPT35355	0
SPT35752	SPT35420	0.193
SPT35752	SPT35502	0.006
SPT35752	SPT35412	0.004
SPT35752	SPT35446	0.01
SPT35752	SPT35450	0
SPT35752	SPT35474	0
SPT35752	SPT35503	0
SPT35752	SPT35571	0
SPT35752	SPT35575	0
SPT35752	SPT35592	0
SPT35752	SPT35766	0
SPT35752	SPT35500	0
SPT35752	SPT35508	0
SPT35752	SPT35313	0
SPT35752	SPT35328	0
SPT35752	SPT35330	0
SPT35752	SPT35362	0.003
SPT35752	SPT35430	0.005
SPT35752	SPT35431	0.005
SPT35752	SPT35453	0.07
SPT35752	SPT35317	0.006
SPT35752	SPT35318	0
SPT35752	SPT35320	0.008
SPT35752	SPT35321	0
SPT35752	SPT35322	0.008
SPT35752	SPT35333	0.009
SPT35752	SPT35341	0
SPT35752	SPT35342	0
SPT35752	SPT35346	0
SPT35752	SPT35347	0
SPT35752	SPT35352	0.001
SPT35752	SPT35361	0
SPT35752	SPT35363	0.02
SPT35752	SPT35389	0
SPT35752	SPT35425	0
SPT35752	SPT35435	0
SPT35752	SPT35443	0.015
SPT35752	SPT35447	0.001
SPT35752	SPT35448	0
SPT35752	SPT35449	0
SPT35752	SPT35458	0
SPT35752	SPT35461	0
SPT35752	SPT35462	0
SPT35752	SPT35463	0.018
SPT35752	SPT35487	0
SPT35752	SPT35501	0.008
SPT35752	SPT35510	0
SPT35752	SPT35511	0
SPT35752	SPT35514	0
SPT35752	SPT35515	0
SPT35752	SPT35516	0
SPT35752	SPT35517	0
SPT35752	SPT35518	0.007
SPT35752	SPT35519	0.01
SPT35752	SPT35520	0.003
SPT35752	SPT35521	0
SPT35752	SPT35522	0
SPT35752	SPT35523	0
SPT35752	SPT35524	0
SPT35752	SPT35525	0
SPT35752	SPT35526	0
SPT35752	SPT35529	0
SPT35752	SPT35532	0
SPT35752	SPT35537	0
SPT35752	SPT35538	0
SPT35752	SPT35541	0
SPT35752	SPT35543	0
SPT35752	SPT35544	0.015
SPT35752	SPT35546	0.005
SPT35752	SPT35547	0
SPT35752	SPT35552	0
SPT35752	SPT35553	0.019
SPT35752	SPT35557	0.006
SPT35752	SPT35561	0
SPT35752	SPT35563	0
SPT35752	SPT35567	0
SPT35752	SPT35576	0
SPT35752	SPT35577	0.012
SPT35752	SPT35580	0
SPT35752	SPT35583	0.012
SPT35752	SPT35584	0
SPT35752	SPT35585	0
SPT35752	SPT35302	0
SPT35752	SPT35303	0
SPT35752	SPT35304	0
SPT35752	SPT35306	0
SPT35752	SPT35308	0
SPT35752	SPT35310	0
SPT35752	SPT35315	0.011
SPT35752	SPT35325	0
SPT35752	SPT35336	0.004
SPT35752	SPT35337	0
SPT35752	SPT35338	0.012
SPT35752	SPT35340	0
SPT35752	SPT35348	0.012
SPT35752	SPT35349	0
SPT35752	SPT35354	0
SPT35752	SPT35356	0.012
SPT35752	SPT35357	0.008
SPT35752	SPT35360	0
SPT35752	SPT35365	0
SPT35752	SPT35366	0
SPT35752	SPT35368	0
SPT35752	SPT35369	0
SPT35752	SPT35370	0
SPT35752	SPT35373	0
SPT35752	SPT35377	0
SPT35752	SPT35378	0
SPT35752	SPT35379	0
SPT35752	SPT35382	0
SPT35752	SPT35384	0.005
SPT35752	SPT35390	0
SPT35752	SPT35407	0
SPT35752	SPT35410	0
SPT35752	SPT35414	0
SPT35752	SPT35417	0
SPT35752	SPT35418	0
SPT35752	SPT35419	0
SPT35752	SPT35423	0
SPT35752	SPT35436	0.029
SPT35752	SPT35444	0.006
SPT35752	SPT35316	0
SPT35752	SPT35331	0
SPT35752	SPT35339	0.002
SPT35752	SPT35364	0
SPT35752	SPT35372	0.011
SPT35752	SPT35405	0
SPT35752	SPT35424	0.01
SPT35752	SPT35427	0.005
SPT35752	SPT35437	0
SPT35752	SPT35440	0.003
SPT35752	SPT35467	0
SPT35752	SPT35468	0
SPT35752	SPT35470	0
SPT35752	SPT35472	0.021
SPT35752	SPT35475	0
SPT35752	SPT35476	0
SPT35752	SPT35485	0
SPT35752	SPT35499	0
SPT35752	SPT35780	0.023
SPT35334	SPT35469	0
SPT35334	SPT35332	0
SPT35334	SPT35351	0.139
SPT35334	SPT35355	0
SPT35334	SPT35420	0
SPT35334	SPT35502	0
SPT35334	SPT35412	0
SPT35334	SPT35446	0
SPT35334	SPT35450	0
SPT35334	SPT35474	0.011
SPT35334	SPT35503	0
SPT35334	SPT35571	0
SPT35334	SPT35575	0
SPT35334	SPT35592	0.003
SPT35334	SPT35766	0.016
SPT35334	SPT35500	0
SPT35334	SPT35508	0
SPT35334	SPT35313	0
SPT35334	SPT35328	0
SPT35334	SPT35330	0
SPT35334	SPT35362	0
SPT35334	SPT35430	0
SPT35334	SPT35431	0
SPT35334	SPT35453	0
SPT35334	SPT35317	0.053
SPT35334	SPT35318	0.028
SPT35334	SPT35320	0
SPT35334	SPT35321	0
SPT35334	SPT35322	0.011
SPT35334	SPT35333	0
SPT35334	SPT35341	0.179
SPT35334	SPT35342	0.045
SPT35334	SPT35346	0.018
SPT35334	SPT35347	0.001
SPT35334	SPT35352	0.015
SPT35334	SPT35361	0
SPT35334	SPT35363	0
SPT35334	SPT35389	0
SPT35334	SPT35425	0
SPT35334	SPT35435	0
SPT35334	SPT35443	0
SPT35334	SPT35447	0
SPT35334	SPT35448	0
SPT35334	SPT35449	0
SPT35334	SPT35458	0
SPT35334	SPT35461	0
SPT35334	SPT35462	0.001
SPT35334	SPT35463	0
SPT35334	SPT35487	0
SPT35334	SPT35501	0
SPT35334	SPT35510	0
SPT35334	SPT35511	0
SPT35334	SPT35514	0
SPT35334	SPT35515	0
SPT35334	SPT35516	0
SPT35334	SPT35517	0
SPT35334	SPT35518	0
SPT35334	SPT35519	0
SPT35334	SPT35520	0
SPT35334	SPT35521	0
SPT35334	SPT35522	0.009
SPT35334	SPT35523	0
SPT35334	SPT35524	0
SPT35334	SPT35525	0
SPT35334	SPT35526	0
SPT35334	SPT35529	0
SPT35334	SPT35532	0
SPT35334	SPT35537	0
SPT35334	SPT35538	0
SPT35334	SPT35541	0
SPT35334	SPT35543	0
SPT35334	SPT35544	0.006
SPT35334	SPT35546	0
SPT35334	SPT35547	0
SPT35334	SPT35552	0
SPT35334	SPT35553	0
SPT35334	SPT35557	0
SPT35334	SPT35561	0
SPT35334	SPT35563	0
SPT35334	SPT35567	0
SPT35334	SPT35576	0
SPT35334	SPT35577	0
SPT35334	SPT35580	0
SPT35334	SPT35583	0
SPT35334	SPT35584	0
SPT35334	SPT35585	0.022
SPT35334	SPT35302	0
SPT35334	SPT35303	0
SPT35334	SPT35304	0
SPT35334	SPT35306	0
SPT35334	SPT35308	0
SPT35334	SPT35310	0
SPT35334	SPT35315	0.036
SPT35334	SPT35325	0
SPT35334	SPT35336	0.034
SPT35334	SPT35337	1
SPT35334	SPT35338	0
SPT35334	SPT35340	0
SPT35334	SPT35348	0.018
SPT35334	SPT35349	0
SPT35334	SPT35354	0.042
SPT35334	SPT35356	0.001
SPT35334	SPT35357	0.011
SPT35334	SPT35360	0
SPT35334	SPT35365	0.041
SPT35334	SPT35366	0
SPT35334	SPT35368	0
SPT35334	SPT35369	0.025
SPT35334	SPT35370	0
SPT35334	SPT35373	0
SPT35334	SPT35377	0
SPT35334	SPT35378	0.033
SPT35334	SPT35379	0.003
SPT35334	SPT35382	0
SPT35334	SPT35384	0.038
SPT35334	SPT35390	0
SPT35334	SPT35407	0.012
SPT35334	SPT35410	0
SPT35334	SPT35414	0
SPT35334	SPT35417	0
SPT35334	SPT35418	0.014
SPT35334	SPT35419	0
SPT35334	SPT35423	0
SPT35334	SPT35436	0
SPT35334	SPT35444	0
SPT35334	SPT35316	0.059
SPT35334	SPT35331	0
SPT35334	SPT35339	0
SPT35334	SPT35364	0
SPT35334	SPT35372	0.004
SPT35334	SPT35405	0
SPT35334	SPT35424	0
SPT35334	SPT35427	0
SPT35334	SPT35437	0
SPT35334	SPT35440	0
SPT35334	SPT35467	0
SPT35334	SPT35468	0
SPT35334	SPT35470	0.018
SPT35334	SPT35472	0
SPT35334	SPT35475	0
SPT35334	SPT35476	0
SPT35334	SPT35485	0
SPT35334	SPT35499	0
SPT35334	SPT35780	0
SPT35469	SPT35332	0
SPT35469	SPT35351	0
SPT35469	SPT35355	0
SPT35469	SPT35420	0
SPT35469	SPT35502	0
SPT35469	SPT35412	0
SPT35469	SPT35446	0
SPT35469	SPT35450	0
SPT35469	SPT35474	0
SPT35469	SPT35503	0
SPT35469	SPT35571	0
SPT35469	SPT35575	0
SPT35469	SPT35592	0
SPT35469	SPT35766	0
SPT35469	SPT35500	0
SPT35469	SPT35508	0
SPT35469	SPT35313	0
SPT35469	SPT35328	0
SPT35469	SPT35330	0
SPT35469	SPT35362	0
SPT35469	SPT35430	0
SPT35469	SPT35431	0
SPT35469	SPT35453	0
SPT35469	SPT35317	0
SPT35469	SPT35318	0
SPT35469	SPT35320	0
SPT35469	SPT35321	0
SPT35469	SPT35322	0
SPT35469	SPT35333	0
SPT35469	SPT35341	0
SPT35469	SPT35342	0
SPT35469	SPT35346	0
SPT35469	SPT35347	0
SPT35469	SPT35352	0
SPT35469	SPT35361	0
SPT35469	SPT35363	0
SPT35469	SPT35389	0
SPT35469	SPT35425	0
SPT35469	SPT35435	0.667
SPT35469	SPT35443	0
SPT35469	SPT35447	0
SPT35469	SPT35448	0.818
SPT35469	SPT35449	0
SPT35469	SPT35458	0
SPT35469	SPT35461	0
SPT35469	SPT35462	0
SPT35469	SPT35463	0
SPT35469	SPT35487	0.994
SPT35469	SPT35501	0
SPT35469	SPT35510	0
SPT35469	SPT35511	0
SPT35469	SPT35514	0.672
SPT35469	SPT35515	0.786
SPT35469	SPT35516	0.683
SPT35469	SPT35517	0.67
SPT35469	SPT35518	0
SPT35469	SPT35519	0
SPT35469	SPT35520	0
SPT35469	SPT35521	0
SPT35469	SPT35522	0
SPT35469	SPT35523	0.892
SPT35469	SPT35524	0
SPT35469	SPT35525	0
SPT35469	SPT35526	0
SPT35469	SPT35529	0
SPT35469	SPT35532	0.85
SPT35469	SPT35537	0
SPT35469	SPT35538	0
SPT35469	SPT35541	0
SPT35469	SPT35543	0
SPT35469	SPT35544	0
SPT35469	SPT35546	0
SPT35469	SPT35547	0
SPT35469	SPT35552	0
SPT35469	SPT35553	0
SPT35469	SPT35557	0
SPT35469	SPT35561	0
SPT35469	SPT35563	0
SPT35469	SPT35567	0
SPT35469	SPT35576	0
SPT35469	SPT35577	0
SPT35469	SPT35580	0
SPT35469	SPT35583	0
SPT35469	SPT35584	0
SPT35469	SPT35585	0
SPT35469	SPT35302	0
SPT35469	SPT35303	0
SPT35469	SPT35304	0
SPT35469	SPT35306	0
SPT35469	SPT35308	0
SPT35469	SPT35310	0
SPT35469	SPT35315	0
SPT35469	SPT35325	0
SPT35469	SPT35336	0
SPT35469	SPT35337	0
SPT35469	SPT35338	0
SPT35469	SPT35340	0
SPT35469	SPT35348	0
SPT35469	SPT35349	0
SPT35469	SPT35354	0
SPT35469	SPT35356	0
SPT35469	SPT35357	0
SPT35469	SPT35360	0
SPT35469	SPT35365	0
SPT35469	SPT35366	0
SPT35469	SPT35368	0
SPT35469	SPT35369	0
SPT35469	SPT35370	0
SPT35469	SPT35373	0
SPT35469	SPT35377	0
SPT35469	SPT35378	0
SPT35469	SPT35379	0
SPT35469	SPT35382	0
SPT35469	SPT35384	0
SPT35469	SPT35390	0
SPT35469	SPT35407	0
SPT35469	SPT35410	0
SPT35469	SPT35414	0
SPT35469	SPT35417	0
SPT35469	SPT35418	0
SPT35469	SPT35419	0
SPT35469	SPT35423	0
SPT35469	SPT35436	0
SPT35469	SPT35444	0
SPT35469	SPT35316	0
SPT35469	SPT35331	0
SPT35469	SPT35339	0
SPT35469	SPT35364	0
SPT35469	SPT35372	0
SPT35469	SPT35405	0
SPT35469	SPT35424	0
SPT35469	SPT35427	0
SPT35469	SPT35437	0.276
SPT35469	SPT35440	0
SPT35469	SPT35467	0
SPT35469	SPT35468	0.664
SPT35469	SPT35470	0
SPT35469	SPT35472	0
SPT35469	SPT35475	0
SPT35469	SPT35476	0.613
SPT35469	SPT35485	0
SPT35469	SPT35499	0
SPT35469	SPT35780	0
SPT35332	SPT35351	0
SPT35332	SPT35355	0
SPT35332	SPT35420	0.009
SPT35332	SPT35502	0
SPT35332	SPT35412	0
SPT35332	SPT35446	0.003
SPT35332	SPT35450	0
SPT35332	SPT35474	0
SPT35332	SPT35503	0
SPT35332	SPT35571	0
SPT35332	SPT35575	0
SPT35332	SPT35592	0
SPT35332	SPT35766	0.011
SPT35332	SPT35500	0
SPT35332	SPT35508	0.005
SPT35332	SPT35313	0
SPT35332	SPT35328	0
SPT35332	SPT35330	0
SPT35332	SPT35362	0
SPT35332	SPT35430	0.018
SPT35332	SPT35431	0.001
SPT35332	SPT35453	0.001
SPT35332	SPT35317	0.002
SPT35332	SPT35318	0
SPT35332	SPT35320	0
SPT35332	SPT35321	0.007
SPT35332	SPT35322	0
SPT35332	SPT35333	0
SPT35332	SPT35341	0
SPT35332	SPT35342	0
SPT35332	SPT35346	0
SPT35332	SPT35347	0
SPT35332	SPT35352	0.001
SPT35332	SPT35361	0
SPT35332	SPT35363	0
SPT35332	SPT35389	0
SPT35332	SPT35425	0.026
SPT35332	SPT35435	0
SPT35332	SPT35443	0
SPT35332	SPT35447	0.001
SPT35332	SPT35448	0
SPT35332	SPT35449	0
SPT35332	SPT35458	0
SPT35332	SPT35461	0
SPT35332	SPT35462	0
SPT35332	SPT35463	0.027
SPT35332	SPT35487	0
SPT35332	SPT35501	0
SPT35332	SPT35510	0
SPT35332	SPT35511	0
SPT35332	SPT35514	0
SPT35332	SPT35515	0
SPT35332	SPT35516	0
SPT35332	SPT35517	0
SPT35332	SPT35518	0
SPT35332	SPT35519	0.004
SPT35332	SPT35520	0.017
SPT35332	SPT35521	0
SPT35332	SPT35522	0.003
SPT35332	SPT35523	0
SPT35332	SPT35524	0.004
SPT35332	SPT35525	0
SPT35332	SPT35526	0
SPT35332	SPT35529	0
SPT35332	SPT35532	0
SPT35332	SPT35537	0
SPT35332	SPT35538	0
SPT35332	SPT35541	0.002
SPT35332	SPT35543	0
SPT35332	SPT35544	0.003
SPT35332	SPT35546	0
SPT35332	SPT35547	0
SPT35332	SPT35552	0.012
SPT35332	SPT35553	0.01
SPT35332	SPT35557	0.013
SPT35332	SPT35561	0
SPT35332	SPT35563	0.011
SPT35332	SPT35567	0.013
SPT35332	SPT35576	0
SPT35332	SPT35577	0
SPT35332	SPT35580	0.005
SPT35332	SPT35583	0
SPT35332	SPT35584	0.001
SPT35332	SPT35585	0
SPT35332	SPT35302	0
SPT35332	SPT35303	0
SPT35332	SPT35304	0
SPT35332	SPT35306	0
SPT35332	SPT35308	0
SPT35332	SPT35310	0
SPT35332	SPT35315	0
SPT35332	SPT35325	0.996
SPT35332	SPT35336	0.004
SPT35332	SPT35337	0
SPT35332	SPT35338	0.001
SPT35332	SPT35340	0
SPT35332	SPT35348	0
SPT35332	SPT35349	0
SPT35332	SPT35354	0
SPT35332	SPT35356	0
SPT35332	SPT35357	0
SPT35332	SPT35360	0
SPT35332	SPT35365	0
SPT35332	SPT35366	0
SPT35332	SPT35368	0.007
SPT35332	SPT35369	0
SPT35332	SPT35370	0
SPT35332	SPT35373	0.006
SPT35332	SPT35377	0
SPT35332	SPT35378	0.009
SPT35332	SPT35379	0
SPT35332	SPT35382	0
SPT35332	SPT35384	0.006
SPT35332	SPT35390	0
SPT35332	SPT35407	0
SPT35332	SPT35410	0
SPT35332	SPT35414	0
SPT35332	SPT35417	0
SPT35332	SPT35418	0.004
SPT35332	SPT35419	0
SPT35332	SPT35423	0
SPT35332	SPT35436	0.001
SPT35332	SPT35444	0
SPT35332	SPT35316	0
SPT35332	SPT35331	0
SPT35332	SPT35339	0.008
SPT35332	SPT35364	0.001
SPT35332	SPT35372	0
SPT35332	SPT35405	0
SPT35332	SPT35424	0
SPT35332	SPT35427	0
SPT35332	SPT35437	0
SPT35332	SPT35440	0
SPT35332	SPT35467	0
SPT35332	SPT35468	0
SPT35332	SPT35470	0
SPT35332	SPT35472	0
SPT35332	SPT35475	0
SPT35332	SPT35476	0
SPT35332	SPT35485	0
SPT35332	SPT35499	0
SPT35332	SPT35780	0
SPT35351	SPT35355	0
SPT35351	SPT35420	0
SPT35351	SPT35502	0
SPT35351	SPT35412	0
SPT35351	SPT35446	0
SPT35351	SPT35450	0.037
SPT35351	SPT35474	0
SPT35351	SPT35503	0
SPT35351	SPT35571	0
SPT35351	SPT35575	0
SPT35351	SPT35592	0
SPT35351	SPT35766	0
SPT35351	SPT35500	0
SPT35351	SPT35508	0
SPT35351	SPT35313	0
SPT35351	SPT35328	0
SPT35351	SPT35330	0
SPT35351	SPT35362	0
SPT35351	SPT35430	0
SPT35351	SPT35431	0.007
SPT35351	SPT35453	0
SPT35351	SPT35317	0.007
SPT35351	SPT35318	0
SPT35351	SPT35320	0.014
SPT35351	SPT35321	0.013
SPT35351	SPT35322	0
SPT35351	SPT35333	0.008
SPT35351	SPT35341	0.381
SPT35351	SPT35342	0.003
SPT35351	SPT35346	0
SPT35351	SPT35347	0
SPT35351	SPT35352	0
SPT35351	SPT35361	0
SPT35351	SPT35363	0
SPT35351	SPT35389	0.007
SPT35351	SPT35425	0.008
SPT35351	SPT35435	0
SPT35351	SPT35443	0
SPT35351	SPT35447	0
SPT35351	SPT35448	0
SPT35351	SPT35449	0
SPT35351	SPT35458	0
SPT35351	SPT35461	0
SPT35351	SPT35462	0
SPT35351	SPT35463	0
SPT35351	SPT35487	0
SPT35351	SPT35501	0
SPT35351	SPT35510	0
SPT35351	SPT35511	0
SPT35351	SPT35514	0
SPT35351	SPT35515	0
SPT35351	SPT35516	0
SPT35351	SPT35517	0
SPT35351	SPT35518	0
SPT35351	SPT35519	0.009
SPT35351	SPT35520	0
SPT35351	SPT35521	0
SPT35351	SPT35522	0
SPT35351	SPT35523	0
SPT35351	SPT35524	0
SPT35351	SPT35525	0
SPT35351	SPT35526	0
SPT35351	SPT35529	0
SPT35351	SPT35532	0
SPT35351	SPT35537	0
SPT35351	SPT35538	0
SPT35351	SPT35541	0
SPT35351	SPT35543	0
SPT35351	SPT35544	0
SPT35351	SPT35546	0
SPT35351	SPT35547	0
SPT35351	SPT35552	0
SPT35351	SPT35553	0
SPT35351	SPT35557	0
SPT35351	SPT35561	0
SPT35351	SPT35563	0
SPT35351	SPT35567	0
SPT35351	SPT35576	0
SPT35351	SPT35577	0
SPT35351	SPT35580	0
SPT35351	SPT35583	0
SPT35351	SPT35584	0
SPT35351	SPT35585	0
SPT35351	SPT35302	0
SPT35351	SPT35303	0.025
SPT35351	SPT35304	0.037
SPT35351	SPT35306	0.028
SPT35351	SPT35308	0.037
SPT35351	SPT35310	0.026
SPT35351	SPT35315	0.05
SPT35351	SPT35325	0
SPT35351	SPT35336	0.023
SPT35351	SPT35337	0.088
SPT35351	SPT35338	0
SPT35351	SPT35340	0.007
SPT35351	SPT35348	0.096
SPT35351	SPT35349	0
SPT35351	SPT35354	0
SPT35351	SPT35356	0.001
SPT35351	SPT35357	0
SPT35351	SPT35360	0
SPT35351	SPT35365	0.024
SPT35351	SPT35366	0.022
SPT35351	SPT35368	0
SPT35351	SPT35369	0
SPT35351	SPT35370	0
SPT35351	SPT35373	0.032
SPT35351	SPT35377	0.007
SPT35351	SPT35378	0
SPT35351	SPT35379	0
SPT35351	SPT35382	0.006
SPT35351	SPT35384	0.023
SPT35351	SPT35390	0
SPT35351	SPT35407	0
SPT35351	SPT35410	0
SPT35351	SPT35414	0
SPT35351	SPT35417	0
SPT35351	SPT35418	0
SPT35351	SPT35419	0
SPT35351	SPT35423	0.009
SPT35351	SPT35436	0
SPT35351	SPT35444	0
SPT35351	SPT35316	0.008
SPT35351	SPT35331	0
SPT35351	SPT35339	0
SPT35351	SPT35364	0
SPT35351	SPT35372	0.001
SPT35351	SPT35405	0
SPT35351	SPT35424	0
SPT35351	SPT35427	0
SPT35351	SPT35437	0
SPT35351	SPT35440	0
SPT35351	SPT35467	0
SPT35351	SPT35468	0
SPT35351	SPT35470	0
SPT35351	SPT35472	0
SPT35351	SPT35475	0
SPT35351	SPT35476	0
SPT35351	SPT35485	0
SPT35351	SPT35499	0
SPT35351	SPT35780	0.006
SPT35355	SPT35420	0.001
SPT35355	SPT35502	0
SPT35355	SPT35412	0
SPT35355	SPT35446	0
SPT35355	SPT35450	0.005
SPT35355	SPT35474	0
SPT35355	SPT35503	0
SPT35355	SPT35571	0
SPT35355	SPT35575	0
SPT35355	SPT35592	0.006
SPT35355	SPT35766	0
SPT35355	SPT35500	0
SPT35355	SPT35508	0
SPT35355	SPT35313	0
SPT35355	SPT35328	0.091
SPT35355	SPT35330	0
SPT35355	SPT35362	0.017
SPT35355	SPT35430	0
SPT35355	SPT35431	0.006
SPT35355	SPT35453	0
SPT35355	SPT35317	0.037
SPT35355	SPT35318	0
SPT35355	SPT35320	0.016
SPT35355	SPT35321	0
SPT35355	SPT35322	0.107
SPT35355	SPT35333	0
SPT35355	SPT35341	0
SPT35355	SPT35342	0.008
SPT35355	SPT35346	0
SPT35355	SPT35347	0.012
SPT35355	SPT35352	0
SPT35355	SPT35361	0
SPT35355	SPT35363	0
SPT35355	SPT35389	0
SPT35355	SPT35425	0
SPT35355	SPT35435	0
SPT35355	SPT35443	0
SPT35355	SPT35447	0
SPT35355	SPT35448	0
SPT35355	SPT35449	0
SPT35355	SPT35458	0
SPT35355	SPT35461	0
SPT35355	SPT35462	0
SPT35355	SPT35463	0
SPT35355	SPT35487	0
SPT35355	SPT35501	0
SPT35355	SPT35510	0
SPT35355	SPT35511	0
SPT35355	SPT35514	0
SPT35355	SPT35515	0
SPT35355	SPT35516	0
SPT35355	SPT35517	0
SPT35355	SPT35518	0.01
SPT35355	SPT35519	0.008
SPT35355	SPT35520	0
SPT35355	SPT35521	0
SPT35355	SPT35522	0
SPT35355	SPT35523	0
SPT35355	SPT35524	0
SPT35355	SPT35525	0
SPT35355	SPT35526	0
SPT35355	SPT35529	0
SPT35355	SPT35532	0
SPT35355	SPT35537	0
SPT35355	SPT35538	0
SPT35355	SPT35541	0.008
SPT35355	SPT35543	0
SPT35355	SPT35544	0
SPT35355	SPT35546	0
SPT35355	SPT35547	0
SPT35355	SPT35552	0
SPT35355	SPT35553	0.021
SPT35355	SPT35557	0
SPT35355	SPT35561	0.016
SPT35355	SPT35563	0
SPT35355	SPT35567	0
SPT35355	SPT35576	0
SPT35355	SPT35577	0
SPT35355	SPT35580	0.01
SPT35355	SPT35583	0
SPT35355	SPT35584	0
SPT35355	SPT35585	0
SPT35355	SPT35302	0
SPT35355	SPT35303	0
SPT35355	SPT35304	0.005
SPT35355	SPT35306	0.079
SPT35355	SPT35308	0.007
SPT35355	SPT35310	0.016
SPT35355	SPT35315	0
SPT35355	SPT35325	0
SPT35355	SPT35336	0.002
SPT35355	SPT35337	0
SPT35355	SPT35338	0.016
SPT35355	SPT35340	0
SPT35355	SPT35348	0
SPT35355	SPT35349	0
SPT35355	SPT35354	0
SPT35355	SPT35356	0.011
SPT35355	SPT35357	0.1
SPT35355	SPT35360	0.012
SPT35355	SPT35365	0
SPT35355	SPT35366	0
SPT35355	SPT35368	0
SPT35355	SPT35369	0.003
SPT35355	SPT35370	0
SPT35355	SPT35373	0.024
SPT35355	SPT35377	0
SPT35355	SPT35378	0.025
SPT35355	SPT35379	0.056
SPT35355	SPT35382	0
SPT35355	SPT35384	0.001
SPT35355	SPT35390	0.003
SPT35355	SPT35407	0
SPT35355	SPT35410	0.005
SPT35355	SPT35414	0
SPT35355	SPT35417	0
SPT35355	SPT35418	0
SPT35355	SPT35419	0
SPT35355	SPT35423	0.002
SPT35355	SPT35436	0
SPT35355	SPT35444	0
SPT35355	SPT35316	0
SPT35355	SPT35331	0.066
SPT35355	SPT35339	0.142
SPT35355	SPT35364	0
SPT35355	SPT35372	0.008
SPT35355	SPT35405	0
SPT35355	SPT35424	0.004
SPT35355	SPT35427	0
SPT35355	SPT35437	0
SPT35355	SPT35440	0.01
SPT35355	SPT35467	0
SPT35355	SPT35468	0
SPT35355	SPT35470	0
SPT35355	SPT35472	0
SPT35355	SPT35475	0
SPT35355	SPT35476	0
SPT35355	SPT35485	0
SPT35355	SPT35499	0
SPT35355	SPT35780	0
SPT35420	SPT35502	0
SPT35420	SPT35412	0
SPT35420	SPT35446	0.01
SPT35420	SPT35450	0
SPT35420	SPT35474	0
SPT35420	SPT35503	0.001
SPT35420	SPT35571	0
SPT35420	SPT35575	0
SPT35420	SPT35592	0
SPT35420	SPT35766	0
SPT35420	SPT35500	0.003
SPT35420	SPT35508	0
SPT35420	SPT35313	0
SPT35420	SPT35328	0
SPT35420	SPT35330	0
SPT35420	SPT35362	0
SPT35420	SPT35430	0.001
SPT35420	SPT35431	0.011
SPT35420	SPT35453	0.315
SPT35420	SPT35317	0
SPT35420	SPT35318	0
SPT35420	SPT35320	0
SPT35420	SPT35321	0
SPT35420	SPT35322	0
SPT35420	SPT35333	0.012
SPT35420	SPT35341	0
SPT35420	SPT35342	0
SPT35420	SPT35346	0
SPT35420	SPT35347	0
SPT35420	SPT35352	0.005
SPT35420	SPT35361	0
SPT35420	SPT35363	0.007
SPT35420	SPT35389	0
SPT35420	SPT35425	0.003
SPT35420	SPT35435	0
SPT35420	SPT35443	0.014
SPT35420	SPT35447	0
SPT35420	SPT35448	0
SPT35420	SPT35449	0
SPT35420	SPT35458	0
SPT35420	SPT35461	0
SPT35420	SPT35462	0
SPT35420	SPT35463	0.011
SPT35420	SPT35487	0
SPT35420	SPT35501	0.007
SPT35420	SPT35510	0.009
SPT35420	SPT35511	0
SPT35420	SPT35514	0
SPT35420	SPT35515	0
SPT35420	SPT35516	0
SPT35420	SPT35517	0
SPT35420	SPT35518	0.007
SPT35420	SPT35519	0.003
SPT35420	SPT35520	0.006
SPT35420	SPT35521	0
SPT35420	SPT35522	0.006
SPT35420	SPT35523	0
SPT35420	SPT35524	0.01
SPT35420	SPT35525	0
SPT35420	SPT35526	0
SPT35420	SPT35529	0
SPT35420	SPT35532	0
SPT35420	SPT35537	0
SPT35420	SPT35538	0
SPT35420	SPT35541	0.012
SPT35420	SPT35543	0
SPT35420	SPT35544	0.012
SPT35420	SPT35546	0
SPT35420	SPT35547	0
SPT35420	SPT35552	0
SPT35420	SPT35553	0.023
SPT35420	SPT35557	0.002
SPT35420	SPT35561	0
SPT35420	SPT35563	0.005
SPT35420	SPT35567	0.008
SPT35420	SPT35576	0.003
SPT35420	SPT35577	0
SPT35420	SPT35580	0.005
SPT35420	SPT35583	0.01
SPT35420	SPT35584	0
SPT35420	SPT35585	0
SPT35420	SPT35302	0
SPT35420	SPT35303	0
SPT35420	SPT35304	0
SPT35420	SPT35306	0
SPT35420	SPT35308	0
SPT35420	SPT35310	0.001
SPT35420	SPT35315	0
SPT35420	SPT35325	0.008
SPT35420	SPT35336	0.005
SPT35420	SPT35337	0
SPT35420	SPT35338	0
SPT35420	SPT35340	0
SPT35420	SPT35348	0
SPT35420	SPT35349	0
SPT35420	SPT35354	0
SPT35420	SPT35356	0
SPT35420	SPT35357	0
SPT35420	SPT35360	0
SPT35420	SPT35365	0
SPT35420	SPT35366	0
SPT35420	SPT35368	0
SPT35420	SPT35369	0
SPT35420	SPT35370	0
SPT35420	SPT35373	0
SPT35420	SPT35377	0
SPT35420	SPT35378	0.013
SPT35420	SPT35379	0
SPT35420	SPT35382	0
SPT35420	SPT35384	0.005
SPT35420	SPT35390	0
SPT35420	SPT35407	0
SPT35420	SPT35410	0.005
SPT35420	SPT35414	0.008
SPT35420	SPT35417	0.011
SPT35420	SPT35418	0
SPT35420	SPT35419	0
SPT35420	SPT35423	0.011
SPT35420	SPT35436	0.026
SPT35420	SPT35444	0
SPT35420	SPT35316	0
SPT35420	SPT35331	0
SPT35420	SPT35339	0
SPT35420	SPT35364	0
SPT35420	SPT35372	0
SPT35420	SPT35405	0
SPT35420	SPT35424	0.01
SPT35420	SPT35427	0
SPT35420	SPT35437	0
SPT35420	SPT35440	0.001
SPT35420	SPT35467	0
SPT35420	SPT35468	0
SPT35420	SPT35470	0
SPT35420	SPT35472	0
SPT35420	SPT35475	0
SPT35420	SPT35476	0
SPT35420	SPT35485	0
SPT35420	SPT35499	0.001
SPT35420	SPT35780	0.013
SPT35502	SPT35412	0.009
SPT35502	SPT35446	0.002
SPT35502	SPT35450	0
SPT35502	SPT35474	0
SPT35502	SPT35503	0
SPT35502	SPT35571	0
SPT35502	SPT35575	0
SPT35502	SPT35592	0
SPT35502	SPT35766	0
SPT35502	SPT35500	0
SPT35502	SPT35508	0
SPT35502	SPT35313	0
SPT35502	SPT35328	0.011
SPT35502	SPT35330	0
SPT35502	SPT35362	0.012
SPT35502	SPT35430	0
SPT35502	SPT35431	0
SPT35502	SPT35453	0.002
SPT35502	SPT35317	0
SPT35502	SPT35318	0
SPT35502	SPT35320	0
SPT35502	SPT35321	0
SPT35502	SPT35322	0
SPT35502	SPT35333	0
SPT35502	SPT35341	0
SPT35502	SPT35342	0
SPT35502	SPT35346	0
SPT35502	SPT35347	0
SPT35502	SPT35352	0
SPT35502	SPT35361	0
SPT35502	SPT35363	0
SPT35502	SPT35389	0
SPT35502	SPT35425	0
SPT35502	SPT35435	0
SPT35502	SPT35443	0
SPT35502	SPT35447	0
SPT35502	SPT35448	0
SPT35502	SPT35449	0
SPT35502	SPT35458	0.005
SPT35502	SPT35461	0
SPT35502	SPT35462	0
SPT35502	SPT35463	0
SPT35502	SPT35487	0
SPT35502	SPT35501	0
SPT35502	SPT35510	0.047
SPT35502	SPT35511	0
SPT35502	SPT35514	0
SPT35502	SPT35515	0
SPT35502	SPT35516	0
SPT35502	SPT35517	0
SPT35502	SPT35518	0
SPT35502	SPT35519	0
SPT35502	SPT35520	0.003
SPT35502	SPT35521	0
SPT35502	SPT35522	0
SPT35502	SPT35523	0
SPT35502	SPT35524	0.002
SPT35502	SPT35525	0
SPT35502	SPT35526	0
SPT35502	SPT35529	0
SPT35502	SPT35532	0
SPT35502	SPT35537	0
SPT35502	SPT35538	0
SPT35502	SPT35541	0.007
SPT35502	SPT35543	0
SPT35502	SPT35544	0.021
SPT35502	SPT35546	0
SPT35502	SPT35547	0
SPT35502	SPT35552	0
SPT35502	SPT35553	0
SPT35502	SPT35557	0.008
SPT35502	SPT35561	0
SPT35502	SPT35563	0.008
SPT35502	SPT35567	0.006
SPT35502	SPT35576	0
SPT35502	SPT35577	0.004
SPT35502	SPT35580	0
SPT35502	SPT35583	0
SPT35502	SPT35584	0
SPT35502	SPT35585	0
SPT35502	SPT35302	0
SPT35502	SPT35303	0
SPT35502	SPT35304	0
SPT35502	SPT35306	0
SPT35502	SPT35308	0
SPT35502	SPT35310	0
SPT35502	SPT35315	0.004
SPT35502	SPT35325	0
SPT35502	SPT35336	0
SPT35502	SPT35337	0
SPT35502	SPT35338	0
SPT35502	SPT35340	0
SPT35502	SPT35348	0
SPT35502	SPT35349	0.012
SPT35502	SPT35354	0
SPT35502	SPT35356	0
SPT35502	SPT35357	0
SPT35502	SPT35360	0
SPT35502	SPT35365	0
SPT35502	SPT35366	0
SPT35502	SPT35368	0
SPT35502	SPT35369	0
SPT35502	SPT35370	0
SPT35502	SPT35373	0
SPT35502	SPT35377	0
SPT35502	SPT35378	0
SPT35502	SPT35379	0.006
SPT35502	SPT35382	0
SPT35502	SPT35384	0
SPT35502	SPT35390	0
SPT35502	SPT35407	0
SPT35502	SPT35410	0.02
SPT35502	SPT35414	0
SPT35502	SPT35417	0
SPT35502	SPT35418	0
SPT35502	SPT35419	0
SPT35502	SPT35423	0.014
SPT35502	SPT35436	0
SPT35502	SPT35444	0.997
SPT35502	SPT35316	0
SPT35502	SPT35331	0.004
SPT35502	SPT35339	0.001
SPT35502	SPT35364	0.001
SPT35502	SPT35372	0
SPT35502	SPT35405	0
SPT35502	SPT35424	0.001
SPT35502	SPT35427	0
SPT35502	SPT35437	0
SPT35502	SPT35440	0.01
SPT35502	SPT35467	0
SPT35502	SPT35468	0
SPT35502	SPT35470	0
SPT35502	SPT35472	0.008
SPT35502	SPT35475	0
SPT35502	SPT35476	0
SPT35502	SPT35485	0.003
SPT35502	SPT35499	0
SPT35502	SPT35780	0
SPT35412	SPT35446	0
SPT35412	SPT35450	0
SPT35412	SPT35474	0
SPT35412	SPT35503	0
SPT35412	SPT35571	0
SPT35412	SPT35575	0.001
SPT35412	SPT35592	0.002
SPT35412	SPT35766	0
SPT35412	SPT35500	0
SPT35412	SPT35508	0
SPT35412	SPT35313	0
SPT35412	SPT35328	0
SPT35412	SPT35330	0
SPT35412	SPT35362	0
SPT35412	SPT35430	0.017
SPT35412	SPT35431	0.019
SPT35412	SPT35453	0.016
SPT35412	SPT35317	0.002
SPT35412	SPT35318	0
SPT35412	SPT35320	0
SPT35412	SPT35321	0
SPT35412	SPT35322	0.002
SPT35412	SPT35333	0
SPT35412	SPT35341	0
SPT35412	SPT35342	0
SPT35412	SPT35346	0
SPT35412	SPT35347	0
SPT35412	SPT35352	0.026
SPT35412	SPT35361	0
SPT35412	SPT35363	0.009
SPT35412	SPT35389	0.004
SPT35412	SPT35425	0.017
SPT35412	SPT35435	0
SPT35412	SPT35443	0.013
SPT35412	SPT35447	0
SPT35412	SPT35448	0
SPT35412	SPT35449	0
SPT35412	SPT35458	0.001
SPT35412	SPT35461	0.006
SPT35412	SPT35462	0
SPT35412	SPT35463	0
SPT35412	SPT35487	0
SPT35412	SPT35501	0
SPT35412	SPT35510	0.008
SPT35412	SPT35511	0
SPT35412	SPT35514	0
SPT35412	SPT35515	0
SPT35412	SPT35516	0
SPT35412	SPT35517	0
SPT35412	SPT35518	0.002
SPT35412	SPT35519	0.002
SPT35412	SPT35520	0.004
SPT35412	SPT35521	0.001
SPT35412	SPT35522	0
SPT35412	SPT35523	0
SPT35412	SPT35524	0.009
SPT35412	SPT35525	0
SPT35412	SPT35526	0
SPT35412	SPT35529	0
SPT35412	SPT35532	0
SPT35412	SPT35537	0
SPT35412	SPT35538	0.005
SPT35412	SPT35541	0.003
SPT35412	SPT35543	0
SPT35412	SPT35544	0.006
SPT35412	SPT35546	0
SPT35412	SPT35547	0
SPT35412	SPT35552	0.025
SPT35412	SPT35553	0.008
SPT35412	SPT35557	0.001
SPT35412	SPT35561	0.009
SPT35412	SPT35563	0.005
SPT35412	SPT35567	0.006
SPT35412	SPT35576	0
SPT35412	SPT35577	0
SPT35412	SPT35580	0.018
SPT35412	SPT35583	0
SPT35412	SPT35584	0
SPT35412	SPT35585	0
SPT35412	SPT35302	0
SPT35412	SPT35303	0.006
SPT35412	SPT35304	0
SPT35412	SPT35306	0
SPT35412	SPT35308	0
SPT35412	SPT35310	0
SPT35412	SPT35315	0
SPT35412	SPT35325	0
SPT35412	SPT35336	0
SPT35412	SPT35337	0
SPT35412	SPT35338	0.017
SPT35412	SPT35340	0.004
SPT35412	SPT35348	0.011
SPT35412	SPT35349	0
SPT35412	SPT35354	0
SPT35412	SPT35356	0.003
SPT35412	SPT35357	0
SPT35412	SPT35360	0
SPT35412	SPT35365	0
SPT35412	SPT35366	0.02
SPT35412	SPT35368	0.011
SPT35412	SPT35369	0
SPT35412	SPT35370	0
SPT35412	SPT35373	0.008
SPT35412	SPT35377	0.004
SPT35412	SPT35378	0
SPT35412	SPT35379	0
SPT35412	SPT35382	0
SPT35412	SPT35384	0
SPT35412	SPT35390	0
SPT35412	SPT35407	0
SPT35412	SPT35410	0
SPT35412	SPT35414	0.007
SPT35412	SPT35417	0.007
SPT35412	SPT35418	0.222
SPT35412	SPT35419	0
SPT35412	SPT35423	0.017
SPT35412	SPT35436	0.014
SPT35412	SPT35444	0.01
SPT35412	SPT35316	0.011
SPT35412	SPT35331	0
SPT35412	SPT35339	0
SPT35412	SPT35364	0.019
SPT35412	SPT35372	0
SPT35412	SPT35405	0
SPT35412	SPT35424	0
SPT35412	SPT35427	0.028
SPT35412	SPT35437	0
SPT35412	SPT35440	0
SPT35412	SPT35467	0
SPT35412	SPT35468	0
SPT35412	SPT35470	0
SPT35412	SPT35472	0.022
SPT35412	SPT35475	0
SPT35412	SPT35476	0
SPT35412	SPT35485	0
SPT35412	SPT35499	0
SPT35412	SPT35780	0
SPT35446	SPT35450	0
SPT35446	SPT35474	0
SPT35446	SPT35503	0
SPT35446	SPT35571	0
SPT35446	SPT35575	0
SPT35446	SPT35592	0.001
SPT35446	SPT35766	0
SPT35446	SPT35500	0
SPT35446	SPT35508	0.008
SPT35446	SPT35313	0
SPT35446	SPT35328	0
SPT35446	SPT35330	0
SPT35446	SPT35362	0.007
SPT35446	SPT35430	0
SPT35446	SPT35431	0
SPT35446	SPT35453	0.017
SPT35446	SPT35317	0
SPT35446	SPT35318	0
SPT35446	SPT35320	0.015
SPT35446	SPT35321	0
SPT35446	SPT35322	0
SPT35446	SPT35333	0.014
SPT35446	SPT35341	0
SPT35446	SPT35342	0
SPT35446	SPT35346	0
SPT35446	SPT35347	0.003
SPT35446	SPT35352	0.014
SPT35446	SPT35361	0.014
SPT35446	SPT35363	0.009
SPT35446	SPT35389	0
SPT35446	SPT35425	0.018
SPT35446	SPT35435	0
SPT35446	SPT35443	0.014
SPT35446	SPT35447	0
SPT35446	SPT35448	0
SPT35446	SPT35449	0
SPT35446	SPT35458	0
SPT35446	SPT35461	0.002
SPT35446	SPT35462	0
SPT35446	SPT35463	0.002
SPT35446	SPT35487	0
SPT35446	SPT35501	0.01
SPT35446	SPT35510	0
SPT35446	SPT35511	0
SPT35446	SPT35514	0
SPT35446	SPT35515	0
SPT35446	SPT35516	0
SPT35446	SPT35517	0
SPT35446	SPT35518	0.004
SPT35446	SPT35519	0.006
SPT35446	SPT35520	0.005
SPT35446	SPT35521	0
SPT35446	SPT35522	0
SPT35446	SPT35523	0
SPT35446	SPT35524	0.002
SPT35446	SPT35525	0
SPT35446	SPT35526	0
SPT35446	SPT35529	0
SPT35446	SPT35532	0
SPT35446	SPT35537	0
SPT35446	SPT35538	0.005
SPT35446	SPT35541	0.005
SPT35446	SPT35543	0
SPT35446	SPT35544	0.005
SPT35446	SPT35546	0.001
SPT35446	SPT35547	0
SPT35446	SPT35552	0.017
SPT35446	SPT35553	0.032
SPT35446	SPT35557	0
SPT35446	SPT35561	0.006
SPT35446	SPT35563	0
SPT35446	SPT35567	0
SPT35446	SPT35576	0
SPT35446	SPT35577	0
SPT35446	SPT35580	0.003
SPT35446	SPT35583	0
SPT35446	SPT35584	0
SPT35446	SPT35585	0
SPT35446	SPT35302	0
SPT35446	SPT35303	0.003
SPT35446	SPT35304	0.002
SPT35446	SPT35306	0.005
SPT35446	SPT35308	0
SPT35446	SPT35310	0
SPT35446	SPT35315	0
SPT35446	SPT35325	0.001
SPT35446	SPT35336	0
SPT35446	SPT35337	0
SPT35446	SPT35338	0
SPT35446	SPT35340	0
SPT35446	SPT35348	0.011
SPT35446	SPT35349	0
SPT35446	SPT35354	0
SPT35446	SPT35356	0
SPT35446	SPT35357	0
SPT35446	SPT35360	0.003
SPT35446	SPT35365	0.004
SPT35446	SPT35366	0
SPT35446	SPT35368	0
SPT35446	SPT35369	0
SPT35446	SPT35370	0
SPT35446	SPT35373	0
SPT35446	SPT35377	0
SPT35446	SPT35378	0
SPT35446	SPT35379	0
SPT35446	SPT35382	0
SPT35446	SPT35384	0
SPT35446	SPT35390	0
SPT35446	SPT35407	0
SPT35446	SPT35410	0.001
SPT35446	SPT35414	0
SPT35446	SPT35417	0
SPT35446	SPT35418	0
SPT35446	SPT35419	0
SPT35446	SPT35423	0
SPT35446	SPT35436	0.006
SPT35446	SPT35444	0.003
SPT35446	SPT35316	0
SPT35446	SPT35331	0
SPT35446	SPT35339	0.003
SPT35446	SPT35364	0
SPT35446	SPT35372	0
SPT35446	SPT35405	0
SPT35446	SPT35424	0.009
SPT35446	SPT35427	0.006
SPT35446	SPT35437	0
SPT35446	SPT35440	0.011
SPT35446	SPT35467	0
SPT35446	SPT35468	0
SPT35446	SPT35470	0
SPT35446	SPT35472	0.009
SPT35446	SPT35475	0
SPT35446	SPT35476	0
SPT35446	SPT35485	0
SPT35446	SPT35499	0
SPT35446	SPT35780	0.005
SPT35450	SPT35474	0
SPT35450	SPT35503	0
SPT35450	SPT35571	0
SPT35450	SPT35575	0
SPT35450	SPT35592	0
SPT35450	SPT35766	0.007
SPT35450	SPT35500	0
SPT35450	SPT35508	0
SPT35450	SPT35313	0
SPT35450	SPT35328	0
SPT35450	SPT35330	0
SPT35450	SPT35362	0
SPT35450	SPT35430	0
SPT35450	SPT35431	0
SPT35450	SPT35453	0
SPT35450	SPT35317	0
SPT35450	SPT35318	0
SPT35450	SPT35320	0
SPT35450	SPT35321	0
SPT35450	SPT35322	0
SPT35450	SPT35333	0.001
SPT35450	SPT35341	0
SPT35450	SPT35342	0
SPT35450	SPT35346	0
SPT35450	SPT35347	0
SPT35450	SPT35352	0
SPT35450	SPT35361	0
SPT35450	SPT35363	0
SPT35450	SPT35389	0
SPT35450	SPT35425	0
SPT35450	SPT35435	0
SPT35450	SPT35443	0
SPT35450	SPT35447	0
SPT35450	SPT35448	0
SPT35450	SPT35449	0
SPT35450	SPT35458	0
SPT35450	SPT35461	0
SPT35450	SPT35462	0
SPT35450	SPT35463	0
SPT35450	SPT35487	0
SPT35450	SPT35501	0
SPT35450	SPT35510	0
SPT35450	SPT35511	0
SPT35450	SPT35514	0
SPT35450	SPT35515	0
SPT35450	SPT35516	0
SPT35450	SPT35517	0
SPT35450	SPT35518	0
SPT35450	SPT35519	0
SPT35450	SPT35520	0
SPT35450	SPT35521	0
SPT35450	SPT35522	0
SPT35450	SPT35523	0
SPT35450	SPT35524	0
SPT35450	SPT35525	0
SPT35450	SPT35526	0
SPT35450	SPT35529	0
SPT35450	SPT35532	0
SPT35450	SPT35537	0
SPT35450	SPT35538	0
SPT35450	SPT35541	0
SPT35450	SPT35543	0
SPT35450	SPT35544	0
SPT35450	SPT35546	0
SPT35450	SPT35547	0
SPT35450	SPT35552	0
SPT35450	SPT35553	0
SPT35450	SPT35557	0
SPT35450	SPT35561	0
SPT35450	SPT35563	0
SPT35450	SPT35567	0
SPT35450	SPT35576	0
SPT35450	SPT35577	0
SPT35450	SPT35580	0
SPT35450	SPT35583	0
SPT35450	SPT35584	0
SPT35450	SPT35585	0
SPT35450	SPT35302	0
SPT35450	SPT35303	0.015
SPT35450	SPT35304	0.998
SPT35450	SPT35306	0
SPT35450	SPT35308	0.999
SPT35450	SPT35310	0.022
SPT35450	SPT35315	0.014
SPT35450	SPT35325	0
SPT35450	SPT35336	0
SPT35450	SPT35337	0
SPT35450	SPT35338	0
SPT35450	SPT35340	0
SPT35450	SPT35348	0.009
SPT35450	SPT35349	0
SPT35450	SPT35354	0
SPT35450	SPT35356	0.002
SPT35450	SPT35357	0
SPT35450	SPT35360	0
SPT35450	SPT35365	0
SPT35450	SPT35366	0
SPT35450	SPT35368	0
SPT35450	SPT35369	0
SPT35450	SPT35370	0
SPT35450	SPT35373	0
SPT35450	SPT35377	0
SPT35450	SPT35378	0
SPT35450	SPT35379	0.005
SPT35450	SPT35382	0
SPT35450	SPT35384	0
SPT35450	SPT35390	0.014
SPT35450	SPT35407	0
SPT35450	SPT35410	0
SPT35450	SPT35414	0
SPT35450	SPT35417	0
SPT35450	SPT35418	0
SPT35450	SPT35419	0
SPT35450	SPT35423	0
SPT35450	SPT35436	0
SPT35450	SPT35444	0
SPT35450	SPT35316	0
SPT35450	SPT35331	0.006
SPT35450	SPT35339	0
SPT35450	SPT35364	0.01
SPT35450	SPT35372	0
SPT35450	SPT35405	0
SPT35450	SPT35424	0
SPT35450	SPT35427	0
SPT35450	SPT35437	0
SPT35450	SPT35440	0
SPT35450	SPT35467	0
SPT35450	SPT35468	0
SPT35450	SPT35470	0
SPT35450	SPT35472	0
SPT35450	SPT35475	0
SPT35450	SPT35476	0
SPT35450	SPT35485	0
SPT35450	SPT35499	0
SPT35450	SPT35780	0
SPT35474	SPT35503	0
SPT35474	SPT35571	0
SPT35474	SPT35575	0
SPT35474	SPT35592	0
SPT35474	SPT35766	0
SPT35474	SPT35500	0
SPT35474	SPT35508	0.906
SPT35474	SPT35313	0
SPT35474	SPT35328	0
SPT35474	SPT35330	0
SPT35474	SPT35362	0
SPT35474	SPT35430	0
SPT35474	SPT35431	0
SPT35474	SPT35453	0.002
SPT35474	SPT35317	0
SPT35474	SPT35318	0
SPT35474	SPT35320	0.031
SPT35474	SPT35321	0
SPT35474	SPT35322	0
SPT35474	SPT35333	0
SPT35474	SPT35341	0.003
SPT35474	SPT35342	0
SPT35474	SPT35346	0
SPT35474	SPT35347	0.064
SPT35474	SPT35352	0
SPT35474	SPT35361	0
SPT35474	SPT35363	0
SPT35474	SPT35389	0
SPT35474	SPT35425	0.002
SPT35474	SPT35435	0
SPT35474	SPT35443	0
SPT35474	SPT35447	0
SPT35474	SPT35448	0
SPT35474	SPT35449	0
SPT35474	SPT35458	0
SPT35474	SPT35461	0
SPT35474	SPT35462	0.584
SPT35474	SPT35463	0
SPT35474	SPT35487	0
SPT35474	SPT35501	0
SPT35474	SPT35510	0
SPT35474	SPT35511	0
SPT35474	SPT35514	0
SPT35474	SPT35515	0
SPT35474	SPT35516	0
SPT35474	SPT35517	0
SPT35474	SPT35518	0
SPT35474	SPT35519	0
SPT35474	SPT35520	0
SPT35474	SPT35521	0
SPT35474	SPT35522	0.197
SPT35474	SPT35523	0
SPT35474	SPT35524	0
SPT35474	SPT35525	0
SPT35474	SPT35526	0
SPT35474	SPT35529	0
SPT35474	SPT35532	0
SPT35474	SPT35537	0
SPT35474	SPT35538	0
SPT35474	SPT35541	0
SPT35474	SPT35543	0
SPT35474	SPT35544	0
SPT35474	SPT35546	0
SPT35474	SPT35547	0
SPT35474	SPT35552	0
SPT35474	SPT35553	0
SPT35474	SPT35557	0.004
SPT35474	SPT35561	0
SPT35474	SPT35563	0
SPT35474	SPT35567	0
SPT35474	SPT35576	0.241
SPT35474	SPT35577	0
SPT35474	SPT35580	0
SPT35474	SPT35583	0
SPT35474	SPT35584	0
SPT35474	SPT35585	0.561
SPT35474	SPT35302	0.415
SPT35474	SPT35303	0
SPT35474	SPT35304	0
SPT35474	SPT35306	0
SPT35474	SPT35308	0
SPT35474	SPT35310	0
SPT35474	SPT35315	0
SPT35474	SPT35325	0
SPT35474	SPT35336	0
SPT35474	SPT35337	0.018
SPT35474	SPT35338	0
SPT35474	SPT35340	0
SPT35474	SPT35348	0.008
SPT35474	SPT35349	0
SPT35474	SPT35354	0
SPT35474	SPT35356	0
SPT35474	SPT35357	0
SPT35474	SPT35360	0.064
SPT35474	SPT35365	0.012
SPT35474	SPT35366	0
SPT35474	SPT35368	0
SPT35474	SPT35369	0
SPT35474	SPT35370	0
SPT35474	SPT35373	0
SPT35474	SPT35377	0
SPT35474	SPT35378	0
SPT35474	SPT35379	0
SPT35474	SPT35382	0
SPT35474	SPT35384	0
SPT35474	SPT35390	0.007
SPT35474	SPT35407	0.443
SPT35474	SPT35410	0
SPT35474	SPT35414	0
SPT35474	SPT35417	0
SPT35474	SPT35418	0
SPT35474	SPT35419	0.231
SPT35474	SPT35423	0
SPT35474	SPT35436	0
SPT35474	SPT35444	0
SPT35474	SPT35316	0
SPT35474	SPT35331	0
SPT35474	SPT35339	0
SPT35474	SPT35364	0
SPT35474	SPT35372	0.039
SPT35474	SPT35405	0.38
SPT35474	SPT35424	0
SPT35474	SPT35427	0
SPT35474	SPT35437	0
SPT35474	SPT35440	0
SPT35474	SPT35467	0
SPT35474	SPT35468	0
SPT35474	SPT35470	0.988
SPT35474	SPT35472	0
SPT35474	SPT35475	0
SPT35474	SPT35476	0
SPT35474	SPT35485	0
SPT35474	SPT35499	0
SPT35474	SPT35780	0
SPT35503	SPT35571	0
SPT35503	SPT35575	0
SPT35503	SPT35592	0
SPT35503	SPT35766	0
SPT35503	SPT35500	0.882
SPT35503	SPT35508	0
SPT35503	SPT35313	0
SPT35503	SPT35328	0
SPT35503	SPT35330	0
SPT35503	SPT35362	0
SPT35503	SPT35430	0
SPT35503	SPT35431	0
SPT35503	SPT35453	0
SPT35503	SPT35317	0
SPT35503	SPT35318	0
SPT35503	SPT35320	0
SPT35503	SPT35321	0
SPT35503	SPT35322	0
SPT35503	SPT35333	0
SPT35503	SPT35341	0
SPT35503	SPT35342	0.001
SPT35503	SPT35346	0
SPT35503	SPT35347	0
SPT35503	SPT35352	0
SPT35503	SPT35361	0
SPT35503	SPT35363	0
SPT35503	SPT35389	0
SPT35503	SPT35425	0.002
SPT35503	SPT35435	0
SPT35503	SPT35443	0
SPT35503	SPT35447	0
SPT35503	SPT35448	0
SPT35503	SPT35449	0
SPT35503	SPT35458	0
SPT35503	SPT35461	0
SPT35503	SPT35462	0
SPT35503	SPT35463	0
SPT35503	SPT35487	0
SPT35503	SPT35501	0.825
SPT35503	SPT35510	0
SPT35503	SPT35511	0
SPT35503	SPT35514	0
SPT35503	SPT35515	0
SPT35503	SPT35516	0
SPT35503	SPT35517	0
SPT35503	SPT35518	0
SPT35503	SPT35519	0
SPT35503	SPT35520	0
SPT35503	SPT35521	0
SPT35503	SPT35522	0
SPT35503	SPT35523	0
SPT35503	SPT35524	0
SPT35503	SPT35525	0
SPT35503	SPT35526	0
SPT35503	SPT35529	0
SPT35503	SPT35532	0
SPT35503	SPT35537	0
SPT35503	SPT35538	0
SPT35503	SPT35541	0.004
SPT35503	SPT35543	0
SPT35503	SPT35544	0
SPT35503	SPT35546	0
SPT35503	SPT35547	0
SPT35503	SPT35552	0
SPT35503	SPT35553	0
SPT35503	SPT35557	0.005
SPT35503	SPT35561	0
SPT35503	SPT35563	0
SPT35503	SPT35567	0
SPT35503	SPT35576	0
SPT35503	SPT35577	0
SPT35503	SPT35580	0
SPT35503	SPT35583	0
SPT35503	SPT35584	0
SPT35503	SPT35585	0
SPT35503	SPT35302	0
SPT35503	SPT35303	0
SPT35503	SPT35304	0
SPT35503	SPT35306	0
SPT35503	SPT35308	0
SPT35503	SPT35310	0
SPT35503	SPT35315	0
SPT35503	SPT35325	0
SPT35503	SPT35336	0
SPT35503	SPT35337	0
SPT35503	SPT35338	0
SPT35503	SPT35340	0
SPT35503	SPT35348	0
SPT35503	SPT35349	0
SPT35503	SPT35354	0
SPT35503	SPT35356	0
SPT35503	SPT35357	0
SPT35503	SPT35360	0
SPT35503	SPT35365	0
SPT35503	SPT35366	0
SPT35503	SPT35368	0.001
SPT35503	SPT35369	0
SPT35503	SPT35370	0
SPT35503	SPT35373	0.008
SPT35503	SPT35377	0
SPT35503	SPT35378	0
SPT35503	SPT35379	0
SPT35503	SPT35382	0
SPT35503	SPT35384	0
SPT35503	SPT35390	0
SPT35503	SPT35407	0
SPT35503	SPT35410	0
SPT35503	SPT35414	0
SPT35503	SPT35417	0
SPT35503	SPT35418	0
SPT35503	SPT35419	0
SPT35503	SPT35423	0
SPT35503	SPT35436	0
SPT35503	SPT35444	0
SPT35503	SPT35316	0
SPT35503	SPT35331	0
SPT35503	SPT35339	0
SPT35503	SPT35364	0
SPT35503	SPT35372	0
SPT35503	SPT35405	0
SPT35503	SPT35424	0.01
SPT35503	SPT35427	0
SPT35503	SPT35437	0
SPT35503	SPT35440	0
SPT35503	SPT35467	0
SPT35503	SPT35468	0
SPT35503	SPT35470	0
SPT35503	SPT35472	0
SPT35503	SPT35475	0
SPT35503	SPT35476	0
SPT35503	SPT35485	0
SPT35503	SPT35499	0.984
SPT35503	SPT35780	0.009
SPT35571	SPT35575	0
SPT35571	SPT35592	0
SPT35571	SPT35766	0
SPT35571	SPT35500	0.003
SPT35571	SPT35508	0
SPT35571	SPT35313	0
SPT35571	SPT35328	0
SPT35571	SPT35330	0
SPT35571	SPT35362	0
SPT35571	SPT35430	0
SPT35571	SPT35431	0.005
SPT35571	SPT35453	0
SPT35571	SPT35317	0
SPT35571	SPT35318	0
SPT35571	SPT35320	0
SPT35571	SPT35321	0
SPT35571	SPT35322	0.007
SPT35571	SPT35333	0
SPT35571	SPT35341	0
SPT35571	SPT35342	0
SPT35571	SPT35346	0
SPT35571	SPT35347	0
SPT35571	SPT35352	0
SPT35571	SPT35361	0
SPT35571	SPT35363	0
SPT35571	SPT35389	0
SPT35571	SPT35425	0
SPT35571	SPT35435	0
SPT35571	SPT35443	0.001
SPT35571	SPT35447	0
SPT35571	SPT35448	0
SPT35571	SPT35449	0
SPT35571	SPT35458	0
SPT35571	SPT35461	0
SPT35571	SPT35462	0
SPT35571	SPT35463	0
SPT35571	SPT35487	0
SPT35571	SPT35501	0
SPT35571	SPT35510	0
SPT35571	SPT35511	0
SPT35571	SPT35514	0
SPT35571	SPT35515	0
SPT35571	SPT35516	0
SPT35571	SPT35517	0
SPT35571	SPT35518	0.003
SPT35571	SPT35519	0.006
SPT35571	SPT35520	0.006
SPT35571	SPT35521	0
SPT35571	SPT35522	0
SPT35571	SPT35523	0
SPT35571	SPT35524	0
SPT35571	SPT35525	0
SPT35571	SPT35526	0
SPT35571	SPT35529	0
SPT35571	SPT35532	0
SPT35571	SPT35537	0
SPT35571	SPT35538	0
SPT35571	SPT35541	0
SPT35571	SPT35543	0
SPT35571	SPT35544	0
SPT35571	SPT35546	0.27
SPT35571	SPT35547	0.269
SPT35571	SPT35552	0
SPT35571	SPT35553	0
SPT35571	SPT35557	0
SPT35571	SPT35561	0
SPT35571	SPT35563	0
SPT35571	SPT35567	0
SPT35571	SPT35576	0
SPT35571	SPT35577	0.099
SPT35571	SPT35580	0.013
SPT35571	SPT35583	0
SPT35571	SPT35584	0.266
SPT35571	SPT35585	0
SPT35571	SPT35302	0
SPT35571	SPT35303	0
SPT35571	SPT35304	0
SPT35571	SPT35306	0
SPT35571	SPT35308	0
SPT35571	SPT35310	0
SPT35571	SPT35315	0
SPT35571	SPT35325	0
SPT35571	SPT35336	0
SPT35571	SPT35337	0
SPT35571	SPT35338	0.009
SPT35571	SPT35340	0
SPT35571	SPT35348	0
SPT35571	SPT35349	0.004
SPT35571	SPT35354	0
SPT35571	SPT35356	0
SPT35571	SPT35357	0.007
SPT35571	SPT35360	0
SPT35571	SPT35365	0
SPT35571	SPT35366	0
SPT35571	SPT35368	0.015
SPT35571	SPT35369	0
SPT35571	SPT35370	0
SPT35571	SPT35373	0
SPT35571	SPT35377	0
SPT35571	SPT35378	0
SPT35571	SPT35379	0
SPT35571	SPT35382	0
SPT35571	SPT35384	0
SPT35571	SPT35390	0
SPT35571	SPT35407	0
SPT35571	SPT35410	0
SPT35571	SPT35414	0
SPT35571	SPT35417	0
SPT35571	SPT35418	0
SPT35571	SPT35419	0
SPT35571	SPT35423	0
SPT35571	SPT35436	0.004
SPT35571	SPT35444	0
SPT35571	SPT35316	0.003
SPT35571	SPT35331	0.003
SPT35571	SPT35339	0
SPT35571	SPT35364	0
SPT35571	SPT35372	0
SPT35571	SPT35405	0
SPT35571	SPT35424	0
SPT35571	SPT35427	0.002
SPT35571	SPT35437	0
SPT35571	SPT35440	0
SPT35571	SPT35467	0
SPT35571	SPT35468	0
SPT35571	SPT35470	0
SPT35571	SPT35472	0
SPT35571	SPT35475	0
SPT35571	SPT35476	0
SPT35571	SPT35485	0
SPT35571	SPT35499	0
SPT35571	SPT35780	0
SPT35575	SPT35592	0
SPT35575	SPT35766	0
SPT35575	SPT35500	0
SPT35575	SPT35508	0
SPT35575	SPT35313	0
SPT35575	SPT35328	0
SPT35575	SPT35330	0
SPT35575	SPT35362	0
SPT35575	SPT35430	0
SPT35575	SPT35431	0.014
SPT35575	SPT35453	0
SPT35575	SPT35317	0
SPT35575	SPT35318	0
SPT35575	SPT35320	0
SPT35575	SPT35321	0
SPT35575	SPT35322	0
SPT35575	SPT35333	0.008
SPT35575	SPT35341	0
SPT35575	SPT35342	0.009
SPT35575	SPT35346	0
SPT35575	SPT35347	0
SPT35575	SPT35352	0
SPT35575	SPT35361	0
SPT35575	SPT35363	0
SPT35575	SPT35389	0
SPT35575	SPT35425	0.004
SPT35575	SPT35435	0
SPT35575	SPT35443	0
SPT35575	SPT35447	0.003
SPT35575	SPT35448	0
SPT35575	SPT35449	0
SPT35575	SPT35458	0
SPT35575	SPT35461	0.001
SPT35575	SPT35462	0
SPT35575	SPT35463	0.018
SPT35575	SPT35487	0
SPT35575	SPT35501	0
SPT35575	SPT35510	0.001
SPT35575	SPT35511	0
SPT35575	SPT35514	0
SPT35575	SPT35515	0
SPT35575	SPT35516	0
SPT35575	SPT35517	0
SPT35575	SPT35518	0
SPT35575	SPT35519	0
SPT35575	SPT35520	0
SPT35575	SPT35521	0
SPT35575	SPT35522	0
SPT35575	SPT35523	0
SPT35575	SPT35524	0
SPT35575	SPT35525	0
SPT35575	SPT35526	0
SPT35575	SPT35529	0
SPT35575	SPT35532	0
SPT35575	SPT35537	0.998
SPT35575	SPT35538	0.987
SPT35575	SPT35541	0
SPT35575	SPT35543	0.007
SPT35575	SPT35544	0
SPT35575	SPT35546	0
SPT35575	SPT35547	0
SPT35575	SPT35552	0
SPT35575	SPT35553	0
SPT35575	SPT35557	0.001
SPT35575	SPT35561	0
SPT35575	SPT35563	0
SPT35575	SPT35567	0
SPT35575	SPT35576	0
SPT35575	SPT35577	0
SPT35575	SPT35580	0
SPT35575	SPT35583	0
SPT35575	SPT35584	0
SPT35575	SPT35585	0
SPT35575	SPT35302	0
SPT35575	SPT35303	0
SPT35575	SPT35304	0
SPT35575	SPT35306	0
SPT35575	SPT35308	0
SPT35575	SPT35310	0.001
SPT35575	SPT35315	0
SPT35575	SPT35325	0
SPT35575	SPT35336	0
SPT35575	SPT35337	0
SPT35575	SPT35338	0
SPT35575	SPT35340	0
SPT35575	SPT35348	0
SPT35575	SPT35349	0.014
SPT35575	SPT35354	0
SPT35575	SPT35356	0
SPT35575	SPT35357	0
SPT35575	SPT35360	0
SPT35575	SPT35365	0
SPT35575	SPT35366	0
SPT35575	SPT35368	0
SPT35575	SPT35369	0
SPT35575	SPT35370	0
SPT35575	SPT35373	0
SPT35575	SPT35377	0
SPT35575	SPT35378	0
SPT35575	SPT35379	0
SPT35575	SPT35382	0
SPT35575	SPT35384	0
SPT35575	SPT35390	0
SPT35575	SPT35407	0
SPT35575	SPT35410	0
SPT35575	SPT35414	0
SPT35575	SPT35417	0
SPT35575	SPT35418	0
SPT35575	SPT35419	0
SPT35575	SPT35423	0
SPT35575	SPT35436	0
SPT35575	SPT35444	0
SPT35575	SPT35316	0
SPT35575	SPT35331	0
SPT35575	SPT35339	0
SPT35575	SPT35364	0.009
SPT35575	SPT35372	0
SPT35575	SPT35405	0
SPT35575	SPT35424	0.003
SPT35575	SPT35427	0
SPT35575	SPT35437	0
SPT35575	SPT35440	0
SPT35575	SPT35467	0
SPT35575	SPT35468	0
SPT35575	SPT35470	0
SPT35575	SPT35472	0
SPT35575	SPT35475	0
SPT35575	SPT35476	0
SPT35575	SPT35485	0
SPT35575	SPT35499	0
SPT35575	SPT35780	0
SPT35592	SPT35766	0
SPT35592	SPT35500	0
SPT35592	SPT35508	0
SPT35592	SPT35313	0
SPT35592	SPT35328	0
SPT35592	SPT35330	0
SPT35592	SPT35362	0
SPT35592	SPT35430	0
SPT35592	SPT35431	0
SPT35592	SPT35453	0
SPT35592	SPT35317	0
SPT35592	SPT35318	0
SPT35592	SPT35320	0
SPT35592	SPT35321	0
SPT35592	SPT35322	0
SPT35592	SPT35333	0.003
SPT35592	SPT35341	0
SPT35592	SPT35342	0
SPT35592	SPT35346	0
SPT35592	SPT35347	0
SPT35592	SPT35352	0
SPT35592	SPT35361	0
SPT35592	SPT35363	0
SPT35592	SPT35389	0
SPT35592	SPT35425	0.005
SPT35592	SPT35435	0.04
SPT35592	SPT35443	0.016
SPT35592	SPT35447	0
SPT35592	SPT35448	0
SPT35592	SPT35449	0
SPT35592	SPT35458	0
SPT35592	SPT35461	0
SPT35592	SPT35462	0
SPT35592	SPT35463	0
SPT35592	SPT35487	0
SPT35592	SPT35501	0
SPT35592	SPT35510	0.052
SPT35592	SPT35511	0
SPT35592	SPT35514	0
SPT35592	SPT35515	0.005
SPT35592	SPT35516	0.013
SPT35592	SPT35517	0
SPT35592	SPT35518	0
SPT35592	SPT35519	0.003
SPT35592	SPT35520	0
SPT35592	SPT35521	0
SPT35592	SPT35522	0
SPT35592	SPT35523	0.003
SPT35592	SPT35524	0.001
SPT35592	SPT35525	0
SPT35592	SPT35526	0
SPT35592	SPT35529	0
SPT35592	SPT35532	0
SPT35592	SPT35537	0
SPT35592	SPT35538	0
SPT35592	SPT35541	0.006
SPT35592	SPT35543	0.064
SPT35592	SPT35544	0
SPT35592	SPT35546	0
SPT35592	SPT35547	0
SPT35592	SPT35552	0
SPT35592	SPT35553	0.018
SPT35592	SPT35557	0
SPT35592	SPT35561	0.92
SPT35592	SPT35563	0
SPT35592	SPT35567	0
SPT35592	SPT35576	0
SPT35592	SPT35577	0
SPT35592	SPT35580	0.006
SPT35592	SPT35583	0
SPT35592	SPT35584	0
SPT35592	SPT35585	0
SPT35592	SPT35302	0
SPT35592	SPT35303	0
SPT35592	SPT35304	0
SPT35592	SPT35306	0
SPT35592	SPT35308	0
SPT35592	SPT35310	0
SPT35592	SPT35315	0
SPT35592	SPT35325	0
SPT35592	SPT35336	0
SPT35592	SPT35337	0
SPT35592	SPT35338	0
SPT35592	SPT35340	0
SPT35592	SPT35348	0
SPT35592	SPT35349	0
SPT35592	SPT35354	0
SPT35592	SPT35356	0
SPT35592	SPT35357	0
SPT35592	SPT35360	0
SPT35592	SPT35365	0
SPT35592	SPT35366	0
SPT35592	SPT35368	0.004
SPT35592	SPT35369	0
SPT35592	SPT35370	0
SPT35592	SPT35373	0
SPT35592	SPT35377	0
SPT35592	SPT35378	0
SPT35592	SPT35379	0
SPT35592	SPT35382	0
SPT35592	SPT35384	0
SPT35592	SPT35390	0
SPT35592	SPT35407	0
SPT35592	SPT35410	0.005
SPT35592	SPT35414	0
SPT35592	SPT35417	0
SPT35592	SPT35418	0
SPT35592	SPT35419	0
SPT35592	SPT35423	0
SPT35592	SPT35436	0
SPT35592	SPT35444	0
SPT35592	SPT35316	0
SPT35592	SPT35331	0
SPT35592	SPT35339	0
SPT35592	SPT35364	0
SPT35592	SPT35372	0
SPT35592	SPT35405	0
SPT35592	SPT35424	0.008
SPT35592	SPT35427	0.006
SPT35592	SPT35437	0.03
SPT35592	SPT35440	0
SPT35592	SPT35467	0
SPT35592	SPT35468	0
SPT35592	SPT35470	0
SPT35592	SPT35472	0.01
SPT35592	SPT35475	0
SPT35592	SPT35476	0
SPT35592	SPT35485	0
SPT35592	SPT35499	0
SPT35592	SPT35780	0.002
SPT35766	SPT35500	0
SPT35766	SPT35508	0
SPT35766	SPT35313	0
SPT35766	SPT35328	0
SPT35766	SPT35330	0
SPT35766	SPT35362	0.003
SPT35766	SPT35430	0
SPT35766	SPT35431	0.001
SPT35766	SPT35453	0
SPT35766	SPT35317	0.005
SPT35766	SPT35318	0
SPT35766	SPT35320	0.018
SPT35766	SPT35321	0
SPT35766	SPT35322	0
SPT35766	SPT35333	0.003
SPT35766	SPT35341	0
SPT35766	SPT35342	0.014
SPT35766	SPT35346	0
SPT35766	SPT35347	0
SPT35766	SPT35352	0
SPT35766	SPT35361	0.007
SPT35766	SPT35363	0.013
SPT35766	SPT35389	0
SPT35766	SPT35425	0.01
SPT35766	SPT35435	0
SPT35766	SPT35443	0.003
SPT35766	SPT35447	0.005
SPT35766	SPT35448	0
SPT35766	SPT35449	0
SPT35766	SPT35458	0
SPT35766	SPT35461	0
SPT35766	SPT35462	0
SPT35766	SPT35463	0.092
SPT35766	SPT35487	0
SPT35766	SPT35501	0
SPT35766	SPT35510	0
SPT35766	SPT35511	0
SPT35766	SPT35514	0
SPT35766	SPT35515	0
SPT35766	SPT35516	0
SPT35766	SPT35517	0
SPT35766	SPT35518	0.003
SPT35766	SPT35519	0
SPT35766	SPT35520	0.014
SPT35766	SPT35521	0
SPT35766	SPT35522	0
SPT35766	SPT35523	0
SPT35766	SPT35524	0.006
SPT35766	SPT35525	0
SPT35766	SPT35526	0
SPT35766	SPT35529	0
SPT35766	SPT35532	0
SPT35766	SPT35537	0
SPT35766	SPT35538	0
SPT35766	SPT35541	0.011
SPT35766	SPT35543	0.006
SPT35766	SPT35544	0.015
SPT35766	SPT35546	0
SPT35766	SPT35547	0
SPT35766	SPT35552	0
SPT35766	SPT35553	0.007
SPT35766	SPT35557	0.005
SPT35766	SPT35561	0
SPT35766	SPT35563	0
SPT35766	SPT35567	0
SPT35766	SPT35576	0
SPT35766	SPT35577	0
SPT35766	SPT35580	0
SPT35766	SPT35583	0.003
SPT35766	SPT35584	0
SPT35766	SPT35585	0
SPT35766	SPT35302	0
SPT35766	SPT35303	0.007
SPT35766	SPT35304	0.003
SPT35766	SPT35306	0
SPT35766	SPT35308	0.002
SPT35766	SPT35310	0.008
SPT35766	SPT35315	0.018
SPT35766	SPT35325	0.014
SPT35766	SPT35336	0
SPT35766	SPT35337	0.003
SPT35766	SPT35338	0.017
SPT35766	SPT35340	0
SPT35766	SPT35348	0
SPT35766	SPT35349	0.022
SPT35766	SPT35354	0
SPT35766	SPT35356	0
SPT35766	SPT35357	0
SPT35766	SPT35360	0
SPT35766	SPT35365	0
SPT35766	SPT35366	0.009
SPT35766	SPT35368	0.01
SPT35766	SPT35369	0
SPT35766	SPT35370	0
SPT35766	SPT35373	0
SPT35766	SPT35377	0
SPT35766	SPT35378	0
SPT35766	SPT35379	0
SPT35766	SPT35382	0
SPT35766	SPT35384	0
SPT35766	SPT35390	0
SPT35766	SPT35407	0
SPT35766	SPT35410	0
SPT35766	SPT35414	0.006
SPT35766	SPT35417	0.003
SPT35766	SPT35418	0
SPT35766	SPT35419	0
SPT35766	SPT35423	0.027
SPT35766	SPT35436	0.006
SPT35766	SPT35444	0
SPT35766	SPT35316	0
SPT35766	SPT35331	0
SPT35766	SPT35339	0.022
SPT35766	SPT35364	0.004
SPT35766	SPT35372	0
SPT35766	SPT35405	0
SPT35766	SPT35424	0.011
SPT35766	SPT35427	0
SPT35766	SPT35437	0
SPT35766	SPT35440	0.019
SPT35766	SPT35467	0
SPT35766	SPT35468	0
SPT35766	SPT35470	0
SPT35766	SPT35472	0.002
SPT35766	SPT35475	0
SPT35766	SPT35476	0
SPT35766	SPT35485	0
SPT35766	SPT35499	0
SPT35766	SPT35780	0
SPT35500	SPT35508	0
SPT35500	SPT35313	0
SPT35500	SPT35328	0
SPT35500	SPT35330	0
SPT35500	SPT35362	0.005
SPT35500	SPT35430	0
SPT35500	SPT35431	0.018
SPT35500	SPT35453	0
SPT35500	SPT35317	0
SPT35500	SPT35318	0
SPT35500	SPT35320	0
SPT35500	SPT35321	0
SPT35500	SPT35322	0
SPT35500	SPT35333	0
SPT35500	SPT35341	0
SPT35500	SPT35342	0
SPT35500	SPT35346	0
SPT35500	SPT35347	0
SPT35500	SPT35352	0
SPT35500	SPT35361	0
SPT35500	SPT35363	0
SPT35500	SPT35389	0
SPT35500	SPT35425	0
SPT35500	SPT35435	0
SPT35500	SPT35443	0
SPT35500	SPT35447	0
SPT35500	SPT35448	0
SPT35500	SPT35449	0
SPT35500	SPT35458	0
SPT35500	SPT35461	0
SPT35500	SPT35462	0
SPT35500	SPT35463	0
SPT35500	SPT35487	0
SPT35500	SPT35501	0.669
SPT35500	SPT35510	0
SPT35500	SPT35511	0
SPT35500	SPT35514	0
SPT35500	SPT35515	0
SPT35500	SPT35516	0
SPT35500	SPT35517	0
SPT35500	SPT35518	0
SPT35500	SPT35519	0
SPT35500	SPT35520	0.002
SPT35500	SPT35521	0
SPT35500	SPT35522	0
SPT35500	SPT35523	0
SPT35500	SPT35524	0
SPT35500	SPT35525	0
SPT35500	SPT35526	0
SPT35500	SPT35529	0
SPT35500	SPT35532	0
SPT35500	SPT35537	0
SPT35500	SPT35538	0
SPT35500	SPT35541	0.003
SPT35500	SPT35543	0.003
SPT35500	SPT35544	0
SPT35500	SPT35546	0
SPT35500	SPT35547	0
SPT35500	SPT35552	0
SPT35500	SPT35553	0.005
SPT35500	SPT35557	0.011
SPT35500	SPT35561	0
SPT35500	SPT35563	0
SPT35500	SPT35567	0
SPT35500	SPT35576	0
SPT35500	SPT35577	0
SPT35500	SPT35580	0.002
SPT35500	SPT35583	0
SPT35500	SPT35584	0
SPT35500	SPT35585	0
SPT35500	SPT35302	0
SPT35500	SPT35303	0
SPT35500	SPT35304	0
SPT35500	SPT35306	0
SPT35500	SPT35308	0
SPT35500	SPT35310	0
SPT35500	SPT35315	0
SPT35500	SPT35325	0
SPT35500	SPT35336	0
SPT35500	SPT35337	0
SPT35500	SPT35338	0
SPT35500	SPT35340	0
SPT35500	SPT35348	0
SPT35500	SPT35349	0
SPT35500	SPT35354	0
SPT35500	SPT35356	0
SPT35500	SPT35357	0
SPT35500	SPT35360	0
SPT35500	SPT35365	0
SPT35500	SPT35366	0
SPT35500	SPT35368	0.003
SPT35500	SPT35369	0
SPT35500	SPT35370	0
SPT35500	SPT35373	0
SPT35500	SPT35377	0
SPT35500	SPT35378	0
SPT35500	SPT35379	0
SPT35500	SPT35382	0
SPT35500	SPT35384	0
SPT35500	SPT35390	0
SPT35500	SPT35407	0
SPT35500	SPT35410	0
SPT35500	SPT35414	0
SPT35500	SPT35417	0
SPT35500	SPT35418	0
SPT35500	SPT35419	0
SPT35500	SPT35423	0
SPT35500	SPT35436	0
SPT35500	SPT35444	0
SPT35500	SPT35316	0
SPT35500	SPT35331	0
SPT35500	SPT35339	0
SPT35500	SPT35364	0
SPT35500	SPT35372	0
SPT35500	SPT35405	0
SPT35500	SPT35424	0.003
SPT35500	SPT35427	0
SPT35500	SPT35437	0
SPT35500	SPT35440	0
SPT35500	SPT35467	0
SPT35500	SPT35468	0
SPT35500	SPT35470	0
SPT35500	SPT35472	0.004
SPT35500	SPT35475	0
SPT35500	SPT35476	0
SPT35500	SPT35485	0
SPT35500	SPT35499	0.912
SPT35500	SPT35780	0.002
SPT35508	SPT35313	0
SPT35508	SPT35328	0
SPT35508	SPT35330	0
SPT35508	SPT35362	0
SPT35508	SPT35430	0.004
SPT35508	SPT35431	0
SPT35508	SPT35453	0
SPT35508	SPT35317	0
SPT35508	SPT35318	0
SPT35508	SPT35320	0
SPT35508	SPT35321	0
SPT35508	SPT35322	0
SPT35508	SPT35333	0.013
SPT35508	SPT35341	0.018
SPT35508	SPT35342	0
SPT35508	SPT35346	0
SPT35508	SPT35347	0.036
SPT35508	SPT35352	0
SPT35508	SPT35361	0
SPT35508	SPT35363	0
SPT35508	SPT35389	0
SPT35508	SPT35425	0.006
SPT35508	SPT35435	0
SPT35508	SPT35443	0
SPT35508	SPT35447	0
SPT35508	SPT35448	0
SPT35508	SPT35449	0
SPT35508	SPT35458	0
SPT35508	SPT35461	0
SPT35508	SPT35462	0.47
SPT35508	SPT35463	0
SPT35508	SPT35487	0
SPT35508	SPT35501	0
SPT35508	SPT35510	0
SPT35508	SPT35511	0
SPT35508	SPT35514	0
SPT35508	SPT35515	0
SPT35508	SPT35516	0
SPT35508	SPT35517	0
SPT35508	SPT35518	0
SPT35508	SPT35519	0
SPT35508	SPT35520	0
SPT35508	SPT35521	0
SPT35508	SPT35522	0.387
SPT35508	SPT35523	0
SPT35508	SPT35524	0
SPT35508	SPT35525	0
SPT35508	SPT35526	0
SPT35508	SPT35529	0
SPT35508	SPT35532	0
SPT35508	SPT35537	0
SPT35508	SPT35538	0
SPT35508	SPT35541	0
SPT35508	SPT35543	0
SPT35508	SPT35544	0.001
SPT35508	SPT35546	0
SPT35508	SPT35547	0
SPT35508	SPT35552	0
SPT35508	SPT35553	0
SPT35508	SPT35557	0.005
SPT35508	SPT35561	0
SPT35508	SPT35563	0
SPT35508	SPT35567	0
SPT35508	SPT35576	0.109
SPT35508	SPT35577	0
SPT35508	SPT35580	0
SPT35508	SPT35583	0
SPT35508	SPT35584	0
SPT35508	SPT35585	0.422
SPT35508	SPT35302	0.287
SPT35508	SPT35303	0
SPT35508	SPT35304	0
SPT35508	SPT35306	0
SPT35508	SPT35308	0
SPT35508	SPT35310	0
SPT35508	SPT35315	0
SPT35508	SPT35325	0.003
SPT35508	SPT35336	0
SPT35508	SPT35337	0.005
SPT35508	SPT35338	0
SPT35508	SPT35340	0
SPT35508	SPT35348	0
SPT35508	SPT35349	0
SPT35508	SPT35354	0
SPT35508	SPT35356	0
SPT35508	SPT35357	0
SPT35508	SPT35360	0.035
SPT35508	SPT35365	0.005
SPT35508	SPT35366	0
SPT35508	SPT35368	0
SPT35508	SPT35369	0
SPT35508	SPT35370	0
SPT35508	SPT35373	0
SPT35508	SPT35377	0
SPT35508	SPT35378	0
SPT35508	SPT35379	0
SPT35508	SPT35382	0
SPT35508	SPT35384	0
SPT35508	SPT35390	0.014
SPT35508	SPT35407	0.306
SPT35508	SPT35410	0
SPT35508	SPT35414	0
SPT35508	SPT35417	0
SPT35508	SPT35418	0
SPT35508	SPT35419	0.138
SPT35508	SPT35423	0
SPT35508	SPT35436	0
SPT35508	SPT35444	0
SPT35508	SPT35316	0
SPT35508	SPT35331	0
SPT35508	SPT35339	0
SPT35508	SPT35364	0
SPT35508	SPT35372	0.037
SPT35508	SPT35405	0.259
SPT35508	SPT35424	0
SPT35508	SPT35427	0
SPT35508	SPT35437	0
SPT35508	SPT35440	0
SPT35508	SPT35467	0
SPT35508	SPT35468	0
SPT35508	SPT35470	0.834
SPT35508	SPT35472	0
SPT35508	SPT35475	0
SPT35508	SPT35476	0
SPT35508	SPT35485	0
SPT35508	SPT35499	0
SPT35508	SPT35780	0
SPT35313	SPT35328	0.036
SPT35313	SPT35330	0.987
SPT35313	SPT35362	0
SPT35313	SPT35430	0
SPT35313	SPT35431	0
SPT35313	SPT35453	0
SPT35313	SPT35317	0
SPT35313	SPT35318	0
SPT35313	SPT35320	0
SPT35313	SPT35321	0.35
SPT35313	SPT35322	0.056
SPT35313	SPT35333	0
SPT35313	SPT35341	0
SPT35313	SPT35342	0.01
SPT35313	SPT35346	0.249
SPT35313	SPT35347	0
SPT35313	SPT35352	0
SPT35313	SPT35361	0
SPT35313	SPT35363	0
SPT35313	SPT35389	0
SPT35313	SPT35425	0
SPT35313	SPT35435	0
SPT35313	SPT35443	0
SPT35313	SPT35447	0
SPT35313	SPT35448	0
SPT35313	SPT35449	0
SPT35313	SPT35458	0
SPT35313	SPT35461	0
SPT35313	SPT35462	0
SPT35313	SPT35463	0
SPT35313	SPT35487	0
SPT35313	SPT35501	0
SPT35313	SPT35510	0
SPT35313	SPT35511	0
SPT35313	SPT35514	0
SPT35313	SPT35515	0
SPT35313	SPT35516	0
SPT35313	SPT35517	0
SPT35313	SPT35518	0
SPT35313	SPT35519	0
SPT35313	SPT35520	0
SPT35313	SPT35521	0
SPT35313	SPT35522	0
SPT35313	SPT35523	0
SPT35313	SPT35524	0
SPT35313	SPT35525	0
SPT35313	SPT35526	0
SPT35313	SPT35529	0
SPT35313	SPT35532	0
SPT35313	SPT35537	0
SPT35313	SPT35538	0
SPT35313	SPT35541	0
SPT35313	SPT35543	0
SPT35313	SPT35544	0
SPT35313	SPT35546	0
SPT35313	SPT35547	0
SPT35313	SPT35552	0.011
SPT35313	SPT35553	0
SPT35313	SPT35557	0
SPT35313	SPT35561	0
SPT35313	SPT35563	0
SPT35313	SPT35567	0
SPT35313	SPT35576	0
SPT35313	SPT35577	0
SPT35313	SPT35580	0
SPT35313	SPT35583	0
SPT35313	SPT35584	0
SPT35313	SPT35585	0
SPT35313	SPT35302	0
SPT35313	SPT35303	0
SPT35313	SPT35304	0
SPT35313	SPT35306	0
SPT35313	SPT35308	0
SPT35313	SPT35310	0
SPT35313	SPT35315	0
SPT35313	SPT35325	0
SPT35313	SPT35336	0
SPT35313	SPT35337	0
SPT35313	SPT35338	0
SPT35313	SPT35340	0
SPT35313	SPT35348	0
SPT35313	SPT35349	0
SPT35313	SPT35354	0
SPT35313	SPT35356	0
SPT35313	SPT35357	0.058
SPT35313	SPT35360	0
SPT35313	SPT35365	0.003
SPT35313	SPT35366	0
SPT35313	SPT35368	0.009
SPT35313	SPT35369	0.006
SPT35313	SPT35370	0
SPT35313	SPT35373	0.006
SPT35313	SPT35377	0
SPT35313	SPT35378	0
SPT35313	SPT35379	0.002
SPT35313	SPT35382	0
SPT35313	SPT35384	0
SPT35313	SPT35390	0.018
SPT35313	SPT35407	0
SPT35313	SPT35410	0
SPT35313	SPT35414	0
SPT35313	SPT35417	0
SPT35313	SPT35418	0.049
SPT35313	SPT35419	0
SPT35313	SPT35423	0
SPT35313	SPT35436	0
SPT35313	SPT35444	0
SPT35313	SPT35316	0.022
SPT35313	SPT35331	0
SPT35313	SPT35339	0
SPT35313	SPT35364	0
SPT35313	SPT35372	0
SPT35313	SPT35405	0
SPT35313	SPT35424	0
SPT35313	SPT35427	0
SPT35313	SPT35437	0
SPT35313	SPT35440	0
SPT35313	SPT35467	0
SPT35313	SPT35468	0
SPT35313	SPT35470	0
SPT35313	SPT35472	0
SPT35313	SPT35475	0
SPT35313	SPT35476	0
SPT35313	SPT35485	0
SPT35313	SPT35499	0
SPT35313	SPT35780	0
SPT35328	SPT35330	0.036
SPT35328	SPT35362	0
SPT35328	SPT35430	0
SPT35328	SPT35431	0.005
SPT35328	SPT35453	0
SPT35328	SPT35317	0.016
SPT35328	SPT35318	0
SPT35328	SPT35320	0
SPT35328	SPT35321	0
SPT35328	SPT35322	0.021
SPT35328	SPT35333	0.004
SPT35328	SPT35341	0
SPT35328	SPT35342	0.007
SPT35328	SPT35346	0
SPT35328	SPT35347	0.017
SPT35328	SPT35352	0
SPT35328	SPT35361	0.067
SPT35328	SPT35363	0
SPT35328	SPT35389	0
SPT35328	SPT35425	0
SPT35328	SPT35435	0
SPT35328	SPT35443	0.018
SPT35328	SPT35447	0.012
SPT35328	SPT35448	0
SPT35328	SPT35449	0
SPT35328	SPT35458	0
SPT35328	SPT35461	0
SPT35328	SPT35462	0
SPT35328	SPT35463	0
SPT35328	SPT35487	0
SPT35328	SPT35501	0
SPT35328	SPT35510	0.007
SPT35328	SPT35511	0
SPT35328	SPT35514	0
SPT35328	SPT35515	0
SPT35328	SPT35516	0
SPT35328	SPT35517	0
SPT35328	SPT35518	0.007
SPT35328	SPT35519	0.009
SPT35328	SPT35520	0.009
SPT35328	SPT35521	0
SPT35328	SPT35522	0
SPT35328	SPT35523	0
SPT35328	SPT35524	0
SPT35328	SPT35525	0
SPT35328	SPT35526	0
SPT35328	SPT35529	0
SPT35328	SPT35532	0
SPT35328	SPT35537	0
SPT35328	SPT35538	0
SPT35328	SPT35541	0
SPT35328	SPT35543	0
SPT35328	SPT35544	0
SPT35328	SPT35546	0
SPT35328	SPT35547	0
SPT35328	SPT35552	0.008
SPT35328	SPT35553	0.006
SPT35328	SPT35557	0.01
SPT35328	SPT35561	0
SPT35328	SPT35563	0.006
SPT35328	SPT35567	0.005
SPT35328	SPT35576	0
SPT35328	SPT35577	0
SPT35328	SPT35580	0.004
SPT35328	SPT35583	0
SPT35328	SPT35584	0
SPT35328	SPT35585	0
SPT35328	SPT35302	0
SPT35328	SPT35303	0
SPT35328	SPT35304	0
SPT35328	SPT35306	0.021
SPT35328	SPT35308	0
SPT35328	SPT35310	0.049
SPT35328	SPT35315	0
SPT35328	SPT35325	0
SPT35328	SPT35336	0.023
SPT35328	SPT35337	0
SPT35328	SPT35338	0.009
SPT35328	SPT35340	0
SPT35328	SPT35348	0
SPT35328	SPT35349	0.002
SPT35328	SPT35354	0
SPT35328	SPT35356	0
SPT35328	SPT35357	0.03
SPT35328	SPT35360	0.017
SPT35328	SPT35365	0.025
SPT35328	SPT35366	0
SPT35328	SPT35368	0.005
SPT35328	SPT35369	0
SPT35328	SPT35370	0
SPT35328	SPT35373	0.053
SPT35328	SPT35377	0
SPT35328	SPT35378	0.041
SPT35328	SPT35379	0.066
SPT35328	SPT35382	0
SPT35328	SPT35384	0.021
SPT35328	SPT35390	0.035
SPT35328	SPT35407	0
SPT35328	SPT35410	0.018
SPT35328	SPT35414	0
SPT35328	SPT35417	0
SPT35328	SPT35418	0.012
SPT35328	SPT35419	0
SPT35328	SPT35423	0
SPT35328	SPT35436	0
SPT35328	SPT35444	0.005
SPT35328	SPT35316	0
SPT35328	SPT35331	0.07
SPT35328	SPT35339	0
SPT35328	SPT35364	0.014
SPT35328	SPT35372	0.013
SPT35328	SPT35405	0
SPT35328	SPT35424	0.002
SPT35328	SPT35427	0
SPT35328	SPT35437	0
SPT35328	SPT35440	0.001
SPT35328	SPT35467	0
SPT35328	SPT35468	0
SPT35328	SPT35470	0
SPT35328	SPT35472	0.011
SPT35328	SPT35475	0
SPT35328	SPT35476	0
SPT35328	SPT35485	0
SPT35328	SPT35499	0
SPT35328	SPT35780	0
SPT35330	SPT35362	0.001
SPT35330	SPT35430	0
SPT35330	SPT35431	0
SPT35330	SPT35453	0
SPT35330	SPT35317	0
SPT35330	SPT35318	0
SPT35330	SPT35320	0
SPT35330	SPT35321	0.348
SPT35330	SPT35322	0.044
SPT35330	SPT35333	0
SPT35330	SPT35341	0
SPT35330	SPT35342	0.007
SPT35330	SPT35346	0.233
SPT35330	SPT35347	0
SPT35330	SPT35352	0
SPT35330	SPT35361	0
SPT35330	SPT35363	0
SPT35330	SPT35389	0
SPT35330	SPT35425	0
SPT35330	SPT35435	0
SPT35330	SPT35443	0
SPT35330	SPT35447	0
SPT35330	SPT35448	0
SPT35330	SPT35449	0
SPT35330	SPT35458	0
SPT35330	SPT35461	0
SPT35330	SPT35462	0
SPT35330	SPT35463	0
SPT35330	SPT35487	0
SPT35330	SPT35501	0
SPT35330	SPT35510	0
SPT35330	SPT35511	0
SPT35330	SPT35514	0
SPT35330	SPT35515	0
SPT35330	SPT35516	0
SPT35330	SPT35517	0
SPT35330	SPT35518	0
SPT35330	SPT35519	0
SPT35330	SPT35520	0
SPT35330	SPT35521	0
SPT35330	SPT35522	0
SPT35330	SPT35523	0
SPT35330	SPT35524	0
SPT35330	SPT35525	0
SPT35330	SPT35526	0
SPT35330	SPT35529	0
SPT35330	SPT35532	0
SPT35330	SPT35537	0
SPT35330	SPT35538	0
SPT35330	SPT35541	0
SPT35330	SPT35543	0
SPT35330	SPT35544	0
SPT35330	SPT35546	0
SPT35330	SPT35547	0
SPT35330	SPT35552	0.009
SPT35330	SPT35553	0
SPT35330	SPT35557	0
SPT35330	SPT35561	0
SPT35330	SPT35563	0
SPT35330	SPT35567	0
SPT35330	SPT35576	0
SPT35330	SPT35577	0
SPT35330	SPT35580	0
SPT35330	SPT35583	0
SPT35330	SPT35584	0
SPT35330	SPT35585	0.002
SPT35330	SPT35302	0
SPT35330	SPT35303	0
SPT35330	SPT35304	0
SPT35330	SPT35306	0
SPT35330	SPT35308	0
SPT35330	SPT35310	0
SPT35330	SPT35315	0
SPT35330	SPT35325	0
SPT35330	SPT35336	0
SPT35330	SPT35337	0
SPT35330	SPT35338	0
SPT35330	SPT35340	0
SPT35330	SPT35348	0
SPT35330	SPT35349	0
SPT35330	SPT35354	0
SPT35330	SPT35356	0
SPT35330	SPT35357	0.048
SPT35330	SPT35360	0
SPT35330	SPT35365	0
SPT35330	SPT35366	0
SPT35330	SPT35368	0.016
SPT35330	SPT35369	0
SPT35330	SPT35370	0
SPT35330	SPT35373	0
SPT35330	SPT35377	0
SPT35330	SPT35378	0
SPT35330	SPT35379	0.026
SPT35330	SPT35382	0
SPT35330	SPT35384	0
SPT35330	SPT35390	0.003
SPT35330	SPT35407	0
SPT35330	SPT35410	0
SPT35330	SPT35414	0
SPT35330	SPT35417	0
SPT35330	SPT35418	0.059
SPT35330	SPT35419	0
SPT35330	SPT35423	0
SPT35330	SPT35436	0
SPT35330	SPT35444	0
SPT35330	SPT35316	0.024
SPT35330	SPT35331	0.021
SPT35330	SPT35339	0
SPT35330	SPT35364	0
SPT35330	SPT35372	0
SPT35330	SPT35405	0
SPT35330	SPT35424	0
SPT35330	SPT35427	0
SPT35330	SPT35437	0
SPT35330	SPT35440	0
SPT35330	SPT35467	0
SPT35330	SPT35468	0
SPT35330	SPT35470	0
SPT35330	SPT35472	0
SPT35330	SPT35475	0
SPT35330	SPT35476	0
SPT35330	SPT35485	0
SPT35330	SPT35499	0
SPT35330	SPT35780	0
SPT35362	SPT35430	0
SPT35362	SPT35431	0
SPT35362	SPT35453	0
SPT35362	SPT35317	0
SPT35362	SPT35318	0.004
SPT35362	SPT35320	0.024
SPT35362	SPT35321	0
SPT35362	SPT35322	0.017
SPT35362	SPT35333	0.006
SPT35362	SPT35341	0.001
SPT35362	SPT35342	0.004
SPT35362	SPT35346	0.038
SPT35362	SPT35347	0
SPT35362	SPT35352	0.003
SPT35362	SPT35361	0
SPT35362	SPT35363	0.004
SPT35362	SPT35389	0
SPT35362	SPT35425	0.001
SPT35362	SPT35435	0
SPT35362	SPT35443	0
SPT35362	SPT35447	0.002
SPT35362	SPT35448	0
SPT35362	SPT35449	0
SPT35362	SPT35458	0.007
SPT35362	SPT35461	0
SPT35362	SPT35462	0
SPT35362	SPT35463	0.009
SPT35362	SPT35487	0
SPT35362	SPT35501	0.007
SPT35362	SPT35510	0
SPT35362	SPT35511	0
SPT35362	SPT35514	0
SPT35362	SPT35515	0
SPT35362	SPT35516	0
SPT35362	SPT35517	0
SPT35362	SPT35518	0.005
SPT35362	SPT35519	0.001
SPT35362	SPT35520	0.001
SPT35362	SPT35521	0
SPT35362	SPT35522	0
SPT35362	SPT35523	0
SPT35362	SPT35524	0.001
SPT35362	SPT35525	0
SPT35362	SPT35526	0
SPT35362	SPT35529	0
SPT35362	SPT35532	0
SPT35362	SPT35537	0
SPT35362	SPT35538	0.001
SPT35362	SPT35541	0.003
SPT35362	SPT35543	0.004
SPT35362	SPT35544	0
SPT35362	SPT35546	0
SPT35362	SPT35547	0
SPT35362	SPT35552	0.004
SPT35362	SPT35553	0
SPT35362	SPT35557	0
SPT35362	SPT35561	0
SPT35362	SPT35563	0
SPT35362	SPT35567	0
SPT35362	SPT35576	0
SPT35362	SPT35577	0.003
SPT35362	SPT35580	0.035
SPT35362	SPT35583	0.004
SPT35362	SPT35584	0
SPT35362	SPT35585	0
SPT35362	SPT35302	0
SPT35362	SPT35303	0.006
SPT35362	SPT35304	0
SPT35362	SPT35306	0
SPT35362	SPT35308	0
SPT35362	SPT35310	0
SPT35362	SPT35315	0.01
SPT35362	SPT35325	0
SPT35362	SPT35336	0
SPT35362	SPT35337	0
SPT35362	SPT35338	0.004
SPT35362	SPT35340	0
SPT35362	SPT35348	0.021
SPT35362	SPT35349	0
SPT35362	SPT35354	0
SPT35362	SPT35356	0
SPT35362	SPT35357	0.018
SPT35362	SPT35360	0
SPT35362	SPT35365	0.018
SPT35362	SPT35366	0
SPT35362	SPT35368	0.054
SPT35362	SPT35369	0
SPT35362	SPT35370	0
SPT35362	SPT35373	0.089
SPT35362	SPT35377	0
SPT35362	SPT35378	0
SPT35362	SPT35379	0
SPT35362	SPT35382	0
SPT35362	SPT35384	0
SPT35362	SPT35390	0.006
SPT35362	SPT35407	0
SPT35362	SPT35410	0.026
SPT35362	SPT35414	0.018
SPT35362	SPT35417	0.024
SPT35362	SPT35418	0.036
SPT35362	SPT35419	0
SPT35362	SPT35423	0.014
SPT35362	SPT35436	0
SPT35362	SPT35444	0.009
SPT35362	SPT35316	0
SPT35362	SPT35331	0
SPT35362	SPT35339	0
SPT35362	SPT35364	0.01
SPT35362	SPT35372	0
SPT35362	SPT35405	0
SPT35362	SPT35424	0.001
SPT35362	SPT35427	0.018
SPT35362	SPT35437	0
SPT35362	SPT35440	0
SPT35362	SPT35467	0
SPT35362	SPT35468	0
SPT35362	SPT35470	0
SPT35362	SPT35472	0.009
SPT35362	SPT35475	0
SPT35362	SPT35476	0
SPT35362	SPT35485	0
SPT35362	SPT35499	0.006
SPT35362	SPT35780	0
SPT35430	SPT35431	0.001
SPT35430	SPT35453	0.029
SPT35430	SPT35317	0
SPT35430	SPT35318	0
SPT35430	SPT35320	0.004
SPT35430	SPT35321	0
SPT35430	SPT35322	0.002
SPT35430	SPT35333	0.003
SPT35430	SPT35341	0
SPT35430	SPT35342	0.009
SPT35430	SPT35346	0
SPT35430	SPT35347	0
SPT35430	SPT35352	0
SPT35430	SPT35361	0
SPT35430	SPT35363	0.014
SPT35430	SPT35389	0
SPT35430	SPT35425	0.007
SPT35430	SPT35435	0
SPT35430	SPT35443	0.003
SPT35430	SPT35447	0
SPT35430	SPT35448	0
SPT35430	SPT35449	0
SPT35430	SPT35458	0.003
SPT35430	SPT35461	0.016
SPT35430	SPT35462	0
SPT35430	SPT35463	0.007
SPT35430	SPT35487	0
SPT35430	SPT35501	0.014
SPT35430	SPT35510	0.012
SPT35430	SPT35511	0
SPT35430	SPT35514	0
SPT35430	SPT35515	0
SPT35430	SPT35516	0
SPT35430	SPT35517	0
SPT35430	SPT35518	0.021
SPT35430	SPT35519	0
SPT35430	SPT35520	0.002
SPT35430	SPT35521	0.014
SPT35430	SPT35522	0.004
SPT35430	SPT35523	0
SPT35430	SPT35524	0.007
SPT35430	SPT35525	0
SPT35430	SPT35526	0
SPT35430	SPT35529	0
SPT35430	SPT35532	0
SPT35430	SPT35537	0
SPT35430	SPT35538	0
SPT35430	SPT35541	0.005
SPT35430	SPT35543	0.004
SPT35430	SPT35544	0.023
SPT35430	SPT35546	0
SPT35430	SPT35547	0
SPT35430	SPT35552	0.012
SPT35430	SPT35553	0
SPT35430	SPT35557	0.011
SPT35430	SPT35561	0
SPT35430	SPT35563	0.002
SPT35430	SPT35567	0.001
SPT35430	SPT35576	0
SPT35430	SPT35577	0.007
SPT35430	SPT35580	0.009
SPT35430	SPT35583	0.015
SPT35430	SPT35584	0
SPT35430	SPT35585	0
SPT35430	SPT35302	0
SPT35430	SPT35303	0.003
SPT35430	SPT35304	0
SPT35430	SPT35306	0
SPT35430	SPT35308	0
SPT35430	SPT35310	0
SPT35430	SPT35315	0
SPT35430	SPT35325	0.017
SPT35430	SPT35336	0.004
SPT35430	SPT35337	0.001
SPT35430	SPT35338	0
SPT35430	SPT35340	0
SPT35430	SPT35348	0.003
SPT35430	SPT35349	0.013
SPT35430	SPT35354	0
SPT35430	SPT35356	0.016
SPT35430	SPT35357	0
SPT35430	SPT35360	0.004
SPT35430	SPT35365	0.003
SPT35430	SPT35366	0
SPT35430	SPT35368	0
SPT35430	SPT35369	0
SPT35430	SPT35370	0
SPT35430	SPT35373	0.008
SPT35430	SPT35377	0
SPT35430	SPT35378	0
SPT35430	SPT35379	0
SPT35430	SPT35382	0
SPT35430	SPT35384	0.003
SPT35430	SPT35390	0
SPT35430	SPT35407	0
SPT35430	SPT35410	0.007
SPT35430	SPT35414	0
SPT35430	SPT35417	0
SPT35430	SPT35418	0
SPT35430	SPT35419	0
SPT35430	SPT35423	0.011
SPT35430	SPT35436	0.016
SPT35430	SPT35444	0
SPT35430	SPT35316	0
SPT35430	SPT35331	0
SPT35430	SPT35339	0.002
SPT35430	SPT35364	0
SPT35430	SPT35372	0.006
SPT35430	SPT35405	0
SPT35430	SPT35424	0.006
SPT35430	SPT35427	0
SPT35430	SPT35437	0
SPT35430	SPT35440	0.004
SPT35430	SPT35467	0
SPT35430	SPT35468	0
SPT35430	SPT35470	0
SPT35430	SPT35472	0.003
SPT35430	SPT35475	0
SPT35430	SPT35476	0
SPT35430	SPT35485	0.012
SPT35430	SPT35499	0
SPT35430	SPT35780	0.005
SPT35431	SPT35453	0.005
SPT35431	SPT35317	0
SPT35431	SPT35318	0
SPT35431	SPT35320	0.008
SPT35431	SPT35321	0
SPT35431	SPT35322	0
SPT35431	SPT35333	0.015
SPT35431	SPT35341	0
SPT35431	SPT35342	0
SPT35431	SPT35346	0
SPT35431	SPT35347	0
SPT35431	SPT35352	0
SPT35431	SPT35361	0
SPT35431	SPT35363	0
SPT35431	SPT35389	0
SPT35431	SPT35425	0.034
SPT35431	SPT35435	0
SPT35431	SPT35443	0.006
SPT35431	SPT35447	0
SPT35431	SPT35448	0
SPT35431	SPT35449	0
SPT35431	SPT35458	0.018
SPT35431	SPT35461	0.001
SPT35431	SPT35462	0
SPT35431	SPT35463	0.004
SPT35431	SPT35487	0
SPT35431	SPT35501	0
SPT35431	SPT35510	0.013
SPT35431	SPT35511	0
SPT35431	SPT35514	0
SPT35431	SPT35515	0
SPT35431	SPT35516	0
SPT35431	SPT35517	0
SPT35431	SPT35518	0.009
SPT35431	SPT35519	0.025
SPT35431	SPT35520	0.006
SPT35431	SPT35521	0
SPT35431	SPT35522	0
SPT35431	SPT35523	0
SPT35431	SPT35524	0.01
SPT35431	SPT35525	0
SPT35431	SPT35526	0
SPT35431	SPT35529	0
SPT35431	SPT35532	0
SPT35431	SPT35537	0.003
SPT35431	SPT35538	0.012
SPT35431	SPT35541	0.004
SPT35431	SPT35543	0
SPT35431	SPT35544	0
SPT35431	SPT35546	0.022
SPT35431	SPT35547	0.019
SPT35431	SPT35552	0
SPT35431	SPT35553	0.001
SPT35431	SPT35557	0.004
SPT35431	SPT35561	0.002
SPT35431	SPT35563	0.001
SPT35431	SPT35567	0.002
SPT35431	SPT35576	0
SPT35431	SPT35577	0.006
SPT35431	SPT35580	0
SPT35431	SPT35583	0.004
SPT35431	SPT35584	0.02
SPT35431	SPT35585	0
SPT35431	SPT35302	0
SPT35431	SPT35303	0
SPT35431	SPT35304	0
SPT35431	SPT35306	0
SPT35431	SPT35308	0
SPT35431	SPT35310	0
SPT35431	SPT35315	0.003
SPT35431	SPT35325	0
SPT35431	SPT35336	0
SPT35431	SPT35337	0
SPT35431	SPT35338	0
SPT35431	SPT35340	0
SPT35431	SPT35348	0
SPT35431	SPT35349	0.007
SPT35431	SPT35354	0
SPT35431	SPT35356	0
SPT35431	SPT35357	0
SPT35431	SPT35360	0
SPT35431	SPT35365	0
SPT35431	SPT35366	0
SPT35431	SPT35368	0.004
SPT35431	SPT35369	0
SPT35431	SPT35370	0
SPT35431	SPT35373	0.012
SPT35431	SPT35377	0
SPT35431	SPT35378	0.011
SPT35431	SPT35379	0
SPT35431	SPT35382	0
SPT35431	SPT35384	0
SPT35431	SPT35390	0
SPT35431	SPT35407	0
SPT35431	SPT35410	0.003
SPT35431	SPT35414	0.005
SPT35431	SPT35417	0.005
SPT35431	SPT35418	0
SPT35431	SPT35419	0
SPT35431	SPT35423	0.001
SPT35431	SPT35436	0
SPT35431	SPT35444	0
SPT35431	SPT35316	0
SPT35431	SPT35331	0
SPT35431	SPT35339	0.011
SPT35431	SPT35364	0
SPT35431	SPT35372	0
SPT35431	SPT35405	0
SPT35431	SPT35424	0.005
SPT35431	SPT35427	0.013
SPT35431	SPT35437	0.009
SPT35431	SPT35440	0
SPT35431	SPT35467	0
SPT35431	SPT35468	0
SPT35431	SPT35470	0
SPT35431	SPT35472	0.013
SPT35431	SPT35475	0
SPT35431	SPT35476	0
SPT35431	SPT35485	0.002
SPT35431	SPT35499	0
SPT35431	SPT35780	0.005
SPT35453	SPT35317	0
SPT35453	SPT35318	0
SPT35453	SPT35320	0
SPT35453	SPT35321	0
SPT35453	SPT35322	0
SPT35453	SPT35333	0
SPT35453	SPT35341	0
SPT35453	SPT35342	0
SPT35453	SPT35346	0
SPT35453	SPT35347	0
SPT35453	SPT35352	0
SPT35453	SPT35361	0.002
SPT35453	SPT35363	0.026
SPT35453	SPT35389	0
SPT35453	SPT35425	0.004
SPT35453	SPT35435	0
SPT35453	SPT35443	0.009
SPT35453	SPT35447	0
SPT35453	SPT35448	0
SPT35453	SPT35449	0
SPT35453	SPT35458	0
SPT35453	SPT35461	0
SPT35453	SPT35462	0
SPT35453	SPT35463	0.017
SPT35453	SPT35487	0
SPT35453	SPT35501	0.005
SPT35453	SPT35510	0.013
SPT35453	SPT35511	0
SPT35453	SPT35514	0
SPT35453	SPT35515	0
SPT35453	SPT35516	0
SPT35453	SPT35517	0
SPT35453	SPT35518	0
SPT35453	SPT35519	0
SPT35453	SPT35520	0.005
SPT35453	SPT35521	0
SPT35453	SPT35522	0.006
SPT35453	SPT35523	0
SPT35453	SPT35524	0.004
SPT35453	SPT35525	0
SPT35453	SPT35526	0
SPT35453	SPT35529	0
SPT35453	SPT35532	0
SPT35453	SPT35537	0
SPT35453	SPT35538	0
SPT35453	SPT35541	0.005
SPT35453	SPT35543	0
SPT35453	SPT35544	0.014
SPT35453	SPT35546	0
SPT35453	SPT35547	0
SPT35453	SPT35552	0.007
SPT35453	SPT35553	0
SPT35453	SPT35557	0.005
SPT35453	SPT35561	0
SPT35453	SPT35563	0.013
SPT35453	SPT35567	0.011
SPT35453	SPT35576	0
SPT35453	SPT35577	0
SPT35453	SPT35580	0.018
SPT35453	SPT35583	0.011
SPT35453	SPT35584	0
SPT35453	SPT35585	0
SPT35453	SPT35302	0
SPT35453	SPT35303	0
SPT35453	SPT35304	0
SPT35453	SPT35306	0.004
SPT35453	SPT35308	0
SPT35453	SPT35310	0.005
SPT35453	SPT35315	0
SPT35453	SPT35325	0.001
SPT35453	SPT35336	0
SPT35453	SPT35337	0
SPT35453	SPT35338	0
SPT35453	SPT35340	0
SPT35453	SPT35348	0.042
SPT35453	SPT35349	0.009
SPT35453	SPT35354	0
SPT35453	SPT35356	0
SPT35453	SPT35357	0
SPT35453	SPT35360	0
SPT35453	SPT35365	0.003
SPT35453	SPT35366	0
SPT35453	SPT35368	0
SPT35453	SPT35369	0
SPT35453	SPT35370	0
SPT35453	SPT35373	0.04
SPT35453	SPT35377	0
SPT35453	SPT35378	0.013
SPT35453	SPT35379	0
SPT35453	SPT35382	0
SPT35453	SPT35384	0
SPT35453	SPT35390	0
SPT35453	SPT35407	0
SPT35453	SPT35410	0.009
SPT35453	SPT35414	0
SPT35453	SPT35417	0
SPT35453	SPT35418	0
SPT35453	SPT35419	0
SPT35453	SPT35423	0.006
SPT35453	SPT35436	0.031
SPT35453	SPT35444	0.003
SPT35453	SPT35316	0
SPT35453	SPT35331	0
SPT35453	SPT35339	0
SPT35453	SPT35364	0
SPT35453	SPT35372	0
SPT35453	SPT35405	0
SPT35453	SPT35424	0
SPT35453	SPT35427	0
SPT35453	SPT35437	0
SPT35453	SPT35440	0.019
SPT35453	SPT35467	0
SPT35453	SPT35468	0
SPT35453	SPT35470	0
SPT35453	SPT35472	0.017
SPT35453	SPT35475	0
SPT35453	SPT35476	0
SPT35453	SPT35485	0
SPT35453	SPT35499	0.001
SPT35453	SPT35780	0.021
SPT35317	SPT35318	0
SPT35317	SPT35320	0
SPT35317	SPT35321	0
SPT35317	SPT35322	0.046
SPT35317	SPT35333	0.009
SPT35317	SPT35341	0.009
SPT35317	SPT35342	0
SPT35317	SPT35346	0
SPT35317	SPT35347	0.025
SPT35317	SPT35352	0.004
SPT35317	SPT35361	0
SPT35317	SPT35363	0
SPT35317	SPT35389	0
SPT35317	SPT35425	0
SPT35317	SPT35435	0
SPT35317	SPT35443	0
SPT35317	SPT35447	0
SPT35317	SPT35448	0
SPT35317	SPT35449	0
SPT35317	SPT35458	0
SPT35317	SPT35461	0
SPT35317	SPT35462	0.033
SPT35317	SPT35463	0
SPT35317	SPT35487	0
SPT35317	SPT35501	0
SPT35317	SPT35510	0
SPT35317	SPT35511	0
SPT35317	SPT35514	0
SPT35317	SPT35515	0
SPT35317	SPT35516	0
SPT35317	SPT35517	0
SPT35317	SPT35518	0
SPT35317	SPT35519	0.006
SPT35317	SPT35520	0.001
SPT35317	SPT35521	0.007
SPT35317	SPT35522	0
SPT35317	SPT35523	0
SPT35317	SPT35524	0
SPT35317	SPT35525	0
SPT35317	SPT35526	0
SPT35317	SPT35529	0
SPT35317	SPT35532	0
SPT35317	SPT35537	0
SPT35317	SPT35538	0
SPT35317	SPT35541	0
SPT35317	SPT35543	0
SPT35317	SPT35544	0.002
SPT35317	SPT35546	0
SPT35317	SPT35547	0
SPT35317	SPT35552	0
SPT35317	SPT35553	0
SPT35317	SPT35557	0
SPT35317	SPT35561	0
SPT35317	SPT35563	0
SPT35317	SPT35567	0
SPT35317	SPT35576	0.041
SPT35317	SPT35577	0
SPT35317	SPT35580	0.005
SPT35317	SPT35583	0.008
SPT35317	SPT35584	0
SPT35317	SPT35585	0.065
SPT35317	SPT35302	0.05
SPT35317	SPT35303	0.001
SPT35317	SPT35304	0
SPT35317	SPT35306	0.293
SPT35317	SPT35308	0
SPT35317	SPT35310	0
SPT35317	SPT35315	0.025
SPT35317	SPT35325	0.007
SPT35317	SPT35336	0.008
SPT35317	SPT35337	0.041
SPT35317	SPT35338	0.002
SPT35317	SPT35340	0
SPT35317	SPT35348	0.018
SPT35317	SPT35349	0
SPT35317	SPT35354	0
SPT35317	SPT35356	0
SPT35317	SPT35357	0.048
SPT35317	SPT35360	0.026
SPT35317	SPT35365	0
SPT35317	SPT35366	0.003
SPT35317	SPT35368	0
SPT35317	SPT35369	0
SPT35317	SPT35370	0
SPT35317	SPT35373	0
SPT35317	SPT35377	0
SPT35317	SPT35378	0
SPT35317	SPT35379	0
SPT35317	SPT35382	0
SPT35317	SPT35384	0.009
SPT35317	SPT35390	0.017
SPT35317	SPT35407	0.055
SPT35317	SPT35410	0.003
SPT35317	SPT35414	0
SPT35317	SPT35417	0
SPT35317	SPT35418	0.008
SPT35317	SPT35419	0.033
SPT35317	SPT35423	0
SPT35317	SPT35436	0
SPT35317	SPT35444	0
SPT35317	SPT35316	0.001
SPT35317	SPT35331	0
SPT35317	SPT35339	0
SPT35317	SPT35364	0
SPT35317	SPT35372	0.012
SPT35317	SPT35405	0.045
SPT35317	SPT35424	0.002
SPT35317	SPT35427	0
SPT35317	SPT35437	0
SPT35317	SPT35440	0
SPT35317	SPT35467	0
SPT35317	SPT35468	0
SPT35317	SPT35470	0.019
SPT35317	SPT35472	0
SPT35317	SPT35475	0
SPT35317	SPT35476	0
SPT35317	SPT35485	0.003
SPT35317	SPT35499	0
SPT35317	SPT35780	0
SPT35318	SPT35320	0
SPT35318	SPT35321	0
SPT35318	SPT35322	0
SPT35318	SPT35333	0
SPT35318	SPT35341	0
SPT35318	SPT35342	0
SPT35318	SPT35346	0.035
SPT35318	SPT35347	0.002
SPT35318	SPT35352	0
SPT35318	SPT35361	0.071
SPT35318	SPT35363	0
SPT35318	SPT35389	0
SPT35318	SPT35425	0
SPT35318	SPT35435	0
SPT35318	SPT35443	0
SPT35318	SPT35447	0
SPT35318	SPT35448	0
SPT35318	SPT35449	0
SPT35318	SPT35458	0
SPT35318	SPT35461	0
SPT35318	SPT35462	0
SPT35318	SPT35463	0.012
SPT35318	SPT35487	0
SPT35318	SPT35501	0
SPT35318	SPT35510	0.002
SPT35318	SPT35511	0
SPT35318	SPT35514	0
SPT35318	SPT35515	0
SPT35318	SPT35516	0
SPT35318	SPT35517	0
SPT35318	SPT35518	0
SPT35318	SPT35519	0
SPT35318	SPT35520	0
SPT35318	SPT35521	0
SPT35318	SPT35522	0
SPT35318	SPT35523	0
SPT35318	SPT35524	0
SPT35318	SPT35525	0
SPT35318	SPT35526	0
SPT35318	SPT35529	0
SPT35318	SPT35532	0
SPT35318	SPT35537	0
SPT35318	SPT35538	0
SPT35318	SPT35541	0.003
SPT35318	SPT35543	0
SPT35318	SPT35544	0
SPT35318	SPT35546	0
SPT35318	SPT35547	0
SPT35318	SPT35552	0.003
SPT35318	SPT35553	0
SPT35318	SPT35557	0
SPT35318	SPT35561	0
SPT35318	SPT35563	0
SPT35318	SPT35567	0
SPT35318	SPT35576	0
SPT35318	SPT35577	0
SPT35318	SPT35580	0
SPT35318	SPT35583	0
SPT35318	SPT35584	0
SPT35318	SPT35585	0
SPT35318	SPT35302	0
SPT35318	SPT35303	0
SPT35318	SPT35304	0
SPT35318	SPT35306	0.011
SPT35318	SPT35308	0
SPT35318	SPT35310	0
SPT35318	SPT35315	0
SPT35318	SPT35325	0
SPT35318	SPT35336	0
SPT35318	SPT35337	0.019
SPT35318	SPT35338	0
SPT35318	SPT35340	0
SPT35318	SPT35348	0
SPT35318	SPT35349	0
SPT35318	SPT35354	0.665
SPT35318	SPT35356	0.14
SPT35318	SPT35357	0
SPT35318	SPT35360	0.002
SPT35318	SPT35365	0
SPT35318	SPT35366	0.295
SPT35318	SPT35368	0
SPT35318	SPT35369	0
SPT35318	SPT35370	0.217
SPT35318	SPT35373	0
SPT35318	SPT35377	0
SPT35318	SPT35378	0
SPT35318	SPT35379	0
SPT35318	SPT35382	0.602
SPT35318	SPT35384	0
SPT35318	SPT35390	0.009
SPT35318	SPT35407	0
SPT35318	SPT35410	0
SPT35318	SPT35414	0
SPT35318	SPT35417	0
SPT35318	SPT35418	0
SPT35318	SPT35419	0
SPT35318	SPT35423	0
SPT35318	SPT35436	0
SPT35318	SPT35444	0
SPT35318	SPT35316	0.328
SPT35318	SPT35331	0
SPT35318	SPT35339	0
SPT35318	SPT35364	0
SPT35318	SPT35372	0
SPT35318	SPT35405	0
SPT35318	SPT35424	0
SPT35318	SPT35427	0
SPT35318	SPT35437	0
SPT35318	SPT35440	0
SPT35318	SPT35467	0
SPT35318	SPT35468	0
SPT35318	SPT35470	0
SPT35318	SPT35472	0
SPT35318	SPT35475	0
SPT35318	SPT35476	0
SPT35318	SPT35485	0
SPT35318	SPT35499	0
SPT35318	SPT35780	0
SPT35320	SPT35321	0
SPT35320	SPT35322	0
SPT35320	SPT35333	0
SPT35320	SPT35341	0
SPT35320	SPT35342	0
SPT35320	SPT35346	0.002
SPT35320	SPT35347	0.003
SPT35320	SPT35352	0
SPT35320	SPT35361	0
SPT35320	SPT35363	0
SPT35320	SPT35389	0
SPT35320	SPT35425	0.002
SPT35320	SPT35435	0
SPT35320	SPT35443	0
SPT35320	SPT35447	0
SPT35320	SPT35448	0
SPT35320	SPT35449	0
SPT35320	SPT35458	0
SPT35320	SPT35461	0
SPT35320	SPT35462	0
SPT35320	SPT35463	0
SPT35320	SPT35487	0
SPT35320	SPT35501	0
SPT35320	SPT35510	0
SPT35320	SPT35511	0
SPT35320	SPT35514	0
SPT35320	SPT35515	0
SPT35320	SPT35516	0
SPT35320	SPT35517	0
SPT35320	SPT35518	0
SPT35320	SPT35519	0
SPT35320	SPT35520	0
SPT35320	SPT35521	0
SPT35320	SPT35522	0
SPT35320	SPT35523	0
SPT35320	SPT35524	0
SPT35320	SPT35525	0
SPT35320	SPT35526	0
SPT35320	SPT35529	0
SPT35320	SPT35532	0
SPT35320	SPT35537	0
SPT35320	SPT35538	0
SPT35320	SPT35541	0
SPT35320	SPT35543	0
SPT35320	SPT35544	0
SPT35320	SPT35546	0
SPT35320	SPT35547	0
SPT35320	SPT35552	0.002
SPT35320	SPT35553	0.005
SPT35320	SPT35557	0
SPT35320	SPT35561	0
SPT35320	SPT35563	0
SPT35320	SPT35567	0
SPT35320	SPT35576	0.035
SPT35320	SPT35577	0
SPT35320	SPT35580	0.019
SPT35320	SPT35583	0.004
SPT35320	SPT35584	0
SPT35320	SPT35585	0.075
SPT35320	SPT35302	0.021
SPT35320	SPT35303	0
SPT35320	SPT35304	0
SPT35320	SPT35306	0
SPT35320	SPT35308	0
SPT35320	SPT35310	0.003
SPT35320	SPT35315	0.141
SPT35320	SPT35325	0
SPT35320	SPT35336	0.012
SPT35320	SPT35337	0
SPT35320	SPT35338	0
SPT35320	SPT35340	0
SPT35320	SPT35348	0.035
SPT35320	SPT35349	0
SPT35320	SPT35354	0
SPT35320	SPT35356	0
SPT35320	SPT35357	0
SPT35320	SPT35360	0.003
SPT35320	SPT35365	0
SPT35320	SPT35366	0
SPT35320	SPT35368	0
SPT35320	SPT35369	0.029
SPT35320	SPT35370	0
SPT35320	SPT35373	0
SPT35320	SPT35377	0
SPT35320	SPT35378	0.044
SPT35320	SPT35379	0
SPT35320	SPT35382	0
SPT35320	SPT35384	0.011
SPT35320	SPT35390	0.039
SPT35320	SPT35407	0.021
SPT35320	SPT35410	0.002
SPT35320	SPT35414	0.003
SPT35320	SPT35417	0.003
SPT35320	SPT35418	0
SPT35320	SPT35419	0.059
SPT35320	SPT35423	0.006
SPT35320	SPT35436	0
SPT35320	SPT35444	0
SPT35320	SPT35316	0
SPT35320	SPT35331	0.005
SPT35320	SPT35339	0
SPT35320	SPT35364	0.001
SPT35320	SPT35372	0.011
SPT35320	SPT35405	0.015
SPT35320	SPT35424	0
SPT35320	SPT35427	0
SPT35320	SPT35437	0
SPT35320	SPT35440	0
SPT35320	SPT35467	0
SPT35320	SPT35468	0
SPT35320	SPT35470	0.027
SPT35320	SPT35472	0
SPT35320	SPT35475	0
SPT35320	SPT35476	0
SPT35320	SPT35485	0
SPT35320	SPT35499	0
SPT35320	SPT35780	0
SPT35321	SPT35322	0.009
SPT35321	SPT35333	0
SPT35321	SPT35341	0
SPT35321	SPT35342	0.041
SPT35321	SPT35346	0.127
SPT35321	SPT35347	0
SPT35321	SPT35352	0
SPT35321	SPT35361	0
SPT35321	SPT35363	0.003
SPT35321	SPT35389	0
SPT35321	SPT35425	0
SPT35321	SPT35435	0
SPT35321	SPT35443	0
SPT35321	SPT35447	0
SPT35321	SPT35448	0
SPT35321	SPT35449	0
SPT35321	SPT35458	0
SPT35321	SPT35461	0
SPT35321	SPT35462	0
SPT35321	SPT35463	0
SPT35321	SPT35487	0
SPT35321	SPT35501	0
SPT35321	SPT35510	0.007
SPT35321	SPT35511	0
SPT35321	SPT35514	0
SPT35321	SPT35515	0
SPT35321	SPT35516	0
SPT35321	SPT35517	0
SPT35321	SPT35518	0
SPT35321	SPT35519	0.019
SPT35321	SPT35520	0
SPT35321	SPT35521	0
SPT35321	SPT35522	0
SPT35321	SPT35523	0
SPT35321	SPT35524	0.003
SPT35321	SPT35525	0
SPT35321	SPT35526	0
SPT35321	SPT35529	0
SPT35321	SPT35532	0
SPT35321	SPT35537	0
SPT35321	SPT35538	0
SPT35321	SPT35541	0.003
SPT35321	SPT35543	0.013
SPT35321	SPT35544	0
SPT35321	SPT35546	0
SPT35321	SPT35547	0
SPT35321	SPT35552	0
SPT35321	SPT35553	0
SPT35321	SPT35557	0.004
SPT35321	SPT35561	0
SPT35321	SPT35563	0
SPT35321	SPT35567	0
SPT35321	SPT35576	0
SPT35321	SPT35577	0
SPT35321	SPT35580	0.005
SPT35321	SPT35583	0
SPT35321	SPT35584	0
SPT35321	SPT35585	0
SPT35321	SPT35302	0
SPT35321	SPT35303	0
SPT35321	SPT35304	0
SPT35321	SPT35306	0
SPT35321	SPT35308	0
SPT35321	SPT35310	0
SPT35321	SPT35315	0
SPT35321	SPT35325	0.001
SPT35321	SPT35336	0
SPT35321	SPT35337	0.006
SPT35321	SPT35338	0
SPT35321	SPT35340	0
SPT35321	SPT35348	0
SPT35321	SPT35349	0.002
SPT35321	SPT35354	0
SPT35321	SPT35356	0.006
SPT35321	SPT35357	0.013
SPT35321	SPT35360	0
SPT35321	SPT35365	0
SPT35321	SPT35366	0
SPT35321	SPT35368	0.009
SPT35321	SPT35369	0
SPT35321	SPT35370	0
SPT35321	SPT35373	0.013
SPT35321	SPT35377	0
SPT35321	SPT35378	0
SPT35321	SPT35379	0
SPT35321	SPT35382	0
SPT35321	SPT35384	0
SPT35321	SPT35390	0
SPT35321	SPT35407	0
SPT35321	SPT35410	0.006
SPT35321	SPT35414	0
SPT35321	SPT35417	0
SPT35321	SPT35418	0.026
SPT35321	SPT35419	0
SPT35321	SPT35423	0.006
SPT35321	SPT35436	0.003
SPT35321	SPT35444	0
SPT35321	SPT35316	0
SPT35321	SPT35331	0
SPT35321	SPT35339	0
SPT35321	SPT35364	0
SPT35321	SPT35372	0
SPT35321	SPT35405	0
SPT35321	SPT35424	0.007
SPT35321	SPT35427	0
SPT35321	SPT35437	0
SPT35321	SPT35440	0
SPT35321	SPT35467	0
SPT35321	SPT35468	0
SPT35321	SPT35470	0
SPT35321	SPT35472	0
SPT35321	SPT35475	0
SPT35321	SPT35476	0
SPT35321	SPT35485	0
SPT35321	SPT35499	0
SPT35321	SPT35780	0
SPT35322	SPT35333	0
SPT35322	SPT35341	0
SPT35322	SPT35342	0
SPT35322	SPT35346	0.174
SPT35322	SPT35347	0
SPT35322	SPT35352	0
SPT35322	SPT35361	0.013
SPT35322	SPT35363	0
SPT35322	SPT35389	0
SPT35322	SPT35425	0
SPT35322	SPT35435	0
SPT35322	SPT35443	0
SPT35322	SPT35447	0.003
SPT35322	SPT35448	0
SPT35322	SPT35449	0
SPT35322	SPT35458	0
SPT35322	SPT35461	0.009
SPT35322	SPT35462	0
SPT35322	SPT35463	0
SPT35322	SPT35487	0
SPT35322	SPT35501	0
SPT35322	SPT35510	0
SPT35322	SPT35511	0
SPT35322	SPT35514	0
SPT35322	SPT35515	0
SPT35322	SPT35516	0
SPT35322	SPT35517	0
SPT35322	SPT35518	0.003
SPT35322	SPT35519	0.006
SPT35322	SPT35520	0
SPT35322	SPT35521	0
SPT35322	SPT35522	0.004
SPT35322	SPT35523	0
SPT35322	SPT35524	0
SPT35322	SPT35525	0
SPT35322	SPT35526	0
SPT35322	SPT35529	0
SPT35322	SPT35532	0
SPT35322	SPT35537	0
SPT35322	SPT35538	0
SPT35322	SPT35541	0
SPT35322	SPT35543	0
SPT35322	SPT35544	0.006
SPT35322	SPT35546	0
SPT35322	SPT35547	0
SPT35322	SPT35552	0
SPT35322	SPT35553	0
SPT35322	SPT35557	0
SPT35322	SPT35561	0
SPT35322	SPT35563	0
SPT35322	SPT35567	0
SPT35322	SPT35576	0
SPT35322	SPT35577	0
SPT35322	SPT35580	0
SPT35322	SPT35583	0
SPT35322	SPT35584	0
SPT35322	SPT35585	0
SPT35322	SPT35302	0
SPT35322	SPT35303	0.006
SPT35322	SPT35304	0
SPT35322	SPT35306	0.057
SPT35322	SPT35308	0
SPT35322	SPT35310	0
SPT35322	SPT35315	0
SPT35322	SPT35325	0
SPT35322	SPT35336	0
SPT35322	SPT35337	0.014
SPT35322	SPT35338	0.02
SPT35322	SPT35340	0
SPT35322	SPT35348	0
SPT35322	SPT35349	0.005
SPT35322	SPT35354	0
SPT35322	SPT35356	0
SPT35322	SPT35357	1
SPT35322	SPT35360	0
SPT35322	SPT35365	0.027
SPT35322	SPT35366	0
SPT35322	SPT35368	0
SPT35322	SPT35369	0
SPT35322	SPT35370	0
SPT35322	SPT35373	0.037
SPT35322	SPT35377	0
SPT35322	SPT35378	0
SPT35322	SPT35379	0
SPT35322	SPT35382	0
SPT35322	SPT35384	0
SPT35322	SPT35390	0
SPT35322	SPT35407	0
SPT35322	SPT35410	0.001
SPT35322	SPT35414	0
SPT35322	SPT35417	0
SPT35322	SPT35418	0.128
SPT35322	SPT35419	0
SPT35322	SPT35423	0
SPT35322	SPT35436	0.012
SPT35322	SPT35444	0
SPT35322	SPT35316	0.011
SPT35322	SPT35331	0
SPT35322	SPT35339	0
SPT35322	SPT35364	0.006
SPT35322	SPT35372	0
SPT35322	SPT35405	0
SPT35322	SPT35424	0
SPT35322	SPT35427	0
SPT35322	SPT35437	0
SPT35322	SPT35440	0
SPT35322	SPT35467	0
SPT35322	SPT35468	0
SPT35322	SPT35470	0
SPT35322	SPT35472	0
SPT35322	SPT35475	0
SPT35322	SPT35476	0
SPT35322	SPT35485	0
SPT35322	SPT35499	0
SPT35322	SPT35780	0
SPT35333	SPT35341	0.002
SPT35333	SPT35342	0.009
SPT35333	SPT35346	0
SPT35333	SPT35347	0
SPT35333	SPT35352	0
SPT35333	SPT35361	0.001
SPT35333	SPT35363	0.014
SPT35333	SPT35389	0
SPT35333	SPT35425	0.015
SPT35333	SPT35435	0
SPT35333	SPT35443	0.015
SPT35333	SPT35447	0.011
SPT35333	SPT35448	0
SPT35333	SPT35449	0
SPT35333	SPT35458	0.005
SPT35333	SPT35461	0.001
SPT35333	SPT35462	0
SPT35333	SPT35463	0
SPT35333	SPT35487	0
SPT35333	SPT35501	0
SPT35333	SPT35510	0.008
SPT35333	SPT35511	0
SPT35333	SPT35514	0
SPT35333	SPT35515	0
SPT35333	SPT35516	0
SPT35333	SPT35517	0
SPT35333	SPT35518	0.011
SPT35333	SPT35519	0.005
SPT35333	SPT35520	0
SPT35333	SPT35521	0.014
SPT35333	SPT35522	0
SPT35333	SPT35523	0
SPT35333	SPT35524	0.013
SPT35333	SPT35525	0
SPT35333	SPT35526	0
SPT35333	SPT35529	0
SPT35333	SPT35532	0
SPT35333	SPT35537	0.01
SPT35333	SPT35538	0.003
SPT35333	SPT35541	0
SPT35333	SPT35543	0.004
SPT35333	SPT35544	0.002
SPT35333	SPT35546	0
SPT35333	SPT35547	0
SPT35333	SPT35552	0.018
SPT35333	SPT35553	0.008
SPT35333	SPT35557	0.01
SPT35333	SPT35561	0.002
SPT35333	SPT35563	0
SPT35333	SPT35567	0
SPT35333	SPT35576	0.001
SPT35333	SPT35577	0
SPT35333	SPT35580	0.012
SPT35333	SPT35583	0.002
SPT35333	SPT35584	0
SPT35333	SPT35585	0
SPT35333	SPT35302	0
SPT35333	SPT35303	0.018
SPT35333	SPT35304	0.005
SPT35333	SPT35306	0
SPT35333	SPT35308	0.005
SPT35333	SPT35310	0
SPT35333	SPT35315	0.006
SPT35333	SPT35325	0.002
SPT35333	SPT35336	0
SPT35333	SPT35337	0.001
SPT35333	SPT35338	0
SPT35333	SPT35340	0
SPT35333	SPT35348	0
SPT35333	SPT35349	0.021
SPT35333	SPT35354	0
SPT35333	SPT35356	0
SPT35333	SPT35357	0
SPT35333	SPT35360	0
SPT35333	SPT35365	0
SPT35333	SPT35366	0.006
SPT35333	SPT35368	0
SPT35333	SPT35369	0
SPT35333	SPT35370	0
SPT35333	SPT35373	0.007
SPT35333	SPT35377	0
SPT35333	SPT35378	0
SPT35333	SPT35379	0
SPT35333	SPT35382	0
SPT35333	SPT35384	0
SPT35333	SPT35390	0
SPT35333	SPT35407	0
SPT35333	SPT35410	0
SPT35333	SPT35414	0.013
SPT35333	SPT35417	0.016
SPT35333	SPT35418	0
SPT35333	SPT35419	0
SPT35333	SPT35423	0.002
SPT35333	SPT35436	0.005
SPT35333	SPT35444	0
SPT35333	SPT35316	0
SPT35333	SPT35331	0
SPT35333	SPT35339	0
SPT35333	SPT35364	0.012
SPT35333	SPT35372	0.009
SPT35333	SPT35405	0
SPT35333	SPT35424	0
SPT35333	SPT35427	0.001
SPT35333	SPT35437	0
SPT35333	SPT35440	0.013
SPT35333	SPT35467	0
SPT35333	SPT35468	0
SPT35333	SPT35470	0
SPT35333	SPT35472	0.001
SPT35333	SPT35475	0
SPT35333	SPT35476	0
SPT35333	SPT35485	0.013
SPT35333	SPT35499	0
SPT35333	SPT35780	0.012
SPT35341	SPT35342	0.01
SPT35341	SPT35346	0
SPT35341	SPT35347	0.296
SPT35341	SPT35352	0.024
SPT35341	SPT35361	0
SPT35341	SPT35363	0
SPT35341	SPT35389	0
SPT35341	SPT35425	0.006
SPT35341	SPT35435	0
SPT35341	SPT35443	0.003
SPT35341	SPT35447	0
SPT35341	SPT35448	0
SPT35341	SPT35449	0
SPT35341	SPT35458	0
SPT35341	SPT35461	0
SPT35341	SPT35462	0.035
SPT35341	SPT35463	0.002
SPT35341	SPT35487	0
SPT35341	SPT35501	0
SPT35341	SPT35510	0
SPT35341	SPT35511	0
SPT35341	SPT35514	0
SPT35341	SPT35515	0
SPT35341	SPT35516	0
SPT35341	SPT35517	0
SPT35341	SPT35518	0
SPT35341	SPT35519	0.004
SPT35341	SPT35520	0
SPT35341	SPT35521	0
SPT35341	SPT35522	0
SPT35341	SPT35523	0
SPT35341	SPT35524	0
SPT35341	SPT35525	0
SPT35341	SPT35526	0
SPT35341	SPT35529	0
SPT35341	SPT35532	0
SPT35341	SPT35537	0
SPT35341	SPT35538	0
SPT35341	SPT35541	0
SPT35341	SPT35543	0.004
SPT35341	SPT35544	0
SPT35341	SPT35546	0
SPT35341	SPT35547	0
SPT35341	SPT35552	0
SPT35341	SPT35553	0
SPT35341	SPT35557	0
SPT35341	SPT35561	0
SPT35341	SPT35563	0
SPT35341	SPT35567	0
SPT35341	SPT35576	0.028
SPT35341	SPT35577	0
SPT35341	SPT35580	0
SPT35341	SPT35583	0
SPT35341	SPT35584	0
SPT35341	SPT35585	0.052
SPT35341	SPT35302	0.05
SPT35341	SPT35303	0
SPT35341	SPT35304	0
SPT35341	SPT35306	0.009
SPT35341	SPT35308	0
SPT35341	SPT35310	0
SPT35341	SPT35315	0
SPT35341	SPT35325	0
SPT35341	SPT35336	0
SPT35341	SPT35337	0.139
SPT35341	SPT35338	0
SPT35341	SPT35340	0
SPT35341	SPT35348	0.025
SPT35341	SPT35349	0
SPT35341	SPT35354	0
SPT35341	SPT35356	0
SPT35341	SPT35357	0
SPT35341	SPT35360	0.295
SPT35341	SPT35365	0.025
SPT35341	SPT35366	0.002
SPT35341	SPT35368	0.007
SPT35341	SPT35369	0
SPT35341	SPT35370	0.007
SPT35341	SPT35373	0
SPT35341	SPT35377	0
SPT35341	SPT35378	0
SPT35341	SPT35379	0.003
SPT35341	SPT35382	0
SPT35341	SPT35384	0
SPT35341	SPT35390	0.032
SPT35341	SPT35407	0.039
SPT35341	SPT35410	0
SPT35341	SPT35414	0
SPT35341	SPT35417	0
SPT35341	SPT35418	0.008
SPT35341	SPT35419	0
SPT35341	SPT35423	0
SPT35341	SPT35436	0
SPT35341	SPT35444	0
SPT35341	SPT35316	0
SPT35341	SPT35331	0
SPT35341	SPT35339	0
SPT35341	SPT35364	0
SPT35341	SPT35372	0.038
SPT35341	SPT35405	0.043
SPT35341	SPT35424	0
SPT35341	SPT35427	0
SPT35341	SPT35437	0
SPT35341	SPT35440	0
SPT35341	SPT35467	0
SPT35341	SPT35468	0
SPT35341	SPT35470	0.024
SPT35341	SPT35472	0
SPT35341	SPT35475	0
SPT35341	SPT35476	0
SPT35341	SPT35485	0
SPT35341	SPT35499	0
SPT35341	SPT35780	0.002
SPT35342	SPT35346	0.016
SPT35342	SPT35347	0
SPT35342	SPT35352	0.001
SPT35342	SPT35361	0.013
SPT35342	SPT35363	0.004
SPT35342	SPT35389	0
SPT35342	SPT35425	0
SPT35342	SPT35435	0
SPT35342	SPT35443	0.006
SPT35342	SPT35447	0
SPT35342	SPT35448	0
SPT35342	SPT35449	0
SPT35342	SPT35458	0
SPT35342	SPT35461	0
SPT35342	SPT35462	0
SPT35342	SPT35463	0
SPT35342	SPT35487	0
SPT35342	SPT35501	0
SPT35342	SPT35510	0
SPT35342	SPT35511	0
SPT35342	SPT35514	0
SPT35342	SPT35515	0
SPT35342	SPT35516	0
SPT35342	SPT35517	0
SPT35342	SPT35518	0.02
SPT35342	SPT35519	0.004
SPT35342	SPT35520	0
SPT35342	SPT35521	0
SPT35342	SPT35522	0.004
SPT35342	SPT35523	0
SPT35342	SPT35524	0
SPT35342	SPT35525	0
SPT35342	SPT35526	0
SPT35342	SPT35529	0
SPT35342	SPT35532	0
SPT35342	SPT35537	0.007
SPT35342	SPT35538	0.009
SPT35342	SPT35541	0.003
SPT35342	SPT35543	0.006
SPT35342	SPT35544	0.003
SPT35342	SPT35546	0
SPT35342	SPT35547	0
SPT35342	SPT35552	0
SPT35342	SPT35553	0
SPT35342	SPT35557	0.005
SPT35342	SPT35561	0
SPT35342	SPT35563	0
SPT35342	SPT35567	0
SPT35342	SPT35576	0
SPT35342	SPT35577	0.003
SPT35342	SPT35580	0.009
SPT35342	SPT35583	0
SPT35342	SPT35584	0
SPT35342	SPT35585	0
SPT35342	SPT35302	0
SPT35342	SPT35303	0.008
SPT35342	SPT35304	0
SPT35342	SPT35306	0.005
SPT35342	SPT35308	0
SPT35342	SPT35310	0.009
SPT35342	SPT35315	0.019
SPT35342	SPT35325	0
SPT35342	SPT35336	0
SPT35342	SPT35337	0.025
SPT35342	SPT35338	0.033
SPT35342	SPT35340	0
SPT35342	SPT35348	0
SPT35342	SPT35349	0
SPT35342	SPT35354	0
SPT35342	SPT35356	0.079
SPT35342	SPT35357	0
SPT35342	SPT35360	0
SPT35342	SPT35365	0.018
SPT35342	SPT35366	0.007
SPT35342	SPT35368	0.015
SPT35342	SPT35369	0
SPT35342	SPT35370	0.024
SPT35342	SPT35373	0
SPT35342	SPT35377	0
SPT35342	SPT35378	0.027
SPT35342	SPT35379	0.009
SPT35342	SPT35382	0
SPT35342	SPT35384	0
SPT35342	SPT35390	0
SPT35342	SPT35407	0
SPT35342	SPT35410	0.016
SPT35342	SPT35414	0
SPT35342	SPT35417	0.001
SPT35342	SPT35418	0
SPT35342	SPT35419	0
SPT35342	SPT35423	0
SPT35342	SPT35436	0.019
SPT35342	SPT35444	0
SPT35342	SPT35316	0.005
SPT35342	SPT35331	0.004
SPT35342	SPT35339	0
SPT35342	SPT35364	0.013
SPT35342	SPT35372	0.012
SPT35342	SPT35405	0
SPT35342	SPT35424	0
SPT35342	SPT35427	0
SPT35342	SPT35437	0
SPT35342	SPT35440	0.006
SPT35342	SPT35467	0
SPT35342	SPT35468	0
SPT35342	SPT35470	0
SPT35342	SPT35472	0
SPT35342	SPT35475	0
SPT35342	SPT35476	0
SPT35342	SPT35485	0
SPT35342	SPT35499	0
SPT35342	SPT35780	0.002
SPT35346	SPT35347	0
SPT35346	SPT35352	0
SPT35346	SPT35361	0.005
SPT35346	SPT35363	0
SPT35346	SPT35389	0
SPT35346	SPT35425	0
SPT35346	SPT35435	0
SPT35346	SPT35443	0
SPT35346	SPT35447	0
SPT35346	SPT35448	0
SPT35346	SPT35449	0
SPT35346	SPT35458	0
SPT35346	SPT35461	0
SPT35346	SPT35462	0
SPT35346	SPT35463	0
SPT35346	SPT35487	0
SPT35346	SPT35501	0
SPT35346	SPT35510	0
SPT35346	SPT35511	0
SPT35346	SPT35514	0
SPT35346	SPT35515	0
SPT35346	SPT35516	0
SPT35346	SPT35517	0
SPT35346	SPT35518	0
SPT35346	SPT35519	0
SPT35346	SPT35520	0.007
SPT35346	SPT35521	0
SPT35346	SPT35522	0
SPT35346	SPT35523	0
SPT35346	SPT35524	0.001
SPT35346	SPT35525	0
SPT35346	SPT35526	0
SPT35346	SPT35529	0
SPT35346	SPT35532	0
SPT35346	SPT35537	0
SPT35346	SPT35538	0
SPT35346	SPT35541	0
SPT35346	SPT35543	0
SPT35346	SPT35544	0
SPT35346	SPT35546	0
SPT35346	SPT35547	0
SPT35346	SPT35552	0
SPT35346	SPT35553	0.001
SPT35346	SPT35557	0
SPT35346	SPT35561	0
SPT35346	SPT35563	0
SPT35346	SPT35567	0
SPT35346	SPT35576	0
SPT35346	SPT35577	0.003
SPT35346	SPT35580	0
SPT35346	SPT35583	0
SPT35346	SPT35584	0
SPT35346	SPT35585	0
SPT35346	SPT35302	0
SPT35346	SPT35303	0
SPT35346	SPT35304	0
SPT35346	SPT35306	0
SPT35346	SPT35308	0
SPT35346	SPT35310	0
SPT35346	SPT35315	0.016
SPT35346	SPT35325	0
SPT35346	SPT35336	0
SPT35346	SPT35337	0.039
SPT35346	SPT35338	0
SPT35346	SPT35340	0
SPT35346	SPT35348	0.042
SPT35346	SPT35349	0
SPT35346	SPT35354	0
SPT35346	SPT35356	0
SPT35346	SPT35357	0.178
SPT35346	SPT35360	0
SPT35346	SPT35365	0.014
SPT35346	SPT35366	0.006
SPT35346	SPT35368	0
SPT35346	SPT35369	0.006
SPT35346	SPT35370	0
SPT35346	SPT35373	0.012
SPT35346	SPT35377	0
SPT35346	SPT35378	0.06
SPT35346	SPT35379	0
SPT35346	SPT35382	0
SPT35346	SPT35384	0
SPT35346	SPT35390	0
SPT35346	SPT35407	0
SPT35346	SPT35410	0
SPT35346	SPT35414	0
SPT35346	SPT35417	0
SPT35346	SPT35418	0.249
SPT35346	SPT35419	0
SPT35346	SPT35423	0
SPT35346	SPT35436	0
SPT35346	SPT35444	0
SPT35346	SPT35316	0.121
SPT35346	SPT35331	0
SPT35346	SPT35339	0.009
SPT35346	SPT35364	0
SPT35346	SPT35372	0.028
SPT35346	SPT35405	0
SPT35346	SPT35424	0
SPT35346	SPT35427	0.005
SPT35346	SPT35437	0
SPT35346	SPT35440	0
SPT35346	SPT35467	0
SPT35346	SPT35468	0
SPT35346	SPT35470	0
SPT35346	SPT35472	0
SPT35346	SPT35475	0
SPT35346	SPT35476	0
SPT35346	SPT35485	0
SPT35346	SPT35499	0
SPT35346	SPT35780	0
SPT35347	SPT35352	0
SPT35347	SPT35361	0
SPT35347	SPT35363	0
SPT35347	SPT35389	0
SPT35347	SPT35425	0
SPT35347	SPT35435	0
SPT35347	SPT35443	0
SPT35347	SPT35447	0
SPT35347	SPT35448	0
SPT35347	SPT35449	0
SPT35347	SPT35458	0
SPT35347	SPT35461	0
SPT35347	SPT35462	0.071
SPT35347	SPT35463	0
SPT35347	SPT35487	0
SPT35347	SPT35501	0
SPT35347	SPT35510	0
SPT35347	SPT35511	0
SPT35347	SPT35514	0
SPT35347	SPT35515	0
SPT35347	SPT35516	0
SPT35347	SPT35517	0
SPT35347	SPT35518	0
SPT35347	SPT35519	0
SPT35347	SPT35520	0
SPT35347	SPT35521	0
SPT35347	SPT35522	0.01
SPT35347	SPT35523	0
SPT35347	SPT35524	0
SPT35347	SPT35525	0
SPT35347	SPT35526	0
SPT35347	SPT35529	0
SPT35347	SPT35532	0
SPT35347	SPT35537	0
SPT35347	SPT35538	0
SPT35347	SPT35541	0
SPT35347	SPT35543	0
SPT35347	SPT35544	0
SPT35347	SPT35546	0
SPT35347	SPT35547	0
SPT35347	SPT35552	0.001
SPT35347	SPT35553	0
SPT35347	SPT35557	0
SPT35347	SPT35561	0
SPT35347	SPT35563	0
SPT35347	SPT35567	0
SPT35347	SPT35576	0.076
SPT35347	SPT35577	0
SPT35347	SPT35580	0
SPT35347	SPT35583	0
SPT35347	SPT35584	0
SPT35347	SPT35585	0.172
SPT35347	SPT35302	0.099
SPT35347	SPT35303	0
SPT35347	SPT35304	0
SPT35347	SPT35306	0
SPT35347	SPT35308	0
SPT35347	SPT35310	0
SPT35347	SPT35315	0
SPT35347	SPT35325	0
SPT35347	SPT35336	0.013
SPT35347	SPT35337	0
SPT35347	SPT35338	0
SPT35347	SPT35340	0
SPT35347	SPT35348	0
SPT35347	SPT35349	0
SPT35347	SPT35354	0
SPT35347	SPT35356	0
SPT35347	SPT35357	0
SPT35347	SPT35360	0.999
SPT35347	SPT35365	0.046
SPT35347	SPT35366	0
SPT35347	SPT35368	0
SPT35347	SPT35369	0
SPT35347	SPT35370	0
SPT35347	SPT35373	0
SPT35347	SPT35377	0
SPT35347	SPT35378	0
SPT35347	SPT35379	0
SPT35347	SPT35382	0
SPT35347	SPT35384	0.013
SPT35347	SPT35390	0.004
SPT35347	SPT35407	0.095
SPT35347	SPT35410	0
SPT35347	SPT35414	0
SPT35347	SPT35417	0
SPT35347	SPT35418	0
SPT35347	SPT35419	0.075
SPT35347	SPT35423	0
SPT35347	SPT35436	0.001
SPT35347	SPT35444	0
SPT35347	SPT35316	0
SPT35347	SPT35331	0
SPT35347	SPT35339	0.011
SPT35347	SPT35364	0
SPT35347	SPT35372	0.017
SPT35347	SPT35405	0.098
SPT35347	SPT35424	0
SPT35347	SPT35427	0.007
SPT35347	SPT35437	0
SPT35347	SPT35440	0
SPT35347	SPT35467	0
SPT35347	SPT35468	0
SPT35347	SPT35470	0.095
SPT35347	SPT35472	0
SPT35347	SPT35475	0
SPT35347	SPT35476	0
SPT35347	SPT35485	0
SPT35347	SPT35499	0
SPT35347	SPT35780	0
SPT35352	SPT35361	0
SPT35352	SPT35363	0.02
SPT35352	SPT35389	0
SPT35352	SPT35425	0
SPT35352	SPT35435	0
SPT35352	SPT35443	0.002
SPT35352	SPT35447	0
SPT35352	SPT35448	0
SPT35352	SPT35449	0
SPT35352	SPT35458	0
SPT35352	SPT35461	0
SPT35352	SPT35462	0
SPT35352	SPT35463	0.005
SPT35352	SPT35487	0
SPT35352	SPT35501	0
SPT35352	SPT35510	0.007
SPT35352	SPT35511	0
SPT35352	SPT35514	0
SPT35352	SPT35515	0
SPT35352	SPT35516	0
SPT35352	SPT35517	0
SPT35352	SPT35518	0.002
SPT35352	SPT35519	0.007
SPT35352	SPT35520	0.019
SPT35352	SPT35521	0
SPT35352	SPT35522	0
SPT35352	SPT35523	0
SPT35352	SPT35524	0
SPT35352	SPT35525	0
SPT35352	SPT35526	0
SPT35352	SPT35529	0
SPT35352	SPT35532	0
SPT35352	SPT35537	0
SPT35352	SPT35538	0
SPT35352	SPT35541	0
SPT35352	SPT35543	0.015
SPT35352	SPT35544	0
SPT35352	SPT35546	0
SPT35352	SPT35547	0
SPT35352	SPT35552	0.001
SPT35352	SPT35553	0
SPT35352	SPT35557	0
SPT35352	SPT35561	0.004
SPT35352	SPT35563	0
SPT35352	SPT35567	0
SPT35352	SPT35576	0.002
SPT35352	SPT35577	0
SPT35352	SPT35580	0.009
SPT35352	SPT35583	0
SPT35352	SPT35584	0
SPT35352	SPT35585	0
SPT35352	SPT35302	0
SPT35352	SPT35303	0
SPT35352	SPT35304	0.003
SPT35352	SPT35306	0
SPT35352	SPT35308	0.001
SPT35352	SPT35310	0.002
SPT35352	SPT35315	0.004
SPT35352	SPT35325	0.007
SPT35352	SPT35336	0.012
SPT35352	SPT35337	0.018
SPT35352	SPT35338	0.011
SPT35352	SPT35340	0
SPT35352	SPT35348	0.009
SPT35352	SPT35349	0
SPT35352	SPT35354	0
SPT35352	SPT35356	0
SPT35352	SPT35357	0
SPT35352	SPT35360	0
SPT35352	SPT35365	0.012
SPT35352	SPT35366	0
SPT35352	SPT35368	0.029
SPT35352	SPT35369	0
SPT35352	SPT35370	0
SPT35352	SPT35373	0.02
SPT35352	SPT35377	0
SPT35352	SPT35378	0
SPT35352	SPT35379	0.031
SPT35352	SPT35382	0
SPT35352	SPT35384	0.011
SPT35352	SPT35390	0
SPT35352	SPT35407	0
SPT35352	SPT35410	0
SPT35352	SPT35414	0
SPT35352	SPT35417	0
SPT35352	SPT35418	0.008
SPT35352	SPT35419	0
SPT35352	SPT35423	0.012
SPT35352	SPT35436	0
SPT35352	SPT35444	0
SPT35352	SPT35316	0
SPT35352	SPT35331	0.035
SPT35352	SPT35339	0.01
SPT35352	SPT35364	0
SPT35352	SPT35372	0.007
SPT35352	SPT35405	0
SPT35352	SPT35424	0.002
SPT35352	SPT35427	0.005
SPT35352	SPT35437	0
SPT35352	SPT35440	0
SPT35352	SPT35467	0
SPT35352	SPT35468	0
SPT35352	SPT35470	0
SPT35352	SPT35472	0.003
SPT35352	SPT35475	0
SPT35352	SPT35476	0
SPT35352	SPT35485	0
SPT35352	SPT35499	0
SPT35352	SPT35780	0.012
SPT35361	SPT35363	0
SPT35361	SPT35389	0
SPT35361	SPT35425	0.001
SPT35361	SPT35435	0
SPT35361	SPT35443	0.01
SPT35361	SPT35447	0
SPT35361	SPT35448	0
SPT35361	SPT35449	0
SPT35361	SPT35458	0
SPT35361	SPT35461	0
SPT35361	SPT35462	0
SPT35361	SPT35463	0
SPT35361	SPT35487	0
SPT35361	SPT35501	0
SPT35361	SPT35510	0.004
SPT35361	SPT35511	0
SPT35361	SPT35514	0
SPT35361	SPT35515	0
SPT35361	SPT35516	0
SPT35361	SPT35517	0
SPT35361	SPT35518	0
SPT35361	SPT35519	0
SPT35361	SPT35520	0
SPT35361	SPT35521	0.009
SPT35361	SPT35522	0
SPT35361	SPT35523	0
SPT35361	SPT35524	0
SPT35361	SPT35525	0
SPT35361	SPT35526	0
SPT35361	SPT35529	0
SPT35361	SPT35532	0
SPT35361	SPT35537	0
SPT35361	SPT35538	0
SPT35361	SPT35541	0
SPT35361	SPT35543	0
SPT35361	SPT35544	0
SPT35361	SPT35546	0
SPT35361	SPT35547	0
SPT35361	SPT35552	0
SPT35361	SPT35553	0.001
SPT35361	SPT35557	0
SPT35361	SPT35561	0
SPT35361	SPT35563	0.003
SPT35361	SPT35567	0.001
SPT35361	SPT35576	0
SPT35361	SPT35577	0
SPT35361	SPT35580	0
SPT35361	SPT35583	0
SPT35361	SPT35584	0
SPT35361	SPT35585	0
SPT35361	SPT35302	0
SPT35361	SPT35303	0
SPT35361	SPT35304	0
SPT35361	SPT35306	0.007
SPT35361	SPT35308	0
SPT35361	SPT35310	0
SPT35361	SPT35315	0.002
SPT35361	SPT35325	0
SPT35361	SPT35336	0
SPT35361	SPT35337	0
SPT35361	SPT35338	0.011
SPT35361	SPT35340	0
SPT35361	SPT35348	0
SPT35361	SPT35349	0
SPT35361	SPT35354	0.09
SPT35361	SPT35356	0.034
SPT35361	SPT35357	0.014
SPT35361	SPT35360	0
SPT35361	SPT35365	0.016
SPT35361	SPT35366	0.081
SPT35361	SPT35368	0.002
SPT35361	SPT35369	0.008
SPT35361	SPT35370	0.034
SPT35361	SPT35373	0.009
SPT35361	SPT35377	0
SPT35361	SPT35378	0.023
SPT35361	SPT35379	0
SPT35361	SPT35382	0.175
SPT35361	SPT35384	0
SPT35361	SPT35390	0
SPT35361	SPT35407	0
SPT35361	SPT35410	0
SPT35361	SPT35414	0.003
SPT35361	SPT35417	0.001
SPT35361	SPT35418	0.02
SPT35361	SPT35419	0
SPT35361	SPT35423	0.005
SPT35361	SPT35436	0.012
SPT35361	SPT35444	0
SPT35361	SPT35316	0.041
SPT35361	SPT35331	0
SPT35361	SPT35339	0.008
SPT35361	SPT35364	0.01
SPT35361	SPT35372	0.004
SPT35361	SPT35405	0
SPT35361	SPT35424	0
SPT35361	SPT35427	0.003
SPT35361	SPT35437	0
SPT35361	SPT35440	0.006
SPT35361	SPT35467	0
SPT35361	SPT35468	0
SPT35361	SPT35470	0
SPT35361	SPT35472	0.003
SPT35361	SPT35475	0
SPT35361	SPT35476	0
SPT35361	SPT35485	0.013
SPT35361	SPT35499	0
SPT35361	SPT35780	0.002
SPT35363	SPT35389	0
SPT35363	SPT35425	0.014
SPT35363	SPT35435	0
SPT35363	SPT35443	0.005
SPT35363	SPT35447	0
SPT35363	SPT35448	0
SPT35363	SPT35449	0
SPT35363	SPT35458	0.024
SPT35363	SPT35461	0.009
SPT35363	SPT35462	0
SPT35363	SPT35463	0.003
SPT35363	SPT35487	0
SPT35363	SPT35501	0
SPT35363	SPT35510	0.011
SPT35363	SPT35511	0
SPT35363	SPT35514	0
SPT35363	SPT35515	0
SPT35363	SPT35516	0
SPT35363	SPT35517	0
SPT35363	SPT35518	0.021
SPT35363	SPT35519	0.005
SPT35363	SPT35520	0.001
SPT35363	SPT35521	0.011
SPT35363	SPT35522	0
SPT35363	SPT35523	0
SPT35363	SPT35524	0
SPT35363	SPT35525	0
SPT35363	SPT35526	0
SPT35363	SPT35529	0
SPT35363	SPT35532	0
SPT35363	SPT35537	0
SPT35363	SPT35538	0
SPT35363	SPT35541	0.004
SPT35363	SPT35543	0.012
SPT35363	SPT35544	0
SPT35363	SPT35546	0
SPT35363	SPT35547	0
SPT35363	SPT35552	0
SPT35363	SPT35553	0
SPT35363	SPT35557	0
SPT35363	SPT35561	0
SPT35363	SPT35563	0.011
SPT35363	SPT35567	0.008
SPT35363	SPT35576	0
SPT35363	SPT35577	0.012
SPT35363	SPT35580	0.012
SPT35363	SPT35583	0.019
SPT35363	SPT35584	0
SPT35363	SPT35585	0
SPT35363	SPT35302	0
SPT35363	SPT35303	0
SPT35363	SPT35304	0
SPT35363	SPT35306	0
SPT35363	SPT35308	0
SPT35363	SPT35310	0
SPT35363	SPT35315	0
SPT35363	SPT35325	0
SPT35363	SPT35336	0
SPT35363	SPT35337	0
SPT35363	SPT35338	0.009
SPT35363	SPT35340	0
SPT35363	SPT35348	0.003
SPT35363	SPT35349	0.013
SPT35363	SPT35354	0
SPT35363	SPT35356	0
SPT35363	SPT35357	0
SPT35363	SPT35360	0
SPT35363	SPT35365	0
SPT35363	SPT35366	0
SPT35363	SPT35368	0.008
SPT35363	SPT35369	0
SPT35363	SPT35370	0
SPT35363	SPT35373	0.03
SPT35363	SPT35377	0
SPT35363	SPT35378	0.003
SPT35363	SPT35379	0
SPT35363	SPT35382	0
SPT35363	SPT35384	0
SPT35363	SPT35390	0.006
SPT35363	SPT35407	0
SPT35363	SPT35410	0
SPT35363	SPT35414	0.006
SPT35363	SPT35417	0.004
SPT35363	SPT35418	0
SPT35363	SPT35419	0
SPT35363	SPT35423	0.012
SPT35363	SPT35436	0.004
SPT35363	SPT35444	0
SPT35363	SPT35316	0
SPT35363	SPT35331	0
SPT35363	SPT35339	0
SPT35363	SPT35364	0
SPT35363	SPT35372	0
SPT35363	SPT35405	0
SPT35363	SPT35424	0.017
SPT35363	SPT35427	0.009
SPT35363	SPT35437	0
SPT35363	SPT35440	0.01
SPT35363	SPT35467	0
SPT35363	SPT35468	0
SPT35363	SPT35470	0
SPT35363	SPT35472	0.02
SPT35363	SPT35475	0
SPT35363	SPT35476	0
SPT35363	SPT35485	0.014
SPT35363	SPT35499	0
SPT35363	SPT35780	0
SPT35389	SPT35425	0
SPT35389	SPT35435	0
SPT35389	SPT35443	0
SPT35389	SPT35447	0
SPT35389	SPT35448	0
SPT35389	SPT35449	0
SPT35389	SPT35458	0
SPT35389	SPT35461	0
SPT35389	SPT35462	0
SPT35389	SPT35463	0
SPT35389	SPT35487	0
SPT35389	SPT35501	0
SPT35389	SPT35510	0
SPT35389	SPT35511	0
SPT35389	SPT35514	0
SPT35389	SPT35515	0
SPT35389	SPT35516	0
SPT35389	SPT35517	0
SPT35389	SPT35518	0
SPT35389	SPT35519	0
SPT35389	SPT35520	0
SPT35389	SPT35521	0.006
SPT35389	SPT35522	0
SPT35389	SPT35523	0
SPT35389	SPT35524	0
SPT35389	SPT35525	0
SPT35389	SPT35526	0
SPT35389	SPT35529	0
SPT35389	SPT35532	0
SPT35389	SPT35537	0
SPT35389	SPT35538	0
SPT35389	SPT35541	0.005
SPT35389	SPT35543	0.013
SPT35389	SPT35544	0.001
SPT35389	SPT35546	0
SPT35389	SPT35547	0
SPT35389	SPT35552	0
SPT35389	SPT35553	0.01
SPT35389	SPT35557	0
SPT35389	SPT35561	0
SPT35389	SPT35563	0
SPT35389	SPT35567	0
SPT35389	SPT35576	0
SPT35389	SPT35577	0
SPT35389	SPT35580	0
SPT35389	SPT35583	0
SPT35389	SPT35584	0
SPT35389	SPT35585	0
SPT35389	SPT35302	0
SPT35389	SPT35303	0.024
SPT35389	SPT35304	0.001
SPT35389	SPT35306	0
SPT35389	SPT35308	0
SPT35389	SPT35310	0.02
SPT35389	SPT35315	0
SPT35389	SPT35325	0
SPT35389	SPT35336	0
SPT35389	SPT35337	0
SPT35389	SPT35338	0
SPT35389	SPT35340	0.999
SPT35389	SPT35348	0.005
SPT35389	SPT35349	0
SPT35389	SPT35354	0
SPT35389	SPT35356	0
SPT35389	SPT35357	0
SPT35389	SPT35360	0
SPT35389	SPT35365	0
SPT35389	SPT35366	0
SPT35389	SPT35368	0
SPT35389	SPT35369	0
SPT35389	SPT35370	0
SPT35389	SPT35373	0
SPT35389	SPT35377	0.999
SPT35389	SPT35378	0
SPT35389	SPT35379	0
SPT35389	SPT35382	0
SPT35389	SPT35384	0
SPT35389	SPT35390	0.007
SPT35389	SPT35407	0
SPT35389	SPT35410	0
SPT35389	SPT35414	0.003
SPT35389	SPT35417	0.001
SPT35389	SPT35418	0
SPT35389	SPT35419	0
SPT35389	SPT35423	0.001
SPT35389	SPT35436	0
SPT35389	SPT35444	0
SPT35389	SPT35316	0
SPT35389	SPT35331	0
SPT35389	SPT35339	0
SPT35389	SPT35364	0.026
SPT35389	SPT35372	0
SPT35389	SPT35405	0
SPT35389	SPT35424	0
SPT35389	SPT35427	0
SPT35389	SPT35437	0
SPT35389	SPT35440	0
SPT35389	SPT35467	0
SPT35389	SPT35468	0
SPT35389	SPT35470	0
SPT35389	SPT35472	0.004
SPT35389	SPT35475	0
SPT35389	SPT35476	0
SPT35389	SPT35485	0.01
SPT35389	SPT35499	0
SPT35389	SPT35780	0
SPT35425	SPT35435	0
SPT35425	SPT35443	0.025
SPT35425	SPT35447	0.008
SPT35425	SPT35448	0
SPT35425	SPT35449	0
SPT35425	SPT35458	0.007
SPT35425	SPT35461	0.01
SPT35425	SPT35462	0
SPT35425	SPT35463	0.01
SPT35425	SPT35487	0
SPT35425	SPT35501	0
SPT35425	SPT35510	0.014
SPT35425	SPT35511	0
SPT35425	SPT35514	0
SPT35425	SPT35515	0
SPT35425	SPT35516	0
SPT35425	SPT35517	0
SPT35425	SPT35518	0.018
SPT35425	SPT35519	0
SPT35425	SPT35520	0
SPT35425	SPT35521	0.029
SPT35425	SPT35522	0.003
SPT35425	SPT35523	0
SPT35425	SPT35524	0.003
SPT35425	SPT35525	0
SPT35425	SPT35526	0
SPT35425	SPT35529	0
SPT35425	SPT35532	0
SPT35425	SPT35537	0.002
SPT35425	SPT35538	0.008
SPT35425	SPT35541	0
SPT35425	SPT35543	0.008
SPT35425	SPT35544	0.018
SPT35425	SPT35546	0
SPT35425	SPT35547	0
SPT35425	SPT35552	0.009
SPT35425	SPT35553	0.005
SPT35425	SPT35557	0.029
SPT35425	SPT35561	0.014
SPT35425	SPT35563	0.01
SPT35425	SPT35567	0.013
SPT35425	SPT35576	0
SPT35425	SPT35577	0
SPT35425	SPT35580	0
SPT35425	SPT35583	0
SPT35425	SPT35584	0
SPT35425	SPT35585	0
SPT35425	SPT35302	0
SPT35425	SPT35303	0
SPT35425	SPT35304	0
SPT35425	SPT35306	0.01
SPT35425	SPT35308	0
SPT35425	SPT35310	0.001
SPT35425	SPT35315	0
SPT35425	SPT35325	0.027
SPT35425	SPT35336	0
SPT35425	SPT35337	0
SPT35425	SPT35338	0
SPT35425	SPT35340	0
SPT35425	SPT35348	0
SPT35425	SPT35349	0.016
SPT35425	SPT35354	0
SPT35425	SPT35356	0.005
SPT35425	SPT35357	0
SPT35425	SPT35360	0
SPT35425	SPT35365	0
SPT35425	SPT35366	0
SPT35425	SPT35368	0
SPT35425	SPT35369	0
SPT35425	SPT35370	0
SPT35425	SPT35373	0.007
SPT35425	SPT35377	0
SPT35425	SPT35378	0
SPT35425	SPT35379	0
SPT35425	SPT35382	0
SPT35425	SPT35384	0
SPT35425	SPT35390	0
SPT35425	SPT35407	0
SPT35425	SPT35410	0
SPT35425	SPT35414	0
SPT35425	SPT35417	0
SPT35425	SPT35418	0
SPT35425	SPT35419	0
SPT35425	SPT35423	0
SPT35425	SPT35436	0
SPT35425	SPT35444	0
SPT35425	SPT35316	0
SPT35425	SPT35331	0
SPT35425	SPT35339	0.027
SPT35425	SPT35364	0
SPT35425	SPT35372	0
SPT35425	SPT35405	0
SPT35425	SPT35424	0.011
SPT35425	SPT35427	0.016
SPT35425	SPT35437	0
SPT35425	SPT35440	0
SPT35425	SPT35467	0
SPT35425	SPT35468	0
SPT35425	SPT35470	0
SPT35425	SPT35472	0.005
SPT35425	SPT35475	0
SPT35425	SPT35476	0
SPT35425	SPT35485	0.024
SPT35425	SPT35499	0.001
SPT35425	SPT35780	0
SPT35435	SPT35443	0
SPT35435	SPT35447	0
SPT35435	SPT35448	0.28
SPT35435	SPT35449	0
SPT35435	SPT35458	0
SPT35435	SPT35461	0
SPT35435	SPT35462	0
SPT35435	SPT35463	0
SPT35435	SPT35487	0.966
SPT35435	SPT35501	0
SPT35435	SPT35510	0
SPT35435	SPT35511	0
SPT35435	SPT35514	0.496
SPT35435	SPT35515	0.645
SPT35435	SPT35516	0.603
SPT35435	SPT35517	0.407
SPT35435	SPT35518	0
SPT35435	SPT35519	0
SPT35435	SPT35520	0
SPT35435	SPT35521	0
SPT35435	SPT35522	0
SPT35435	SPT35523	0.707
SPT35435	SPT35524	0
SPT35435	SPT35525	0
SPT35435	SPT35526	0
SPT35435	SPT35529	0
SPT35435	SPT35532	0.742
SPT35435	SPT35537	0
SPT35435	SPT35538	0
SPT35435	SPT35541	0
SPT35435	SPT35543	0
SPT35435	SPT35544	0
SPT35435	SPT35546	0
SPT35435	SPT35547	0
SPT35435	SPT35552	0
SPT35435	SPT35553	0
SPT35435	SPT35557	0
SPT35435	SPT35561	0.044
SPT35435	SPT35563	0
SPT35435	SPT35567	0
SPT35435	SPT35576	0
SPT35435	SPT35577	0
SPT35435	SPT35580	0
SPT35435	SPT35583	0
SPT35435	SPT35584	0
SPT35435	SPT35585	0
SPT35435	SPT35302	0
SPT35435	SPT35303	0
SPT35435	SPT35304	0
SPT35435	SPT35306	0
SPT35435	SPT35308	0
SPT35435	SPT35310	0
SPT35435	SPT35315	0
SPT35435	SPT35325	0
SPT35435	SPT35336	0
SPT35435	SPT35337	0
SPT35435	SPT35338	0
SPT35435	SPT35340	0
SPT35435	SPT35348	0
SPT35435	SPT35349	0
SPT35435	SPT35354	0
SPT35435	SPT35356	0
SPT35435	SPT35357	0
SPT35435	SPT35360	0
SPT35435	SPT35365	0
SPT35435	SPT35366	0
SPT35435	SPT35368	0
SPT35435	SPT35369	0
SPT35435	SPT35370	0
SPT35435	SPT35373	0
SPT35435	SPT35377	0
SPT35435	SPT35378	0
SPT35435	SPT35379	0
SPT35435	SPT35382	0
SPT35435	SPT35384	0
SPT35435	SPT35390	0
SPT35435	SPT35407	0
SPT35435	SPT35410	0
SPT35435	SPT35414	0
SPT35435	SPT35417	0
SPT35435	SPT35418	0
SPT35435	SPT35419	0
SPT35435	SPT35423	0
SPT35435	SPT35436	0
SPT35435	SPT35444	0
SPT35435	SPT35316	0
SPT35435	SPT35331	0
SPT35435	SPT35339	0
SPT35435	SPT35364	0
SPT35435	SPT35372	0
SPT35435	SPT35405	0
SPT35435	SPT35424	0
SPT35435	SPT35427	0
SPT35435	SPT35437	0.237
SPT35435	SPT35440	0
SPT35435	SPT35467	0
SPT35435	SPT35468	0.477
SPT35435	SPT35470	0
SPT35435	SPT35472	0
SPT35435	SPT35475	0
SPT35435	SPT35476	0.39
SPT35435	SPT35485	0
SPT35435	SPT35499	0
SPT35435	SPT35780	0
SPT35443	SPT35447	0.011
SPT35443	SPT35448	0
SPT35443	SPT35449	0
SPT35443	SPT35458	0.014
SPT35443	SPT35461	0.004
SPT35443	SPT35462	0
SPT35443	SPT35463	0
SPT35443	SPT35487	0
SPT35443	SPT35501	0
SPT35443	SPT35510	0.01
SPT35443	SPT35511	0
SPT35443	SPT35514	0
SPT35443	SPT35515	0
SPT35443	SPT35516	0
SPT35443	SPT35517	0
SPT35443	SPT35518	0.027
SPT35443	SPT35519	0.002
SPT35443	SPT35520	0.01
SPT35443	SPT35521	0
SPT35443	SPT35522	0
SPT35443	SPT35523	0
SPT35443	SPT35524	0
SPT35443	SPT35525	0
SPT35443	SPT35526	0
SPT35443	SPT35529	0
SPT35443	SPT35532	0
SPT35443	SPT35537	0
SPT35443	SPT35538	0
SPT35443	SPT35541	0.003
SPT35443	SPT35543	0.013
SPT35443	SPT35544	0
SPT35443	SPT35546	0
SPT35443	SPT35547	0
SPT35443	SPT35552	0
SPT35443	SPT35553	0.003
SPT35443	SPT35557	0
SPT35443	SPT35561	0.007
SPT35443	SPT35563	0.021
SPT35443	SPT35567	0.019
SPT35443	SPT35576	0
SPT35443	SPT35577	0
SPT35443	SPT35580	0
SPT35443	SPT35583	0.01
SPT35443	SPT35584	0
SPT35443	SPT35585	0
SPT35443	SPT35302	0
SPT35443	SPT35303	0
SPT35443	SPT35304	0
SPT35443	SPT35306	0
SPT35443	SPT35308	0
SPT35443	SPT35310	0
SPT35443	SPT35315	0
SPT35443	SPT35325	0
SPT35443	SPT35336	0.005
SPT35443	SPT35337	0
SPT35443	SPT35338	0
SPT35443	SPT35340	0
SPT35443	SPT35348	0
SPT35443	SPT35349	0
SPT35443	SPT35354	0.005
SPT35443	SPT35356	0
SPT35443	SPT35357	0
SPT35443	SPT35360	0
SPT35443	SPT35365	0.004
SPT35443	SPT35366	0.006
SPT35443	SPT35368	0
SPT35443	SPT35369	0
SPT35443	SPT35370	0
SPT35443	SPT35373	0
SPT35443	SPT35377	0
SPT35443	SPT35378	0.002
SPT35443	SPT35379	0.004
SPT35443	SPT35382	0
SPT35443	SPT35384	0.004
SPT35443	SPT35390	0
SPT35443	SPT35407	0
SPT35443	SPT35410	0.009
SPT35443	SPT35414	0.007
SPT35443	SPT35417	0.005
SPT35443	SPT35418	0
SPT35443	SPT35419	0
SPT35443	SPT35423	0.005
SPT35443	SPT35436	0
SPT35443	SPT35444	0
SPT35443	SPT35316	0
SPT35443	SPT35331	0
SPT35443	SPT35339	0.026
SPT35443	SPT35364	0.005
SPT35443	SPT35372	0
SPT35443	SPT35405	0
SPT35443	SPT35424	0.004
SPT35443	SPT35427	0.006
SPT35443	SPT35437	0.009
SPT35443	SPT35440	0.007
SPT35443	SPT35467	0
SPT35443	SPT35468	0
SPT35443	SPT35470	0
SPT35443	SPT35472	0
SPT35443	SPT35475	0
SPT35443	SPT35476	0
SPT35443	SPT35485	0
SPT35443	SPT35499	0
SPT35443	SPT35780	0.006
SPT35447	SPT35448	0
SPT35447	SPT35449	0
SPT35447	SPT35458	0.031
SPT35447	SPT35461	0.013
SPT35447	SPT35462	0
SPT35447	SPT35463	0
SPT35447	SPT35487	0
SPT35447	SPT35501	0
SPT35447	SPT35510	0
SPT35447	SPT35511	0
SPT35447	SPT35514	0
SPT35447	SPT35515	0
SPT35447	SPT35516	0
SPT35447	SPT35517	0
SPT35447	SPT35518	0.027
SPT35447	SPT35519	0.003
SPT35447	SPT35520	0.013
SPT35447	SPT35521	0
SPT35447	SPT35522	0
SPT35447	SPT35523	0
SPT35447	SPT35524	0.004
SPT35447	SPT35525	0
SPT35447	SPT35526	0
SPT35447	SPT35529	0
SPT35447	SPT35532	0
SPT35447	SPT35537	0.003
SPT35447	SPT35538	0.005
SPT35447	SPT35541	0.011
SPT35447	SPT35543	0.01
SPT35447	SPT35544	0
SPT35447	SPT35546	0
SPT35447	SPT35547	0
SPT35447	SPT35552	0
SPT35447	SPT35553	0.004
SPT35447	SPT35557	0
SPT35447	SPT35561	0
SPT35447	SPT35563	0
SPT35447	SPT35567	0
SPT35447	SPT35576	0
SPT35447	SPT35577	0
SPT35447	SPT35580	0
SPT35447	SPT35583	0.007
SPT35447	SPT35584	0
SPT35447	SPT35585	0
SPT35447	SPT35302	0
SPT35447	SPT35303	0
SPT35447	SPT35304	0
SPT35447	SPT35306	0
SPT35447	SPT35308	0
SPT35447	SPT35310	0.002
SPT35447	SPT35315	0
SPT35447	SPT35325	0
SPT35447	SPT35336	0
SPT35447	SPT35337	0
SPT35447	SPT35338	0.017
SPT35447	SPT35340	0
SPT35447	SPT35348	0
SPT35447	SPT35349	0.008
SPT35447	SPT35354	0
SPT35447	SPT35356	0.003
SPT35447	SPT35357	0.003
SPT35447	SPT35360	0
SPT35447	SPT35365	0
SPT35447	SPT35366	0
SPT35447	SPT35368	0
SPT35447	SPT35369	0
SPT35447	SPT35370	0
SPT35447	SPT35373	0.018
SPT35447	SPT35377	0
SPT35447	SPT35378	0
SPT35447	SPT35379	0.002
SPT35447	SPT35382	0
SPT35447	SPT35384	0
SPT35447	SPT35390	0.023
SPT35447	SPT35407	0
SPT35447	SPT35410	0.033
SPT35447	SPT35414	0
SPT35447	SPT35417	0
SPT35447	SPT35418	0
SPT35447	SPT35419	0
SPT35447	SPT35423	0
SPT35447	SPT35436	0.008
SPT35447	SPT35444	0
SPT35447	SPT35316	0
SPT35447	SPT35331	0
SPT35447	SPT35339	0
SPT35447	SPT35364	0
SPT35447	SPT35372	0.006
SPT35447	SPT35405	0
SPT35447	SPT35424	0.006
SPT35447	SPT35427	0.012
SPT35447	SPT35437	0
SPT35447	SPT35440	0.014
SPT35447	SPT35467	0
SPT35447	SPT35468	0
SPT35447	SPT35470	0
SPT35447	SPT35472	0
SPT35447	SPT35475	0
SPT35447	SPT35476	0
SPT35447	SPT35485	0
SPT35447	SPT35499	0
SPT35447	SPT35780	0
SPT35448	SPT35449	0
SPT35448	SPT35458	0
SPT35448	SPT35461	0
SPT35448	SPT35462	0
SPT35448	SPT35463	0
SPT35448	SPT35487	0.987
SPT35448	SPT35501	0
SPT35448	SPT35510	0
SPT35448	SPT35511	0
SPT35448	SPT35514	0.565
SPT35448	SPT35515	0.576
SPT35448	SPT35516	0.55
SPT35448	SPT35517	0.435
SPT35448	SPT35518	0
SPT35448	SPT35519	0
SPT35448	SPT35520	0
SPT35448	SPT35521	0
SPT35448	SPT35522	0
SPT35448	SPT35523	0.778
SPT35448	SPT35524	0
SPT35448	SPT35525	0
SPT35448	SPT35526	0
SPT35448	SPT35529	0
SPT35448	SPT35532	0.743
SPT35448	SPT35537	0
SPT35448	SPT35538	0
SPT35448	SPT35541	0
SPT35448	SPT35543	0
SPT35448	SPT35544	0
SPT35448	SPT35546	0
SPT35448	SPT35547	0
SPT35448	SPT35552	0
SPT35448	SPT35553	0
SPT35448	SPT35557	0
SPT35448	SPT35561	0
SPT35448	SPT35563	0
SPT35448	SPT35567	0
SPT35448	SPT35576	0
SPT35448	SPT35577	0
SPT35448	SPT35580	0
SPT35448	SPT35583	0
SPT35448	SPT35584	0
SPT35448	SPT35585	0
SPT35448	SPT35302	0
SPT35448	SPT35303	0
SPT35448	SPT35304	0
SPT35448	SPT35306	0
SPT35448	SPT35308	0
SPT35448	SPT35310	0
SPT35448	SPT35315	0
SPT35448	SPT35325	0
SPT35448	SPT35336	0
SPT35448	SPT35337	0
SPT35448	SPT35338	0
SPT35448	SPT35340	0
SPT35448	SPT35348	0
SPT35448	SPT35349	0
SPT35448	SPT35354	0
SPT35448	SPT35356	0
SPT35448	SPT35357	0
SPT35448	SPT35360	0
SPT35448	SPT35365	0
SPT35448	SPT35366	0
SPT35448	SPT35368	0
SPT35448	SPT35369	0
SPT35448	SPT35370	0
SPT35448	SPT35373	0
SPT35448	SPT35377	0
SPT35448	SPT35378	0
SPT35448	SPT35379	0
SPT35448	SPT35382	0
SPT35448	SPT35384	0
SPT35448	SPT35390	0
SPT35448	SPT35407	0
SPT35448	SPT35410	0
SPT35448	SPT35414	0
SPT35448	SPT35417	0
SPT35448	SPT35418	0
SPT35448	SPT35419	0
SPT35448	SPT35423	0
SPT35448	SPT35436	0
SPT35448	SPT35444	0
SPT35448	SPT35316	0
SPT35448	SPT35331	0
SPT35448	SPT35339	0
SPT35448	SPT35364	0
SPT35448	SPT35372	0
SPT35448	SPT35405	0
SPT35448	SPT35424	0
SPT35448	SPT35427	0
SPT35448	SPT35437	0.134
SPT35448	SPT35440	0
SPT35448	SPT35467	0
SPT35448	SPT35468	0.464
SPT35448	SPT35470	0
SPT35448	SPT35472	0
SPT35448	SPT35475	0
SPT35448	SPT35476	0.477
SPT35448	SPT35485	0
SPT35448	SPT35499	0
SPT35448	SPT35780	0
SPT35449	SPT35458	0
SPT35449	SPT35461	0
SPT35449	SPT35462	0
SPT35449	SPT35463	0
SPT35449	SPT35487	0
SPT35449	SPT35501	0
SPT35449	SPT35510	0
SPT35449	SPT35511	0.998
SPT35449	SPT35514	0
SPT35449	SPT35515	0
SPT35449	SPT35516	0
SPT35449	SPT35517	0
SPT35449	SPT35518	0
SPT35449	SPT35519	0
SPT35449	SPT35520	0
SPT35449	SPT35521	0
SPT35449	SPT35522	0
SPT35449	SPT35523	0
SPT35449	SPT35524	0
SPT35449	SPT35525	0.999
SPT35449	SPT35526	0.999
SPT35449	SPT35529	0.998
SPT35449	SPT35532	0
SPT35449	SPT35537	0
SPT35449	SPT35538	0
SPT35449	SPT35541	0
SPT35449	SPT35543	0
SPT35449	SPT35544	0
SPT35449	SPT35546	0
SPT35449	SPT35547	0
SPT35449	SPT35552	0
SPT35449	SPT35553	0
SPT35449	SPT35557	0
SPT35449	SPT35561	0
SPT35449	SPT35563	0
SPT35449	SPT35567	0
SPT35449	SPT35576	0
SPT35449	SPT35577	0
SPT35449	SPT35580	0
SPT35449	SPT35583	0
SPT35449	SPT35584	0
SPT35449	SPT35585	0
SPT35449	SPT35302	0
SPT35449	SPT35303	0
SPT35449	SPT35304	0
SPT35449	SPT35306	0
SPT35449	SPT35308	0
SPT35449	SPT35310	0
SPT35449	SPT35315	0
SPT35449	SPT35325	0
SPT35449	SPT35336	0
SPT35449	SPT35337	0
SPT35449	SPT35338	0
SPT35449	SPT35340	0
SPT35449	SPT35348	0
SPT35449	SPT35349	0
SPT35449	SPT35354	0
SPT35449	SPT35356	0
SPT35449	SPT35357	0
SPT35449	SPT35360	0
SPT35449	SPT35365	0
SPT35449	SPT35366	0
SPT35449	SPT35368	0
SPT35449	SPT35369	0
SPT35449	SPT35370	0
SPT35449	SPT35373	0
SPT35449	SPT35377	0
SPT35449	SPT35378	0
SPT35449	SPT35379	0
SPT35449	SPT35382	0
SPT35449	SPT35384	0
SPT35449	SPT35390	0
SPT35449	SPT35407	0
SPT35449	SPT35410	0
SPT35449	SPT35414	0
SPT35449	SPT35417	0
SPT35449	SPT35418	0
SPT35449	SPT35419	0
SPT35449	SPT35423	0
SPT35449	SPT35436	0
SPT35449	SPT35444	0
SPT35449	SPT35316	0
SPT35449	SPT35331	0
SPT35449	SPT35339	0
SPT35449	SPT35364	0
SPT35449	SPT35372	0
SPT35449	SPT35405	0
SPT35449	SPT35424	0
SPT35449	SPT35427	0
SPT35449	SPT35437	0
SPT35449	SPT35440	0
SPT35449	SPT35467	0.999
SPT35449	SPT35468	0
SPT35449	SPT35470	0
SPT35449	SPT35472	0
SPT35449	SPT35475	0.999
SPT35449	SPT35476	0
SPT35449	SPT35485	0
SPT35449	SPT35499	0
SPT35449	SPT35780	0
SPT35458	SPT35461	0.989
SPT35458	SPT35462	0
SPT35458	SPT35463	0.002
SPT35458	SPT35487	0
SPT35458	SPT35501	0
SPT35458	SPT35510	0.02
SPT35458	SPT35511	0
SPT35458	SPT35514	0
SPT35458	SPT35515	0
SPT35458	SPT35516	0
SPT35458	SPT35517	0
SPT35458	SPT35518	0.039
SPT35458	SPT35519	0
SPT35458	SPT35520	0.018
SPT35458	SPT35521	0.004
SPT35458	SPT35522	0
SPT35458	SPT35523	0
SPT35458	SPT35524	0.002
SPT35458	SPT35525	0
SPT35458	SPT35526	0
SPT35458	SPT35529	0
SPT35458	SPT35532	0
SPT35458	SPT35537	0
SPT35458	SPT35538	0
SPT35458	SPT35541	0
SPT35458	SPT35543	0.003
SPT35458	SPT35544	0.016
SPT35458	SPT35546	0
SPT35458	SPT35547	0
SPT35458	SPT35552	0
SPT35458	SPT35553	0.012
SPT35458	SPT35557	0
SPT35458	SPT35561	0
SPT35458	SPT35563	0
SPT35458	SPT35567	0
SPT35458	SPT35576	0
SPT35458	SPT35577	0
SPT35458	SPT35580	0.024
SPT35458	SPT35583	0.029
SPT35458	SPT35584	0
SPT35458	SPT35585	0
SPT35458	SPT35302	0
SPT35458	SPT35303	0
SPT35458	SPT35304	0
SPT35458	SPT35306	0
SPT35458	SPT35308	0
SPT35458	SPT35310	0.001
SPT35458	SPT35315	0.002
SPT35458	SPT35325	0
SPT35458	SPT35336	0
SPT35458	SPT35337	0
SPT35458	SPT35338	0
SPT35458	SPT35340	0
SPT35458	SPT35348	0
SPT35458	SPT35349	0
SPT35458	SPT35354	0
SPT35458	SPT35356	0
SPT35458	SPT35357	0
SPT35458	SPT35360	0
SPT35458	SPT35365	0
SPT35458	SPT35366	0
SPT35458	SPT35368	0.004
SPT35458	SPT35369	0
SPT35458	SPT35370	0
SPT35458	SPT35373	0
SPT35458	SPT35377	0
SPT35458	SPT35378	0
SPT35458	SPT35379	0
SPT35458	SPT35382	0
SPT35458	SPT35384	0
SPT35458	SPT35390	0
SPT35458	SPT35407	0
SPT35458	SPT35410	0.001
SPT35458	SPT35414	0.01
SPT35458	SPT35417	0.016
SPT35458	SPT35418	0
SPT35458	SPT35419	0
SPT35458	SPT35423	0.005
SPT35458	SPT35436	0
SPT35458	SPT35444	0
SPT35458	SPT35316	0
SPT35458	SPT35331	0
SPT35458	SPT35339	0.014
SPT35458	SPT35364	0
SPT35458	SPT35372	0
SPT35458	SPT35405	0
SPT35458	SPT35424	0.007
SPT35458	SPT35427	0
SPT35458	SPT35437	0
SPT35458	SPT35440	0
SPT35458	SPT35467	0
SPT35458	SPT35468	0
SPT35458	SPT35470	0
SPT35458	SPT35472	0
SPT35458	SPT35475	0
SPT35458	SPT35476	0
SPT35458	SPT35485	0.016
SPT35458	SPT35499	0
SPT35458	SPT35780	0.001
SPT35461	SPT35462	0
SPT35461	SPT35463	0
SPT35461	SPT35487	0
SPT35461	SPT35501	0
SPT35461	SPT35510	0.01
SPT35461	SPT35511	0
SPT35461	SPT35514	0
SPT35461	SPT35515	0
SPT35461	SPT35516	0
SPT35461	SPT35517	0
SPT35461	SPT35518	0.023
SPT35461	SPT35519	0
SPT35461	SPT35520	0.003
SPT35461	SPT35521	0.004
SPT35461	SPT35522	0
SPT35461	SPT35523	0
SPT35461	SPT35524	0
SPT35461	SPT35525	0
SPT35461	SPT35526	0
SPT35461	SPT35529	0
SPT35461	SPT35532	0
SPT35461	SPT35537	0
SPT35461	SPT35538	0
SPT35461	SPT35541	0.001
SPT35461	SPT35543	0
SPT35461	SPT35544	0.007
SPT35461	SPT35546	0
SPT35461	SPT35547	0
SPT35461	SPT35552	0
SPT35461	SPT35553	0.008
SPT35461	SPT35557	0
SPT35461	SPT35561	0
SPT35461	SPT35563	0.003
SPT35461	SPT35567	0.001
SPT35461	SPT35576	0
SPT35461	SPT35577	0
SPT35461	SPT35580	0.01
SPT35461	SPT35583	0.018
SPT35461	SPT35584	0
SPT35461	SPT35585	0
SPT35461	SPT35302	0
SPT35461	SPT35303	0
SPT35461	SPT35304	0
SPT35461	SPT35306	0
SPT35461	SPT35308	0
SPT35461	SPT35310	0.002
SPT35461	SPT35315	0
SPT35461	SPT35325	0
SPT35461	SPT35336	0
SPT35461	SPT35337	0
SPT35461	SPT35338	0
SPT35461	SPT35340	0
SPT35461	SPT35348	0
SPT35461	SPT35349	0
SPT35461	SPT35354	0
SPT35461	SPT35356	0
SPT35461	SPT35357	0.01
SPT35461	SPT35360	0
SPT35461	SPT35365	0
SPT35461	SPT35366	0
SPT35461	SPT35368	0
SPT35461	SPT35369	0
SPT35461	SPT35370	0
SPT35461	SPT35373	0
SPT35461	SPT35377	0
SPT35461	SPT35378	0
SPT35461	SPT35379	0
SPT35461	SPT35382	0
SPT35461	SPT35384	0
SPT35461	SPT35390	0
SPT35461	SPT35407	0
SPT35461	SPT35410	0
SPT35461	SPT35414	0.005
SPT35461	SPT35417	0.008
SPT35461	SPT35418	0
SPT35461	SPT35419	0
SPT35461	SPT35423	0
SPT35461	SPT35436	0
SPT35461	SPT35444	0
SPT35461	SPT35316	0
SPT35461	SPT35331	0
SPT35461	SPT35339	0
SPT35461	SPT35364	0
SPT35461	SPT35372	0
SPT35461	SPT35405	0
SPT35461	SPT35424	0.003
SPT35461	SPT35427	0
SPT35461	SPT35437	0
SPT35461	SPT35440	0
SPT35461	SPT35467	0
SPT35461	SPT35468	0
SPT35461	SPT35470	0
SPT35461	SPT35472	0
SPT35461	SPT35475	0
SPT35461	SPT35476	0
SPT35461	SPT35485	0.012
SPT35461	SPT35499	0
SPT35461	SPT35780	0
SPT35462	SPT35463	0
SPT35462	SPT35487	0
SPT35462	SPT35501	0
SPT35462	SPT35510	0
SPT35462	SPT35511	0
SPT35462	SPT35514	0
SPT35462	SPT35515	0
SPT35462	SPT35516	0
SPT35462	SPT35517	0
SPT35462	SPT35518	0
SPT35462	SPT35519	0
SPT35462	SPT35520	0
SPT35462	SPT35521	0
SPT35462	SPT35522	0.019
SPT35462	SPT35523	0
SPT35462	SPT35524	0
SPT35462	SPT35525	0
SPT35462	SPT35526	0
SPT35462	SPT35529	0
SPT35462	SPT35532	0
SPT35462	SPT35537	0
SPT35462	SPT35538	0
SPT35462	SPT35541	0
SPT35462	SPT35543	0
SPT35462	SPT35544	0
SPT35462	SPT35546	0
SPT35462	SPT35547	0
SPT35462	SPT35552	0
SPT35462	SPT35553	0
SPT35462	SPT35557	0
SPT35462	SPT35561	0
SPT35462	SPT35563	0
SPT35462	SPT35567	0
SPT35462	SPT35576	0.193
SPT35462	SPT35577	0
SPT35462	SPT35580	0
SPT35462	SPT35583	0
SPT35462	SPT35584	0
SPT35462	SPT35585	0.511
SPT35462	SPT35302	0.468
SPT35462	SPT35303	0
SPT35462	SPT35304	0
SPT35462	SPT35306	0
SPT35462	SPT35308	0
SPT35462	SPT35310	0
SPT35462	SPT35315	0
SPT35462	SPT35325	0
SPT35462	SPT35336	0
SPT35462	SPT35337	0.019
SPT35462	SPT35338	0
SPT35462	SPT35340	0
SPT35462	SPT35348	0
SPT35462	SPT35349	0
SPT35462	SPT35354	0
SPT35462	SPT35356	0
SPT35462	SPT35357	0
SPT35462	SPT35360	0.07
SPT35462	SPT35365	0
SPT35462	SPT35366	0
SPT35462	SPT35368	0
SPT35462	SPT35369	0
SPT35462	SPT35370	0
SPT35462	SPT35373	0
SPT35462	SPT35377	0
SPT35462	SPT35378	0
SPT35462	SPT35379	0.002
SPT35462	SPT35382	0
SPT35462	SPT35384	0
SPT35462	SPT35390	0.052
SPT35462	SPT35407	0.479
SPT35462	SPT35410	0
SPT35462	SPT35414	0
SPT35462	SPT35417	0
SPT35462	SPT35418	0
SPT35462	SPT35419	0.196
SPT35462	SPT35423	0
SPT35462	SPT35436	0
SPT35462	SPT35444	0
SPT35462	SPT35316	0
SPT35462	SPT35331	0.005
SPT35462	SPT35339	0
SPT35462	SPT35364	0
SPT35462	SPT35372	0.035
SPT35462	SPT35405	0.447
SPT35462	SPT35424	0
SPT35462	SPT35427	0
SPT35462	SPT35437	0
SPT35462	SPT35440	0
SPT35462	SPT35467	0
SPT35462	SPT35468	0
SPT35462	SPT35470	0.637
SPT35462	SPT35472	0
SPT35462	SPT35475	0
SPT35462	SPT35476	0
SPT35462	SPT35485	0
SPT35462	SPT35499	0
SPT35462	SPT35780	0
SPT35463	SPT35487	0
SPT35463	SPT35501	0
SPT35463	SPT35510	0
SPT35463	SPT35511	0
SPT35463	SPT35514	0
SPT35463	SPT35515	0
SPT35463	SPT35516	0
SPT35463	SPT35517	0
SPT35463	SPT35518	0.011
SPT35463	SPT35519	0
SPT35463	SPT35520	0
SPT35463	SPT35521	0
SPT35463	SPT35522	0
SPT35463	SPT35523	0
SPT35463	SPT35524	0
SPT35463	SPT35525	0
SPT35463	SPT35526	0
SPT35463	SPT35529	0
SPT35463	SPT35532	0
SPT35463	SPT35537	0.014
SPT35463	SPT35538	0.017
SPT35463	SPT35541	0
SPT35463	SPT35543	0
SPT35463	SPT35544	0.003
SPT35463	SPT35546	0
SPT35463	SPT35547	0
SPT35463	SPT35552	0.004
SPT35463	SPT35553	0
SPT35463	SPT35557	0.018
SPT35463	SPT35561	0
SPT35463	SPT35563	0.004
SPT35463	SPT35567	0.007
SPT35463	SPT35576	0
SPT35463	SPT35577	0
SPT35463	SPT35580	0.007
SPT35463	SPT35583	0.022
SPT35463	SPT35584	0
SPT35463	SPT35585	0
SPT35463	SPT35302	0
SPT35463	SPT35303	0
SPT35463	SPT35304	0
SPT35463	SPT35306	0
SPT35463	SPT35308	0
SPT35463	SPT35310	0
SPT35463	SPT35315	0.003
SPT35463	SPT35325	0.02
SPT35463	SPT35336	0
SPT35463	SPT35337	0
SPT35463	SPT35338	0.005
SPT35463	SPT35340	0
SPT35463	SPT35348	0
SPT35463	SPT35349	0.006
SPT35463	SPT35354	0.006
SPT35463	SPT35356	0.013
SPT35463	SPT35357	0
SPT35463	SPT35360	0
SPT35463	SPT35365	0.005
SPT35463	SPT35366	0.002
SPT35463	SPT35368	0.006
SPT35463	SPT35369	0
SPT35463	SPT35370	0
SPT35463	SPT35373	0
SPT35463	SPT35377	0
SPT35463	SPT35378	0
SPT35463	SPT35379	0.004
SPT35463	SPT35382	0
SPT35463	SPT35384	0
SPT35463	SPT35390	0
SPT35463	SPT35407	0
SPT35463	SPT35410	0
SPT35463	SPT35414	0
SPT35463	SPT35417	0
SPT35463	SPT35418	0
SPT35463	SPT35419	0
SPT35463	SPT35423	0
SPT35463	SPT35436	0
SPT35463	SPT35444	0
SPT35463	SPT35316	0.007
SPT35463	SPT35331	0.006
SPT35463	SPT35339	0
SPT35463	SPT35364	0.011
SPT35463	SPT35372	0.006
SPT35463	SPT35405	0
SPT35463	SPT35424	0.01
SPT35463	SPT35427	0
SPT35463	SPT35437	0
SPT35463	SPT35440	0
SPT35463	SPT35467	0
SPT35463	SPT35468	0
SPT35463	SPT35470	0
SPT35463	SPT35472	0
SPT35463	SPT35475	0
SPT35463	SPT35476	0
SPT35463	SPT35485	0
SPT35463	SPT35499	0
SPT35463	SPT35780	0.008
SPT35487	SPT35501	0
SPT35487	SPT35510	0
SPT35487	SPT35511	0
SPT35487	SPT35514	0.964
SPT35487	SPT35515	0.99
SPT35487	SPT35516	0.965
SPT35487	SPT35517	0.972
SPT35487	SPT35518	0
SPT35487	SPT35519	0
SPT35487	SPT35520	0
SPT35487	SPT35521	0
SPT35487	SPT35522	0
SPT35487	SPT35523	0.985
SPT35487	SPT35524	0
SPT35487	SPT35525	0
SPT35487	SPT35526	0
SPT35487	SPT35529	0
SPT35487	SPT35532	0.994
SPT35487	SPT35537	0
SPT35487	SPT35538	0
SPT35487	SPT35541	0
SPT35487	SPT35543	0
SPT35487	SPT35544	0
SPT35487	SPT35546	0
SPT35487	SPT35547	0
SPT35487	SPT35552	0
SPT35487	SPT35553	0
SPT35487	SPT35557	0
SPT35487	SPT35561	0.008
SPT35487	SPT35563	0
SPT35487	SPT35567	0
SPT35487	SPT35576	0
SPT35487	SPT35577	0
SPT35487	SPT35580	0
SPT35487	SPT35583	0
SPT35487	SPT35584	0
SPT35487	SPT35585	0
SPT35487	SPT35302	0
SPT35487	SPT35303	0
SPT35487	SPT35304	0
SPT35487	SPT35306	0
SPT35487	SPT35308	0
SPT35487	SPT35310	0
SPT35487	SPT35315	0
SPT35487	SPT35325	0
SPT35487	SPT35336	0
SPT35487	SPT35337	0
SPT35487	SPT35338	0
SPT35487	SPT35340	0
SPT35487	SPT35348	0
SPT35487	SPT35349	0
SPT35487	SPT35354	0
SPT35487	SPT35356	0
SPT35487	SPT35357	0
SPT35487	SPT35360	0
SPT35487	SPT35365	0
SPT35487	SPT35366	0
SPT35487	SPT35368	0
SPT35487	SPT35369	0
SPT35487	SPT35370	0
SPT35487	SPT35373	0
SPT35487	SPT35377	0
SPT35487	SPT35378	0
SPT35487	SPT35379	0
SPT35487	SPT35382	0
SPT35487	SPT35384	0
SPT35487	SPT35390	0
SPT35487	SPT35407	0
SPT35487	SPT35410	0
SPT35487	SPT35414	0
SPT35487	SPT35417	0
SPT35487	SPT35418	0
SPT35487	SPT35419	0
SPT35487	SPT35423	0
SPT35487	SPT35436	0
SPT35487	SPT35444	0
SPT35487	SPT35316	0
SPT35487	SPT35331	0
SPT35487	SPT35339	0
SPT35487	SPT35364	0
SPT35487	SPT35372	0
SPT35487	SPT35405	0
SPT35487	SPT35424	0
SPT35487	SPT35427	0
SPT35487	SPT35437	0.403
SPT35487	SPT35440	0
SPT35487	SPT35467	0
SPT35487	SPT35468	0.977
SPT35487	SPT35470	0
SPT35487	SPT35472	0
SPT35487	SPT35475	0
SPT35487	SPT35476	0.954
SPT35487	SPT35485	0
SPT35487	SPT35499	0
SPT35487	SPT35780	0
SPT35501	SPT35510	0
SPT35501	SPT35511	0
SPT35501	SPT35514	0
SPT35501	SPT35515	0
SPT35501	SPT35516	0
SPT35501	SPT35517	0
SPT35501	SPT35518	0
SPT35501	SPT35519	0
SPT35501	SPT35520	0
SPT35501	SPT35521	0
SPT35501	SPT35522	0
SPT35501	SPT35523	0
SPT35501	SPT35524	0.004
SPT35501	SPT35525	0
SPT35501	SPT35526	0
SPT35501	SPT35529	0
SPT35501	SPT35532	0
SPT35501	SPT35537	0
SPT35501	SPT35538	0
SPT35501	SPT35541	0.015
SPT35501	SPT35543	0
SPT35501	SPT35544	0
SPT35501	SPT35546	0
SPT35501	SPT35547	0
SPT35501	SPT35552	0
SPT35501	SPT35553	0.009
SPT35501	SPT35557	0.007
SPT35501	SPT35561	0
SPT35501	SPT35563	0
SPT35501	SPT35567	0
SPT35501	SPT35576	0
SPT35501	SPT35577	0.003
SPT35501	SPT35580	0
SPT35501	SPT35583	0
SPT35501	SPT35584	0
SPT35501	SPT35585	0
SPT35501	SPT35302	0
SPT35501	SPT35303	0
SPT35501	SPT35304	0
SPT35501	SPT35306	0
SPT35501	SPT35308	0
SPT35501	SPT35310	0
SPT35501	SPT35315	0.004
SPT35501	SPT35325	0
SPT35501	SPT35336	0
SPT35501	SPT35337	0
SPT35501	SPT35338	0
SPT35501	SPT35340	0
SPT35501	SPT35348	0
SPT35501	SPT35349	0
SPT35501	SPT35354	0
SPT35501	SPT35356	0
SPT35501	SPT35357	0
SPT35501	SPT35360	0
SPT35501	SPT35365	0.002
SPT35501	SPT35366	0
SPT35501	SPT35368	0
SPT35501	SPT35369	0
SPT35501	SPT35370	0
SPT35501	SPT35373	0.025
SPT35501	SPT35377	0
SPT35501	SPT35378	0
SPT35501	SPT35379	0
SPT35501	SPT35382	0
SPT35501	SPT35384	0
SPT35501	SPT35390	0
SPT35501	SPT35407	0
SPT35501	SPT35410	0
SPT35501	SPT35414	0
SPT35501	SPT35417	0
SPT35501	SPT35418	0
SPT35501	SPT35419	0
SPT35501	SPT35423	0
SPT35501	SPT35436	0.013
SPT35501	SPT35444	0
SPT35501	SPT35316	0
SPT35501	SPT35331	0
SPT35501	SPT35339	0
SPT35501	SPT35364	0
SPT35501	SPT35372	0
SPT35501	SPT35405	0
SPT35501	SPT35424	0
SPT35501	SPT35427	0.002
SPT35501	SPT35437	0
SPT35501	SPT35440	0.01
SPT35501	SPT35467	0
SPT35501	SPT35468	0
SPT35501	SPT35470	0
SPT35501	SPT35472	0.001
SPT35501	SPT35475	0
SPT35501	SPT35476	0
SPT35501	SPT35485	0
SPT35501	SPT35499	0.844
SPT35501	SPT35780	0
SPT35510	SPT35511	0
SPT35510	SPT35514	0
SPT35510	SPT35515	0
SPT35510	SPT35516	0
SPT35510	SPT35517	0
SPT35510	SPT35518	0.022
SPT35510	SPT35519	0.002
SPT35510	SPT35520	0
SPT35510	SPT35521	0
SPT35510	SPT35522	0
SPT35510	SPT35523	0
SPT35510	SPT35524	0.013
SPT35510	SPT35525	0
SPT35510	SPT35526	0
SPT35510	SPT35529	0
SPT35510	SPT35532	0
SPT35510	SPT35537	0
SPT35510	SPT35538	0
SPT35510	SPT35541	0
SPT35510	SPT35543	0.005
SPT35510	SPT35544	0
SPT35510	SPT35546	0
SPT35510	SPT35547	0
SPT35510	SPT35552	0.011
SPT35510	SPT35553	0.007
SPT35510	SPT35557	0
SPT35510	SPT35561	0.047
SPT35510	SPT35563	0
SPT35510	SPT35567	0
SPT35510	SPT35576	0
SPT35510	SPT35577	0.002
SPT35510	SPT35580	0
SPT35510	SPT35583	0.003
SPT35510	SPT35584	0
SPT35510	SPT35585	0
SPT35510	SPT35302	0
SPT35510	SPT35303	0
SPT35510	SPT35304	0
SPT35510	SPT35306	0
SPT35510	SPT35308	0
SPT35510	SPT35310	0.007
SPT35510	SPT35315	0
SPT35510	SPT35325	0
SPT35510	SPT35336	0
SPT35510	SPT35337	0
SPT35510	SPT35338	0
SPT35510	SPT35340	0
SPT35510	SPT35348	0
SPT35510	SPT35349	0
SPT35510	SPT35354	0
SPT35510	SPT35356	0.005
SPT35510	SPT35357	0
SPT35510	SPT35360	0
SPT35510	SPT35365	0
SPT35510	SPT35366	0
SPT35510	SPT35368	0
SPT35510	SPT35369	0
SPT35510	SPT35370	0
SPT35510	SPT35373	0.016
SPT35510	SPT35377	0
SPT35510	SPT35378	0
SPT35510	SPT35379	0
SPT35510	SPT35382	0
SPT35510	SPT35384	0
SPT35510	SPT35390	0
SPT35510	SPT35407	0
SPT35510	SPT35410	0.021
SPT35510	SPT35414	0
SPT35510	SPT35417	0
SPT35510	SPT35418	0
SPT35510	SPT35419	0
SPT35510	SPT35423	0
SPT35510	SPT35436	0
SPT35510	SPT35444	0.046
SPT35510	SPT35316	0.012
SPT35510	SPT35331	0
SPT35510	SPT35339	0
SPT35510	SPT35364	0.001
SPT35510	SPT35372	0.005
SPT35510	SPT35405	0
SPT35510	SPT35424	0.003
SPT35510	SPT35427	0
SPT35510	SPT35437	0
SPT35510	SPT35440	0
SPT35510	SPT35467	0
SPT35510	SPT35468	0
SPT35510	SPT35470	0
SPT35510	SPT35472	0
SPT35510	SPT35475	0
SPT35510	SPT35476	0
SPT35510	SPT35485	0
SPT35510	SPT35499	0
SPT35510	SPT35780	0.023
SPT35511	SPT35514	0
SPT35511	SPT35515	0
SPT35511	SPT35516	0
SPT35511	SPT35517	0
SPT35511	SPT35518	0
SPT35511	SPT35519	0
SPT35511	SPT35520	0
SPT35511	SPT35521	0
SPT35511	SPT35522	0
SPT35511	SPT35523	0
SPT35511	SPT35524	0
SPT35511	SPT35525	0.999
SPT35511	SPT35526	0.999
SPT35511	SPT35529	0.997
SPT35511	SPT35532	0
SPT35511	SPT35537	0
SPT35511	SPT35538	0
SPT35511	SPT35541	0
SPT35511	SPT35543	0
SPT35511	SPT35544	0
SPT35511	SPT35546	0
SPT35511	SPT35547	0
SPT35511	SPT35552	0
SPT35511	SPT35553	0
SPT35511	SPT35557	0
SPT35511	SPT35561	0
SPT35511	SPT35563	0
SPT35511	SPT35567	0
SPT35511	SPT35576	0
SPT35511	SPT35577	0
SPT35511	SPT35580	0
SPT35511	SPT35583	0
SPT35511	SPT35584	0
SPT35511	SPT35585	0
SPT35511	SPT35302	0
SPT35511	SPT35303	0
SPT35511	SPT35304	0
SPT35511	SPT35306	0
SPT35511	SPT35308	0
SPT35511	SPT35310	0
SPT35511	SPT35315	0
SPT35511	SPT35325	0
SPT35511	SPT35336	0
SPT35511	SPT35337	0
SPT35511	SPT35338	0
SPT35511	SPT35340	0
SPT35511	SPT35348	0
SPT35511	SPT35349	0
SPT35511	SPT35354	0
SPT35511	SPT35356	0
SPT35511	SPT35357	0
SPT35511	SPT35360	0
SPT35511	SPT35365	0
SPT35511	SPT35366	0
SPT35511	SPT35368	0
SPT35511	SPT35369	0
SPT35511	SPT35370	0
SPT35511	SPT35373	0
SPT35511	SPT35377	0
SPT35511	SPT35378	0
SPT35511	SPT35379	0
SPT35511	SPT35382	0
SPT35511	SPT35384	0
SPT35511	SPT35390	0
SPT35511	SPT35407	0
SPT35511	SPT35410	0
SPT35511	SPT35414	0
SPT35511	SPT35417	0
SPT35511	SPT35418	0
SPT35511	SPT35419	0
SPT35511	SPT35423	0
SPT35511	SPT35436	0
SPT35511	SPT35444	0
SPT35511	SPT35316	0
SPT35511	SPT35331	0
SPT35511	SPT35339	0
SPT35511	SPT35364	0
SPT35511	SPT35372	0
SPT35511	SPT35405	0
SPT35511	SPT35424	0
SPT35511	SPT35427	0
SPT35511	SPT35437	0
SPT35511	SPT35440	0
SPT35511	SPT35467	0.998
SPT35511	SPT35468	0
SPT35511	SPT35470	0
SPT35511	SPT35472	0
SPT35511	SPT35475	0.997
SPT35511	SPT35476	0
SPT35511	SPT35485	0
SPT35511	SPT35499	0
SPT35511	SPT35780	0
SPT35514	SPT35515	0.65
SPT35514	SPT35516	0.48
SPT35514	SPT35517	0.55
SPT35514	SPT35518	0
SPT35514	SPT35519	0
SPT35514	SPT35520	0
SPT35514	SPT35521	0
SPT35514	SPT35522	0
SPT35514	SPT35523	0.739
SPT35514	SPT35524	0
SPT35514	SPT35525	0
SPT35514	SPT35526	0
SPT35514	SPT35529	0
SPT35514	SPT35532	0.779
SPT35514	SPT35537	0
SPT35514	SPT35538	0
SPT35514	SPT35541	0
SPT35514	SPT35543	0
SPT35514	SPT35544	0
SPT35514	SPT35546	0
SPT35514	SPT35547	0
SPT35514	SPT35552	0
SPT35514	SPT35553	0
SPT35514	SPT35557	0
SPT35514	SPT35561	0
SPT35514	SPT35563	0
SPT35514	SPT35567	0
SPT35514	SPT35576	0
SPT35514	SPT35577	0
SPT35514	SPT35580	0
SPT35514	SPT35583	0
SPT35514	SPT35584	0
SPT35514	SPT35585	0
SPT35514	SPT35302	0
SPT35514	SPT35303	0
SPT35514	SPT35304	0
SPT35514	SPT35306	0
SPT35514	SPT35308	0
SPT35514	SPT35310	0
SPT35514	SPT35315	0
SPT35514	SPT35325	0
SPT35514	SPT35336	0
SPT35514	SPT35337	0
SPT35514	SPT35338	0
SPT35514	SPT35340	0
SPT35514	SPT35348	0
SPT35514	SPT35349	0
SPT35514	SPT35354	0
SPT35514	SPT35356	0
SPT35514	SPT35357	0
SPT35514	SPT35360	0
SPT35514	SPT35365	0
SPT35514	SPT35366	0
SPT35514	SPT35368	0
SPT35514	SPT35369	0
SPT35514	SPT35370	0
SPT35514	SPT35373	0
SPT35514	SPT35377	0
SPT35514	SPT35378	0
SPT35514	SPT35379	0
SPT35514	SPT35382	0
SPT35514	SPT35384	0
SPT35514	SPT35390	0
SPT35514	SPT35407	0
SPT35514	SPT35410	0
SPT35514	SPT35414	0
SPT35514	SPT35417	0
SPT35514	SPT35418	0
SPT35514	SPT35419	0
SPT35514	SPT35423	0
SPT35514	SPT35436	0
SPT35514	SPT35444	0
SPT35514	SPT35316	0
SPT35514	SPT35331	0
SPT35514	SPT35339	0
SPT35514	SPT35364	0
SPT35514	SPT35372	0
SPT35514	SPT35405	0
SPT35514	SPT35424	0
SPT35514	SPT35427	0
SPT35514	SPT35437	0.267
SPT35514	SPT35440	0
SPT35514	SPT35467	0
SPT35514	SPT35468	0.66
SPT35514	SPT35470	0
SPT35514	SPT35472	0
SPT35514	SPT35475	0
SPT35514	SPT35476	0.91
SPT35514	SPT35485	0
SPT35514	SPT35499	0
SPT35514	SPT35780	0
SPT35515	SPT35516	0.588
SPT35515	SPT35517	0.644
SPT35515	SPT35518	0
SPT35515	SPT35519	0
SPT35515	SPT35520	0
SPT35515	SPT35521	0
SPT35515	SPT35522	0
SPT35515	SPT35523	0.596
SPT35515	SPT35524	0
SPT35515	SPT35525	0
SPT35515	SPT35526	0
SPT35515	SPT35529	0
SPT35515	SPT35532	0.826
SPT35515	SPT35537	0
SPT35515	SPT35538	0
SPT35515	SPT35541	0
SPT35515	SPT35543	0
SPT35515	SPT35544	0
SPT35515	SPT35546	0
SPT35515	SPT35547	0
SPT35515	SPT35552	0
SPT35515	SPT35553	0
SPT35515	SPT35557	0
SPT35515	SPT35561	0.007
SPT35515	SPT35563	0
SPT35515	SPT35567	0
SPT35515	SPT35576	0
SPT35515	SPT35577	0
SPT35515	SPT35580	0
SPT35515	SPT35583	0
SPT35515	SPT35584	0
SPT35515	SPT35585	0
SPT35515	SPT35302	0
SPT35515	SPT35303	0
SPT35515	SPT35304	0
SPT35515	SPT35306	0
SPT35515	SPT35308	0
SPT35515	SPT35310	0
SPT35515	SPT35315	0
SPT35515	SPT35325	0
SPT35515	SPT35336	0
SPT35515	SPT35337	0
SPT35515	SPT35338	0
SPT35515	SPT35340	0
SPT35515	SPT35348	0
SPT35515	SPT35349	0
SPT35515	SPT35354	0
SPT35515	SPT35356	0
SPT35515	SPT35357	0
SPT35515	SPT35360	0
SPT35515	SPT35365	0
SPT35515	SPT35366	0
SPT35515	SPT35368	0
SPT35515	SPT35369	0
SPT35515	SPT35370	0
SPT35515	SPT35373	0
SPT35515	SPT35377	0
SPT35515	SPT35378	0
SPT35515	SPT35379	0
SPT35515	SPT35382	0
SPT35515	SPT35384	0
SPT35515	SPT35390	0
SPT35515	SPT35407	0
SPT35515	SPT35410	0
SPT35515	SPT35414	0
SPT35515	SPT35417	0
SPT35515	SPT35418	0
SPT35515	SPT35419	0
SPT35515	SPT35423	0
SPT35515	SPT35436	0
SPT35515	SPT35444	0
SPT35515	SPT35316	0
SPT35515	SPT35331	0
SPT35515	SPT35339	0
SPT35515	SPT35364	0
SPT35515	SPT35372	0
SPT35515	SPT35405	0
SPT35515	SPT35424	0
SPT35515	SPT35427	0
SPT35515	SPT35437	0.257
SPT35515	SPT35440	0
SPT35515	SPT35467	0
SPT35515	SPT35468	0.597
SPT35515	SPT35470	0
SPT35515	SPT35472	0
SPT35515	SPT35475	0
SPT35515	SPT35476	0.597
SPT35515	SPT35485	0
SPT35515	SPT35499	0
SPT35515	SPT35780	0
SPT35516	SPT35517	0.416
SPT35516	SPT35518	0
SPT35516	SPT35519	0
SPT35516	SPT35520	0
SPT35516	SPT35521	0
SPT35516	SPT35522	0
SPT35516	SPT35523	0.698
SPT35516	SPT35524	0
SPT35516	SPT35525	0
SPT35516	SPT35526	0
SPT35516	SPT35529	0
SPT35516	SPT35532	0.682
SPT35516	SPT35537	0
SPT35516	SPT35538	0
SPT35516	SPT35541	0
SPT35516	SPT35543	0
SPT35516	SPT35544	0
SPT35516	SPT35546	0
SPT35516	SPT35547	0
SPT35516	SPT35552	0
SPT35516	SPT35553	0
SPT35516	SPT35557	0
SPT35516	SPT35561	0.027
SPT35516	SPT35563	0
SPT35516	SPT35567	0
SPT35516	SPT35576	0
SPT35516	SPT35577	0
SPT35516	SPT35580	0
SPT35516	SPT35583	0
SPT35516	SPT35584	0
SPT35516	SPT35585	0
SPT35516	SPT35302	0
SPT35516	SPT35303	0
SPT35516	SPT35304	0
SPT35516	SPT35306	0
SPT35516	SPT35308	0
SPT35516	SPT35310	0
SPT35516	SPT35315	0
SPT35516	SPT35325	0
SPT35516	SPT35336	0
SPT35516	SPT35337	0
SPT35516	SPT35338	0
SPT35516	SPT35340	0
SPT35516	SPT35348	0
SPT35516	SPT35349	0
SPT35516	SPT35354	0
SPT35516	SPT35356	0
SPT35516	SPT35357	0
SPT35516	SPT35360	0
SPT35516	SPT35365	0
SPT35516	SPT35366	0
SPT35516	SPT35368	0
SPT35516	SPT35369	0
SPT35516	SPT35370	0
SPT35516	SPT35373	0
SPT35516	SPT35377	0
SPT35516	SPT35378	0
SPT35516	SPT35379	0
SPT35516	SPT35382	0
SPT35516	SPT35384	0
SPT35516	SPT35390	0
SPT35516	SPT35407	0
SPT35516	SPT35410	0
SPT35516	SPT35414	0
SPT35516	SPT35417	0
SPT35516	SPT35418	0
SPT35516	SPT35419	0
SPT35516	SPT35423	0
SPT35516	SPT35436	0
SPT35516	SPT35444	0
SPT35516	SPT35316	0
SPT35516	SPT35331	0
SPT35516	SPT35339	0
SPT35516	SPT35364	0
SPT35516	SPT35372	0
SPT35516	SPT35405	0
SPT35516	SPT35424	0
SPT35516	SPT35427	0
SPT35516	SPT35437	0.15
SPT35516	SPT35440	0
SPT35516	SPT35467	0
SPT35516	SPT35468	0.426
SPT35516	SPT35470	0
SPT35516	SPT35472	0
SPT35516	SPT35475	0
SPT35516	SPT35476	0.247
SPT35516	SPT35485	0
SPT35516	SPT35499	0
SPT35516	SPT35780	0
SPT35517	SPT35518	0
SPT35517	SPT35519	0
SPT35517	SPT35520	0
SPT35517	SPT35521	0
SPT35517	SPT35522	0
SPT35517	SPT35523	0.649
SPT35517	SPT35524	0
SPT35517	SPT35525	0
SPT35517	SPT35526	0
SPT35517	SPT35529	0
SPT35517	SPT35532	0.747
SPT35517	SPT35537	0
SPT35517	SPT35538	0
SPT35517	SPT35541	0
SPT35517	SPT35543	0
SPT35517	SPT35544	0
SPT35517	SPT35546	0
SPT35517	SPT35547	0
SPT35517	SPT35552	0
SPT35517	SPT35553	0
SPT35517	SPT35557	0
SPT35517	SPT35561	0
SPT35517	SPT35563	0
SPT35517	SPT35567	0
SPT35517	SPT35576	0
SPT35517	SPT35577	0
SPT35517	SPT35580	0
SPT35517	SPT35583	0
SPT35517	SPT35584	0
SPT35517	SPT35585	0
SPT35517	SPT35302	0
SPT35517	SPT35303	0
SPT35517	SPT35304	0
SPT35517	SPT35306	0
SPT35517	SPT35308	0
SPT35517	SPT35310	0
SPT35517	SPT35315	0
SPT35517	SPT35325	0
SPT35517	SPT35336	0
SPT35517	SPT35337	0
SPT35517	SPT35338	0
SPT35517	SPT35340	0
SPT35517	SPT35348	0
SPT35517	SPT35349	0
SPT35517	SPT35354	0
SPT35517	SPT35356	0
SPT35517	SPT35357	0
SPT35517	SPT35360	0
SPT35517	SPT35365	0
SPT35517	SPT35366	0
SPT35517	SPT35368	0
SPT35517	SPT35369	0
SPT35517	SPT35370	0
SPT35517	SPT35373	0
SPT35517	SPT35377	0
SPT35517	SPT35378	0
SPT35517	SPT35379	0
SPT35517	SPT35382	0
SPT35517	SPT35384	0
SPT35517	SPT35390	0
SPT35517	SPT35407	0
SPT35517	SPT35410	0
SPT35517	SPT35414	0
SPT35517	SPT35417	0
SPT35517	SPT35418	0
SPT35517	SPT35419	0
SPT35517	SPT35423	0
SPT35517	SPT35436	0
SPT35517	SPT35444	0
SPT35517	SPT35316	0
SPT35517	SPT35331	0
SPT35517	SPT35339	0
SPT35517	SPT35364	0
SPT35517	SPT35372	0
SPT35517	SPT35405	0
SPT35517	SPT35424	0
SPT35517	SPT35427	0
SPT35517	SPT35437	0.219
SPT35517	SPT35440	0
SPT35517	SPT35467	0
SPT35517	SPT35468	0.49
SPT35517	SPT35470	0
SPT35517	SPT35472	0
SPT35517	SPT35475	0
SPT35517	SPT35476	0.539
SPT35517	SPT35485	0
SPT35517	SPT35499	0
SPT35517	SPT35780	0
SPT35518	SPT35519	0.001
SPT35518	SPT35520	0
SPT35518	SPT35521	0.016
SPT35518	SPT35522	0
SPT35518	SPT35523	0
SPT35518	SPT35524	0.007
SPT35518	SPT35525	0
SPT35518	SPT35526	0
SPT35518	SPT35529	0
SPT35518	SPT35532	0
SPT35518	SPT35537	0
SPT35518	SPT35538	0
SPT35518	SPT35541	0.006
SPT35518	SPT35543	0
SPT35518	SPT35544	0.005
SPT35518	SPT35546	0
SPT35518	SPT35547	0
SPT35518	SPT35552	0
SPT35518	SPT35553	0.008
SPT35518	SPT35557	0.014
SPT35518	SPT35561	0
SPT35518	SPT35563	0
SPT35518	SPT35567	0
SPT35518	SPT35576	0
SPT35518	SPT35577	0
SPT35518	SPT35580	0.007
SPT35518	SPT35583	0.002
SPT35518	SPT35584	0
SPT35518	SPT35585	0
SPT35518	SPT35302	0
SPT35518	SPT35303	0.007
SPT35518	SPT35304	0
SPT35518	SPT35306	0
SPT35518	SPT35308	0
SPT35518	SPT35310	0
SPT35518	SPT35315	0.003
SPT35518	SPT35325	0
SPT35518	SPT35336	0
SPT35518	SPT35337	0
SPT35518	SPT35338	0
SPT35518	SPT35340	0
SPT35518	SPT35348	0
SPT35518	SPT35349	0.003
SPT35518	SPT35354	0
SPT35518	SPT35356	0.007
SPT35518	SPT35357	0.003
SPT35518	SPT35360	0
SPT35518	SPT35365	0.001
SPT35518	SPT35366	0
SPT35518	SPT35368	0
SPT35518	SPT35369	0
SPT35518	SPT35370	0
SPT35518	SPT35373	0.008
SPT35518	SPT35377	0
SPT35518	SPT35378	0
SPT35518	SPT35379	0
SPT35518	SPT35382	0
SPT35518	SPT35384	0
SPT35518	SPT35390	0
SPT35518	SPT35407	0
SPT35518	SPT35410	0.007
SPT35518	SPT35414	0
SPT35518	SPT35417	0
SPT35518	SPT35418	0
SPT35518	SPT35419	0
SPT35518	SPT35423	0.006
SPT35518	SPT35436	0
SPT35518	SPT35444	0
SPT35518	SPT35316	0
SPT35518	SPT35331	0
SPT35518	SPT35339	0
SPT35518	SPT35364	0
SPT35518	SPT35372	0
SPT35518	SPT35405	0
SPT35518	SPT35424	0.008
SPT35518	SPT35427	0.014
SPT35518	SPT35437	0
SPT35518	SPT35440	0.024
SPT35518	SPT35467	0
SPT35518	SPT35468	0
SPT35518	SPT35470	0
SPT35518	SPT35472	0.007
SPT35518	SPT35475	0
SPT35518	SPT35476	0
SPT35518	SPT35485	0.016
SPT35518	SPT35499	0
SPT35518	SPT35780	0
SPT35519	SPT35520	0.009
SPT35519	SPT35521	0
SPT35519	SPT35522	0
SPT35519	SPT35523	0
SPT35519	SPT35524	0
SPT35519	SPT35525	0
SPT35519	SPT35526	0
SPT35519	SPT35529	0
SPT35519	SPT35532	0
SPT35519	SPT35537	0
SPT35519	SPT35538	0
SPT35519	SPT35541	0.012
SPT35519	SPT35543	0.026
SPT35519	SPT35544	0.015
SPT35519	SPT35546	0
SPT35519	SPT35547	0
SPT35519	SPT35552	0
SPT35519	SPT35553	0.007
SPT35519	SPT35557	0.008
SPT35519	SPT35561	0
SPT35519	SPT35563	0
SPT35519	SPT35567	0
SPT35519	SPT35576	0
SPT35519	SPT35577	0
SPT35519	SPT35580	0
SPT35519	SPT35583	0.01
SPT35519	SPT35584	0
SPT35519	SPT35585	0
SPT35519	SPT35302	0
SPT35519	SPT35303	0.002
SPT35519	SPT35304	0
SPT35519	SPT35306	0
SPT35519	SPT35308	0
SPT35519	SPT35310	0.001
SPT35519	SPT35315	0
SPT35519	SPT35325	0.01
SPT35519	SPT35336	0
SPT35519	SPT35337	0
SPT35519	SPT35338	0
SPT35519	SPT35340	0
SPT35519	SPT35348	0
SPT35519	SPT35349	0.002
SPT35519	SPT35354	0
SPT35519	SPT35356	0
SPT35519	SPT35357	0.008
SPT35519	SPT35360	0
SPT35519	SPT35365	0
SPT35519	SPT35366	0.008
SPT35519	SPT35368	0.006
SPT35519	SPT35369	0
SPT35519	SPT35370	0
SPT35519	SPT35373	0.004
SPT35519	SPT35377	0
SPT35519	SPT35378	0
SPT35519	SPT35379	0.007
SPT35519	SPT35382	0
SPT35519	SPT35384	0
SPT35519	SPT35390	0.009
SPT35519	SPT35407	0
SPT35519	SPT35410	0.003
SPT35519	SPT35414	0.013
SPT35519	SPT35417	0.012
SPT35519	SPT35418	0
SPT35519	SPT35419	0
SPT35519	SPT35423	0
SPT35519	SPT35436	0
SPT35519	SPT35444	0
SPT35519	SPT35316	0
SPT35519	SPT35331	0.009
SPT35519	SPT35339	0.018
SPT35519	SPT35364	0
SPT35519	SPT35372	0
SPT35519	SPT35405	0
SPT35519	SPT35424	0.002
SPT35519	SPT35427	0.017
SPT35519	SPT35437	0
SPT35519	SPT35440	0.005
SPT35519	SPT35467	0
SPT35519	SPT35468	0
SPT35519	SPT35470	0
SPT35519	SPT35472	0.023
SPT35519	SPT35475	0
SPT35519	SPT35476	0
SPT35519	SPT35485	0
SPT35519	SPT35499	0
SPT35519	SPT35780	0.005
SPT35520	SPT35521	0.009
SPT35520	SPT35522	0
SPT35520	SPT35523	0
SPT35520	SPT35524	0
SPT35520	SPT35525	0
SPT35520	SPT35526	0
SPT35520	SPT35529	0
SPT35520	SPT35532	0
SPT35520	SPT35537	0
SPT35520	SPT35538	0
SPT35520	SPT35541	0.017
SPT35520	SPT35543	0.007
SPT35520	SPT35544	0.006
SPT35520	SPT35546	0
SPT35520	SPT35547	0
SPT35520	SPT35552	0
SPT35520	SPT35553	0.018
SPT35520	SPT35557	0.005
SPT35520	SPT35561	0
SPT35520	SPT35563	0.024
SPT35520	SPT35567	0.022
SPT35520	SPT35576	0
SPT35520	SPT35577	0
SPT35520	SPT35580	0.015
SPT35520	SPT35583	0.018
SPT35520	SPT35584	0
SPT35520	SPT35585	0
SPT35520	SPT35302	0
SPT35520	SPT35303	0
SPT35520	SPT35304	0
SPT35520	SPT35306	0
SPT35520	SPT35308	0
SPT35520	SPT35310	0.015
SPT35520	SPT35315	0.001
SPT35520	SPT35325	0.016
SPT35520	SPT35336	0
SPT35520	SPT35337	0
SPT35520	SPT35338	0.003
SPT35520	SPT35340	0
SPT35520	SPT35348	0
SPT35520	SPT35349	0.005
SPT35520	SPT35354	0
SPT35520	SPT35356	0
SPT35520	SPT35357	0
SPT35520	SPT35360	0
SPT35520	SPT35365	0
SPT35520	SPT35366	0
SPT35520	SPT35368	0.005
SPT35520	SPT35369	0
SPT35520	SPT35370	0
SPT35520	SPT35373	0.024
SPT35520	SPT35377	0
SPT35520	SPT35378	0
SPT35520	SPT35379	0
SPT35520	SPT35382	0
SPT35520	SPT35384	0
SPT35520	SPT35390	0
SPT35520	SPT35407	0
SPT35520	SPT35410	0
SPT35520	SPT35414	0
SPT35520	SPT35417	0
SPT35520	SPT35418	0
SPT35520	SPT35419	0
SPT35520	SPT35423	0.02
SPT35520	SPT35436	0.007
SPT35520	SPT35444	0
SPT35520	SPT35316	0
SPT35520	SPT35331	0
SPT35520	SPT35339	0.009
SPT35520	SPT35364	0
SPT35520	SPT35372	0.028
SPT35520	SPT35405	0
SPT35520	SPT35424	0.012
SPT35520	SPT35427	0.003
SPT35520	SPT35437	0
SPT35520	SPT35440	0
SPT35520	SPT35467	0
SPT35520	SPT35468	0
SPT35520	SPT35470	0
SPT35520	SPT35472	0.011
SPT35520	SPT35475	0
SPT35520	SPT35476	0
SPT35520	SPT35485	0.007
SPT35520	SPT35499	0.001
SPT35520	SPT35780	0.019
SPT35521	SPT35522	0
SPT35521	SPT35523	0
SPT35521	SPT35524	0.004
SPT35521	SPT35525	0
SPT35521	SPT35526	0
SPT35521	SPT35529	0
SPT35521	SPT35532	0
SPT35521	SPT35537	0
SPT35521	SPT35538	0
SPT35521	SPT35541	0
SPT35521	SPT35543	0.001
SPT35521	SPT35544	0
SPT35521	SPT35546	0.006
SPT35521	SPT35547	0.007
SPT35521	SPT35552	0
SPT35521	SPT35553	0
SPT35521	SPT35557	0.004
SPT35521	SPT35561	0
SPT35521	SPT35563	0.005
SPT35521	SPT35567	0.002
SPT35521	SPT35576	0
SPT35521	SPT35577	0.002
SPT35521	SPT35580	0
SPT35521	SPT35583	0
SPT35521	SPT35584	0.007
SPT35521	SPT35585	0
SPT35521	SPT35302	0
SPT35521	SPT35303	0
SPT35521	SPT35304	0
SPT35521	SPT35306	0.006
SPT35521	SPT35308	0
SPT35521	SPT35310	0
SPT35521	SPT35315	0
SPT35521	SPT35325	0
SPT35521	SPT35336	0
SPT35521	SPT35337	0
SPT35521	SPT35338	0
SPT35521	SPT35340	0.006
SPT35521	SPT35348	0
SPT35521	SPT35349	0
SPT35521	SPT35354	0
SPT35521	SPT35356	0
SPT35521	SPT35357	0
SPT35521	SPT35360	0
SPT35521	SPT35365	0
SPT35521	SPT35366	0
SPT35521	SPT35368	0
SPT35521	SPT35369	0
SPT35521	SPT35370	0
SPT35521	SPT35373	0
SPT35521	SPT35377	0.005
SPT35521	SPT35378	0
SPT35521	SPT35379	0
SPT35521	SPT35382	0
SPT35521	SPT35384	0
SPT35521	SPT35390	0
SPT35521	SPT35407	0
SPT35521	SPT35410	0
SPT35521	SPT35414	0
SPT35521	SPT35417	0
SPT35521	SPT35418	0
SPT35521	SPT35419	0
SPT35521	SPT35423	0
SPT35521	SPT35436	0
SPT35521	SPT35444	0
SPT35521	SPT35316	0
SPT35521	SPT35331	0
SPT35521	SPT35339	0
SPT35521	SPT35364	0
SPT35521	SPT35372	0
SPT35521	SPT35405	0
SPT35521	SPT35424	0.002
SPT35521	SPT35427	0
SPT35521	SPT35437	0
SPT35521	SPT35440	0.003
SPT35521	SPT35467	0
SPT35521	SPT35468	0
SPT35521	SPT35470	0
SPT35521	SPT35472	0
SPT35521	SPT35475	0
SPT35521	SPT35476	0
SPT35521	SPT35485	1
SPT35521	SPT35499	0
SPT35521	SPT35780	0.002
SPT35522	SPT35523	0
SPT35522	SPT35524	0.004
SPT35522	SPT35525	0
SPT35522	SPT35526	0
SPT35522	SPT35529	0
SPT35522	SPT35532	0
SPT35522	SPT35537	0
SPT35522	SPT35538	0
SPT35522	SPT35541	0.007
SPT35522	SPT35543	0
SPT35522	SPT35544	0
SPT35522	SPT35546	0
SPT35522	SPT35547	0
SPT35522	SPT35552	0
SPT35522	SPT35553	0
SPT35522	SPT35557	0
SPT35522	SPT35561	0
SPT35522	SPT35563	0.007
SPT35522	SPT35567	0.006
SPT35522	SPT35576	0.096
SPT35522	SPT35577	0
SPT35522	SPT35580	0
SPT35522	SPT35583	0
SPT35522	SPT35584	0
SPT35522	SPT35585	0.14
SPT35522	SPT35302	0.114
SPT35522	SPT35303	0
SPT35522	SPT35304	0
SPT35522	SPT35306	0
SPT35522	SPT35308	0
SPT35522	SPT35310	0.002
SPT35522	SPT35315	0
SPT35522	SPT35325	0
SPT35522	SPT35336	0
SPT35522	SPT35337	0.023
SPT35522	SPT35338	0
SPT35522	SPT35340	0
SPT35522	SPT35348	0
SPT35522	SPT35349	0.008
SPT35522	SPT35354	0
SPT35522	SPT35356	0
SPT35522	SPT35357	0.002
SPT35522	SPT35360	0.01
SPT35522	SPT35365	0
SPT35522	SPT35366	0
SPT35522	SPT35368	0
SPT35522	SPT35369	0
SPT35522	SPT35370	0.001
SPT35522	SPT35373	0
SPT35522	SPT35377	0
SPT35522	SPT35378	0
SPT35522	SPT35379	0
SPT35522	SPT35382	0
SPT35522	SPT35384	0
SPT35522	SPT35390	0.002
SPT35522	SPT35407	0.104
SPT35522	SPT35410	0
SPT35522	SPT35414	0
SPT35522	SPT35417	0
SPT35522	SPT35418	0
SPT35522	SPT35419	0.072
SPT35522	SPT35423	0
SPT35522	SPT35436	0.001
SPT35522	SPT35444	0
SPT35522	SPT35316	0
SPT35522	SPT35331	0
SPT35522	SPT35339	0.016
SPT35522	SPT35364	0
SPT35522	SPT35372	0.01
SPT35522	SPT35405	0.109
SPT35522	SPT35424	0
SPT35522	SPT35427	0
SPT35522	SPT35437	0
SPT35522	SPT35440	0
SPT35522	SPT35467	0
SPT35522	SPT35468	0
SPT35522	SPT35470	0.049
SPT35522	SPT35472	0.003
SPT35522	SPT35475	0
SPT35522	SPT35476	0
SPT35522	SPT35485	0
SPT35522	SPT35499	0
SPT35522	SPT35780	0
SPT35523	SPT35524	0
SPT35523	SPT35525	0
SPT35523	SPT35526	0
SPT35523	SPT35529	0
SPT35523	SPT35532	0.92
SPT35523	SPT35537	0
SPT35523	SPT35538	0
SPT35523	SPT35541	0
SPT35523	SPT35543	0
SPT35523	SPT35544	0
SPT35523	SPT35546	0
SPT35523	SPT35547	0
SPT35523	SPT35552	0
SPT35523	SPT35553	0
SPT35523	SPT35557	0
SPT35523	SPT35561	0.015
SPT35523	SPT35563	0
SPT35523	SPT35567	0
SPT35523	SPT35576	0
SPT35523	SPT35577	0
SPT35523	SPT35580	0
SPT35523	SPT35583	0
SPT35523	SPT35584	0
SPT35523	SPT35585	0
SPT35523	SPT35302	0
SPT35523	SPT35303	0
SPT35523	SPT35304	0
SPT35523	SPT35306	0
SPT35523	SPT35308	0
SPT35523	SPT35310	0
SPT35523	SPT35315	0
SPT35523	SPT35325	0
SPT35523	SPT35336	0
SPT35523	SPT35337	0
SPT35523	SPT35338	0
SPT35523	SPT35340	0
SPT35523	SPT35348	0
SPT35523	SPT35349	0
SPT35523	SPT35354	0
SPT35523	SPT35356	0
SPT35523	SPT35357	0
SPT35523	SPT35360	0
SPT35523	SPT35365	0
SPT35523	SPT35366	0
SPT35523	SPT35368	0
SPT35523	SPT35369	0
SPT35523	SPT35370	0
SPT35523	SPT35373	0
SPT35523	SPT35377	0
SPT35523	SPT35378	0
SPT35523	SPT35379	0
SPT35523	SPT35382	0
SPT35523	SPT35384	0
SPT35523	SPT35390	0
SPT35523	SPT35407	0
SPT35523	SPT35410	0
SPT35523	SPT35414	0
SPT35523	SPT35417	0
SPT35523	SPT35418	0
SPT35523	SPT35419	0
SPT35523	SPT35423	0
SPT35523	SPT35436	0
SPT35523	SPT35444	0
SPT35523	SPT35316	0
SPT35523	SPT35331	0
SPT35523	SPT35339	0
SPT35523	SPT35364	0
SPT35523	SPT35372	0
SPT35523	SPT35405	0
SPT35523	SPT35424	0
SPT35523	SPT35427	0
SPT35523	SPT35437	0.271
SPT35523	SPT35440	0
SPT35523	SPT35467	0
SPT35523	SPT35468	0.774
SPT35523	SPT35470	0
SPT35523	SPT35472	0
SPT35523	SPT35475	0
SPT35523	SPT35476	0.691
SPT35523	SPT35485	0
SPT35523	SPT35499	0
SPT35523	SPT35780	0
SPT35524	SPT35525	0
SPT35524	SPT35526	0
SPT35524	SPT35529	0
SPT35524	SPT35532	0
SPT35524	SPT35537	0
SPT35524	SPT35538	0
SPT35524	SPT35541	0
SPT35524	SPT35543	0.003
SPT35524	SPT35544	0
SPT35524	SPT35546	0
SPT35524	SPT35547	0
SPT35524	SPT35552	0.022
SPT35524	SPT35553	0
SPT35524	SPT35557	0
SPT35524	SPT35561	0.002
SPT35524	SPT35563	0
SPT35524	SPT35567	0
SPT35524	SPT35576	0
SPT35524	SPT35577	0
SPT35524	SPT35580	0.009
SPT35524	SPT35583	0
SPT35524	SPT35584	0
SPT35524	SPT35585	0
SPT35524	SPT35302	0
SPT35524	SPT35303	0.001
SPT35524	SPT35304	0
SPT35524	SPT35306	0
SPT35524	SPT35308	0
SPT35524	SPT35310	0
SPT35524	SPT35315	0
SPT35524	SPT35325	0.004
SPT35524	SPT35336	0.002
SPT35524	SPT35337	0
SPT35524	SPT35338	0.006
SPT35524	SPT35340	0
SPT35524	SPT35348	0
SPT35524	SPT35349	0.005
SPT35524	SPT35354	0
SPT35524	SPT35356	0
SPT35524	SPT35357	0
SPT35524	SPT35360	0
SPT35524	SPT35365	0
SPT35524	SPT35366	0.01
SPT35524	SPT35368	0
SPT35524	SPT35369	0.003
SPT35524	SPT35370	0
SPT35524	SPT35373	0.015
SPT35524	SPT35377	0
SPT35524	SPT35378	0.015
SPT35524	SPT35379	0
SPT35524	SPT35382	0
SPT35524	SPT35384	0.001
SPT35524	SPT35390	0
SPT35524	SPT35407	0
SPT35524	SPT35410	0
SPT35524	SPT35414	0
SPT35524	SPT35417	0
SPT35524	SPT35418	0.004
SPT35524	SPT35419	0
SPT35524	SPT35423	0
SPT35524	SPT35436	0.009
SPT35524	SPT35444	0
SPT35524	SPT35316	0
SPT35524	SPT35331	0
SPT35524	SPT35339	0
SPT35524	SPT35364	0
SPT35524	SPT35372	0
SPT35524	SPT35405	0
SPT35524	SPT35424	0.004
SPT35524	SPT35427	0.023
SPT35524	SPT35437	0
SPT35524	SPT35440	0
SPT35524	SPT35467	0
SPT35524	SPT35468	0
SPT35524	SPT35470	0
SPT35524	SPT35472	0.002
SPT35524	SPT35475	0
SPT35524	SPT35476	0
SPT35524	SPT35485	0.007
SPT35524	SPT35499	0
SPT35524	SPT35780	0.021
SPT35525	SPT35526	1
SPT35525	SPT35529	0.999
SPT35525	SPT35532	0
SPT35525	SPT35537	0
SPT35525	SPT35538	0
SPT35525	SPT35541	0
SPT35525	SPT35543	0
SPT35525	SPT35544	0
SPT35525	SPT35546	0
SPT35525	SPT35547	0
SPT35525	SPT35552	0
SPT35525	SPT35553	0
SPT35525	SPT35557	0
SPT35525	SPT35561	0
SPT35525	SPT35563	0
SPT35525	SPT35567	0
SPT35525	SPT35576	0
SPT35525	SPT35577	0
SPT35525	SPT35580	0
SPT35525	SPT35583	0
SPT35525	SPT35584	0
SPT35525	SPT35585	0
SPT35525	SPT35302	0
SPT35525	SPT35303	0
SPT35525	SPT35304	0
SPT35525	SPT35306	0
SPT35525	SPT35308	0
SPT35525	SPT35310	0
SPT35525	SPT35315	0
SPT35525	SPT35325	0
SPT35525	SPT35336	0
SPT35525	SPT35337	0
SPT35525	SPT35338	0
SPT35525	SPT35340	0
SPT35525	SPT35348	0
SPT35525	SPT35349	0
SPT35525	SPT35354	0
SPT35525	SPT35356	0
SPT35525	SPT35357	0
SPT35525	SPT35360	0
SPT35525	SPT35365	0
SPT35525	SPT35366	0
SPT35525	SPT35368	0
SPT35525	SPT35369	0
SPT35525	SPT35370	0
SPT35525	SPT35373	0
SPT35525	SPT35377	0
SPT35525	SPT35378	0
SPT35525	SPT35379	0
SPT35525	SPT35382	0
SPT35525	SPT35384	0
SPT35525	SPT35390	0
SPT35525	SPT35407	0
SPT35525	SPT35410	0
SPT35525	SPT35414	0
SPT35525	SPT35417	0
SPT35525	SPT35418	0
SPT35525	SPT35419	0
SPT35525	SPT35423	0
SPT35525	SPT35436	0
SPT35525	SPT35444	0
SPT35525	SPT35316	0
SPT35525	SPT35331	0
SPT35525	SPT35339	0
SPT35525	SPT35364	0
SPT35525	SPT35372	0
SPT35525	SPT35405	0
SPT35525	SPT35424	0
SPT35525	SPT35427	0
SPT35525	SPT35437	0
SPT35525	SPT35440	0
SPT35525	SPT35467	1
SPT35525	SPT35468	0
SPT35525	SPT35470	0
SPT35525	SPT35472	0
SPT35525	SPT35475	1
SPT35525	SPT35476	0
SPT35525	SPT35485	0
SPT35525	SPT35499	0
SPT35525	SPT35780	0
SPT35526	SPT35529	1
SPT35526	SPT35532	0
SPT35526	SPT35537	0
SPT35526	SPT35538	0
SPT35526	SPT35541	0
SPT35526	SPT35543	0
SPT35526	SPT35544	0
SPT35526	SPT35546	0
SPT35526	SPT35547	0
SPT35526	SPT35552	0
SPT35526	SPT35553	0
SPT35526	SPT35557	0
SPT35526	SPT35561	0
SPT35526	SPT35563	0
SPT35526	SPT35567	0
SPT35526	SPT35576	0
SPT35526	SPT35577	0
SPT35526	SPT35580	0
SPT35526	SPT35583	0
SPT35526	SPT35584	0
SPT35526	SPT35585	0
SPT35526	SPT35302	0
SPT35526	SPT35303	0
SPT35526	SPT35304	0
SPT35526	SPT35306	0
SPT35526	SPT35308	0
SPT35526	SPT35310	0
SPT35526	SPT35315	0
SPT35526	SPT35325	0
SPT35526	SPT35336	0
SPT35526	SPT35337	0
SPT35526	SPT35338	0
SPT35526	SPT35340	0
SPT35526	SPT35348	0
SPT35526	SPT35349	0
SPT35526	SPT35354	0
SPT35526	SPT35356	0
SPT35526	SPT35357	0
SPT35526	SPT35360	0
SPT35526	SPT35365	0
SPT35526	SPT35366	0
SPT35526	SPT35368	0
SPT35526	SPT35369	0
SPT35526	SPT35370	0
SPT35526	SPT35373	0
SPT35526	SPT35377	0
SPT35526	SPT35378	0
SPT35526	SPT35379	0
SPT35526	SPT35382	0
SPT35526	SPT35384	0
SPT35526	SPT35390	0
SPT35526	SPT35407	0
SPT35526	SPT35410	0
SPT35526	SPT35414	0
SPT35526	SPT35417	0
SPT35526	SPT35418	0
SPT35526	SPT35419	0
SPT35526	SPT35423	0
SPT35526	SPT35436	0
SPT35526	SPT35444	0
SPT35526	SPT35316	0
SPT35526	SPT35331	0
SPT35526	SPT35339	0
SPT35526	SPT35364	0
SPT35526	SPT35372	0
SPT35526	SPT35405	0
SPT35526	SPT35424	0
SPT35526	SPT35427	0
SPT35526	SPT35437	0
SPT35526	SPT35440	0
SPT35526	SPT35467	1
SPT35526	SPT35468	0
SPT35526	SPT35470	0
SPT35526	SPT35472	0
SPT35526	SPT35475	1
SPT35526	SPT35476	0
SPT35526	SPT35485	0
SPT35526	SPT35499	0
SPT35526	SPT35780	0
SPT35529	SPT35532	0
SPT35529	SPT35537	0
SPT35529	SPT35538	0
SPT35529	SPT35541	0
SPT35529	SPT35543	0
SPT35529	SPT35544	0
SPT35529	SPT35546	0
SPT35529	SPT35547	0
SPT35529	SPT35552	0
SPT35529	SPT35553	0
SPT35529	SPT35557	0
SPT35529	SPT35561	0
SPT35529	SPT35563	0
SPT35529	SPT35567	0
SPT35529	SPT35576	0
SPT35529	SPT35577	0
SPT35529	SPT35580	0
SPT35529	SPT35583	0
SPT35529	SPT35584	0
SPT35529	SPT35585	0
SPT35529	SPT35302	0
SPT35529	SPT35303	0
SPT35529	SPT35304	0
SPT35529	SPT35306	0
SPT35529	SPT35308	0
SPT35529	SPT35310	0
SPT35529	SPT35315	0
SPT35529	SPT35325	0
SPT35529	SPT35336	0
SPT35529	SPT35337	0
SPT35529	SPT35338	0
SPT35529	SPT35340	0
SPT35529	SPT35348	0
SPT35529	SPT35349	0
SPT35529	SPT35354	0
SPT35529	SPT35356	0
SPT35529	SPT35357	0
SPT35529	SPT35360	0
SPT35529	SPT35365	0
SPT35529	SPT35366	0
SPT35529	SPT35368	0
SPT35529	SPT35369	0
SPT35529	SPT35370	0
SPT35529	SPT35373	0
SPT35529	SPT35377	0
SPT35529	SPT35378	0
SPT35529	SPT35379	0
SPT35529	SPT35382	0
SPT35529	SPT35384	0
SPT35529	SPT35390	0
SPT35529	SPT35407	0
SPT35529	SPT35410	0
SPT35529	SPT35414	0
SPT35529	SPT35417	0
SPT35529	SPT35418	0
SPT35529	SPT35419	0
SPT35529	SPT35423	0
SPT35529	SPT35436	0
SPT35529	SPT35444	0
SPT35529	SPT35316	0
SPT35529	SPT35331	0
SPT35529	SPT35339	0
SPT35529	SPT35364	0
SPT35529	SPT35372	0
SPT35529	SPT35405	0
SPT35529	SPT35424	0
SPT35529	SPT35427	0
SPT35529	SPT35437	0
SPT35529	SPT35440	0
SPT35529	SPT35467	1
SPT35529	SPT35468	0
SPT35529	SPT35470	0
SPT35529	SPT35472	0
SPT35529	SPT35475	1
SPT35529	SPT35476	0
SPT35529	SPT35485	0
SPT35529	SPT35499	0
SPT35529	SPT35780	0
SPT35532	SPT35537	0
SPT35532	SPT35538	0
SPT35532	SPT35541	0
SPT35532	SPT35543	0
SPT35532	SPT35544	0
SPT35532	SPT35546	0
SPT35532	SPT35547	0
SPT35532	SPT35552	0
SPT35532	SPT35553	0
SPT35532	SPT35557	0
SPT35532	SPT35561	0.01
SPT35532	SPT35563	0
SPT35532	SPT35567	0
SPT35532	SPT35576	0
SPT35532	SPT35577	0
SPT35532	SPT35580	0
SPT35532	SPT35583	0
SPT35532	SPT35584	0
SPT35532	SPT35585	0
SPT35532	SPT35302	0
SPT35532	SPT35303	0
SPT35532	SPT35304	0
SPT35532	SPT35306	0
SPT35532	SPT35308	0
SPT35532	SPT35310	0
SPT35532	SPT35315	0
SPT35532	SPT35325	0
SPT35532	SPT35336	0
SPT35532	SPT35337	0
SPT35532	SPT35338	0
SPT35532	SPT35340	0
SPT35532	SPT35348	0
SPT35532	SPT35349	0
SPT35532	SPT35354	0
SPT35532	SPT35356	0
SPT35532	SPT35357	0
SPT35532	SPT35360	0
SPT35532	SPT35365	0
SPT35532	SPT35366	0
SPT35532	SPT35368	0
SPT35532	SPT35369	0
SPT35532	SPT35370	0
SPT35532	SPT35373	0
SPT35532	SPT35377	0
SPT35532	SPT35378	0
SPT35532	SPT35379	0
SPT35532	SPT35382	0
SPT35532	SPT35384	0
SPT35532	SPT35390	0
SPT35532	SPT35407	0
SPT35532	SPT35410	0
SPT35532	SPT35414	0
SPT35532	SPT35417	0
SPT35532	SPT35418	0
SPT35532	SPT35419	0
SPT35532	SPT35423	0
SPT35532	SPT35436	0
SPT35532	SPT35444	0
SPT35532	SPT35316	0
SPT35532	SPT35331	0
SPT35532	SPT35339	0
SPT35532	SPT35364	0
SPT35532	SPT35372	0
SPT35532	SPT35405	0
SPT35532	SPT35424	0
SPT35532	SPT35427	0
SPT35532	SPT35437	0.329
SPT35532	SPT35440	0
SPT35532	SPT35467	0
SPT35532	SPT35468	0.847
SPT35532	SPT35470	0
SPT35532	SPT35472	0
SPT35532	SPT35475	0
SPT35532	SPT35476	0.755
SPT35532	SPT35485	0
SPT35532	SPT35499	0
SPT35532	SPT35780	0
SPT35537	SPT35538	0.987
SPT35537	SPT35541	0
SPT35537	SPT35543	0.011
SPT35537	SPT35544	0
SPT35537	SPT35546	0
SPT35537	SPT35547	0
SPT35537	SPT35552	0
SPT35537	SPT35553	0
SPT35537	SPT35557	0
SPT35537	SPT35561	0
SPT35537	SPT35563	0
SPT35537	SPT35567	0
SPT35537	SPT35576	0
SPT35537	SPT35577	0
SPT35537	SPT35580	0
SPT35537	SPT35583	0
SPT35537	SPT35584	0
SPT35537	SPT35585	0
SPT35537	SPT35302	0
SPT35537	SPT35303	0
SPT35537	SPT35304	0
SPT35537	SPT35306	0
SPT35537	SPT35308	0
SPT35537	SPT35310	0
SPT35537	SPT35315	0
SPT35537	SPT35325	0
SPT35537	SPT35336	0
SPT35537	SPT35337	0
SPT35537	SPT35338	0
SPT35537	SPT35340	0
SPT35537	SPT35348	0
SPT35537	SPT35349	0.02
SPT35537	SPT35354	0
SPT35537	SPT35356	0
SPT35537	SPT35357	0
SPT35537	SPT35360	0
SPT35537	SPT35365	0
SPT35537	SPT35366	0
SPT35537	SPT35368	0
SPT35537	SPT35369	0.001
SPT35537	SPT35370	0
SPT35537	SPT35373	0
SPT35537	SPT35377	0
SPT35537	SPT35378	0
SPT35537	SPT35379	0
SPT35537	SPT35382	0
SPT35537	SPT35384	0
SPT35537	SPT35390	0
SPT35537	SPT35407	0
SPT35537	SPT35410	0
SPT35537	SPT35414	0
SPT35537	SPT35417	0
SPT35537	SPT35418	0
SPT35537	SPT35419	0
SPT35537	SPT35423	0
SPT35537	SPT35436	0
SPT35537	SPT35444	0
SPT35537	SPT35316	0
SPT35537	SPT35331	0
SPT35537	SPT35339	0.003
SPT35537	SPT35364	0.005
SPT35537	SPT35372	0
SPT35537	SPT35405	0
SPT35537	SPT35424	0.003
SPT35537	SPT35427	0
SPT35537	SPT35437	0
SPT35537	SPT35440	0
SPT35537	SPT35467	0
SPT35537	SPT35468	0
SPT35537	SPT35470	0
SPT35537	SPT35472	0
SPT35537	SPT35475	0
SPT35537	SPT35476	0
SPT35537	SPT35485	0
SPT35537	SPT35499	0
SPT35537	SPT35780	0
SPT35538	SPT35541	0
SPT35538	SPT35543	0.005
SPT35538	SPT35544	0
SPT35538	SPT35546	0
SPT35538	SPT35547	0
SPT35538	SPT35552	0.002
SPT35538	SPT35553	0
SPT35538	SPT35557	0.006
SPT35538	SPT35561	0
SPT35538	SPT35563	0
SPT35538	SPT35567	0
SPT35538	SPT35576	0
SPT35538	SPT35577	0
SPT35538	SPT35580	0
SPT35538	SPT35583	0
SPT35538	SPT35584	0
SPT35538	SPT35585	0
SPT35538	SPT35302	0
SPT35538	SPT35303	0
SPT35538	SPT35304	0
SPT35538	SPT35306	0
SPT35538	SPT35308	0
SPT35538	SPT35310	0
SPT35538	SPT35315	0
SPT35538	SPT35325	0
SPT35538	SPT35336	0
SPT35538	SPT35337	0
SPT35538	SPT35338	0
SPT35538	SPT35340	0
SPT35538	SPT35348	0
SPT35538	SPT35349	0.01
SPT35538	SPT35354	0
SPT35538	SPT35356	0
SPT35538	SPT35357	0
SPT35538	SPT35360	0
SPT35538	SPT35365	0
SPT35538	SPT35366	0
SPT35538	SPT35368	0
SPT35538	SPT35369	0
SPT35538	SPT35370	0
SPT35538	SPT35373	0
SPT35538	SPT35377	0
SPT35538	SPT35378	0
SPT35538	SPT35379	0
SPT35538	SPT35382	0
SPT35538	SPT35384	0
SPT35538	SPT35390	0
SPT35538	SPT35407	0
SPT35538	SPT35410	0
SPT35538	SPT35414	0
SPT35538	SPT35417	0
SPT35538	SPT35418	0
SPT35538	SPT35419	0
SPT35538	SPT35423	0
SPT35538	SPT35436	0
SPT35538	SPT35444	0
SPT35538	SPT35316	0
SPT35538	SPT35331	0
SPT35538	SPT35339	0.002
SPT35538	SPT35364	0.007
SPT35538	SPT35372	0
SPT35538	SPT35405	0
SPT35538	SPT35424	0.009
SPT35538	SPT35427	0
SPT35538	SPT35437	0
SPT35538	SPT35440	0
SPT35538	SPT35467	0
SPT35538	SPT35468	0
SPT35538	SPT35470	0
SPT35538	SPT35472	0
SPT35538	SPT35475	0
SPT35538	SPT35476	0
SPT35538	SPT35485	0
SPT35538	SPT35499	0
SPT35538	SPT35780	0
SPT35541	SPT35543	0.016
SPT35541	SPT35544	0.009
SPT35541	SPT35546	0.016
SPT35541	SPT35547	0.015
SPT35541	SPT35552	0.013
SPT35541	SPT35553	0
SPT35541	SPT35557	0.009
SPT35541	SPT35561	0.008
SPT35541	SPT35563	0
SPT35541	SPT35567	0
SPT35541	SPT35576	0
SPT35541	SPT35577	0.016
SPT35541	SPT35580	0.005
SPT35541	SPT35583	0.008
SPT35541	SPT35584	0.017
SPT35541	SPT35585	0
SPT35541	SPT35302	0
SPT35541	SPT35303	0
SPT35541	SPT35304	0
SPT35541	SPT35306	0
SPT35541	SPT35308	0
SPT35541	SPT35310	0
SPT35541	SPT35315	0
SPT35541	SPT35325	0.004
SPT35541	SPT35336	0.001
SPT35541	SPT35337	0
SPT35541	SPT35338	0
SPT35541	SPT35340	0.006
SPT35541	SPT35348	0
SPT35541	SPT35349	0
SPT35541	SPT35354	0
SPT35541	SPT35356	0.014
SPT35541	SPT35357	0
SPT35541	SPT35360	0
SPT35541	SPT35365	0.001
SPT35541	SPT35366	0.016
SPT35541	SPT35368	0
SPT35541	SPT35369	0.007
SPT35541	SPT35370	0.002
SPT35541	SPT35373	0.006
SPT35541	SPT35377	0.005
SPT35541	SPT35378	0
SPT35541	SPT35379	0
SPT35541	SPT35382	0.002
SPT35541	SPT35384	0.001
SPT35541	SPT35390	0
SPT35541	SPT35407	0
SPT35541	SPT35410	0.003
SPT35541	SPT35414	0.015
SPT35541	SPT35417	0.014
SPT35541	SPT35418	0
SPT35541	SPT35419	0
SPT35541	SPT35423	0.011
SPT35541	SPT35436	0
SPT35541	SPT35444	0.007
SPT35541	SPT35316	0.004
SPT35541	SPT35331	0
SPT35541	SPT35339	0.019
SPT35541	SPT35364	0
SPT35541	SPT35372	0.001
SPT35541	SPT35405	0
SPT35541	SPT35424	0.006
SPT35541	SPT35427	0.001
SPT35541	SPT35437	0
SPT35541	SPT35440	0.003
SPT35541	SPT35467	0
SPT35541	SPT35468	0
SPT35541	SPT35470	0
SPT35541	SPT35472	0.007
SPT35541	SPT35475	0
SPT35541	SPT35476	0
SPT35541	SPT35485	0
SPT35541	SPT35499	0.005
SPT35541	SPT35780	0
SPT35543	SPT35544	0
SPT35543	SPT35546	0
SPT35543	SPT35547	0
SPT35543	SPT35552	0
SPT35543	SPT35553	0.001
SPT35543	SPT35557	0
SPT35543	SPT35561	0.139
SPT35543	SPT35563	0.027
SPT35543	SPT35567	0.05
SPT35543	SPT35576	0
SPT35543	SPT35577	0
SPT35543	SPT35580	0
SPT35543	SPT35583	0.003
SPT35543	SPT35584	0
SPT35543	SPT35585	0
SPT35543	SPT35302	0
SPT35543	SPT35303	0
SPT35543	SPT35304	0
SPT35543	SPT35306	0
SPT35543	SPT35308	0
SPT35543	SPT35310	0
SPT35543	SPT35315	0.008
SPT35543	SPT35325	0
SPT35543	SPT35336	0
SPT35543	SPT35337	0
SPT35543	SPT35338	0
SPT35543	SPT35340	0.014
SPT35543	SPT35348	0
SPT35543	SPT35349	0.032
SPT35543	SPT35354	0
SPT35543	SPT35356	0
SPT35543	SPT35357	0
SPT35543	SPT35360	0.002
SPT35543	SPT35365	0
SPT35543	SPT35366	0.007
SPT35543	SPT35368	0
SPT35543	SPT35369	0
SPT35543	SPT35370	0
SPT35543	SPT35373	0.008
SPT35543	SPT35377	0.013
SPT35543	SPT35378	0
SPT35543	SPT35379	0
SPT35543	SPT35382	0
SPT35543	SPT35384	0
SPT35543	SPT35390	0
SPT35543	SPT35407	0
SPT35543	SPT35410	0.008
SPT35543	SPT35414	0.004
SPT35543	SPT35417	0.001
SPT35543	SPT35418	0.003
SPT35543	SPT35419	0
SPT35543	SPT35423	0.003
SPT35543	SPT35436	0.006
SPT35543	SPT35444	0
SPT35543	SPT35316	0
SPT35543	SPT35331	0
SPT35543	SPT35339	0
SPT35543	SPT35364	0
SPT35543	SPT35372	0.004
SPT35543	SPT35405	0
SPT35543	SPT35424	0.004
SPT35543	SPT35427	0.012
SPT35543	SPT35437	0
SPT35543	SPT35440	0.012
SPT35543	SPT35467	0
SPT35543	SPT35468	0
SPT35543	SPT35470	0
SPT35543	SPT35472	0.001
SPT35543	SPT35475	0
SPT35543	SPT35476	0
SPT35543	SPT35485	0.002
SPT35543	SPT35499	0
SPT35543	SPT35780	0.004
SPT35544	SPT35546	0
SPT35544	SPT35547	0
SPT35544	SPT35552	0.01
SPT35544	SPT35553	0.015
SPT35544	SPT35557	0.001
SPT35544	SPT35561	0
SPT35544	SPT35563	0
SPT35544	SPT35567	0
SPT35544	SPT35576	0
SPT35544	SPT35577	0.013
SPT35544	SPT35580	0
SPT35544	SPT35583	0.006
SPT35544	SPT35584	0
SPT35544	SPT35585	0
SPT35544	SPT35302	0
SPT35544	SPT35303	0.005
SPT35544	SPT35304	0
SPT35544	SPT35306	0
SPT35544	SPT35308	0
SPT35544	SPT35310	0
SPT35544	SPT35315	0.005
SPT35544	SPT35325	0.001
SPT35544	SPT35336	0
SPT35544	SPT35337	0.007
SPT35544	SPT35338	0
SPT35544	SPT35340	0.001
SPT35544	SPT35348	0.007
SPT35544	SPT35349	0
SPT35544	SPT35354	0
SPT35544	SPT35356	0
SPT35544	SPT35357	0.005
SPT35544	SPT35360	0
SPT35544	SPT35365	0
SPT35544	SPT35366	0
SPT35544	SPT35368	0
SPT35544	SPT35369	0.007
SPT35544	SPT35370	0
SPT35544	SPT35373	0
SPT35544	SPT35377	0.001
SPT35544	SPT35378	0.009
SPT35544	SPT35379	0.002
SPT35544	SPT35382	0
SPT35544	SPT35384	0
SPT35544	SPT35390	0
SPT35544	SPT35407	0
SPT35544	SPT35410	0
SPT35544	SPT35414	0
SPT35544	SPT35417	0.001
SPT35544	SPT35418	0
SPT35544	SPT35419	0
SPT35544	SPT35423	0.009
SPT35544	SPT35436	0.019
SPT35544	SPT35444	0.024
SPT35544	SPT35316	0
SPT35544	SPT35331	0.005
SPT35544	SPT35339	0.002
SPT35544	SPT35364	0
SPT35544	SPT35372	0
SPT35544	SPT35405	0
SPT35544	SPT35424	0.009
SPT35544	SPT35427	0
SPT35544	SPT35437	0
SPT35544	SPT35440	0.014
SPT35544	SPT35467	0
SPT35544	SPT35468	0
SPT35544	SPT35470	0
SPT35544	SPT35472	0.001
SPT35544	SPT35475	0
SPT35544	SPT35476	0
SPT35544	SPT35485	0
SPT35544	SPT35499	0
SPT35544	SPT35780	0.025
SPT35546	SPT35547	0.998
SPT35546	SPT35552	0
SPT35546	SPT35553	0
SPT35546	SPT35557	0
SPT35546	SPT35561	0
SPT35546	SPT35563	0
SPT35546	SPT35567	0
SPT35546	SPT35576	0
SPT35546	SPT35577	0.519
SPT35546	SPT35580	0
SPT35546	SPT35583	0
SPT35546	SPT35584	0.998
SPT35546	SPT35585	0
SPT35546	SPT35302	0
SPT35546	SPT35303	0
SPT35546	SPT35304	0
SPT35546	SPT35306	0
SPT35546	SPT35308	0
SPT35546	SPT35310	0
SPT35546	SPT35315	0
SPT35546	SPT35325	0
SPT35546	SPT35336	0
SPT35546	SPT35337	0
SPT35546	SPT35338	0
SPT35546	SPT35340	0
SPT35546	SPT35348	0
SPT35546	SPT35349	0
SPT35546	SPT35354	0
SPT35546	SPT35356	0
SPT35546	SPT35357	0
SPT35546	SPT35360	0
SPT35546	SPT35365	0
SPT35546	SPT35366	0
SPT35546	SPT35368	0
SPT35546	SPT35369	0
SPT35546	SPT35370	0
SPT35546	SPT35373	0
SPT35546	SPT35377	0
SPT35546	SPT35378	0
SPT35546	SPT35379	0
SPT35546	SPT35382	0
SPT35546	SPT35384	0
SPT35546	SPT35390	0
SPT35546	SPT35407	0
SPT35546	SPT35410	0
SPT35546	SPT35414	0
SPT35546	SPT35417	0
SPT35546	SPT35418	0
SPT35546	SPT35419	0
SPT35546	SPT35423	0
SPT35546	SPT35436	0
SPT35546	SPT35444	0
SPT35546	SPT35316	0
SPT35546	SPT35331	0
SPT35546	SPT35339	0
SPT35546	SPT35364	0
SPT35546	SPT35372	0
SPT35546	SPT35405	0
SPT35546	SPT35424	0.007
SPT35546	SPT35427	0
SPT35546	SPT35437	0
SPT35546	SPT35440	0
SPT35546	SPT35467	0
SPT35546	SPT35468	0
SPT35546	SPT35470	0
SPT35546	SPT35472	0
SPT35546	SPT35475	0
SPT35546	SPT35476	0
SPT35546	SPT35485	0.002
SPT35546	SPT35499	0
SPT35546	SPT35780	0
SPT35547	SPT35552	0
SPT35547	SPT35553	0
SPT35547	SPT35557	0
SPT35547	SPT35561	0
SPT35547	SPT35563	0
SPT35547	SPT35567	0
SPT35547	SPT35576	0
SPT35547	SPT35577	0.52
SPT35547	SPT35580	0
SPT35547	SPT35583	0
SPT35547	SPT35584	0.999
SPT35547	SPT35585	0
SPT35547	SPT35302	0
SPT35547	SPT35303	0
SPT35547	SPT35304	0
SPT35547	SPT35306	0
SPT35547	SPT35308	0
SPT35547	SPT35310	0
SPT35547	SPT35315	0
SPT35547	SPT35325	0
SPT35547	SPT35336	0
SPT35547	SPT35337	0
SPT35547	SPT35338	0
SPT35547	SPT35340	0
SPT35547	SPT35348	0
SPT35547	SPT35349	0
SPT35547	SPT35354	0
SPT35547	SPT35356	0
SPT35547	SPT35357	0
SPT35547	SPT35360	0
SPT35547	SPT35365	0
SPT35547	SPT35366	0
SPT35547	SPT35368	0
SPT35547	SPT35369	0
SPT35547	SPT35370	0
SPT35547	SPT35373	0
SPT35547	SPT35377	0
SPT35547	SPT35378	0
SPT35547	SPT35379	0
SPT35547	SPT35382	0
SPT35547	SPT35384	0
SPT35547	SPT35390	0
SPT35547	SPT35407	0
SPT35547	SPT35410	0
SPT35547	SPT35414	0
SPT35547	SPT35417	0
SPT35547	SPT35418	0
SPT35547	SPT35419	0
SPT35547	SPT35423	0
SPT35547	SPT35436	0
SPT35547	SPT35444	0
SPT35547	SPT35316	0
SPT35547	SPT35331	0
SPT35547	SPT35339	0
SPT35547	SPT35364	0
SPT35547	SPT35372	0
SPT35547	SPT35405	0
SPT35547	SPT35424	0.008
SPT35547	SPT35427	0
SPT35547	SPT35437	0
SPT35547	SPT35440	0
SPT35547	SPT35467	0
SPT35547	SPT35468	0
SPT35547	SPT35470	0
SPT35547	SPT35472	0
SPT35547	SPT35475	0
SPT35547	SPT35476	0
SPT35547	SPT35485	0.003
SPT35547	SPT35499	0
SPT35547	SPT35780	0
SPT35552	SPT35553	0.007
SPT35552	SPT35557	0
SPT35552	SPT35561	0
SPT35552	SPT35563	0
SPT35552	SPT35567	0
SPT35552	SPT35576	0
SPT35552	SPT35577	0
SPT35552	SPT35580	0.01
SPT35552	SPT35583	0
SPT35552	SPT35584	0
SPT35552	SPT35585	0
SPT35552	SPT35302	0
SPT35552	SPT35303	0.024
SPT35552	SPT35304	0
SPT35552	SPT35306	0.007
SPT35552	SPT35308	0
SPT35552	SPT35310	0
SPT35552	SPT35315	0
SPT35552	SPT35325	0.013
SPT35552	SPT35336	0
SPT35552	SPT35337	0
SPT35552	SPT35338	0.006
SPT35552	SPT35340	0
SPT35552	SPT35348	0.005
SPT35552	SPT35349	0.003
SPT35552	SPT35354	0.001
SPT35552	SPT35356	0.002
SPT35552	SPT35357	0
SPT35552	SPT35360	0.001
SPT35552	SPT35365	0.006
SPT35552	SPT35366	0.002
SPT35552	SPT35368	0
SPT35552	SPT35369	0
SPT35552	SPT35370	0
SPT35552	SPT35373	0.014
SPT35552	SPT35377	0
SPT35552	SPT35378	0
SPT35552	SPT35379	0
SPT35552	SPT35382	0
SPT35552	SPT35384	0
SPT35552	SPT35390	0.012
SPT35552	SPT35407	0
SPT35552	SPT35410	0.011
SPT35552	SPT35414	0.021
SPT35552	SPT35417	0.019
SPT35552	SPT35418	0.001
SPT35552	SPT35419	0
SPT35552	SPT35423	0
SPT35552	SPT35436	0
SPT35552	SPT35444	0
SPT35552	SPT35316	0
SPT35552	SPT35331	0.004
SPT35552	SPT35339	0.006
SPT35552	SPT35364	0
SPT35552	SPT35372	0
SPT35552	SPT35405	0
SPT35552	SPT35424	0.005
SPT35552	SPT35427	0
SPT35552	SPT35437	0
SPT35552	SPT35440	0.001
SPT35552	SPT35467	0
SPT35552	SPT35468	0
SPT35552	SPT35470	0
SPT35552	SPT35472	0
SPT35552	SPT35475	0
SPT35552	SPT35476	0
SPT35552	SPT35485	0
SPT35552	SPT35499	0.003
SPT35552	SPT35780	0.002
SPT35553	SPT35557	0.013
SPT35553	SPT35561	0.017
SPT35553	SPT35563	0.015
SPT35553	SPT35567	0.014
SPT35553	SPT35576	0
SPT35553	SPT35577	0
SPT35553	SPT35580	0.025
SPT35553	SPT35583	0.016
SPT35553	SPT35584	0
SPT35553	SPT35585	0
SPT35553	SPT35302	0
SPT35553	SPT35303	0
SPT35553	SPT35304	0
SPT35553	SPT35306	0
SPT35553	SPT35308	0
SPT35553	SPT35310	0
SPT35553	SPT35315	0
SPT35553	SPT35325	0.008
SPT35553	SPT35336	0.021
SPT35553	SPT35337	0
SPT35553	SPT35338	0.015
SPT35553	SPT35340	0.01
SPT35553	SPT35348	0.007
SPT35553	SPT35349	0.025
SPT35553	SPT35354	0
SPT35553	SPT35356	0
SPT35553	SPT35357	0
SPT35553	SPT35360	0
SPT35553	SPT35365	0
SPT35553	SPT35366	0
SPT35553	SPT35368	0.014
SPT35553	SPT35369	0
SPT35553	SPT35370	0
SPT35553	SPT35373	0
SPT35553	SPT35377	0.01
SPT35553	SPT35378	0
SPT35553	SPT35379	0
SPT35553	SPT35382	0
SPT35553	SPT35384	0.022
SPT35553	SPT35390	0
SPT35553	SPT35407	0
SPT35553	SPT35410	0.008
SPT35553	SPT35414	0
SPT35553	SPT35417	0
SPT35553	SPT35418	0
SPT35553	SPT35419	0
SPT35553	SPT35423	0
SPT35553	SPT35436	0.007
SPT35553	SPT35444	0
SPT35553	SPT35316	0
SPT35553	SPT35331	0.001
SPT35553	SPT35339	0.008
SPT35553	SPT35364	0
SPT35553	SPT35372	0
SPT35553	SPT35405	0
SPT35553	SPT35424	0
SPT35553	SPT35427	0
SPT35553	SPT35437	0
SPT35553	SPT35440	0.006
SPT35553	SPT35467	0
SPT35553	SPT35468	0
SPT35553	SPT35470	0
SPT35553	SPT35472	0.001
SPT35553	SPT35475	0
SPT35553	SPT35476	0
SPT35553	SPT35485	0
SPT35553	SPT35499	0.003
SPT35553	SPT35780	0
SPT35557	SPT35561	0
SPT35557	SPT35563	0
SPT35557	SPT35567	0
SPT35557	SPT35576	0
SPT35557	SPT35577	0.001
SPT35557	SPT35580	0.003
SPT35557	SPT35583	0
SPT35557	SPT35584	0
SPT35557	SPT35585	0
SPT35557	SPT35302	0
SPT35557	SPT35303	0
SPT35557	SPT35304	0
SPT35557	SPT35306	0.003
SPT35557	SPT35308	0
SPT35557	SPT35310	0.001
SPT35557	SPT35315	0
SPT35557	SPT35325	0.014
SPT35557	SPT35336	0
SPT35557	SPT35337	0
SPT35557	SPT35338	0.007
SPT35557	SPT35340	0
SPT35557	SPT35348	0
SPT35557	SPT35349	0.004
SPT35557	SPT35354	0
SPT35557	SPT35356	0
SPT35557	SPT35357	0
SPT35557	SPT35360	0
SPT35557	SPT35365	0
SPT35557	SPT35366	0.004
SPT35557	SPT35368	0.01
SPT35557	SPT35369	0.005
SPT35557	SPT35370	0.004
SPT35557	SPT35373	0.008
SPT35557	SPT35377	0
SPT35557	SPT35378	0.004
SPT35557	SPT35379	0
SPT35557	SPT35382	0.003
SPT35557	SPT35384	0
SPT35557	SPT35390	0
SPT35557	SPT35407	0
SPT35557	SPT35410	0
SPT35557	SPT35414	0
SPT35557	SPT35417	0
SPT35557	SPT35418	0
SPT35557	SPT35419	0
SPT35557	SPT35423	0.013
SPT35557	SPT35436	0.006
SPT35557	SPT35444	0.007
SPT35557	SPT35316	0.001
SPT35557	SPT35331	0
SPT35557	SPT35339	0
SPT35557	SPT35364	0.005
SPT35557	SPT35372	0
SPT35557	SPT35405	0
SPT35557	SPT35424	0
SPT35557	SPT35427	0.009
SPT35557	SPT35437	0.008
SPT35557	SPT35440	0
SPT35557	SPT35467	0
SPT35557	SPT35468	0
SPT35557	SPT35470	0
SPT35557	SPT35472	0.005
SPT35557	SPT35475	0
SPT35557	SPT35476	0
SPT35557	SPT35485	0.006
SPT35557	SPT35499	0
SPT35557	SPT35780	0.019
SPT35561	SPT35563	0
SPT35561	SPT35567	0
SPT35561	SPT35576	0
SPT35561	SPT35577	0
SPT35561	SPT35580	0.008
SPT35561	SPT35583	0
SPT35561	SPT35584	0
SPT35561	SPT35585	0
SPT35561	SPT35302	0
SPT35561	SPT35303	0
SPT35561	SPT35304	0
SPT35561	SPT35306	0
SPT35561	SPT35308	0
SPT35561	SPT35310	0.002
SPT35561	SPT35315	0
SPT35561	SPT35325	0
SPT35561	SPT35336	0
SPT35561	SPT35337	0
SPT35561	SPT35338	0
SPT35561	SPT35340	0
SPT35561	SPT35348	0
SPT35561	SPT35349	0
SPT35561	SPT35354	0
SPT35561	SPT35356	0
SPT35561	SPT35357	0
SPT35561	SPT35360	0
SPT35561	SPT35365	0
SPT35561	SPT35366	0.003
SPT35561	SPT35368	0
SPT35561	SPT35369	0
SPT35561	SPT35370	0
SPT35561	SPT35373	0
SPT35561	SPT35377	0
SPT35561	SPT35378	0
SPT35561	SPT35379	0
SPT35561	SPT35382	0
SPT35561	SPT35384	0
SPT35561	SPT35390	0
SPT35561	SPT35407	0
SPT35561	SPT35410	0.012
SPT35561	SPT35414	0
SPT35561	SPT35417	0
SPT35561	SPT35418	0
SPT35561	SPT35419	0
SPT35561	SPT35423	0
SPT35561	SPT35436	0
SPT35561	SPT35444	0
SPT35561	SPT35316	0
SPT35561	SPT35331	0
SPT35561	SPT35339	0
SPT35561	SPT35364	0.004
SPT35561	SPT35372	0
SPT35561	SPT35405	0
SPT35561	SPT35424	0.003
SPT35561	SPT35427	0.006
SPT35561	SPT35437	0.043
SPT35561	SPT35440	0
SPT35561	SPT35467	0
SPT35561	SPT35468	0.006
SPT35561	SPT35470	0
SPT35561	SPT35472	0.019
SPT35561	SPT35475	0
SPT35561	SPT35476	0
SPT35561	SPT35485	0
SPT35561	SPT35499	0
SPT35561	SPT35780	0.002
SPT35563	SPT35567	0.999
SPT35563	SPT35576	0
SPT35563	SPT35577	0
SPT35563	SPT35580	0.009
SPT35563	SPT35583	0
SPT35563	SPT35584	0
SPT35563	SPT35585	0
SPT35563	SPT35302	0
SPT35563	SPT35303	0
SPT35563	SPT35304	0
SPT35563	SPT35306	0
SPT35563	SPT35308	0
SPT35563	SPT35310	0
SPT35563	SPT35315	0
SPT35563	SPT35325	0.008
SPT35563	SPT35336	0
SPT35563	SPT35337	0
SPT35563	SPT35338	0.012
SPT35563	SPT35340	0
SPT35563	SPT35348	0
SPT35563	SPT35349	0.005
SPT35563	SPT35354	0
SPT35563	SPT35356	0
SPT35563	SPT35357	0
SPT35563	SPT35360	0
SPT35563	SPT35365	0
SPT35563	SPT35366	0
SPT35563	SPT35368	0
SPT35563	SPT35369	0
SPT35563	SPT35370	0
SPT35563	SPT35373	0
SPT35563	SPT35377	0
SPT35563	SPT35378	0
SPT35563	SPT35379	0
SPT35563	SPT35382	0
SPT35563	SPT35384	0
SPT35563	SPT35390	0
SPT35563	SPT35407	0
SPT35563	SPT35410	0
SPT35563	SPT35414	0
SPT35563	SPT35417	0
SPT35563	SPT35418	0
SPT35563	SPT35419	0
SPT35563	SPT35423	0.004
SPT35563	SPT35436	0.013
SPT35563	SPT35444	0.006
SPT35563	SPT35316	0
SPT35563	SPT35331	0
SPT35563	SPT35339	0
SPT35563	SPT35364	0
SPT35563	SPT35372	0
SPT35563	SPT35405	0
SPT35563	SPT35424	0.002
SPT35563	SPT35427	0
SPT35563	SPT35437	0
SPT35563	SPT35440	0
SPT35563	SPT35467	0
SPT35563	SPT35468	0
SPT35563	SPT35470	0
SPT35563	SPT35472	0
SPT35563	SPT35475	0
SPT35563	SPT35476	0
SPT35563	SPT35485	0.005
SPT35563	SPT35499	0
SPT35563	SPT35780	0
SPT35567	SPT35576	0
SPT35567	SPT35577	0
SPT35567	SPT35580	0.01
SPT35567	SPT35583	0
SPT35567	SPT35584	0
SPT35567	SPT35585	0
SPT35567	SPT35302	0
SPT35567	SPT35303	0
SPT35567	SPT35304	0
SPT35567	SPT35306	0
SPT35567	SPT35308	0
SPT35567	SPT35310	0
SPT35567	SPT35315	0
SPT35567	SPT35325	0.009
SPT35567	SPT35336	0
SPT35567	SPT35337	0
SPT35567	SPT35338	0.011
SPT35567	SPT35340	0
SPT35567	SPT35348	0
SPT35567	SPT35349	0.003
SPT35567	SPT35354	0
SPT35567	SPT35356	0
SPT35567	SPT35357	0
SPT35567	SPT35360	0
SPT35567	SPT35365	0
SPT35567	SPT35366	0
SPT35567	SPT35368	0
SPT35567	SPT35369	0
SPT35567	SPT35370	0
SPT35567	SPT35373	0
SPT35567	SPT35377	0
SPT35567	SPT35378	0
SPT35567	SPT35379	0
SPT35567	SPT35382	0
SPT35567	SPT35384	0
SPT35567	SPT35390	0
SPT35567	SPT35407	0
SPT35567	SPT35410	0
SPT35567	SPT35414	0
SPT35567	SPT35417	0
SPT35567	SPT35418	0
SPT35567	SPT35419	0
SPT35567	SPT35423	0.003
SPT35567	SPT35436	0.013
SPT35567	SPT35444	0.004
SPT35567	SPT35316	0
SPT35567	SPT35331	0
SPT35567	SPT35339	0
SPT35567	SPT35364	0
SPT35567	SPT35372	0
SPT35567	SPT35405	0
SPT35567	SPT35424	0.001
SPT35567	SPT35427	0.001
SPT35567	SPT35437	0
SPT35567	SPT35440	0
SPT35567	SPT35467	0
SPT35567	SPT35468	0
SPT35567	SPT35470	0
SPT35567	SPT35472	0
SPT35567	SPT35475	0
SPT35567	SPT35476	0
SPT35567	SPT35485	0
SPT35567	SPT35499	0
SPT35567	SPT35780	0
SPT35576	SPT35577	0
SPT35576	SPT35580	0
SPT35576	SPT35583	0
SPT35576	SPT35584	0
SPT35576	SPT35585	0.525
SPT35576	SPT35302	0.416
SPT35576	SPT35303	0
SPT35576	SPT35304	0
SPT35576	SPT35306	0
SPT35576	SPT35308	0
SPT35576	SPT35310	0
SPT35576	SPT35315	0
SPT35576	SPT35325	0
SPT35576	SPT35336	0
SPT35576	SPT35337	0.006
SPT35576	SPT35338	0.003
SPT35576	SPT35340	0
SPT35576	SPT35348	0
SPT35576	SPT35349	0
SPT35576	SPT35354	0
SPT35576	SPT35356	0
SPT35576	SPT35357	0
SPT35576	SPT35360	0.075
SPT35576	SPT35365	0
SPT35576	SPT35366	0
SPT35576	SPT35368	0
SPT35576	SPT35369	0
SPT35576	SPT35370	0.007
SPT35576	SPT35373	0
SPT35576	SPT35377	0
SPT35576	SPT35378	0
SPT35576	SPT35379	0
SPT35576	SPT35382	0
SPT35576	SPT35384	0
SPT35576	SPT35390	0.053
SPT35576	SPT35407	0.396
SPT35576	SPT35410	0
SPT35576	SPT35414	0.003
SPT35576	SPT35417	0.003
SPT35576	SPT35418	0
SPT35576	SPT35419	0.298
SPT35576	SPT35423	0
SPT35576	SPT35436	0
SPT35576	SPT35444	0
SPT35576	SPT35316	0
SPT35576	SPT35331	0
SPT35576	SPT35339	0
SPT35576	SPT35364	0
SPT35576	SPT35372	0.032
SPT35576	SPT35405	0.391
SPT35576	SPT35424	0
SPT35576	SPT35427	0
SPT35576	SPT35437	0
SPT35576	SPT35440	0
SPT35576	SPT35467	0
SPT35576	SPT35468	0
SPT35576	SPT35470	0.268
SPT35576	SPT35472	0
SPT35576	SPT35475	0
SPT35576	SPT35476	0
SPT35576	SPT35485	0
SPT35576	SPT35499	0
SPT35576	SPT35780	0
SPT35577	SPT35580	0
SPT35577	SPT35583	0.001
SPT35577	SPT35584	0.518
SPT35577	SPT35585	0
SPT35577	SPT35302	0
SPT35577	SPT35303	0
SPT35577	SPT35304	0
SPT35577	SPT35306	0
SPT35577	SPT35308	0
SPT35577	SPT35310	0
SPT35577	SPT35315	0
SPT35577	SPT35325	0
SPT35577	SPT35336	0
SPT35577	SPT35337	0
SPT35577	SPT35338	0
SPT35577	SPT35340	0
SPT35577	SPT35348	0.001
SPT35577	SPT35349	0
SPT35577	SPT35354	0
SPT35577	SPT35356	0
SPT35577	SPT35357	0
SPT35577	SPT35360	0
SPT35577	SPT35365	0
SPT35577	SPT35366	0.013
SPT35577	SPT35368	0.002
SPT35577	SPT35369	0
SPT35577	SPT35370	0
SPT35577	SPT35373	0
SPT35577	SPT35377	0
SPT35577	SPT35378	0
SPT35577	SPT35379	0
SPT35577	SPT35382	0
SPT35577	SPT35384	0
SPT35577	SPT35390	0
SPT35577	SPT35407	0
SPT35577	SPT35410	0.008
SPT35577	SPT35414	0
SPT35577	SPT35417	0
SPT35577	SPT35418	0
SPT35577	SPT35419	0
SPT35577	SPT35423	0
SPT35577	SPT35436	0.01
SPT35577	SPT35444	0.004
SPT35577	SPT35316	0
SPT35577	SPT35331	0
SPT35577	SPT35339	0
SPT35577	SPT35364	0
SPT35577	SPT35372	0
SPT35577	SPT35405	0
SPT35577	SPT35424	0
SPT35577	SPT35427	0
SPT35577	SPT35437	0
SPT35577	SPT35440	0.005
SPT35577	SPT35467	0
SPT35577	SPT35468	0
SPT35577	SPT35470	0
SPT35577	SPT35472	0.003
SPT35577	SPT35475	0
SPT35577	SPT35476	0
SPT35577	SPT35485	0.002
SPT35577	SPT35499	0
SPT35577	SPT35780	0
SPT35580	SPT35583	0.017
SPT35580	SPT35584	0
SPT35580	SPT35585	0
SPT35580	SPT35302	0
SPT35580	SPT35303	0
SPT35580	SPT35304	0
SPT35580	SPT35306	0
SPT35580	SPT35308	0
SPT35580	SPT35310	0
SPT35580	SPT35315	0.003
SPT35580	SPT35325	0.003
SPT35580	SPT35336	0
SPT35580	SPT35337	0
SPT35580	SPT35338	0
SPT35580	SPT35340	0
SPT35580	SPT35348	0
SPT35580	SPT35349	0.01
SPT35580	SPT35354	0
SPT35580	SPT35356	0.011
SPT35580	SPT35357	0
SPT35580	SPT35360	0
SPT35580	SPT35365	0
SPT35580	SPT35366	0
SPT35580	SPT35368	0.004
SPT35580	SPT35369	0.004
SPT35580	SPT35370	0
SPT35580	SPT35373	0
SPT35580	SPT35377	0
SPT35580	SPT35378	0.011
SPT35580	SPT35379	0
SPT35580	SPT35382	0
SPT35580	SPT35384	0
SPT35580	SPT35390	0
SPT35580	SPT35407	0
SPT35580	SPT35410	0.014
SPT35580	SPT35414	0
SPT35580	SPT35417	0
SPT35580	SPT35418	0
SPT35580	SPT35419	0
SPT35580	SPT35423	0.014
SPT35580	SPT35436	0.007
SPT35580	SPT35444	0.001
SPT35580	SPT35316	0
SPT35580	SPT35331	0.001
SPT35580	SPT35339	0.009
SPT35580	SPT35364	0
SPT35580	SPT35372	0
SPT35580	SPT35405	0
SPT35580	SPT35424	0
SPT35580	SPT35427	0
SPT35580	SPT35437	0
SPT35580	SPT35440	0.003
SPT35580	SPT35467	0
SPT35580	SPT35468	0
SPT35580	SPT35470	0
SPT35580	SPT35472	0
SPT35580	SPT35475	0
SPT35580	SPT35476	0
SPT35580	SPT35485	0
SPT35580	SPT35499	0.003
SPT35580	SPT35780	0.02
SPT35583	SPT35584	0
SPT35583	SPT35585	0
SPT35583	SPT35302	0
SPT35583	SPT35303	0
SPT35583	SPT35304	0
SPT35583	SPT35306	0
SPT35583	SPT35308	0
SPT35583	SPT35310	0
SPT35583	SPT35315	0
SPT35583	SPT35325	0
SPT35583	SPT35336	0
SPT35583	SPT35337	0
SPT35583	SPT35338	0
SPT35583	SPT35340	0
SPT35583	SPT35348	0
SPT35583	SPT35349	0.015
SPT35583	SPT35354	0.02
SPT35583	SPT35356	0.009
SPT35583	SPT35357	0
SPT35583	SPT35360	0
SPT35583	SPT35365	0.002
SPT35583	SPT35366	0.015
SPT35583	SPT35368	0.003
SPT35583	SPT35369	0
SPT35583	SPT35370	0
SPT35583	SPT35373	0
SPT35583	SPT35377	0
SPT35583	SPT35378	0
SPT35583	SPT35379	0
SPT35583	SPT35382	0.019
SPT35583	SPT35384	0
SPT35583	SPT35390	0.002
SPT35583	SPT35407	0
SPT35583	SPT35410	0.02
SPT35583	SPT35414	0.004
SPT35583	SPT35417	0.006
SPT35583	SPT35418	0
SPT35583	SPT35419	0
SPT35583	SPT35423	0
SPT35583	SPT35436	0.008
SPT35583	SPT35444	0.001
SPT35583	SPT35316	0
SPT35583	SPT35331	0
SPT35583	SPT35339	0.006
SPT35583	SPT35364	0
SPT35583	SPT35372	0
SPT35583	SPT35405	0
SPT35583	SPT35424	0.013
SPT35583	SPT35427	0.003
SPT35583	SPT35437	0
SPT35583	SPT35440	0.001
SPT35583	SPT35467	0
SPT35583	SPT35468	0
SPT35583	SPT35470	0
SPT35583	SPT35472	0.006
SPT35583	SPT35475	0
SPT35583	SPT35476	0
SPT35583	SPT35485	0.001
SPT35583	SPT35499	0
SPT35583	SPT35780	0
SPT35584	SPT35585	0
SPT35584	SPT35302	0
SPT35584	SPT35303	0
SPT35584	SPT35304	0
SPT35584	SPT35306	0
SPT35584	SPT35308	0
SPT35584	SPT35310	0
SPT35584	SPT35315	0
SPT35584	SPT35325	0
SPT35584	SPT35336	0
SPT35584	SPT35337	0
SPT35584	SPT35338	0
SPT35584	SPT35340	0
SPT35584	SPT35348	0
SPT35584	SPT35349	0
SPT35584	SPT35354	0
SPT35584	SPT35356	0
SPT35584	SPT35357	0
SPT35584	SPT35360	0
SPT35584	SPT35365	0
SPT35584	SPT35366	0
SPT35584	SPT35368	0
SPT35584	SPT35369	0
SPT35584	SPT35370	0
SPT35584	SPT35373	0
SPT35584	SPT35377	0
SPT35584	SPT35378	0
SPT35584	SPT35379	0
SPT35584	SPT35382	0
SPT35584	SPT35384	0
SPT35584	SPT35390	0
SPT35584	SPT35407	0
SPT35584	SPT35410	0
SPT35584	SPT35414	0
SPT35584	SPT35417	0
SPT35584	SPT35418	0
SPT35584	SPT35419	0
SPT35584	SPT35423	0
SPT35584	SPT35436	0
SPT35584	SPT35444	0
SPT35584	SPT35316	0
SPT35584	SPT35331	0
SPT35584	SPT35339	0
SPT35584	SPT35364	0
SPT35584	SPT35372	0
SPT35584	SPT35405	0
SPT35584	SPT35424	0.008
SPT35584	SPT35427	0
SPT35584	SPT35437	0
SPT35584	SPT35440	0
SPT35584	SPT35467	0
SPT35584	SPT35468	0
SPT35584	SPT35470	0
SPT35584	SPT35472	0
SPT35584	SPT35475	0
SPT35584	SPT35476	0
SPT35584	SPT35485	0.004
SPT35584	SPT35499	0
SPT35584	SPT35780	0
SPT35585	SPT35302	0.781
SPT35585	SPT35303	0
SPT35585	SPT35304	0
SPT35585	SPT35306	0
SPT35585	SPT35308	0
SPT35585	SPT35310	0
SPT35585	SPT35315	0
SPT35585	SPT35325	0
SPT35585	SPT35336	0
SPT35585	SPT35337	0.061
SPT35585	SPT35338	0
SPT35585	SPT35340	0
SPT35585	SPT35348	0
SPT35585	SPT35349	0
SPT35585	SPT35354	0
SPT35585	SPT35356	0
SPT35585	SPT35357	0
SPT35585	SPT35360	0.172
SPT35585	SPT35365	0
SPT35585	SPT35366	0
SPT35585	SPT35368	0
SPT35585	SPT35369	0
SPT35585	SPT35370	0.031
SPT35585	SPT35373	0
SPT35585	SPT35377	0
SPT35585	SPT35378	0
SPT35585	SPT35379	0
SPT35585	SPT35382	0
SPT35585	SPT35384	0
SPT35585	SPT35390	0.111
SPT35585	SPT35407	0.803
SPT35585	SPT35410	0
SPT35585	SPT35414	0
SPT35585	SPT35417	0
SPT35585	SPT35418	0
SPT35585	SPT35419	0.507
SPT35585	SPT35423	0
SPT35585	SPT35436	0
SPT35585	SPT35444	0
SPT35585	SPT35316	0
SPT35585	SPT35331	0
SPT35585	SPT35339	0
SPT35585	SPT35364	0
SPT35585	SPT35372	0.073
SPT35585	SPT35405	0.747
SPT35585	SPT35424	0
SPT35585	SPT35427	0
SPT35585	SPT35437	0
SPT35585	SPT35440	0
SPT35585	SPT35467	0
SPT35585	SPT35468	0
SPT35585	SPT35470	0.588
SPT35585	SPT35472	0
SPT35585	SPT35475	0
SPT35585	SPT35476	0
SPT35585	SPT35485	0
SPT35585	SPT35499	0
SPT35585	SPT35780	0
SPT35302	SPT35303	0
SPT35302	SPT35304	0
SPT35302	SPT35306	0
SPT35302	SPT35308	0
SPT35302	SPT35310	0
SPT35302	SPT35315	0
SPT35302	SPT35325	0
SPT35302	SPT35336	0
SPT35302	SPT35337	0.032
SPT35302	SPT35338	0
SPT35302	SPT35340	0
SPT35302	SPT35348	0.035
SPT35302	SPT35349	0
SPT35302	SPT35354	0
SPT35302	SPT35356	0
SPT35302	SPT35357	0
SPT35302	SPT35360	0.099
SPT35302	SPT35365	0
SPT35302	SPT35366	0
SPT35302	SPT35368	0
SPT35302	SPT35369	0
SPT35302	SPT35370	0.016
SPT35302	SPT35373	0
SPT35302	SPT35377	0
SPT35302	SPT35378	0
SPT35302	SPT35379	0
SPT35302	SPT35382	0
SPT35302	SPT35384	0
SPT35302	SPT35390	0.118
SPT35302	SPT35407	0.995
SPT35302	SPT35410	0
SPT35302	SPT35414	0
SPT35302	SPT35417	0
SPT35302	SPT35418	0
SPT35302	SPT35419	0.394
SPT35302	SPT35423	0
SPT35302	SPT35436	0
SPT35302	SPT35444	0
SPT35302	SPT35316	0
SPT35302	SPT35331	0
SPT35302	SPT35339	0
SPT35302	SPT35364	0
SPT35302	SPT35372	0.044
SPT35302	SPT35405	0.997
SPT35302	SPT35424	0
SPT35302	SPT35427	0
SPT35302	SPT35437	0
SPT35302	SPT35440	0
SPT35302	SPT35467	0
SPT35302	SPT35468	0
SPT35302	SPT35470	0.476
SPT35302	SPT35472	0
SPT35302	SPT35475	0
SPT35302	SPT35476	0
SPT35302	SPT35485	0
SPT35302	SPT35499	0
SPT35302	SPT35780	0
SPT35303	SPT35304	0.008
SPT35303	SPT35306	0.012
SPT35303	SPT35308	0.009
SPT35303	SPT35310	0
SPT35303	SPT35315	0.019
SPT35303	SPT35325	0
SPT35303	SPT35336	0.002
SPT35303	SPT35337	0
SPT35303	SPT35338	0
SPT35303	SPT35340	0.024
SPT35303	SPT35348	0.018
SPT35303	SPT35349	0
SPT35303	SPT35354	0
SPT35303	SPT35356	0.01
SPT35303	SPT35357	0.006
SPT35303	SPT35360	0
SPT35303	SPT35365	0
SPT35303	SPT35366	0
SPT35303	SPT35368	0.011
SPT35303	SPT35369	0
SPT35303	SPT35370	0
SPT35303	SPT35373	0.036
SPT35303	SPT35377	0.024
SPT35303	SPT35378	0
SPT35303	SPT35379	0
SPT35303	SPT35382	0
SPT35303	SPT35384	0.001
SPT35303	SPT35390	0
SPT35303	SPT35407	0
SPT35303	SPT35410	0
SPT35303	SPT35414	0.002
SPT35303	SPT35417	0.005
SPT35303	SPT35418	0.001
SPT35303	SPT35419	0
SPT35303	SPT35423	0
SPT35303	SPT35436	0
SPT35303	SPT35444	0
SPT35303	SPT35316	0
SPT35303	SPT35331	0
SPT35303	SPT35339	0.005
SPT35303	SPT35364	0.615
SPT35303	SPT35372	0
SPT35303	SPT35405	0
SPT35303	SPT35424	0
SPT35303	SPT35427	0.009
SPT35303	SPT35437	0
SPT35303	SPT35440	0
SPT35303	SPT35467	0
SPT35303	SPT35468	0
SPT35303	SPT35470	0
SPT35303	SPT35472	0
SPT35303	SPT35475	0
SPT35303	SPT35476	0
SPT35303	SPT35485	0
SPT35303	SPT35499	0
SPT35303	SPT35780	0
SPT35304	SPT35306	0
SPT35304	SPT35308	0.999
SPT35304	SPT35310	0.014
SPT35304	SPT35315	0.014
SPT35304	SPT35325	0
SPT35304	SPT35336	0
SPT35304	SPT35337	0
SPT35304	SPT35338	0
SPT35304	SPT35340	0.001
SPT35304	SPT35348	0.008
SPT35304	SPT35349	0
SPT35304	SPT35354	0
SPT35304	SPT35356	0.001
SPT35304	SPT35357	0
SPT35304	SPT35360	0
SPT35304	SPT35365	0
SPT35304	SPT35366	0
SPT35304	SPT35368	0
SPT35304	SPT35369	0
SPT35304	SPT35370	0
SPT35304	SPT35373	0.006
SPT35304	SPT35377	0.001
SPT35304	SPT35378	0
SPT35304	SPT35379	0.004
SPT35304	SPT35382	0
SPT35304	SPT35384	0
SPT35304	SPT35390	0.01
SPT35304	SPT35407	0
SPT35304	SPT35410	0
SPT35304	SPT35414	0
SPT35304	SPT35417	0
SPT35304	SPT35418	0
SPT35304	SPT35419	0
SPT35304	SPT35423	0
SPT35304	SPT35436	0
SPT35304	SPT35444	0
SPT35304	SPT35316	0
SPT35304	SPT35331	0.003
SPT35304	SPT35339	0
SPT35304	SPT35364	0.002
SPT35304	SPT35372	0
SPT35304	SPT35405	0
SPT35304	SPT35424	0
SPT35304	SPT35427	0
SPT35304	SPT35437	0
SPT35304	SPT35440	0
SPT35304	SPT35467	0
SPT35304	SPT35468	0
SPT35304	SPT35470	0
SPT35304	SPT35472	0
SPT35304	SPT35475	0
SPT35304	SPT35476	0
SPT35304	SPT35485	0
SPT35304	SPT35499	0
SPT35304	SPT35780	0
SPT35306	SPT35308	0
SPT35306	SPT35310	0
SPT35306	SPT35315	0
SPT35306	SPT35325	0
SPT35306	SPT35336	0
SPT35306	SPT35337	0
SPT35306	SPT35338	0.004
SPT35306	SPT35340	0
SPT35306	SPT35348	0.026
SPT35306	SPT35349	0
SPT35306	SPT35354	0.021
SPT35306	SPT35356	0.008
SPT35306	SPT35357	0.057
SPT35306	SPT35360	0
SPT35306	SPT35365	0
SPT35306	SPT35366	0.002
SPT35306	SPT35368	0
SPT35306	SPT35369	0
SPT35306	SPT35370	0
SPT35306	SPT35373	0
SPT35306	SPT35377	0
SPT35306	SPT35378	0
SPT35306	SPT35379	0.024
SPT35306	SPT35382	0
SPT35306	SPT35384	0
SPT35306	SPT35390	0.024
SPT35306	SPT35407	0
SPT35306	SPT35410	0.009
SPT35306	SPT35414	0
SPT35306	SPT35417	0
SPT35306	SPT35418	0
SPT35306	SPT35419	0
SPT35306	SPT35423	0
SPT35306	SPT35436	0
SPT35306	SPT35444	0
SPT35306	SPT35316	0.012
SPT35306	SPT35331	0.025
SPT35306	SPT35339	0.019
SPT35306	SPT35364	0
SPT35306	SPT35372	0
SPT35306	SPT35405	0
SPT35306	SPT35424	0.006
SPT35306	SPT35427	0.014
SPT35306	SPT35437	0
SPT35306	SPT35440	0
SPT35306	SPT35467	0
SPT35306	SPT35468	0
SPT35306	SPT35470	0
SPT35306	SPT35472	0
SPT35306	SPT35475	0
SPT35306	SPT35476	0
SPT35306	SPT35485	0.013
SPT35306	SPT35499	0
SPT35306	SPT35780	0
SPT35308	SPT35310	0.015
SPT35308	SPT35315	0.016
SPT35308	SPT35325	0
SPT35308	SPT35336	0
SPT35308	SPT35337	0
SPT35308	SPT35338	0
SPT35308	SPT35340	0
SPT35308	SPT35348	0.008
SPT35308	SPT35349	0
SPT35308	SPT35354	0
SPT35308	SPT35356	0.002
SPT35308	SPT35357	0
SPT35308	SPT35360	0
SPT35308	SPT35365	0
SPT35308	SPT35366	0
SPT35308	SPT35368	0
SPT35308	SPT35369	0
SPT35308	SPT35370	0
SPT35308	SPT35373	0.007
SPT35308	SPT35377	0
SPT35308	SPT35378	0
SPT35308	SPT35379	0.005
SPT35308	SPT35382	0
SPT35308	SPT35384	0
SPT35308	SPT35390	0.012
SPT35308	SPT35407	0
SPT35308	SPT35410	0
SPT35308	SPT35414	0
SPT35308	SPT35417	0
SPT35308	SPT35418	0
SPT35308	SPT35419	0
SPT35308	SPT35423	0
SPT35308	SPT35436	0
SPT35308	SPT35444	0
SPT35308	SPT35316	0
SPT35308	SPT35331	0.006
SPT35308	SPT35339	0
SPT35308	SPT35364	0.003
SPT35308	SPT35372	0
SPT35308	SPT35405	0
SPT35308	SPT35424	0
SPT35308	SPT35427	0
SPT35308	SPT35437	0
SPT35308	SPT35440	0
SPT35308	SPT35467	0
SPT35308	SPT35468	0
SPT35308	SPT35470	0
SPT35308	SPT35472	0
SPT35308	SPT35475	0
SPT35308	SPT35476	0
SPT35308	SPT35485	0
SPT35308	SPT35499	0
SPT35308	SPT35780	0
SPT35310	SPT35315	0.034
SPT35310	SPT35325	0
SPT35310	SPT35336	0
SPT35310	SPT35337	0
SPT35310	SPT35338	0
SPT35310	SPT35340	0.02
SPT35310	SPT35348	0
SPT35310	SPT35349	0
SPT35310	SPT35354	0
SPT35310	SPT35356	0
SPT35310	SPT35357	0
SPT35310	SPT35360	0
SPT35310	SPT35365	0
SPT35310	SPT35366	0
SPT35310	SPT35368	0.004
SPT35310	SPT35369	0
SPT35310	SPT35370	0
SPT35310	SPT35373	0
SPT35310	SPT35377	0.021
SPT35310	SPT35378	0
SPT35310	SPT35379	0
SPT35310	SPT35382	0
SPT35310	SPT35384	0
SPT35310	SPT35390	0
SPT35310	SPT35407	0
SPT35310	SPT35410	0
SPT35310	SPT35414	0
SPT35310	SPT35417	0
SPT35310	SPT35418	0.003
SPT35310	SPT35419	0
SPT35310	SPT35423	0
SPT35310	SPT35436	0.007
SPT35310	SPT35444	0
SPT35310	SPT35316	0
SPT35310	SPT35331	0
SPT35310	SPT35339	0.009
SPT35310	SPT35364	0
SPT35310	SPT35372	0
SPT35310	SPT35405	0
SPT35310	SPT35424	0
SPT35310	SPT35427	0
SPT35310	SPT35437	0
SPT35310	SPT35440	0.002
SPT35310	SPT35467	0
SPT35310	SPT35468	0
SPT35310	SPT35470	0
SPT35310	SPT35472	0
SPT35310	SPT35475	0
SPT35310	SPT35476	0
SPT35310	SPT35485	0.002
SPT35310	SPT35499	0
SPT35310	SPT35780	0
SPT35315	SPT35325	0
SPT35315	SPT35336	0.025
SPT35315	SPT35337	0.03
SPT35315	SPT35338	0
SPT35315	SPT35340	0
SPT35315	SPT35348	0
SPT35315	SPT35349	0.006
SPT35315	SPT35354	0
SPT35315	SPT35356	0.014
SPT35315	SPT35357	0
SPT35315	SPT35360	0
SPT35315	SPT35365	0.038
SPT35315	SPT35366	0.014
SPT35315	SPT35368	0
SPT35315	SPT35369	0.017
SPT35315	SPT35370	0
SPT35315	SPT35373	0
SPT35315	SPT35377	0
SPT35315	SPT35378	0.103
SPT35315	SPT35379	0
SPT35315	SPT35382	0
SPT35315	SPT35384	0.025
SPT35315	SPT35390	0.014
SPT35315	SPT35407	0
SPT35315	SPT35410	0.001
SPT35315	SPT35414	0
SPT35315	SPT35417	0
SPT35315	SPT35418	0.01
SPT35315	SPT35419	0
SPT35315	SPT35423	0
SPT35315	SPT35436	0.006
SPT35315	SPT35444	0.002
SPT35315	SPT35316	0
SPT35315	SPT35331	0
SPT35315	SPT35339	0
SPT35315	SPT35364	0.004
SPT35315	SPT35372	0.005
SPT35315	SPT35405	0
SPT35315	SPT35424	0
SPT35315	SPT35427	0
SPT35315	SPT35437	0
SPT35315	SPT35440	0
SPT35315	SPT35467	0
SPT35315	SPT35468	0
SPT35315	SPT35470	0
SPT35315	SPT35472	0.001
SPT35315	SPT35475	0
SPT35315	SPT35476	0
SPT35315	SPT35485	0
SPT35315	SPT35499	0
SPT35315	SPT35780	0.009
SPT35325	SPT35336	0.003
SPT35325	SPT35337	0
SPT35325	SPT35338	0
SPT35325	SPT35340	0
SPT35325	SPT35348	0
SPT35325	SPT35349	0
SPT35325	SPT35354	0
SPT35325	SPT35356	0
SPT35325	SPT35357	0
SPT35325	SPT35360	0
SPT35325	SPT35365	0
SPT35325	SPT35366	0
SPT35325	SPT35368	0.025
SPT35325	SPT35369	0
SPT35325	SPT35370	0
SPT35325	SPT35373	0.012
SPT35325	SPT35377	0
SPT35325	SPT35378	0.009
SPT35325	SPT35379	0
SPT35325	SPT35382	0
SPT35325	SPT35384	0.005
SPT35325	SPT35390	0
SPT35325	SPT35407	0
SPT35325	SPT35410	0
SPT35325	SPT35414	0
SPT35325	SPT35417	0
SPT35325	SPT35418	0.004
SPT35325	SPT35419	0
SPT35325	SPT35423	0
SPT35325	SPT35436	0
SPT35325	SPT35444	0
SPT35325	SPT35316	0
SPT35325	SPT35331	0
SPT35325	SPT35339	0.005
SPT35325	SPT35364	0.001
SPT35325	SPT35372	0
SPT35325	SPT35405	0
SPT35325	SPT35424	0
SPT35325	SPT35427	0.001
SPT35325	SPT35437	0
SPT35325	SPT35440	0
SPT35325	SPT35467	0
SPT35325	SPT35468	0
SPT35325	SPT35470	0
SPT35325	SPT35472	0
SPT35325	SPT35475	0
SPT35325	SPT35476	0
SPT35325	SPT35485	0
SPT35325	SPT35499	0
SPT35325	SPT35780	0
SPT35336	SPT35337	0.012
SPT35336	SPT35338	0
SPT35336	SPT35340	0
SPT35336	SPT35348	0.014
SPT35336	SPT35349	0
SPT35336	SPT35354	0
SPT35336	SPT35356	0.002
SPT35336	SPT35357	0
SPT35336	SPT35360	0.013
SPT35336	SPT35365	0
SPT35336	SPT35366	0.014
SPT35336	SPT35368	0.01
SPT35336	SPT35369	0
SPT35336	SPT35370	0
SPT35336	SPT35373	0
SPT35336	SPT35377	0
SPT35336	SPT35378	0.012
SPT35336	SPT35379	0
SPT35336	SPT35382	0.008
SPT35336	SPT35384	0.999
SPT35336	SPT35390	0
SPT35336	SPT35407	0
SPT35336	SPT35410	0
SPT35336	SPT35414	0
SPT35336	SPT35417	0
SPT35336	SPT35418	0
SPT35336	SPT35419	0
SPT35336	SPT35423	0
SPT35336	SPT35436	0
SPT35336	SPT35444	0
SPT35336	SPT35316	0
SPT35336	SPT35331	0.004
SPT35336	SPT35339	0
SPT35336	SPT35364	0
SPT35336	SPT35372	0
SPT35336	SPT35405	0
SPT35336	SPT35424	0
SPT35336	SPT35427	0
SPT35336	SPT35437	0
SPT35336	SPT35440	0
SPT35336	SPT35467	0
SPT35336	SPT35468	0
SPT35336	SPT35470	0
SPT35336	SPT35472	0
SPT35336	SPT35475	0
SPT35336	SPT35476	0
SPT35336	SPT35485	0
SPT35336	SPT35499	0
SPT35336	SPT35780	0
SPT35337	SPT35338	0
SPT35337	SPT35340	0
SPT35337	SPT35348	0.026
SPT35337	SPT35349	0
SPT35337	SPT35354	0.051
SPT35337	SPT35356	0
SPT35337	SPT35357	0.016
SPT35337	SPT35360	0
SPT35337	SPT35365	0.034
SPT35337	SPT35366	0
SPT35337	SPT35368	0.011
SPT35337	SPT35369	0.022
SPT35337	SPT35370	0
SPT35337	SPT35373	0
SPT35337	SPT35377	0
SPT35337	SPT35378	0.006
SPT35337	SPT35379	0.005
SPT35337	SPT35382	0
SPT35337	SPT35384	0.015
SPT35337	SPT35390	0
SPT35337	SPT35407	0.045
SPT35337	SPT35410	0
SPT35337	SPT35414	0
SPT35337	SPT35417	0
SPT35337	SPT35418	0.018
SPT35337	SPT35419	0.01
SPT35337	SPT35423	0
SPT35337	SPT35436	0
SPT35337	SPT35444	0
SPT35337	SPT35316	0.066
SPT35337	SPT35331	0
SPT35337	SPT35339	0
SPT35337	SPT35364	0
SPT35337	SPT35372	0
SPT35337	SPT35405	0.027
SPT35337	SPT35424	0
SPT35337	SPT35427	0
SPT35337	SPT35437	0
SPT35337	SPT35440	0
SPT35337	SPT35467	0
SPT35337	SPT35468	0
SPT35337	SPT35470	0.033
SPT35337	SPT35472	0
SPT35337	SPT35475	0
SPT35337	SPT35476	0
SPT35337	SPT35485	0.003
SPT35337	SPT35499	0
SPT35337	SPT35780	0
SPT35338	SPT35340	0
SPT35338	SPT35348	0.01
SPT35338	SPT35349	0
SPT35338	SPT35354	0
SPT35338	SPT35356	0.051
SPT35338	SPT35357	0.02
SPT35338	SPT35360	0
SPT35338	SPT35365	0.011
SPT35338	SPT35366	0
SPT35338	SPT35368	0.002
SPT35338	SPT35369	0.03
SPT35338	SPT35370	0.161
SPT35338	SPT35373	0.019
SPT35338	SPT35377	0
SPT35338	SPT35378	0.028
SPT35338	SPT35379	0
SPT35338	SPT35382	0
SPT35338	SPT35384	0
SPT35338	SPT35390	0.009
SPT35338	SPT35407	0
SPT35338	SPT35410	0
SPT35338	SPT35414	0
SPT35338	SPT35417	0
SPT35338	SPT35418	0
SPT35338	SPT35419	0.07
SPT35338	SPT35423	0
SPT35338	SPT35436	0.005
SPT35338	SPT35444	0
SPT35338	SPT35316	0.005
SPT35338	SPT35331	0.004
SPT35338	SPT35339	0.001
SPT35338	SPT35364	0
SPT35338	SPT35372	0
SPT35338	SPT35405	0
SPT35338	SPT35424	0
SPT35338	SPT35427	0.039
SPT35338	SPT35437	0
SPT35338	SPT35440	0.004
SPT35338	SPT35467	0
SPT35338	SPT35468	0
SPT35338	SPT35470	0
SPT35338	SPT35472	0
SPT35338	SPT35475	0
SPT35338	SPT35476	0
SPT35338	SPT35485	0
SPT35338	SPT35499	0
SPT35338	SPT35780	0.016
SPT35340	SPT35348	0.005
SPT35340	SPT35349	0
SPT35340	SPT35354	0
SPT35340	SPT35356	0
SPT35340	SPT35357	0
SPT35340	SPT35360	0
SPT35340	SPT35365	0
SPT35340	SPT35366	0
SPT35340	SPT35368	0
SPT35340	SPT35369	0
SPT35340	SPT35370	0
SPT35340	SPT35373	0
SPT35340	SPT35377	0.999
SPT35340	SPT35378	0
SPT35340	SPT35379	0
SPT35340	SPT35382	0
SPT35340	SPT35384	0
SPT35340	SPT35390	0.007
SPT35340	SPT35407	0
SPT35340	SPT35410	0
SPT35340	SPT35414	0.004
SPT35340	SPT35417	0.002
SPT35340	SPT35418	0
SPT35340	SPT35419	0
SPT35340	SPT35423	0
SPT35340	SPT35436	0
SPT35340	SPT35444	0
SPT35340	SPT35316	0
SPT35340	SPT35331	0
SPT35340	SPT35339	0
SPT35340	SPT35364	0.025
SPT35340	SPT35372	0
SPT35340	SPT35405	0
SPT35340	SPT35424	0
SPT35340	SPT35427	0
SPT35340	SPT35437	0
SPT35340	SPT35440	0
SPT35340	SPT35467	0
SPT35340	SPT35468	0
SPT35340	SPT35470	0
SPT35340	SPT35472	0.004
SPT35340	SPT35475	0
SPT35340	SPT35476	0
SPT35340	SPT35485	0.009
SPT35340	SPT35499	0
SPT35340	SPT35780	0.001
SPT35348	SPT35349	0
SPT35348	SPT35354	0
SPT35348	SPT35356	0
SPT35348	SPT35357	0
SPT35348	SPT35360	0
SPT35348	SPT35365	0.042
SPT35348	SPT35366	0.004
SPT35348	SPT35368	0
SPT35348	SPT35369	0
SPT35348	SPT35370	0
SPT35348	SPT35373	0
SPT35348	SPT35377	0.005
SPT35348	SPT35378	0
SPT35348	SPT35379	0
SPT35348	SPT35382	0
SPT35348	SPT35384	0.016
SPT35348	SPT35390	0
SPT35348	SPT35407	0.013
SPT35348	SPT35410	0
SPT35348	SPT35414	0
SPT35348	SPT35417	0
SPT35348	SPT35418	0.005
SPT35348	SPT35419	0
SPT35348	SPT35423	0.008
SPT35348	SPT35436	0
SPT35348	SPT35444	0
SPT35348	SPT35316	0.001
SPT35348	SPT35331	0
SPT35348	SPT35339	0
SPT35348	SPT35364	0.004
SPT35348	SPT35372	0.032
SPT35348	SPT35405	0.038
SPT35348	SPT35424	0
SPT35348	SPT35427	0
SPT35348	SPT35437	0
SPT35348	SPT35440	0.003
SPT35348	SPT35467	0
SPT35348	SPT35468	0
SPT35348	SPT35470	0
SPT35348	SPT35472	0
SPT35348	SPT35475	0
SPT35348	SPT35476	0
SPT35348	SPT35485	0
SPT35348	SPT35499	0
SPT35348	SPT35780	0
SPT35349	SPT35354	0
SPT35349	SPT35356	0
SPT35349	SPT35357	0.001
SPT35349	SPT35360	0
SPT35349	SPT35365	0.009
SPT35349	SPT35366	0
SPT35349	SPT35368	0.001
SPT35349	SPT35369	0.006
SPT35349	SPT35370	0.002
SPT35349	SPT35373	0.009
SPT35349	SPT35377	0
SPT35349	SPT35378	0
SPT35349	SPT35379	0
SPT35349	SPT35382	0
SPT35349	SPT35384	0
SPT35349	SPT35390	0
SPT35349	SPT35407	0
SPT35349	SPT35410	0.029
SPT35349	SPT35414	0.014
SPT35349	SPT35417	0.013
SPT35349	SPT35418	0
SPT35349	SPT35419	0
SPT35349	SPT35423	0.005
SPT35349	SPT35436	0
SPT35349	SPT35444	0.011
SPT35349	SPT35316	0
SPT35349	SPT35331	0
SPT35349	SPT35339	0
SPT35349	SPT35364	0
SPT35349	SPT35372	0.005
SPT35349	SPT35405	0
SPT35349	SPT35424	0.018
SPT35349	SPT35427	0
SPT35349	SPT35437	0
SPT35349	SPT35440	0
SPT35349	SPT35467	0
SPT35349	SPT35468	0
SPT35349	SPT35470	0
SPT35349	SPT35472	0
SPT35349	SPT35475	0
SPT35349	SPT35476	0
SPT35349	SPT35485	0
SPT35349	SPT35499	0
SPT35349	SPT35780	0
SPT35354	SPT35356	0.139
SPT35354	SPT35357	0
SPT35354	SPT35360	0
SPT35354	SPT35365	0
SPT35354	SPT35366	0.318
SPT35354	SPT35368	0
SPT35354	SPT35369	0
SPT35354	SPT35370	0.194
SPT35354	SPT35373	0
SPT35354	SPT35377	0
SPT35354	SPT35378	0
SPT35354	SPT35379	0
SPT35354	SPT35382	0.59
SPT35354	SPT35384	0
SPT35354	SPT35390	0.019
SPT35354	SPT35407	0
SPT35354	SPT35410	0
SPT35354	SPT35414	0
SPT35354	SPT35417	0
SPT35354	SPT35418	0.008
SPT35354	SPT35419	0
SPT35354	SPT35423	0.004
SPT35354	SPT35436	0
SPT35354	SPT35444	0
SPT35354	SPT35316	0.32
SPT35354	SPT35331	0
SPT35354	SPT35339	0
SPT35354	SPT35364	0.012
SPT35354	SPT35372	0
SPT35354	SPT35405	0
SPT35354	SPT35424	0
SPT35354	SPT35427	0
SPT35354	SPT35437	0
SPT35354	SPT35440	0
SPT35354	SPT35467	0
SPT35354	SPT35468	0
SPT35354	SPT35470	0
SPT35354	SPT35472	0
SPT35354	SPT35475	0
SPT35354	SPT35476	0
SPT35354	SPT35485	0
SPT35354	SPT35499	0
SPT35354	SPT35780	0
SPT35356	SPT35357	0
SPT35356	SPT35360	0
SPT35356	SPT35365	0.007
SPT35356	SPT35366	0.117
SPT35356	SPT35368	0.001
SPT35356	SPT35369	0.018
SPT35356	SPT35370	0.043
SPT35356	SPT35373	0
SPT35356	SPT35377	0
SPT35356	SPT35378	0.02
SPT35356	SPT35379	0.029
SPT35356	SPT35382	0.2
SPT35356	SPT35384	0.001
SPT35356	SPT35390	0
SPT35356	SPT35407	0
SPT35356	SPT35410	0.01
SPT35356	SPT35414	0
SPT35356	SPT35417	0
SPT35356	SPT35418	0
SPT35356	SPT35419	0
SPT35356	SPT35423	0
SPT35356	SPT35436	0.011
SPT35356	SPT35444	0
SPT35356	SPT35316	0.106
SPT35356	SPT35331	0.033
SPT35356	SPT35339	0
SPT35356	SPT35364	0.013
SPT35356	SPT35372	0.006
SPT35356	SPT35405	0
SPT35356	SPT35424	0.003
SPT35356	SPT35427	0.009
SPT35356	SPT35437	0
SPT35356	SPT35440	0.006
SPT35356	SPT35467	0
SPT35356	SPT35468	0
SPT35356	SPT35470	0
SPT35356	SPT35472	0.01
SPT35356	SPT35475	0
SPT35356	SPT35476	0
SPT35356	SPT35485	0
SPT35356	SPT35499	0
SPT35356	SPT35780	0
SPT35357	SPT35360	0
SPT35357	SPT35365	0.031
SPT35357	SPT35366	0
SPT35357	SPT35368	0
SPT35357	SPT35369	0
SPT35357	SPT35370	0
SPT35357	SPT35373	0.037
SPT35357	SPT35377	0
SPT35357	SPT35378	0
SPT35357	SPT35379	0
SPT35357	SPT35382	0
SPT35357	SPT35384	0
SPT35357	SPT35390	0
SPT35357	SPT35407	0
SPT35357	SPT35410	0
SPT35357	SPT35414	0
SPT35357	SPT35417	0
SPT35357	SPT35418	0.13
SPT35357	SPT35419	0
SPT35357	SPT35423	0
SPT35357	SPT35436	0.014
SPT35357	SPT35444	0
SPT35357	SPT35316	0.016
SPT35357	SPT35331	0
SPT35357	SPT35339	0.001
SPT35357	SPT35364	0.006
SPT35357	SPT35372	0
SPT35357	SPT35405	0
SPT35357	SPT35424	0
SPT35357	SPT35427	0
SPT35357	SPT35437	0
SPT35357	SPT35440	0
SPT35357	SPT35467	0
SPT35357	SPT35468	0
SPT35357	SPT35470	0
SPT35357	SPT35472	0
SPT35357	SPT35475	0
SPT35357	SPT35476	0
SPT35357	SPT35485	0
SPT35357	SPT35499	0
SPT35357	SPT35780	0
SPT35360	SPT35365	0.045
SPT35360	SPT35366	0
SPT35360	SPT35368	0
SPT35360	SPT35369	0
SPT35360	SPT35370	0
SPT35360	SPT35373	0
SPT35360	SPT35377	0
SPT35360	SPT35378	0
SPT35360	SPT35379	0
SPT35360	SPT35382	0
SPT35360	SPT35384	0.013
SPT35360	SPT35390	0.004
SPT35360	SPT35407	0.094
SPT35360	SPT35410	0
SPT35360	SPT35414	0
SPT35360	SPT35417	0
SPT35360	SPT35418	0
SPT35360	SPT35419	0.074
SPT35360	SPT35423	0
SPT35360	SPT35436	0.002
SPT35360	SPT35444	0
SPT35360	SPT35316	0
SPT35360	SPT35331	0
SPT35360	SPT35339	0.011
SPT35360	SPT35364	0
SPT35360	SPT35372	0.016
SPT35360	SPT35405	0.098
SPT35360	SPT35424	0
SPT35360	SPT35427	0.008
SPT35360	SPT35437	0
SPT35360	SPT35440	0
SPT35360	SPT35467	0
SPT35360	SPT35468	0
SPT35360	SPT35470	0.093
SPT35360	SPT35472	0
SPT35360	SPT35475	0
SPT35360	SPT35476	0
SPT35360	SPT35485	0
SPT35360	SPT35499	0
SPT35360	SPT35780	0
SPT35365	SPT35366	0.005
SPT35365	SPT35368	0.072
SPT35365	SPT35369	0
SPT35365	SPT35370	0.01
SPT35365	SPT35373	0.034
SPT35365	SPT35377	0
SPT35365	SPT35378	0.02
SPT35365	SPT35379	0.032
SPT35365	SPT35382	0.005
SPT35365	SPT35384	0
SPT35365	SPT35390	0.002
SPT35365	SPT35407	0
SPT35365	SPT35410	0
SPT35365	SPT35414	0
SPT35365	SPT35417	0
SPT35365	SPT35418	0.015
SPT35365	SPT35419	0
SPT35365	SPT35423	0.006
SPT35365	SPT35436	0
SPT35365	SPT35444	0
SPT35365	SPT35316	0
SPT35365	SPT35331	0.034
SPT35365	SPT35339	0
SPT35365	SPT35364	0
SPT35365	SPT35372	0.025
SPT35365	SPT35405	0
SPT35365	SPT35424	0.009
SPT35365	SPT35427	0
SPT35365	SPT35437	0
SPT35365	SPT35440	0.001
SPT35365	SPT35467	0
SPT35365	SPT35468	0
SPT35365	SPT35470	0.004
SPT35365	SPT35472	0.008
SPT35365	SPT35475	0
SPT35365	SPT35476	0
SPT35365	SPT35485	0
SPT35365	SPT35499	0
SPT35365	SPT35780	0
SPT35366	SPT35368	0
SPT35366	SPT35369	0.022
SPT35366	SPT35370	0.165
SPT35366	SPT35373	0
SPT35366	SPT35377	0
SPT35366	SPT35378	0.015
SPT35366	SPT35379	0
SPT35366	SPT35382	0.497
SPT35366	SPT35384	0.014
SPT35366	SPT35390	0
SPT35366	SPT35407	0
SPT35366	SPT35410	0
SPT35366	SPT35414	0
SPT35366	SPT35417	0
SPT35366	SPT35418	0.006
SPT35366	SPT35419	0
SPT35366	SPT35423	0.014
SPT35366	SPT35436	0.001
SPT35366	SPT35444	0
SPT35366	SPT35316	0.213
SPT35366	SPT35331	0
SPT35366	SPT35339	0.001
SPT35366	SPT35364	0.006
SPT35366	SPT35372	0
SPT35366	SPT35405	0
SPT35366	SPT35424	0
SPT35366	SPT35427	0.014
SPT35366	SPT35437	0
SPT35366	SPT35440	0.006
SPT35366	SPT35467	0
SPT35366	SPT35468	0
SPT35366	SPT35470	0
SPT35366	SPT35472	0
SPT35366	SPT35475	0
SPT35366	SPT35476	0
SPT35366	SPT35485	0
SPT35366	SPT35499	0
SPT35366	SPT35780	0.002
SPT35368	SPT35369	0
SPT35368	SPT35370	0
SPT35368	SPT35373	0
SPT35368	SPT35377	0
SPT35368	SPT35378	0
SPT35368	SPT35379	0.051
SPT35368	SPT35382	0
SPT35368	SPT35384	0.01
SPT35368	SPT35390	0.004
SPT35368	SPT35407	0
SPT35368	SPT35410	0
SPT35368	SPT35414	0
SPT35368	SPT35417	0
SPT35368	SPT35418	0.002
SPT35368	SPT35419	0
SPT35368	SPT35423	0.012
SPT35368	SPT35436	0.004
SPT35368	SPT35444	0
SPT35368	SPT35316	0
SPT35368	SPT35331	0.053
SPT35368	SPT35339	0.001
SPT35368	SPT35364	0.016
SPT35368	SPT35372	0
SPT35368	SPT35405	0
SPT35368	SPT35424	0
SPT35368	SPT35427	0
SPT35368	SPT35437	0
SPT35368	SPT35440	0
SPT35368	SPT35467	0
SPT35368	SPT35468	0
SPT35368	SPT35470	0
SPT35368	SPT35472	0
SPT35368	SPT35475	0
SPT35368	SPT35476	0
SPT35368	SPT35485	0
SPT35368	SPT35499	0
SPT35368	SPT35780	0
SPT35369	SPT35370	0.155
SPT35369	SPT35373	0.008
SPT35369	SPT35377	0
SPT35369	SPT35378	0.994
SPT35369	SPT35379	0
SPT35369	SPT35382	0
SPT35369	SPT35384	0
SPT35369	SPT35390	0.004
SPT35369	SPT35407	0
SPT35369	SPT35410	0
SPT35369	SPT35414	0
SPT35369	SPT35417	0
SPT35369	SPT35418	0.021
SPT35369	SPT35419	0.096
SPT35369	SPT35423	0.01
SPT35369	SPT35436	0.007
SPT35369	SPT35444	0
SPT35369	SPT35316	0
SPT35369	SPT35331	0
SPT35369	SPT35339	0.003
SPT35369	SPT35364	0
SPT35369	SPT35372	0
SPT35369	SPT35405	0
SPT35369	SPT35424	0
SPT35369	SPT35427	0.006
SPT35369	SPT35437	0
SPT35369	SPT35440	0.003
SPT35369	SPT35467	0
SPT35369	SPT35468	0
SPT35369	SPT35470	0
SPT35369	SPT35472	0.004
SPT35369	SPT35475	0
SPT35369	SPT35476	0
SPT35369	SPT35485	0
SPT35369	SPT35499	0
SPT35369	SPT35780	0.001
SPT35370	SPT35373	0
SPT35370	SPT35377	0
SPT35370	SPT35378	0.152
SPT35370	SPT35379	0
SPT35370	SPT35382	0.338
SPT35370	SPT35384	0
SPT35370	SPT35390	0.008
SPT35370	SPT35407	0.025
SPT35370	SPT35410	0
SPT35370	SPT35414	0
SPT35370	SPT35417	0
SPT35370	SPT35418	0
SPT35370	SPT35419	0.193
SPT35370	SPT35423	0
SPT35370	SPT35436	0
SPT35370	SPT35444	0
SPT35370	SPT35316	0.156
SPT35370	SPT35331	0
SPT35370	SPT35339	0
SPT35370	SPT35364	0
SPT35370	SPT35372	0
SPT35370	SPT35405	0
SPT35370	SPT35424	0
SPT35370	SPT35427	0
SPT35370	SPT35437	0
SPT35370	SPT35440	0
SPT35370	SPT35467	0
SPT35370	SPT35468	0
SPT35370	SPT35470	0
SPT35370	SPT35472	0
SPT35370	SPT35475	0
SPT35370	SPT35476	0
SPT35370	SPT35485	0
SPT35370	SPT35499	0
SPT35370	SPT35780	0.009
SPT35373	SPT35377	0
SPT35373	SPT35378	0.044
SPT35373	SPT35379	0.021
SPT35373	SPT35382	0
SPT35373	SPT35384	0
SPT35373	SPT35390	0.004
SPT35373	SPT35407	0
SPT35373	SPT35410	0.019
SPT35373	SPT35414	0
SPT35373	SPT35417	0
SPT35373	SPT35418	0.024
SPT35373	SPT35419	0
SPT35373	SPT35423	0.005
SPT35373	SPT35436	0
SPT35373	SPT35444	0
SPT35373	SPT35316	0
SPT35373	SPT35331	0.024
SPT35373	SPT35339	0
SPT35373	SPT35364	0.037
SPT35373	SPT35372	0
SPT35373	SPT35405	0
SPT35373	SPT35424	0.002
SPT35373	SPT35427	0
SPT35373	SPT35437	0
SPT35373	SPT35440	0.004
SPT35373	SPT35467	0
SPT35373	SPT35468	0
SPT35373	SPT35470	0
SPT35373	SPT35472	0.002
SPT35373	SPT35475	0
SPT35373	SPT35476	0
SPT35373	SPT35485	0
SPT35373	SPT35499	0.012
SPT35373	SPT35780	0.015
SPT35377	SPT35378	0
SPT35377	SPT35379	0
SPT35377	SPT35382	0
SPT35377	SPT35384	0
SPT35377	SPT35390	0.007
SPT35377	SPT35407	0
SPT35377	SPT35410	0
SPT35377	SPT35414	0.003
SPT35377	SPT35417	0.001
SPT35377	SPT35418	0
SPT35377	SPT35419	0
SPT35377	SPT35423	0
SPT35377	SPT35436	0
SPT35377	SPT35444	0
SPT35377	SPT35316	0
SPT35377	SPT35331	0
SPT35377	SPT35339	0
SPT35377	SPT35364	0.027
SPT35377	SPT35372	0
SPT35377	SPT35405	0
SPT35377	SPT35424	0
SPT35377	SPT35427	0
SPT35377	SPT35437	0
SPT35377	SPT35440	0
SPT35377	SPT35467	0
SPT35377	SPT35468	0
SPT35377	SPT35470	0
SPT35377	SPT35472	0.004
SPT35377	SPT35475	0
SPT35377	SPT35476	0
SPT35377	SPT35485	0.009
SPT35377	SPT35499	0
SPT35377	SPT35780	0
SPT35378	SPT35379	0
SPT35378	SPT35382	0
SPT35378	SPT35384	0.013
SPT35378	SPT35390	0.003
SPT35378	SPT35407	0
SPT35378	SPT35410	0.014
SPT35378	SPT35414	0
SPT35378	SPT35417	0
SPT35378	SPT35418	0.039
SPT35378	SPT35419	0.074
SPT35378	SPT35423	0.011
SPT35378	SPT35436	0
SPT35378	SPT35444	0
SPT35378	SPT35316	0
SPT35378	SPT35331	0
SPT35378	SPT35339	0.007
SPT35378	SPT35364	0
SPT35378	SPT35372	0
SPT35378	SPT35405	0
SPT35378	SPT35424	0
SPT35378	SPT35427	0.011
SPT35378	SPT35437	0
SPT35378	SPT35440	0.03
SPT35378	SPT35467	0
SPT35378	SPT35468	0
SPT35378	SPT35470	0
SPT35378	SPT35472	0.01
SPT35378	SPT35475	0
SPT35378	SPT35476	0
SPT35378	SPT35485	0.001
SPT35378	SPT35499	0
SPT35378	SPT35780	0
SPT35379	SPT35382	0
SPT35379	SPT35384	0
SPT35379	SPT35390	0.005
SPT35379	SPT35407	0
SPT35379	SPT35410	0
SPT35379	SPT35414	0
SPT35379	SPT35417	0
SPT35379	SPT35418	0.007
SPT35379	SPT35419	0
SPT35379	SPT35423	0
SPT35379	SPT35436	0
SPT35379	SPT35444	0.006
SPT35379	SPT35316	0
SPT35379	SPT35331	0.985
SPT35379	SPT35339	0
SPT35379	SPT35364	0.013
SPT35379	SPT35372	0.004
SPT35379	SPT35405	0
SPT35379	SPT35424	0
SPT35379	SPT35427	0
SPT35379	SPT35437	0
SPT35379	SPT35440	0
SPT35379	SPT35467	0
SPT35379	SPT35468	0
SPT35379	SPT35470	0
SPT35379	SPT35472	0
SPT35379	SPT35475	0
SPT35379	SPT35476	0
SPT35379	SPT35485	0
SPT35379	SPT35499	0
SPT35379	SPT35780	0
SPT35382	SPT35384	0.008
SPT35382	SPT35390	0
SPT35382	SPT35407	0
SPT35382	SPT35410	0
SPT35382	SPT35414	0
SPT35382	SPT35417	0
SPT35382	SPT35418	0
SPT35382	SPT35419	0
SPT35382	SPT35423	0
SPT35382	SPT35436	0
SPT35382	SPT35444	0
SPT35382	SPT35316	0.493
SPT35382	SPT35331	0
SPT35382	SPT35339	0
SPT35382	SPT35364	0
SPT35382	SPT35372	0
SPT35382	SPT35405	0
SPT35382	SPT35424	0
SPT35382	SPT35427	0
SPT35382	SPT35437	0
SPT35382	SPT35440	0
SPT35382	SPT35467	0
SPT35382	SPT35468	0
SPT35382	SPT35470	0
SPT35382	SPT35472	0
SPT35382	SPT35475	0
SPT35382	SPT35476	0
SPT35382	SPT35485	0
SPT35382	SPT35499	0
SPT35382	SPT35780	0
SPT35384	SPT35390	0
SPT35384	SPT35407	0
SPT35384	SPT35410	0
SPT35384	SPT35414	0
SPT35384	SPT35417	0
SPT35384	SPT35418	0
SPT35384	SPT35419	0
SPT35384	SPT35423	0
SPT35384	SPT35436	0
SPT35384	SPT35444	0
SPT35384	SPT35316	0
SPT35384	SPT35331	0
SPT35384	SPT35339	0
SPT35384	SPT35364	0
SPT35384	SPT35372	0
SPT35384	SPT35405	0
SPT35384	SPT35424	0
SPT35384	SPT35427	0
SPT35384	SPT35437	0
SPT35384	SPT35440	0
SPT35384	SPT35467	0
SPT35384	SPT35468	0
SPT35384	SPT35470	0
SPT35384	SPT35472	0
SPT35384	SPT35475	0
SPT35384	SPT35476	0
SPT35384	SPT35485	0
SPT35384	SPT35499	0
SPT35384	SPT35780	0
SPT35390	SPT35407	0.097
SPT35390	SPT35410	0
SPT35390	SPT35414	0
SPT35390	SPT35417	0
SPT35390	SPT35418	0
SPT35390	SPT35419	0.038
SPT35390	SPT35423	0
SPT35390	SPT35436	0
SPT35390	SPT35444	0
SPT35390	SPT35316	0
SPT35390	SPT35331	0.008
SPT35390	SPT35339	0.017
SPT35390	SPT35364	0.012
SPT35390	SPT35372	0.03
SPT35390	SPT35405	0.114
SPT35390	SPT35424	0.006
SPT35390	SPT35427	0.013
SPT35390	SPT35437	0
SPT35390	SPT35440	0
SPT35390	SPT35467	0
SPT35390	SPT35468	0
SPT35390	SPT35470	0.05
SPT35390	SPT35472	0.008
SPT35390	SPT35475	0
SPT35390	SPT35476	0
SPT35390	SPT35485	0
SPT35390	SPT35499	0
SPT35390	SPT35780	0.006
SPT35407	SPT35410	0
SPT35407	SPT35414	0
SPT35407	SPT35417	0
SPT35407	SPT35418	0
SPT35407	SPT35419	0.383
SPT35407	SPT35423	0
SPT35407	SPT35436	0
SPT35407	SPT35444	0
SPT35407	SPT35316	0
SPT35407	SPT35331	0
SPT35407	SPT35339	0
SPT35407	SPT35364	0
SPT35407	SPT35372	0.052
SPT35407	SPT35405	0.961
SPT35407	SPT35424	0
SPT35407	SPT35427	0
SPT35407	SPT35437	0
SPT35407	SPT35440	0
SPT35407	SPT35467	0
SPT35407	SPT35468	0
SPT35407	SPT35470	0.495
SPT35407	SPT35472	0
SPT35407	SPT35475	0
SPT35407	SPT35476	0
SPT35407	SPT35485	0
SPT35407	SPT35499	0
SPT35407	SPT35780	0
SPT35410	SPT35414	0.001
SPT35410	SPT35417	0.002
SPT35410	SPT35418	0
SPT35410	SPT35419	0
SPT35410	SPT35423	0
SPT35410	SPT35436	0.002
SPT35410	SPT35444	0.018
SPT35410	SPT35316	0
SPT35410	SPT35331	0.001
SPT35410	SPT35339	0.017
SPT35410	SPT35364	0
SPT35410	SPT35372	0
SPT35410	SPT35405	0
SPT35410	SPT35424	0
SPT35410	SPT35427	0.007
SPT35410	SPT35437	0.004
SPT35410	SPT35440	0.002
SPT35410	SPT35467	0
SPT35410	SPT35468	0
SPT35410	SPT35470	0
SPT35410	SPT35472	0
SPT35410	SPT35475	0
SPT35410	SPT35476	0
SPT35410	SPT35485	0
SPT35410	SPT35499	0
SPT35410	SPT35780	0.006
SPT35414	SPT35417	0.999
SPT35414	SPT35418	0
SPT35414	SPT35419	0
SPT35414	SPT35423	0
SPT35414	SPT35436	0
SPT35414	SPT35444	0
SPT35414	SPT35316	0
SPT35414	SPT35331	0
SPT35414	SPT35339	0
SPT35414	SPT35364	0
SPT35414	SPT35372	0.001
SPT35414	SPT35405	0
SPT35414	SPT35424	0
SPT35414	SPT35427	0
SPT35414	SPT35437	0
SPT35414	SPT35440	0.006
SPT35414	SPT35467	0
SPT35414	SPT35468	0
SPT35414	SPT35470	0
SPT35414	SPT35472	0
SPT35414	SPT35475	0
SPT35414	SPT35476	0
SPT35414	SPT35485	0
SPT35414	SPT35499	0
SPT35414	SPT35780	0.005
SPT35417	SPT35418	0
SPT35417	SPT35419	0
SPT35417	SPT35423	0
SPT35417	SPT35436	0
SPT35417	SPT35444	0
SPT35417	SPT35316	0
SPT35417	SPT35331	0
SPT35417	SPT35339	0
SPT35417	SPT35364	0
SPT35417	SPT35372	0.004
SPT35417	SPT35405	0
SPT35417	SPT35424	0
SPT35417	SPT35427	0
SPT35417	SPT35437	0
SPT35417	SPT35440	0.005
SPT35417	SPT35467	0
SPT35417	SPT35468	0
SPT35417	SPT35470	0
SPT35417	SPT35472	0
SPT35417	SPT35475	0
SPT35417	SPT35476	0
SPT35417	SPT35485	0
SPT35417	SPT35499	0
SPT35417	SPT35780	0.005
SPT35418	SPT35419	0
SPT35418	SPT35423	0.007
SPT35418	SPT35436	0
SPT35418	SPT35444	0
SPT35418	SPT35316	0.003
SPT35418	SPT35331	0.012
SPT35418	SPT35339	0
SPT35418	SPT35364	0
SPT35418	SPT35372	0.002
SPT35418	SPT35405	0
SPT35418	SPT35424	0.009
SPT35418	SPT35427	0.017
SPT35418	SPT35437	0
SPT35418	SPT35440	0
SPT35418	SPT35467	0
SPT35418	SPT35468	0
SPT35418	SPT35470	0
SPT35418	SPT35472	0.01
SPT35418	SPT35475	0
SPT35418	SPT35476	0
SPT35418	SPT35485	0
SPT35418	SPT35499	0
SPT35418	SPT35780	0
SPT35419	SPT35423	0
SPT35419	SPT35436	0
SPT35419	SPT35444	0
SPT35419	SPT35316	0
SPT35419	SPT35331	0
SPT35419	SPT35339	0
SPT35419	SPT35364	0
SPT35419	SPT35372	0.041
SPT35419	SPT35405	0.377
SPT35419	SPT35424	0
SPT35419	SPT35427	0
SPT35419	SPT35437	0
SPT35419	SPT35440	0
SPT35419	SPT35467	0
SPT35419	SPT35468	0
SPT35419	SPT35470	0.274
SPT35419	SPT35472	0
SPT35419	SPT35475	0
SPT35419	SPT35476	0
SPT35419	SPT35485	0
SPT35419	SPT35499	0
SPT35419	SPT35780	0
SPT35423	SPT35436	0.009
SPT35423	SPT35444	0.012
SPT35423	SPT35316	0
SPT35423	SPT35331	0
SPT35423	SPT35339	0
SPT35423	SPT35364	0.005
SPT35423	SPT35372	0
SPT35423	SPT35405	0
SPT35423	SPT35424	0
SPT35423	SPT35427	0.016
SPT35423	SPT35437	0
SPT35423	SPT35440	0.008
SPT35423	SPT35467	0
SPT35423	SPT35468	0
SPT35423	SPT35470	0
SPT35423	SPT35472	0.019
SPT35423	SPT35475	0
SPT35423	SPT35476	0
SPT35423	SPT35485	0
SPT35423	SPT35499	0
SPT35423	SPT35780	0.016
SPT35436	SPT35444	0
SPT35436	SPT35316	0
SPT35436	SPT35331	0
SPT35436	SPT35339	0.026
SPT35436	SPT35364	0.003
SPT35436	SPT35372	0.015
SPT35436	SPT35405	0
SPT35436	SPT35424	0.006
SPT35436	SPT35427	0.002
SPT35436	SPT35437	0
SPT35436	SPT35440	0
SPT35436	SPT35467	0
SPT35436	SPT35468	0
SPT35436	SPT35470	0
SPT35436	SPT35472	0.003
SPT35436	SPT35475	0
SPT35436	SPT35476	0
SPT35436	SPT35485	0
SPT35436	SPT35499	0.002
SPT35436	SPT35780	0
SPT35444	SPT35316	0
SPT35444	SPT35331	0.005
SPT35444	SPT35339	0.004
SPT35444	SPT35364	0
SPT35444	SPT35372	0
SPT35444	SPT35405	0
SPT35444	SPT35424	0
SPT35444	SPT35427	0.003
SPT35444	SPT35437	0
SPT35444	SPT35440	0.012
SPT35444	SPT35467	0
SPT35444	SPT35468	0
SPT35444	SPT35470	0
SPT35444	SPT35472	0.009
SPT35444	SPT35475	0
SPT35444	SPT35476	0
SPT35444	SPT35485	0.001
SPT35444	SPT35499	0
SPT35444	SPT35780	0
SPT35316	SPT35331	0
SPT35316	SPT35339	0
SPT35316	SPT35364	0
SPT35316	SPT35372	0
SPT35316	SPT35405	0
SPT35316	SPT35424	0
SPT35316	SPT35427	0
SPT35316	SPT35437	0
SPT35316	SPT35440	0.002
SPT35316	SPT35467	0
SPT35316	SPT35468	0
SPT35316	SPT35470	0
SPT35316	SPT35472	0
SPT35316	SPT35475	0
SPT35316	SPT35476	0
SPT35316	SPT35485	0
SPT35316	SPT35499	0
SPT35316	SPT35780	0
SPT35331	SPT35339	0
SPT35331	SPT35364	0.017
SPT35331	SPT35372	0.003
SPT35331	SPT35405	0
SPT35331	SPT35424	0
SPT35331	SPT35427	0
SPT35331	SPT35437	0
SPT35331	SPT35440	0
SPT35331	SPT35467	0
SPT35331	SPT35468	0
SPT35331	SPT35470	0
SPT35331	SPT35472	0
SPT35331	SPT35475	0
SPT35331	SPT35476	0
SPT35331	SPT35485	0
SPT35331	SPT35499	0
SPT35331	SPT35780	0
SPT35339	SPT35364	0.005
SPT35339	SPT35372	0.019
SPT35339	SPT35405	0
SPT35339	SPT35424	0
SPT35339	SPT35427	0.019
SPT35339	SPT35437	0
SPT35339	SPT35440	0.001
SPT35339	SPT35467	0
SPT35339	SPT35468	0
SPT35339	SPT35470	0
SPT35339	SPT35472	0.006
SPT35339	SPT35475	0
SPT35339	SPT35476	0
SPT35339	SPT35485	0
SPT35339	SPT35499	0
SPT35339	SPT35780	0.002
SPT35364	SPT35372	0
SPT35364	SPT35405	0
SPT35364	SPT35424	0
SPT35364	SPT35427	0.005
SPT35364	SPT35437	0
SPT35364	SPT35440	0
SPT35364	SPT35467	0
SPT35364	SPT35468	0
SPT35364	SPT35470	0
SPT35364	SPT35472	0
SPT35364	SPT35475	0
SPT35364	SPT35476	0
SPT35364	SPT35485	0
SPT35364	SPT35499	0
SPT35364	SPT35780	0
SPT35372	SPT35405	0.051
SPT35372	SPT35424	0
SPT35372	SPT35427	0
SPT35372	SPT35437	0
SPT35372	SPT35440	0.003
SPT35372	SPT35467	0
SPT35372	SPT35468	0
SPT35372	SPT35470	0.059
SPT35372	SPT35472	0.006
SPT35372	SPT35475	0
SPT35372	SPT35476	0
SPT35372	SPT35485	0.001
SPT35372	SPT35499	0
SPT35372	SPT35780	0.002
SPT35405	SPT35424	0
SPT35405	SPT35427	0
SPT35405	SPT35437	0
SPT35405	SPT35440	0
SPT35405	SPT35467	0
SPT35405	SPT35468	0
SPT35405	SPT35470	0.441
SPT35405	SPT35472	0
SPT35405	SPT35475	0
SPT35405	SPT35476	0
SPT35405	SPT35485	0
SPT35405	SPT35499	0
SPT35405	SPT35780	0
SPT35424	SPT35427	0.021
SPT35424	SPT35437	0
SPT35424	SPT35440	0
SPT35424	SPT35467	0
SPT35424	SPT35468	0
SPT35424	SPT35470	0
SPT35424	SPT35472	0.005
SPT35424	SPT35475	0
SPT35424	SPT35476	0
SPT35424	SPT35485	0.007
SPT35424	SPT35499	0.006
SPT35424	SPT35780	0.015
SPT35427	SPT35437	0
SPT35427	SPT35440	0.009
SPT35427	SPT35467	0
SPT35427	SPT35468	0
SPT35427	SPT35470	0
SPT35427	SPT35472	0.004
SPT35427	SPT35475	0
SPT35427	SPT35476	0
SPT35427	SPT35485	0
SPT35427	SPT35499	0
SPT35427	SPT35780	0.009
SPT35437	SPT35440	0
SPT35437	SPT35467	0
SPT35437	SPT35468	0.239
SPT35437	SPT35470	0
SPT35437	SPT35472	0
SPT35437	SPT35475	0
SPT35437	SPT35476	0.267
SPT35437	SPT35485	0
SPT35437	SPT35499	0
SPT35437	SPT35780	0
SPT35440	SPT35467	0
SPT35440	SPT35468	0
SPT35440	SPT35470	0
SPT35440	SPT35472	0.004
SPT35440	SPT35475	0
SPT35440	SPT35476	0
SPT35440	SPT35485	0.005
SPT35440	SPT35499	0.002
SPT35440	SPT35780	0
SPT35467	SPT35468	0
SPT35467	SPT35470	0
SPT35467	SPT35472	0
SPT35467	SPT35475	0.999
SPT35467	SPT35476	0
SPT35467	SPT35485	0
SPT35467	SPT35499	0
SPT35467	SPT35780	0
SPT35468	SPT35470	0
SPT35468	SPT35472	0
SPT35468	SPT35475	0
SPT35468	SPT35476	0.649
SPT35468	SPT35485	0
SPT35468	SPT35499	0
SPT35468	SPT35780	0
SPT35470	SPT35472	0
SPT35470	SPT35475	0
SPT35470	SPT35476	0
SPT35470	SPT35485	0
SPT35470	SPT35499	0
SPT35470	SPT35780	0
SPT35472	SPT35475	0
SPT35472	SPT35476	0
SPT35472	SPT35485	0
SPT35472	SPT35499	0.003
SPT35472	SPT35780	0
SPT35475	SPT35476	0
SPT35475	SPT35485	0
SPT35475	SPT35499	0
SPT35475	SPT35780	0
SPT35476	SPT35485	0
SPT35476	SPT35499	0
SPT35476	SPT35780	0
SPT35485	SPT35499	0
SPT35485	SPT35780	0.003
SPT35499	SPT35780	0.015
