p1	p2	hmm
SPT35443	SPT35447	0.22902
SPT35443	SPT35444	0.22088
SPT35443	SPT35446	0.23913
SPT35443	SPT35503	0.22476
SPT35443	SPT35302	0.23244
SPT35443	SPT35508	0.23951
SPT35443	SPT35365	0.23432
SPT35443	SPT35449	0.23721
SPT35443	SPT35523	0.22961
SPT35443	SPT35338	0.21658
SPT35443	SPT35339	0.22752
SPT35443	SPT35372	0.22039
SPT35443	SPT35373	0.23014
SPT35443	SPT35587	0.23374
SPT35443	SPT35303	0.22908
SPT35443	SPT35356	0.22169
SPT35443	SPT35448	0.24007
SPT35443	SPT35364	0.22896
SPT35443	SPT35366	0.23091
SPT35443	SPT35524	0.22526
SPT35443	SPT35321	0.23924
SPT35443	SPT35374	0.24154
SPT35443	SPT35318	0.22599
SPT35443	SPT35453	0.2322
SPT35443	SPT35509	0.24158
SPT35443	SPT35450	0.23813
SPT35443	SPT35525	0.24816
SPT35443	SPT35510	0.24318
SPT35443	SPT35340	0.22314
SPT35443	SPT35583	0.23413
SPT35443	SPT35584	0.23571
SPT35443	SPT35585	0.23613
SPT35443	SPT35458	0.23606
SPT35443	SPT35500	0.2262
SPT35443	SPT35322	0.22485
SPT35443	SPT35377	0.22275
SPT35443	SPT35511	0.2451
SPT35443	SPT35323	0.22518
SPT35443	SPT35461	0.22669
SPT35443	SPT35462	0.2334
SPT35443	SPT35463	0.23066
SPT35443	SPT35341	0.24273
SPT35443	SPT35368	0.23542
SPT35443	SPT35378	0.23221
SPT35443	SPT35552	0.22211
SPT35443	SPT35551	0.23618
SPT35443	SPT35459	0.22708
SPT35443	SPT35474	0.2359
SPT35443	SPT35514	0.23802
SPT35443	SPT35519	0.22845
SPT35443	SPT35526	0.24543
SPT35443	SPT35501	0.20877
SPT35443	SPT35681	0.22541
SPT35443	SPT35467	0.24368
SPT35443	SPT35469	0.241
SPT35443	SPT35470	0.23393
SPT35443	SPT35468	0.23303
SPT35443	SPT35471	0.23612
SPT35443	SPT35379	0.24182
SPT35443	SPT35472	0.22191
SPT35443	SPT35529	0.24557
SPT35443	SPT35517	0.24336
SPT35443	SPT35516	0.23275
SPT35443	SPT35360	0.23139
SPT35443	SPT35515	0.24582
SPT35443	SPT35518	0.24107
SPT35443	SPT35475	0.2427
SPT35443	SPT35520	0.23472
SPT35443	SPT35324	0.22465
SPT35443	SPT35476	0.24345
SPT35443	SPT35485	0.22725
SPT35443	SPT35389	0.22262
SPT35443	SPT35487	0.23872
SPT35443	SPT35369	0.23359
SPT35443	SPT35370	0.22422
SPT35443	SPT35382	0.23023
SPT35443	SPT35521	0.22959
SPT35443	SPT35553	0.23519
SPT35443	SPT35532	0.23387
SPT35443	SPT35384	0.23793
SPT35443	SPT35522	0.22817
SPT35443	SPT35361	0.23917
SPT35443	SPT35342	0.2338
SPT35443	SPT35556	0.23623
SPT35443	SPT35557	0.22534
SPT35443	SPT35328	0.23759
SPT35443	SPT35592	0.24019
SPT35443	SPT35435	0.23841
SPT35443	SPT35304	0.23517
SPT35443	SPT35390	0.22671
SPT35443	SPT35436	0.22497
SPT35443	SPT35580	0.23205
SPT35443	SPT35538	0.2299
SPT35443	SPT35537	0.23
SPT35443	SPT35320	0.24527
SPT35443	SPT35541	0.23474
SPT35443	SPT35673	0.23283
SPT35443	SPT35502	0.21516
SPT35443	SPT35330	0.22853
SPT35443	SPT35546	0.23209
SPT35443	SPT35547	0.23004
SPT35443	SPT35544	0.23009
SPT35443	SPT35362	0.21804
SPT35443	SPT35499	0.22639
SPT35443	SPT35336	0.23962
SPT35443	SPT35577	0.22253
SPT35443	SPT35325	0.23287
SPT35443	SPT35331	0.23227
SPT35443	SPT35337	0.22676
SPT35443	SPT35306	0.22908
SPT35443	SPT35407	0.23186
SPT35443	SPT35346	0.23537
SPT35443	SPT35405	0.23629
SPT35443	SPT35410	0.22925
SPT35443	SPT35575	0.22397
SPT35443	SPT35576	0.23358
SPT35443	SPT35766	0.22957
SPT35443	SPT35347	0.23133
SPT35443	SPT35412	0.23979
SPT35443	SPT35414	0.2371
SPT35443	SPT35348	0.23625
SPT35443	SPT35417	0.23527
SPT35443	SPT35571	0.23494
SPT35443	SPT35349	0.22897
SPT35443	SPT35351	0.22918
SPT35443	SPT35418	0.23122
SPT35443	SPT35419	0.22593
SPT35443	SPT35566	0.24424
SPT35443	SPT35567	0.24036
SPT35443	SPT35420	0.22602
SPT35443	SPT35423	0.21284
SPT35443	SPT35564	0.23699
SPT35443	SPT35352	0.23493
SPT35443	SPT35424	0.22019
SPT35443	SPT35357	0.22444
SPT35443	SPT35437	0.24197
SPT35443	SPT35563	0.24188
SPT35443	SPT35308	0.23721
SPT35443	SPT35425	0.24915
SPT35443	SPT35440	0.23722
SPT35443	SPT35354	0.23303
SPT35443	SPT35309	0.22494
SPT35443	SPT35310	0.22727
SPT35443	SPT35355	0.22749
SPT35443	SPT35332	0.22983
SPT35443	SPT35333	0.23626
SPT35443	SPT35561	0.24013
SPT35443	SPT35363	0.23495
SPT35443	SPT35427	0.23642
SPT35443	SPT35752	0.23802
SPT35443	SPT35430	0.23414
SPT35443	SPT35431	0.23938
SPT35443	SPT35313	0.22508
SPT35443	SPT35780	0.23355
SPT35443	SPT35315	0.22867
SPT35443	SPT35316	0.23347
SPT35443	SPT35317	0.23553
SPT35443	SPT35334	0.22675
SPT35443	SPT35543	0.24907
SPT35447	SPT35444	0.23495
SPT35447	SPT35446	0.22824
SPT35447	SPT35503	0.23272
SPT35447	SPT35302	0.23661
SPT35447	SPT35508	0.24255
SPT35447	SPT35365	0.22723
SPT35447	SPT35449	0.2461
SPT35447	SPT35523	0.22476
SPT35447	SPT35338	0.23202
SPT35447	SPT35339	0.22657
SPT35447	SPT35372	0.22534
SPT35447	SPT35373	0.23983
SPT35447	SPT35587	0.23466
SPT35447	SPT35303	0.22544
SPT35447	SPT35356	0.23049
SPT35447	SPT35448	0.24747
SPT35447	SPT35364	0.22789
SPT35447	SPT35366	0.22853
SPT35447	SPT35524	0.22135
SPT35447	SPT35321	0.23111
SPT35447	SPT35374	0.22423
SPT35447	SPT35318	0.23964
SPT35447	SPT35453	0.22602
SPT35447	SPT35509	0.23336
SPT35447	SPT35450	0.24032
SPT35447	SPT35525	0.24564
SPT35447	SPT35510	0.2292
SPT35447	SPT35340	0.23646
SPT35447	SPT35583	0.2309
SPT35447	SPT35584	0.23169
SPT35447	SPT35585	0.24169
SPT35447	SPT35458	0.24778
SPT35447	SPT35500	0.23623
SPT35447	SPT35322	0.23852
SPT35447	SPT35377	0.23616
SPT35447	SPT35511	0.24406
SPT35447	SPT35323	0.2234
SPT35447	SPT35461	0.23432
SPT35447	SPT35462	0.22864
SPT35447	SPT35463	0.23132
SPT35447	SPT35341	0.22668
SPT35447	SPT35368	0.2209
SPT35447	SPT35378	0.23625
SPT35447	SPT35552	0.22785
SPT35447	SPT35551	0.22405
SPT35447	SPT35459	0.23737
SPT35447	SPT35474	0.23058
SPT35447	SPT35514	0.23292
SPT35447	SPT35519	0.22525
SPT35447	SPT35526	0.24647
SPT35447	SPT35501	0.22197
SPT35447	SPT35681	0.22619
SPT35447	SPT35467	0.24471
SPT35447	SPT35469	0.2371
SPT35447	SPT35470	0.2271
SPT35447	SPT35468	0.2275
SPT35447	SPT35471	0.22656
SPT35447	SPT35379	0.23553
SPT35447	SPT35472	0.21839
SPT35447	SPT35529	0.24565
SPT35447	SPT35517	0.23121
SPT35447	SPT35516	0.23586
SPT35447	SPT35360	0.23645
SPT35447	SPT35515	0.2349
SPT35447	SPT35518	0.23925
SPT35447	SPT35475	0.24523
SPT35447	SPT35520	0.23145
SPT35447	SPT35324	0.22964
SPT35447	SPT35476	0.23347
SPT35447	SPT35485	0.22605
SPT35447	SPT35389	0.23604
SPT35447	SPT35487	0.23203
SPT35447	SPT35369	0.23406
SPT35447	SPT35370	0.22338
SPT35447	SPT35382	0.22945
SPT35447	SPT35521	0.22647
SPT35447	SPT35553	0.23752
SPT35447	SPT35532	0.23323
SPT35447	SPT35384	0.22971
SPT35447	SPT35522	0.23825
SPT35447	SPT35361	0.24177
SPT35447	SPT35342	0.22225
SPT35447	SPT35556	0.23575
SPT35447	SPT35557	0.21864
SPT35447	SPT35328	0.23528
SPT35447	SPT35592	0.2251
SPT35447	SPT35435	0.22733
SPT35447	SPT35304	0.23102
SPT35447	SPT35390	0.24153
SPT35447	SPT35436	0.23425
SPT35447	SPT35580	0.22786
SPT35447	SPT35538	0.24455
SPT35447	SPT35537	0.24525
SPT35447	SPT35320	0.23587
SPT35447	SPT35541	0.22796
SPT35447	SPT35673	0.22979
SPT35447	SPT35502	0.2299
SPT35447	SPT35330	0.22816
SPT35447	SPT35546	0.23531
SPT35447	SPT35547	0.2291
SPT35447	SPT35544	0.2232
SPT35447	SPT35362	0.23039
SPT35447	SPT35499	0.23583
SPT35447	SPT35336	0.23193
SPT35447	SPT35577	0.22386
SPT35447	SPT35325	0.23059
SPT35447	SPT35331	0.23026
SPT35447	SPT35337	0.22988
SPT35447	SPT35306	0.23757
SPT35447	SPT35407	0.23849
SPT35447	SPT35346	0.23384
SPT35447	SPT35405	0.24061
SPT35447	SPT35410	0.24476
SPT35447	SPT35575	0.2383
SPT35447	SPT35576	0.23061
SPT35447	SPT35766	0.23448
SPT35447	SPT35347	0.23671
SPT35447	SPT35412	0.23215
SPT35447	SPT35414	0.23496
SPT35447	SPT35348	0.23516
SPT35447	SPT35417	0.23275
SPT35447	SPT35571	0.22711
SPT35447	SPT35349	0.23083
SPT35447	SPT35351	0.22482
SPT35447	SPT35418	0.23049
SPT35447	SPT35419	0.23662
SPT35447	SPT35566	0.23633
SPT35447	SPT35567	0.22903
SPT35447	SPT35420	0.21169
SPT35447	SPT35423	0.22608
SPT35447	SPT35564	0.24688
SPT35447	SPT35352	0.22629
SPT35447	SPT35424	0.22718
SPT35447	SPT35357	0.23899
SPT35447	SPT35437	0.23065
SPT35447	SPT35563	0.23202
SPT35447	SPT35308	0.23354
SPT35447	SPT35425	0.22449
SPT35447	SPT35440	0.23823
SPT35447	SPT35354	0.2363
SPT35447	SPT35309	0.23009
SPT35447	SPT35310	0.23448
SPT35447	SPT35355	0.22734
SPT35447	SPT35332	0.23222
SPT35447	SPT35333	0.23285
SPT35447	SPT35561	0.22923
SPT35447	SPT35363	0.2169
SPT35447	SPT35427	0.22926
SPT35447	SPT35752	0.22357
SPT35447	SPT35430	0.22867
SPT35447	SPT35431	0.22899
SPT35447	SPT35313	0.2226
SPT35447	SPT35780	0.2152
SPT35447	SPT35315	0.22877
SPT35447	SPT35316	0.22327
SPT35447	SPT35317	0.23761
SPT35447	SPT35334	0.22545
SPT35447	SPT35543	0.23872
SPT35444	SPT35446	0.23109
SPT35444	SPT35503	0.22318
SPT35444	SPT35302	0.22941
SPT35444	SPT35508	0.24514
SPT35444	SPT35365	0.22984
SPT35444	SPT35449	0.24445
SPT35444	SPT35523	0.24168
SPT35444	SPT35338	0.2302
SPT35444	SPT35339	0.24108
SPT35444	SPT35372	0.23813
SPT35444	SPT35373	0.23178
SPT35444	SPT35587	0.24296
SPT35444	SPT35303	0.23211
SPT35444	SPT35356	0.22036
SPT35444	SPT35448	0.24266
SPT35444	SPT35364	0.22304
SPT35444	SPT35366	0.23518
SPT35444	SPT35524	0.22452
SPT35444	SPT35321	0.23824
SPT35444	SPT35374	0.23637
SPT35444	SPT35318	0.22417
SPT35444	SPT35453	0.23943
SPT35444	SPT35509	0.22798
SPT35444	SPT35450	0.23161
SPT35444	SPT35525	0.24096
SPT35444	SPT35510	0.25158
SPT35444	SPT35340	0.22904
SPT35444	SPT35583	0.23311
SPT35444	SPT35584	0.23929
SPT35444	SPT35585	0.24793
SPT35444	SPT35458	0.2443
SPT35444	SPT35500	0.22916
SPT35444	SPT35322	0.22375
SPT35444	SPT35377	0.22829
SPT35444	SPT35511	0.23456
SPT35444	SPT35323	0.21933
SPT35444	SPT35461	0.23145
SPT35444	SPT35462	0.24353
SPT35444	SPT35463	0.2326
SPT35444	SPT35341	0.23116
SPT35444	SPT35368	0.22022
SPT35444	SPT35378	0.23028
SPT35444	SPT35552	0.23383
SPT35444	SPT35551	0.23276
SPT35444	SPT35459	0.23926
SPT35444	SPT35474	0.25036
SPT35444	SPT35514	0.23638
SPT35444	SPT35519	0.22879
SPT35444	SPT35526	0.23659
SPT35444	SPT35501	0.21724
SPT35444	SPT35681	0.22613
SPT35444	SPT35467	0.23421
SPT35444	SPT35469	0.23238
SPT35444	SPT35470	0.24505
SPT35444	SPT35468	0.22894
SPT35444	SPT35471	0.22513
SPT35444	SPT35379	0.23571
SPT35444	SPT35472	0.22904
SPT35444	SPT35529	0.23489
SPT35444	SPT35517	0.2236
SPT35444	SPT35516	0.2331
SPT35444	SPT35360	0.23224
SPT35444	SPT35515	0.22671
SPT35444	SPT35518	0.22358
SPT35444	SPT35475	0.23378
SPT35444	SPT35520	0.22969
SPT35444	SPT35324	0.23051
SPT35444	SPT35476	0.22611
SPT35444	SPT35485	0.23855
SPT35444	SPT35389	0.22817
SPT35444	SPT35487	0.23484
SPT35444	SPT35369	0.23433
SPT35444	SPT35370	0.22834
SPT35444	SPT35382	0.22975
SPT35444	SPT35521	0.24554
SPT35444	SPT35553	0.23343
SPT35444	SPT35532	0.22776
SPT35444	SPT35384	0.2197
SPT35444	SPT35522	0.23712
SPT35444	SPT35361	0.2296
SPT35444	SPT35342	0.21524
SPT35444	SPT35556	0.2286
SPT35444	SPT35557	0.23301
SPT35444	SPT35328	0.21957
SPT35444	SPT35592	0.21927
SPT35444	SPT35435	0.22786
SPT35444	SPT35304	0.22634
SPT35444	SPT35390	0.22123
SPT35444	SPT35436	0.23166
SPT35444	SPT35580	0.24161
SPT35444	SPT35538	0.23536
SPT35444	SPT35537	0.23516
SPT35444	SPT35320	0.23356
SPT35444	SPT35541	0.23275
SPT35444	SPT35673	0.23062
SPT35444	SPT35502	0.7727
SPT35444	SPT35330	0.23042
SPT35444	SPT35546	0.24313
SPT35444	SPT35547	0.23519
SPT35444	SPT35544	0.24094
SPT35444	SPT35362	0.2384
SPT35444	SPT35499	0.22457
SPT35444	SPT35336	0.22114
SPT35444	SPT35577	0.22527
SPT35444	SPT35325	0.22098
SPT35444	SPT35331	0.23253
SPT35444	SPT35337	0.22365
SPT35444	SPT35306	0.22597
SPT35444	SPT35407	0.23652
SPT35444	SPT35346	0.22975
SPT35444	SPT35405	0.24058
SPT35444	SPT35410	0.23848
SPT35444	SPT35575	0.2297
SPT35444	SPT35576	0.23459
SPT35444	SPT35766	0.239
SPT35444	SPT35347	0.23257
SPT35444	SPT35412	0.24355
SPT35444	SPT35414	0.23976
SPT35444	SPT35348	0.22899
SPT35444	SPT35417	0.23617
SPT35444	SPT35571	0.23652
SPT35444	SPT35349	0.23146
SPT35444	SPT35351	0.22782
SPT35444	SPT35418	0.2322
SPT35444	SPT35419	0.23255
SPT35444	SPT35566	0.23764
SPT35444	SPT35567	0.22576
SPT35444	SPT35420	0.22924
SPT35444	SPT35423	0.2268
SPT35444	SPT35564	0.24166
SPT35444	SPT35352	0.23417
SPT35444	SPT35424	0.22605
SPT35444	SPT35357	0.22421
SPT35444	SPT35437	0.22498
SPT35444	SPT35563	0.22625
SPT35444	SPT35308	0.22966
SPT35444	SPT35425	0.23974
SPT35444	SPT35440	0.25624
SPT35444	SPT35354	0.22586
SPT35444	SPT35309	0.23393
SPT35444	SPT35310	0.23456
SPT35444	SPT35355	0.22584
SPT35444	SPT35332	0.21808
SPT35444	SPT35333	0.21831
SPT35444	SPT35561	0.22094
SPT35444	SPT35363	0.23056
SPT35444	SPT35427	0.23466
SPT35444	SPT35752	0.22714
SPT35444	SPT35430	0.22709
SPT35444	SPT35431	0.2319
SPT35444	SPT35313	0.21804
SPT35444	SPT35780	0.22221
SPT35444	SPT35315	0.2312
SPT35444	SPT35316	0.2308
SPT35444	SPT35317	0.23395
SPT35444	SPT35334	0.22114
SPT35444	SPT35543	0.23352
SPT35446	SPT35503	0.23474
SPT35446	SPT35302	0.23987
SPT35446	SPT35508	0.24899
SPT35446	SPT35365	0.23754
SPT35446	SPT35449	0.25837
SPT35446	SPT35523	0.25725
SPT35446	SPT35338	0.23253
SPT35446	SPT35339	0.24365
SPT35446	SPT35372	0.23802
SPT35446	SPT35373	0.24243
SPT35446	SPT35587	0.24713
SPT35446	SPT35303	0.23652
SPT35446	SPT35356	0.23301
SPT35446	SPT35448	0.2619
SPT35446	SPT35364	0.22421
SPT35446	SPT35366	0.2302
SPT35446	SPT35524	0.23796
SPT35446	SPT35321	0.2414
SPT35446	SPT35374	0.2406
SPT35446	SPT35318	0.23476
SPT35446	SPT35453	0.25659
SPT35446	SPT35509	0.24949
SPT35446	SPT35450	0.24899
SPT35446	SPT35525	0.26393
SPT35446	SPT35510	0.23313999999999999
SPT35446	SPT35340	0.23318
SPT35446	SPT35583	0.22405
SPT35446	SPT35584	0.24433
SPT35446	SPT35585	0.24823
SPT35446	SPT35458	0.25458
SPT35446	SPT35500	0.24109
SPT35446	SPT35322	0.2414
SPT35446	SPT35377	0.2324
SPT35446	SPT35511	0.259
SPT35446	SPT35323	0.2468
SPT35446	SPT35461	0.23284
SPT35446	SPT35462	0.23649
SPT35446	SPT35463	0.24825
SPT35446	SPT35341	0.244
SPT35446	SPT35368	0.23501
SPT35446	SPT35378	0.23388
SPT35446	SPT35552	0.24554
SPT35446	SPT35551	0.23983
SPT35446	SPT35459	0.24891
SPT35446	SPT35474	0.25475
SPT35446	SPT35514	0.24582
SPT35446	SPT35519	0.23024
SPT35446	SPT35526	0.26113
SPT35446	SPT35501	0.24095
SPT35446	SPT35681	0.24473
SPT35446	SPT35467	0.25928
SPT35446	SPT35469	0.25847
SPT35446	SPT35470	0.24956
SPT35446	SPT35468	0.25071
SPT35446	SPT35471	0.25327
SPT35446	SPT35379	0.23318
SPT35446	SPT35472	0.24622
SPT35446	SPT35529	0.26205
SPT35446	SPT35517	0.24971
SPT35446	SPT35516	0.26082
SPT35446	SPT35360	0.24221
SPT35446	SPT35515	0.23825
SPT35446	SPT35518	0.23465
SPT35446	SPT35475	0.2603
SPT35446	SPT35520	0.23888
SPT35446	SPT35324	0.23233
SPT35446	SPT35476	0.24926
SPT35446	SPT35485	0.23211
SPT35446	SPT35389	0.23304
SPT35446	SPT35487	0.26023
SPT35446	SPT35369	0.24835
SPT35446	SPT35370	0.25258
SPT35446	SPT35382	0.23581
SPT35446	SPT35521	0.24133
SPT35446	SPT35553	0.24674
SPT35446	SPT35532	0.24865
SPT35446	SPT35384	0.23785
SPT35446	SPT35522	0.24003
SPT35446	SPT35361	0.25105
SPT35446	SPT35342	0.22867
SPT35446	SPT35556	0.24513
SPT35446	SPT35557	0.24414
SPT35446	SPT35328	0.22586
SPT35446	SPT35592	0.24767
SPT35446	SPT35435	0.24798
SPT35446	SPT35304	0.24522
SPT35446	SPT35390	0.23947
SPT35446	SPT35436	0.23432
SPT35446	SPT35580	0.23728
SPT35446	SPT35538	0.24758
SPT35446	SPT35537	0.24961
SPT35446	SPT35320	0.25796
SPT35446	SPT35541	0.24427
SPT35446	SPT35673	0.24253
SPT35446	SPT35502	0.22526
SPT35446	SPT35330	0.24986
SPT35446	SPT35546	0.24603
SPT35446	SPT35547	0.24589
SPT35446	SPT35544	0.2462
SPT35446	SPT35362	0.24053
SPT35446	SPT35499	0.2393
SPT35446	SPT35336	0.23882
SPT35446	SPT35577	0.24317
SPT35446	SPT35325	0.23843
SPT35446	SPT35331	0.23169
SPT35446	SPT35337	0.23787
SPT35446	SPT35306	0.24659
SPT35446	SPT35407	0.24224
SPT35446	SPT35346	0.23892
SPT35446	SPT35405	0.24635
SPT35446	SPT35410	0.23592
SPT35446	SPT35575	0.23927
SPT35446	SPT35576	0.24779
SPT35446	SPT35766	0.24185
SPT35446	SPT35347	0.24247
SPT35446	SPT35412	0.24257
SPT35446	SPT35414	0.24365
SPT35446	SPT35348	0.23993
SPT35446	SPT35417	0.24431
SPT35446	SPT35571	0.23866
SPT35446	SPT35349	0.24512
SPT35446	SPT35351	0.2388
SPT35446	SPT35418	0.24817
SPT35446	SPT35419	0.25386
SPT35446	SPT35566	0.2592
SPT35446	SPT35567	0.22753
SPT35446	SPT35420	0.23857
SPT35446	SPT35423	0.23471
SPT35446	SPT35564	0.23858
SPT35446	SPT35352	0.24435
SPT35446	SPT35424	0.23898
SPT35446	SPT35357	0.24097
SPT35446	SPT35437	0.24774
SPT35446	SPT35563	0.22547
SPT35446	SPT35308	0.24486
SPT35446	SPT35425	0.25205
SPT35446	SPT35440	0.25057
SPT35446	SPT35354	0.2385
SPT35446	SPT35309	0.23382
SPT35446	SPT35310	0.23321
SPT35446	SPT35355	0.23807
SPT35446	SPT35332	0.2333
SPT35446	SPT35333	0.24054
SPT35446	SPT35561	0.25858
SPT35446	SPT35363	0.24446
SPT35446	SPT35427	0.24961
SPT35446	SPT35752	0.24129
SPT35446	SPT35430	0.2356
SPT35446	SPT35431	0.23237
SPT35446	SPT35313	0.24651
SPT35446	SPT35780	0.24604
SPT35446	SPT35315	0.24101
SPT35446	SPT35316	0.24204
SPT35446	SPT35317	0.23248
SPT35446	SPT35334	0.23822
SPT35446	SPT35543	0.24659
SPT35503	SPT35302	0.2334
SPT35503	SPT35508	0.23564
SPT35503	SPT35365	0.23406
SPT35503	SPT35449	0.23818
SPT35503	SPT35523	0.23207
SPT35503	SPT35338	0.23418
SPT35503	SPT35339	0.2276
SPT35503	SPT35372	0.21553
SPT35503	SPT35373	0.22994
SPT35503	SPT35587	0.24233
SPT35503	SPT35303	0.22942
SPT35503	SPT35356	0.23596
SPT35503	SPT35448	0.24061
SPT35503	SPT35364	0.23827
SPT35503	SPT35366	0.22569
SPT35503	SPT35524	0.21985
SPT35503	SPT35321	0.24452
SPT35503	SPT35374	0.22882
SPT35503	SPT35318	0.23572
SPT35503	SPT35453	0.24028
SPT35503	SPT35509	0.22935
SPT35503	SPT35450	0.23148
SPT35503	SPT35525	0.23854
SPT35503	SPT35510	0.2315
SPT35503	SPT35340	0.22361
SPT35503	SPT35583	0.23166
SPT35503	SPT35584	0.22653
SPT35503	SPT35585	0.23482
SPT35503	SPT35458	0.23468
SPT35503	SPT35500	0.50901
SPT35503	SPT35322	0.23028
SPT35503	SPT35377	0.22367
SPT35503	SPT35511	0.23658
SPT35503	SPT35323	0.23619
SPT35503	SPT35461	0.21807000000000001
SPT35503	SPT35462	0.23145
SPT35503	SPT35463	0.23582
SPT35503	SPT35341	0.24182
SPT35503	SPT35368	0.24414
SPT35503	SPT35378	0.23576
SPT35503	SPT35552	0.24849
SPT35503	SPT35551	0.23187
SPT35503	SPT35459	0.22966
SPT35503	SPT35474	0.23725
SPT35503	SPT35514	0.22935
SPT35503	SPT35519	0.23121
SPT35503	SPT35526	0.2385
SPT35503	SPT35501	0.41832
SPT35503	SPT35681	0.23507
SPT35503	SPT35467	0.23639
SPT35503	SPT35469	0.23699
SPT35503	SPT35470	0.23022
SPT35503	SPT35468	0.23975
SPT35503	SPT35471	0.23157
SPT35503	SPT35379	0.24538
SPT35503	SPT35472	0.23713
SPT35503	SPT35529	0.2384
SPT35503	SPT35517	0.23456
SPT35503	SPT35516	0.23493
SPT35503	SPT35360	0.22702
SPT35503	SPT35515	0.22602
SPT35503	SPT35518	0.22839
SPT35503	SPT35475	0.23515
SPT35503	SPT35520	0.2379
SPT35503	SPT35324	0.23727
SPT35503	SPT35476	0.24287
SPT35503	SPT35485	0.22377
SPT35503	SPT35389	0.22359
SPT35503	SPT35487	0.23044
SPT35503	SPT35369	0.227
SPT35503	SPT35370	0.23776
SPT35503	SPT35382	0.23847
SPT35503	SPT35521	0.23291
SPT35503	SPT35553	0.22329
SPT35503	SPT35532	0.23578
SPT35503	SPT35384	0.24333
SPT35503	SPT35522	0.22479
SPT35503	SPT35361	0.24328
SPT35503	SPT35342	0.22949
SPT35503	SPT35556	0.23547
SPT35503	SPT35557	0.23792
SPT35503	SPT35328	0.22893
SPT35503	SPT35592	0.22497
SPT35503	SPT35435	0.23278
SPT35503	SPT35304	0.22105
SPT35503	SPT35390	0.23186
SPT35503	SPT35436	0.22796
SPT35503	SPT35580	0.23942
SPT35503	SPT35538	0.24526
SPT35503	SPT35537	0.24609
SPT35503	SPT35320	0.23801
SPT35503	SPT35541	0.239
SPT35503	SPT35673	0.22738
SPT35503	SPT35502	0.21872
SPT35503	SPT35330	0.23856
SPT35503	SPT35546	0.23638
SPT35503	SPT35547	0.22757
SPT35503	SPT35544	0.23112
SPT35503	SPT35362	0.24364
SPT35503	SPT35499	0.67511
SPT35503	SPT35336	0.24424
SPT35503	SPT35577	0.22711
SPT35503	SPT35325	0.23215
SPT35503	SPT35331	0.23911
SPT35503	SPT35337	0.22322
SPT35503	SPT35306	0.2295
SPT35503	SPT35407	0.23636
SPT35503	SPT35346	0.23426
SPT35503	SPT35405	0.23781
SPT35503	SPT35410	0.22212
SPT35503	SPT35575	0.23612
SPT35503	SPT35576	0.22367
SPT35503	SPT35766	0.24138
SPT35503	SPT35347	0.22734
SPT35503	SPT35412	0.22681
SPT35503	SPT35414	0.23668
SPT35503	SPT35348	0.23316
SPT35503	SPT35417	0.2337
SPT35503	SPT35571	0.22569
SPT35503	SPT35349	0.22488
SPT35503	SPT35351	0.21783
SPT35503	SPT35418	0.22538
SPT35503	SPT35419	0.235
SPT35503	SPT35566	0.24044
SPT35503	SPT35567	0.22433
SPT35503	SPT35420	0.22892
SPT35503	SPT35423	0.22292
SPT35503	SPT35564	0.23721
SPT35503	SPT35352	0.23568
SPT35503	SPT35424	0.23342
SPT35503	SPT35357	0.23074
SPT35503	SPT35437	0.22857
SPT35503	SPT35563	0.22012
SPT35503	SPT35308	0.21966
SPT35503	SPT35425	0.24211
SPT35503	SPT35440	0.2423
SPT35503	SPT35354	0.23052
SPT35503	SPT35309	0.22508
SPT35503	SPT35310	0.22702
SPT35503	SPT35355	0.23842
SPT35503	SPT35332	0.22771
SPT35503	SPT35333	0.23076
SPT35503	SPT35561	0.22156
SPT35503	SPT35363	0.23125
SPT35503	SPT35427	0.23876
SPT35503	SPT35752	0.23135
SPT35503	SPT35430	0.23775
SPT35503	SPT35431	0.23636
SPT35503	SPT35313	0.23724
SPT35503	SPT35780	0.24291
SPT35503	SPT35315	0.23681
SPT35503	SPT35316	0.22741
SPT35503	SPT35317	0.22706
SPT35503	SPT35334	0.2226
SPT35503	SPT35543	0.24408
SPT35302	SPT35508	0.38075
SPT35302	SPT35365	0.24542
SPT35302	SPT35449	0.24107
SPT35302	SPT35523	0.25389
SPT35302	SPT35338	0.25172
SPT35302	SPT35339	0.23621
SPT35302	SPT35372	0.2881
SPT35302	SPT35373	0.24231
SPT35302	SPT35587	0.49915
SPT35302	SPT35303	0.24238
SPT35302	SPT35356	0.23733
SPT35302	SPT35448	0.24484
SPT35302	SPT35364	0.24427
SPT35302	SPT35366	0.24813
SPT35302	SPT35524	0.23241
SPT35302	SPT35321	0.25092
SPT35302	SPT35374	0.24032
SPT35302	SPT35318	0.26374
SPT35302	SPT35453	0.24535
SPT35302	SPT35509	0.24324
SPT35302	SPT35450	0.23599
SPT35302	SPT35525	0.2463
SPT35302	SPT35510	0.23649
SPT35302	SPT35340	0.23742
SPT35302	SPT35583	0.2253
SPT35302	SPT35584	0.24196
SPT35302	SPT35585	0.59701
SPT35302	SPT35458	0.25117
SPT35302	SPT35500	0.23832
SPT35302	SPT35322	0.24544
SPT35302	SPT35377	0.23705
SPT35302	SPT35511	0.24496
SPT35302	SPT35323	0.25269
SPT35302	SPT35461	0.22615
SPT35302	SPT35462	0.47329
SPT35302	SPT35463	0.25477
SPT35302	SPT35341	0.29627
SPT35302	SPT35368	0.24968
SPT35302	SPT35378	0.24734
SPT35302	SPT35552	0.23634
SPT35302	SPT35551	0.23316
SPT35302	SPT35459	0.23896
SPT35302	SPT35474	0.45336
SPT35302	SPT35514	0.25053
SPT35302	SPT35519	0.23025
SPT35302	SPT35526	0.24803
SPT35302	SPT35501	0.22369
SPT35302	SPT35681	0.2375
SPT35302	SPT35467	0.2479
SPT35302	SPT35469	0.25363
SPT35302	SPT35470	0.47947
SPT35302	SPT35468	0.24072
SPT35302	SPT35471	0.25735
SPT35302	SPT35379	0.25447
SPT35302	SPT35472	0.24558
SPT35302	SPT35529	0.24737
SPT35302	SPT35517	0.25046
SPT35302	SPT35516	0.24942
SPT35302	SPT35360	0.32573
SPT35302	SPT35515	0.24982
SPT35302	SPT35518	0.23015
SPT35302	SPT35475	0.24766
SPT35302	SPT35520	0.23986
SPT35302	SPT35324	0.24815
SPT35302	SPT35476	0.25205
SPT35302	SPT35485	0.23291
SPT35302	SPT35389	0.23703
SPT35302	SPT35487	0.24367
SPT35302	SPT35369	0.26209
SPT35302	SPT35370	0.27759
SPT35302	SPT35382	0.25619
SPT35302	SPT35521	0.23131
SPT35302	SPT35553	0.23242
SPT35302	SPT35532	0.25865
SPT35302	SPT35384	0.24666
SPT35302	SPT35522	0.32036
SPT35302	SPT35361	0.24561
SPT35302	SPT35342	0.2474
SPT35302	SPT35556	0.24821
SPT35302	SPT35557	0.24052
SPT35302	SPT35328	0.23321
SPT35302	SPT35592	0.24
SPT35302	SPT35435	0.25747
SPT35302	SPT35304	0.24308
SPT35302	SPT35390	0.31628
SPT35302	SPT35436	0.24125
SPT35302	SPT35580	0.22919
SPT35302	SPT35538	0.22438
SPT35302	SPT35537	0.21341
SPT35302	SPT35320	0.26163
SPT35302	SPT35541	0.24595
SPT35302	SPT35673	0.22627
SPT35302	SPT35502	0.23323
SPT35302	SPT35330	0.25007
SPT35302	SPT35546	0.23435
SPT35302	SPT35547	0.24287
SPT35302	SPT35544	0.23079
SPT35302	SPT35362	0.22511
SPT35302	SPT35499	0.23444
SPT35302	SPT35336	0.24811
SPT35302	SPT35577	0.24809
SPT35302	SPT35325	0.22603
SPT35302	SPT35331	0.25356
SPT35302	SPT35337	0.2901
SPT35302	SPT35306	0.24914
SPT35302	SPT35407	0.71897
SPT35302	SPT35346	0.25431
SPT35302	SPT35405	0.69525
SPT35302	SPT35410	0.24291
SPT35302	SPT35575	0.22393
SPT35302	SPT35576	0.45669
SPT35302	SPT35766	0.24405
SPT35302	SPT35347	0.32605
SPT35302	SPT35412	0.23502
SPT35302	SPT35414	0.24222
SPT35302	SPT35348	0.28187
SPT35302	SPT35417	0.24312
SPT35302	SPT35571	0.2324
SPT35302	SPT35349	0.24229
SPT35302	SPT35351	0.24792
SPT35302	SPT35418	0.24221
SPT35302	SPT35419	0.44625
SPT35302	SPT35566	0.31217
SPT35302	SPT35567	0.22758
SPT35302	SPT35420	0.21649
SPT35302	SPT35423	0.23932
SPT35302	SPT35564	0.23439
SPT35302	SPT35352	0.24952
SPT35302	SPT35424	0.23157
SPT35302	SPT35357	0.245
SPT35302	SPT35437	0.2383
SPT35302	SPT35563	0.22939
SPT35302	SPT35308	0.24202
SPT35302	SPT35425	0.23465
SPT35302	SPT35440	0.23667
SPT35302	SPT35354	0.26445
SPT35302	SPT35309	0.24373
SPT35302	SPT35310	0.2402
SPT35302	SPT35355	0.25525
SPT35302	SPT35332	0.22683
SPT35302	SPT35333	0.23623
SPT35302	SPT35561	0.24655
SPT35302	SPT35363	0.23951
SPT35302	SPT35427	0.23331
SPT35302	SPT35752	0.23148
SPT35302	SPT35430	0.24082
SPT35302	SPT35431	0.23426
SPT35302	SPT35313	0.25169
SPT35302	SPT35780	0.24001
SPT35302	SPT35315	0.25709
SPT35302	SPT35316	0.25302
SPT35302	SPT35317	0.29221
SPT35302	SPT35334	0.28143
SPT35302	SPT35543	0.24053
SPT35508	SPT35365	0.25395
SPT35508	SPT35449	0.24412
SPT35508	SPT35523	0.24914
SPT35508	SPT35338	0.24226
SPT35508	SPT35339	0.23281
SPT35508	SPT35372	0.28503
SPT35508	SPT35373	0.23715
SPT35508	SPT35587	0.37571
SPT35508	SPT35303	0.23567
SPT35508	SPT35356	0.23945
SPT35508	SPT35448	0.24344
SPT35508	SPT35364	0.24319
SPT35508	SPT35366	0.24151
SPT35508	SPT35524	0.2343
SPT35508	SPT35321	0.24052
SPT35508	SPT35374	0.23852
SPT35508	SPT35318	0.26376
SPT35508	SPT35453	0.25093
SPT35508	SPT35509	0.24644
SPT35508	SPT35450	0.2435
SPT35508	SPT35525	0.24811
SPT35508	SPT35510	0.23366
SPT35508	SPT35340	0.24196
SPT35508	SPT35583	0.24237
SPT35508	SPT35584	0.2408
SPT35508	SPT35585	0.42598
SPT35508	SPT35458	0.25914
SPT35508	SPT35500	0.23026
SPT35508	SPT35322	0.24777
SPT35508	SPT35377	0.24155
SPT35508	SPT35511	0.24683
SPT35508	SPT35323	0.25332
SPT35508	SPT35461	0.23588
SPT35508	SPT35462	0.43935
SPT35508	SPT35463	0.25315
SPT35508	SPT35341	0.27604
SPT35508	SPT35368	0.24383
SPT35508	SPT35378	0.24982
SPT35508	SPT35552	0.23606
SPT35508	SPT35551	0.24467
SPT35508	SPT35459	0.25394
SPT35508	SPT35474	0.54355
SPT35508	SPT35514	0.24128
SPT35508	SPT35519	0.22694
SPT35508	SPT35526	0.24854
SPT35508	SPT35501	0.24494
SPT35508	SPT35681	0.2365
SPT35508	SPT35467	0.25036
SPT35508	SPT35469	0.24908
SPT35508	SPT35470	0.55308
SPT35508	SPT35468	0.24546
SPT35508	SPT35471	0.24888
SPT35508	SPT35379	0.25316
SPT35508	SPT35472	0.25332
SPT35508	SPT35529	0.24716
SPT35508	SPT35517	0.24765
SPT35508	SPT35516	0.24921
SPT35508	SPT35360	0.29481
SPT35508	SPT35515	0.24456
SPT35508	SPT35518	0.24409
SPT35508	SPT35475	0.24845
SPT35508	SPT35520	0.2381
SPT35508	SPT35324	0.25163
SPT35508	SPT35476	0.24511
SPT35508	SPT35485	0.23533
SPT35508	SPT35389	0.24107
SPT35508	SPT35487	0.24749
SPT35508	SPT35369	0.25785
SPT35508	SPT35370	0.26322
SPT35508	SPT35382	0.25198
SPT35508	SPT35521	0.23763
SPT35508	SPT35553	0.26335
SPT35508	SPT35532	0.24861
SPT35508	SPT35384	0.25101
SPT35508	SPT35522	0.35894
SPT35508	SPT35361	0.25046
SPT35508	SPT35342	0.24097
SPT35508	SPT35556	0.2415
SPT35508	SPT35557	0.24675
SPT35508	SPT35328	0.23473
SPT35508	SPT35592	0.24334
SPT35508	SPT35435	0.25005
SPT35508	SPT35304	0.2423
SPT35508	SPT35390	0.27317
SPT35508	SPT35436	0.2431
SPT35508	SPT35580	0.24396
SPT35508	SPT35538	0.24207
SPT35508	SPT35537	0.23815
SPT35508	SPT35320	0.26072
SPT35508	SPT35541	0.23961
SPT35508	SPT35673	0.23335
SPT35508	SPT35502	0.24961
SPT35508	SPT35330	0.24574
SPT35508	SPT35546	0.23656
SPT35508	SPT35547	0.24421
SPT35508	SPT35544	0.23555
SPT35508	SPT35362	0.24681
SPT35508	SPT35499	0.24487
SPT35508	SPT35336	0.24934
SPT35508	SPT35577	0.25031
SPT35508	SPT35325	0.23743
SPT35508	SPT35331	0.25755
SPT35508	SPT35337	0.27654
SPT35508	SPT35306	0.24187
SPT35508	SPT35407	0.40123
SPT35508	SPT35346	0.25988
SPT35508	SPT35405	0.36618
SPT35508	SPT35410	0.24041
SPT35508	SPT35575	0.24514
SPT35508	SPT35576	0.33083
SPT35508	SPT35766	0.24492
SPT35508	SPT35347	0.29518
SPT35508	SPT35412	0.241
SPT35508	SPT35414	0.24327
SPT35508	SPT35348	0.26037
SPT35508	SPT35417	0.24316
SPT35508	SPT35571	0.24055
SPT35508	SPT35349	0.2287
SPT35508	SPT35351	0.24797
SPT35508	SPT35418	0.25171
SPT35508	SPT35419	0.32864
SPT35508	SPT35566	0.30203
SPT35508	SPT35567	0.24399
SPT35508	SPT35420	0.23532
SPT35508	SPT35423	0.24222
SPT35508	SPT35564	0.2509
SPT35508	SPT35352	0.24874
SPT35508	SPT35424	0.22945
SPT35508	SPT35357	0.24733
SPT35508	SPT35437	0.24745
SPT35508	SPT35563	0.24404
SPT35508	SPT35308	0.24327
SPT35508	SPT35425	0.25359
SPT35508	SPT35440	0.24481
SPT35508	SPT35354	0.25661
SPT35508	SPT35309	0.24766
SPT35508	SPT35310	0.24558
SPT35508	SPT35355	0.24582
SPT35508	SPT35332	0.24137
SPT35508	SPT35333	0.23881
SPT35508	SPT35561	0.24689
SPT35508	SPT35363	0.23893
SPT35508	SPT35427	0.23897
SPT35508	SPT35752	0.23125
SPT35508	SPT35430	0.24527
SPT35508	SPT35431	0.24275
SPT35508	SPT35313	0.25124
SPT35508	SPT35780	0.23394
SPT35508	SPT35315	0.25047
SPT35508	SPT35316	0.254
SPT35508	SPT35317	0.26413
SPT35508	SPT35334	0.27012
SPT35508	SPT35543	0.24599
SPT35365	SPT35449	0.23447
SPT35365	SPT35523	0.23281
SPT35365	SPT35338	0.25084
SPT35365	SPT35339	0.22034
SPT35365	SPT35372	0.24942
SPT35365	SPT35373	0.23979
SPT35365	SPT35587	0.24018
SPT35365	SPT35303	0.23113
SPT35365	SPT35356	0.24893
SPT35365	SPT35448	0.23479
SPT35365	SPT35364	0.22836
SPT35365	SPT35366	0.25261
SPT35365	SPT35524	0.23328
SPT35365	SPT35321	0.23752
SPT35365	SPT35374	0.25285
SPT35365	SPT35318	0.24881
SPT35365	SPT35453	0.23813
SPT35365	SPT35509	0.23851
SPT35365	SPT35450	0.22768
SPT35365	SPT35525	0.23916
SPT35365	SPT35510	0.23205
SPT35365	SPT35340	0.23475
SPT35365	SPT35583	0.22832
SPT35365	SPT35584	0.23142
SPT35365	SPT35585	0.25544
SPT35365	SPT35458	0.25106
SPT35365	SPT35500	0.24919
SPT35365	SPT35322	0.26498
SPT35365	SPT35377	0.23567
SPT35365	SPT35511	0.24321
SPT35365	SPT35323	0.24687
SPT35365	SPT35461	0.23352
SPT35365	SPT35462	0.24317
SPT35365	SPT35463	0.24665
SPT35365	SPT35341	0.26379
SPT35365	SPT35368	0.28241
SPT35365	SPT35378	0.2578
SPT35365	SPT35552	0.23478
SPT35365	SPT35551	0.23332
SPT35365	SPT35459	0.23788
SPT35365	SPT35474	0.25459
SPT35365	SPT35514	0.23169
SPT35365	SPT35519	0.22357
SPT35365	SPT35526	0.24205
SPT35365	SPT35501	0.2372
SPT35365	SPT35681	0.22962
SPT35365	SPT35467	0.24353
SPT35365	SPT35469	0.23644
SPT35365	SPT35470	0.25742
SPT35365	SPT35468	0.23346
SPT35365	SPT35471	0.23845
SPT35365	SPT35379	0.25694
SPT35365	SPT35472	0.2448
SPT35365	SPT35529	0.23876
SPT35365	SPT35517	0.23129
SPT35365	SPT35516	0.23564
SPT35365	SPT35360	0.26901
SPT35365	SPT35515	0.22568
SPT35365	SPT35518	0.23429
SPT35365	SPT35475	0.24245
SPT35365	SPT35520	0.2239
SPT35365	SPT35324	0.23455
SPT35365	SPT35476	0.22984
SPT35365	SPT35485	0.24058
SPT35365	SPT35389	0.23523
SPT35365	SPT35487	0.23589
SPT35365	SPT35369	0.23182
SPT35365	SPT35370	0.25905
SPT35365	SPT35382	0.2564
SPT35365	SPT35521	0.23229
SPT35365	SPT35553	0.23816
SPT35365	SPT35532	0.23219
SPT35365	SPT35384	0.24378
SPT35365	SPT35522	0.25209
SPT35365	SPT35361	0.25521
SPT35365	SPT35342	0.24506
SPT35365	SPT35556	0.23079
SPT35365	SPT35557	0.22499
SPT35365	SPT35328	0.24615
SPT35365	SPT35592	0.23333
SPT35365	SPT35435	0.23434
SPT35365	SPT35304	0.23572
SPT35365	SPT35390	0.24208
SPT35365	SPT35436	0.22914
SPT35365	SPT35580	0.22888
SPT35365	SPT35538	0.2219
SPT35365	SPT35537	0.22702
SPT35365	SPT35320	0.23068
SPT35365	SPT35541	0.23208
SPT35365	SPT35673	0.21845
SPT35365	SPT35502	0.23408
SPT35365	SPT35330	0.23972
SPT35365	SPT35546	0.22465
SPT35365	SPT35547	0.23289
SPT35365	SPT35544	0.23312
SPT35365	SPT35362	0.25016
SPT35365	SPT35499	0.23973
SPT35365	SPT35336	0.23966
SPT35365	SPT35577	0.22315
SPT35365	SPT35325	0.22717
SPT35365	SPT35331	0.26023
SPT35365	SPT35337	0.25889
SPT35365	SPT35306	0.23019
SPT35365	SPT35407	0.25075
SPT35365	SPT35346	0.25231
SPT35365	SPT35405	0.24155
SPT35365	SPT35410	0.22704
SPT35365	SPT35575	0.23452
SPT35365	SPT35576	0.23563
SPT35365	SPT35766	0.22738
SPT35365	SPT35347	0.26975
SPT35365	SPT35412	0.22271
SPT35365	SPT35414	0.22935
SPT35365	SPT35348	0.26425
SPT35365	SPT35417	0.23182
SPT35365	SPT35571	0.23419
SPT35365	SPT35349	0.23693
SPT35365	SPT35351	0.24415
SPT35365	SPT35418	0.24682
SPT35365	SPT35419	0.24909
SPT35365	SPT35566	0.24553
SPT35365	SPT35567	0.22478
SPT35365	SPT35420	0.2287
SPT35365	SPT35423	0.23337
SPT35365	SPT35564	0.22589
SPT35365	SPT35352	0.2458
SPT35365	SPT35424	0.23447
SPT35365	SPT35357	0.26506
SPT35365	SPT35437	0.22558
SPT35365	SPT35563	0.22742
SPT35365	SPT35308	0.23558
SPT35365	SPT35425	0.22614
SPT35365	SPT35440	0.22696
SPT35365	SPT35354	0.25047
SPT35365	SPT35309	0.22802
SPT35365	SPT35310	0.22552
SPT35365	SPT35355	0.23051
SPT35365	SPT35332	0.22808
SPT35365	SPT35333	0.23543
SPT35365	SPT35561	0.23171
SPT35365	SPT35363	0.23371
SPT35365	SPT35427	0.22324
SPT35365	SPT35752	0.24128
SPT35365	SPT35430	0.23302
SPT35365	SPT35431	0.2307
SPT35365	SPT35313	0.24529
SPT35365	SPT35780	0.23144
SPT35365	SPT35315	0.26004
SPT35365	SPT35316	0.23219
SPT35365	SPT35317	0.24491
SPT35365	SPT35334	0.26126
SPT35365	SPT35543	0.23337
SPT35449	SPT35523	0.251
SPT35449	SPT35338	0.23465
SPT35449	SPT35339	0.25788
SPT35449	SPT35372	0.24367
SPT35449	SPT35373	0.24459
SPT35449	SPT35587	0.2703
SPT35449	SPT35303	0.25771
SPT35449	SPT35356	0.24276
SPT35449	SPT35448	0.27684
SPT35449	SPT35364	0.24288
SPT35449	SPT35366	0.24067
SPT35449	SPT35524	0.23591
SPT35449	SPT35321	0.24065
SPT35449	SPT35374	0.23581
SPT35449	SPT35318	0.2447
SPT35449	SPT35453	0.25104
SPT35449	SPT35509	0.25114
SPT35449	SPT35450	0.27629
SPT35449	SPT35525	0.70756
SPT35449	SPT35510	0.24888
SPT35449	SPT35340	0.24648
SPT35449	SPT35583	0.24703
SPT35449	SPT35584	0.24756
SPT35449	SPT35585	0.24498
SPT35449	SPT35458	0.25752
SPT35449	SPT35500	0.24465
SPT35449	SPT35322	0.23547
SPT35449	SPT35377	0.24601
SPT35449	SPT35511	0.70222
SPT35449	SPT35323	0.23562
SPT35449	SPT35461	0.24268
SPT35449	SPT35462	0.24311
SPT35449	SPT35463	0.24362
SPT35449	SPT35341	0.23635
SPT35449	SPT35368	0.25476
SPT35449	SPT35378	0.23329
SPT35449	SPT35552	0.25581
SPT35449	SPT35551	0.25462
SPT35449	SPT35459	0.24708
SPT35449	SPT35474	0.23987
SPT35449	SPT35514	0.25954
SPT35449	SPT35519	0.25415
SPT35449	SPT35526	0.7017
SPT35449	SPT35501	0.2362
SPT35449	SPT35681	0.23497
SPT35449	SPT35467	0.70194
SPT35449	SPT35469	0.25049
SPT35449	SPT35470	0.23661
SPT35449	SPT35468	0.24548
SPT35449	SPT35471	0.24648
SPT35449	SPT35379	0.24677
SPT35449	SPT35472	0.22962
SPT35449	SPT35529	0.69829
SPT35449	SPT35517	0.24076
SPT35449	SPT35516	0.24685000000000001
SPT35449	SPT35360	0.23535
SPT35449	SPT35515	0.24863
SPT35449	SPT35518	0.22088
SPT35449	SPT35475	0.70216
SPT35449	SPT35520	0.23599
SPT35449	SPT35324	0.23048
SPT35449	SPT35476	0.24876
SPT35449	SPT35485	0.23925
SPT35449	SPT35389	0.24593
SPT35449	SPT35487	0.25133
SPT35449	SPT35369	0.23548
SPT35449	SPT35370	0.24237
SPT35449	SPT35382	0.25313
SPT35449	SPT35521	0.26402
SPT35449	SPT35553	0.23898
SPT35449	SPT35532	0.25569
SPT35449	SPT35384	0.24228
SPT35449	SPT35522	0.2368
SPT35449	SPT35361	0.24004
SPT35449	SPT35342	0.23433
SPT35449	SPT35556	0.24645
SPT35449	SPT35557	0.23517
SPT35449	SPT35328	0.22694
SPT35449	SPT35592	0.2377
SPT35449	SPT35435	0.25281
SPT35449	SPT35304	0.24758
SPT35449	SPT35390	0.24175
SPT35449	SPT35436	0.25366
SPT35449	SPT35580	0.26164
SPT35449	SPT35538	0.26615
SPT35449	SPT35537	0.25906
SPT35449	SPT35320	0.2564
SPT35449	SPT35541	0.23272
SPT35449	SPT35673	0.27274
SPT35449	SPT35502	0.22862
SPT35449	SPT35330	0.26493
SPT35449	SPT35546	0.26188
SPT35449	SPT35547	0.2384
SPT35449	SPT35544	0.25074
SPT35449	SPT35362	0.24345
SPT35449	SPT35499	0.24279
SPT35449	SPT35336	0.24808
SPT35449	SPT35577	0.24002
SPT35449	SPT35325	0.23367
SPT35449	SPT35331	0.23824
SPT35449	SPT35337	0.2397
SPT35449	SPT35306	0.24656
SPT35449	SPT35407	0.23493
SPT35449	SPT35346	0.23447
SPT35449	SPT35405	0.25842
SPT35449	SPT35410	0.24033
SPT35449	SPT35575	0.24098
SPT35449	SPT35576	0.23637
SPT35449	SPT35766	0.26394
SPT35449	SPT35347	0.23569
SPT35449	SPT35412	0.25729
SPT35449	SPT35414	0.25925
SPT35449	SPT35348	0.23856
SPT35449	SPT35417	0.25504
SPT35449	SPT35571	0.26018
SPT35449	SPT35349	0.24673
SPT35449	SPT35351	0.26274
SPT35449	SPT35418	0.23609
SPT35449	SPT35419	0.23666
SPT35449	SPT35566	0.24678
SPT35449	SPT35567	0.24128
SPT35449	SPT35420	0.24127
SPT35449	SPT35423	0.23805
SPT35449	SPT35564	0.24935
SPT35449	SPT35352	0.23387
SPT35449	SPT35424	0.24956
SPT35449	SPT35357	0.23504
SPT35449	SPT35437	0.23737
SPT35449	SPT35563	0.2383
SPT35449	SPT35308	0.25123
SPT35449	SPT35425	0.25238
SPT35449	SPT35440	0.28573
SPT35449	SPT35354	0.24691
SPT35449	SPT35309	0.24056
SPT35449	SPT35310	0.24241
SPT35449	SPT35355	0.23282
SPT35449	SPT35332	0.22735
SPT35449	SPT35333	0.23762
SPT35449	SPT35561	0.23746
SPT35449	SPT35363	0.22988
SPT35449	SPT35427	0.26215
SPT35449	SPT35752	0.23534
SPT35449	SPT35430	0.24804
SPT35449	SPT35431	0.24186
SPT35449	SPT35313	0.23672
SPT35449	SPT35780	0.24837
SPT35449	SPT35315	0.23403
SPT35449	SPT35316	0.23576
SPT35449	SPT35317	0.23056
SPT35449	SPT35334	0.23737
SPT35449	SPT35543	0.24796
SPT35523	SPT35338	0.21859
SPT35523	SPT35339	0.24008
SPT35523	SPT35372	0.23772
SPT35523	SPT35373	0.24749
SPT35523	SPT35587	0.25072
SPT35523	SPT35303	0.2269
SPT35523	SPT35356	0.23994
SPT35523	SPT35448	0.4521
SPT35523	SPT35364	0.21987
SPT35523	SPT35366	0.23308
SPT35523	SPT35524	0.23262
SPT35523	SPT35321	0.24571
SPT35523	SPT35374	0.23085
SPT35523	SPT35318	0.24069
SPT35523	SPT35453	0.23188
SPT35523	SPT35509	0.24364
SPT35523	SPT35450	0.24413
SPT35523	SPT35525	0.25287
SPT35523	SPT35510	0.25018
SPT35523	SPT35340	0.24403
SPT35523	SPT35583	0.25403
SPT35523	SPT35584	0.25117
SPT35523	SPT35585	0.25265
SPT35523	SPT35458	0.25362
SPT35523	SPT35500	0.24242
SPT35523	SPT35322	0.22501
SPT35523	SPT35377	0.24376
SPT35523	SPT35511	0.24812
SPT35523	SPT35323	0.22981
SPT35523	SPT35461	0.24045
SPT35523	SPT35462	0.24974
SPT35523	SPT35463	0.23549
SPT35523	SPT35341	0.23694
SPT35523	SPT35368	0.24007
SPT35523	SPT35378	0.23958
SPT35523	SPT35552	0.24322
SPT35523	SPT35551	0.23752
SPT35523	SPT35459	0.24605
SPT35523	SPT35474	0.25394
SPT35523	SPT35514	0.46197
SPT35523	SPT35519	0.23441
SPT35523	SPT35526	0.25224
SPT35523	SPT35501	0.2307
SPT35523	SPT35681	0.23407
SPT35523	SPT35467	0.25198
SPT35523	SPT35469	0.48567
SPT35523	SPT35470	0.24785
SPT35523	SPT35468	0.51772
SPT35523	SPT35471	0.45091
SPT35523	SPT35379	0.23525
SPT35523	SPT35472	0.234
SPT35523	SPT35529	0.25255
SPT35523	SPT35517	0.4706
SPT35523	SPT35516	0.51052
SPT35523	SPT35360	0.23539
SPT35523	SPT35515	0.37202
SPT35523	SPT35518	0.23421
SPT35523	SPT35475	0.25097
SPT35523	SPT35520	0.23741
SPT35523	SPT35324	0.23956
SPT35523	SPT35476	0.47992
SPT35523	SPT35485	0.24181
SPT35523	SPT35389	0.2433
SPT35523	SPT35487	0.48863
SPT35523	SPT35369	0.23851
SPT35523	SPT35370	0.24341
SPT35523	SPT35382	0.24053
SPT35523	SPT35521	0.24503
SPT35523	SPT35553	0.23619
SPT35523	SPT35532	0.5248
SPT35523	SPT35384	0.23922
SPT35523	SPT35522	0.22999
SPT35523	SPT35361	0.23852
SPT35523	SPT35342	0.23425
SPT35523	SPT35556	0.2337
SPT35523	SPT35557	0.24528
SPT35523	SPT35328	0.23361
SPT35523	SPT35592	0.26563
SPT35523	SPT35435	0.50637
SPT35523	SPT35304	0.24228
SPT35523	SPT35390	0.22942
SPT35523	SPT35436	0.23535
SPT35523	SPT35580	0.23066
SPT35523	SPT35538	0.23611
SPT35523	SPT35537	0.23546
SPT35523	SPT35320	0.2409
SPT35523	SPT35541	0.23547
SPT35523	SPT35673	0.24835
SPT35523	SPT35502	0.23704
SPT35523	SPT35330	0.23423
SPT35523	SPT35546	0.24869
SPT35523	SPT35547	0.24957
SPT35523	SPT35544	0.23954
SPT35523	SPT35362	0.22978
SPT35523	SPT35499	0.23813
SPT35523	SPT35336	0.24034
SPT35523	SPT35577	0.23594
SPT35523	SPT35325	0.23623
SPT35523	SPT35331	0.23008
SPT35523	SPT35337	0.23671
SPT35523	SPT35306	0.23692
SPT35523	SPT35407	0.25292
SPT35523	SPT35346	0.24125
SPT35523	SPT35405	0.2562
SPT35523	SPT35410	0.23257
SPT35523	SPT35575	0.23257
SPT35523	SPT35576	0.23615
SPT35523	SPT35766	0.24169
SPT35523	SPT35347	0.23524
SPT35523	SPT35412	0.22781
SPT35523	SPT35414	0.24212
SPT35523	SPT35348	0.23547
SPT35523	SPT35417	0.23866
SPT35523	SPT35571	0.2401
SPT35523	SPT35349	0.23229
SPT35523	SPT35351	0.24446
SPT35523	SPT35418	0.23931
SPT35523	SPT35419	0.241
SPT35523	SPT35566	0.24873
SPT35523	SPT35567	0.22351
SPT35523	SPT35420	0.23002
SPT35523	SPT35423	0.22901
SPT35523	SPT35564	0.23318
SPT35523	SPT35352	0.2389
SPT35523	SPT35424	0.23827
SPT35523	SPT35357	0.22472
SPT35523	SPT35437	0.33014
SPT35523	SPT35563	0.2237
SPT35523	SPT35308	0.24367
SPT35523	SPT35425	0.23266
SPT35523	SPT35440	0.24155
SPT35523	SPT35354	0.23691
SPT35523	SPT35309	0.24017
SPT35523	SPT35310	0.24189
SPT35523	SPT35355	0.22948
SPT35523	SPT35332	0.22994
SPT35523	SPT35333	0.23742
SPT35523	SPT35561	0.2715
SPT35523	SPT35363	0.23584
SPT35523	SPT35427	0.23231
SPT35523	SPT35752	0.24509
SPT35523	SPT35430	0.23225
SPT35523	SPT35431	0.23575
SPT35523	SPT35313	0.2292
SPT35523	SPT35780	0.23525
SPT35523	SPT35315	0.23508
SPT35523	SPT35316	0.24144
SPT35523	SPT35317	0.23924
SPT35523	SPT35334	0.23827
SPT35523	SPT35543	0.24461
SPT35338	SPT35339	0.23441
SPT35338	SPT35372	0.22325
SPT35338	SPT35373	0.24287
SPT35338	SPT35587	0.23705
SPT35338	SPT35303	0.22223
SPT35338	SPT35356	0.26274
SPT35338	SPT35448	0.22664
SPT35338	SPT35364	0.23389
SPT35338	SPT35366	0.24269
SPT35338	SPT35524	0.2348
SPT35338	SPT35321	0.22269
SPT35338	SPT35374	0.24581
SPT35338	SPT35318	0.24331
SPT35338	SPT35453	0.22846
SPT35338	SPT35509	0.23271
SPT35338	SPT35450	0.2283
SPT35338	SPT35525	0.23045
SPT35338	SPT35510	0.20736
SPT35338	SPT35340	0.22874
SPT35338	SPT35583	0.21787
SPT35338	SPT35584	0.22683
SPT35338	SPT35585	0.23942
SPT35338	SPT35458	0.23517
SPT35338	SPT35500	0.23654
SPT35338	SPT35322	0.25661
SPT35338	SPT35377	0.22936
SPT35338	SPT35511	0.23413
SPT35338	SPT35323	0.23157
SPT35338	SPT35461	0.216
SPT35338	SPT35462	0.23774
SPT35338	SPT35463	0.23649
SPT35338	SPT35341	0.23399
SPT35338	SPT35368	0.23396
SPT35338	SPT35378	0.24018
SPT35338	SPT35552	0.23235
SPT35338	SPT35551	0.24474
SPT35338	SPT35459	0.22749
SPT35338	SPT35474	0.24471
SPT35338	SPT35514	0.22207
SPT35338	SPT35519	0.21842
SPT35338	SPT35526	0.23553
SPT35338	SPT35501	0.21941
SPT35338	SPT35681	0.21839
SPT35338	SPT35467	0.23471
SPT35338	SPT35469	0.24256
SPT35338	SPT35470	0.24625
SPT35338	SPT35468	0.22796
SPT35338	SPT35471	0.23474
SPT35338	SPT35379	0.23307
SPT35338	SPT35472	0.23326
SPT35338	SPT35529	0.23297
SPT35338	SPT35517	0.2207
SPT35338	SPT35516	0.22389
SPT35338	SPT35360	0.2401
SPT35338	SPT35515	0.23655
SPT35338	SPT35518	0.22943
SPT35338	SPT35475	0.23491
SPT35338	SPT35520	0.22787
SPT35338	SPT35324	0.23568
SPT35338	SPT35476	0.22395
SPT35338	SPT35485	0.2297
SPT35338	SPT35389	0.22965
SPT35338	SPT35487	0.22711
SPT35338	SPT35369	0.25896
SPT35338	SPT35370	0.33077
SPT35338	SPT35382	0.24979
SPT35338	SPT35521	0.22593
SPT35338	SPT35553	0.2337
SPT35338	SPT35532	0.21904
SPT35338	SPT35384	0.2316
SPT35338	SPT35522	0.24211
SPT35338	SPT35361	0.24773
SPT35338	SPT35342	0.25799
SPT35338	SPT35556	0.23229
SPT35338	SPT35557	0.233
SPT35338	SPT35328	0.22823
SPT35338	SPT35592	0.22304
SPT35338	SPT35435	0.2326
SPT35338	SPT35304	0.23185
SPT35338	SPT35390	0.24252
SPT35338	SPT35436	0.22456
SPT35338	SPT35580	0.2268
SPT35338	SPT35538	0.22953
SPT35338	SPT35537	0.22968
SPT35338	SPT35320	0.22058
SPT35338	SPT35541	0.21625
SPT35338	SPT35673	0.22444
SPT35338	SPT35502	0.23326
SPT35338	SPT35330	0.22745
SPT35338	SPT35546	0.22996
SPT35338	SPT35547	0.23031
SPT35338	SPT35544	0.22548
SPT35338	SPT35362	0.23293
SPT35338	SPT35499	0.22787
SPT35338	SPT35336	0.23187
SPT35338	SPT35577	0.22413
SPT35338	SPT35325	0.22777
SPT35338	SPT35331	0.23776
SPT35338	SPT35337	0.23338
SPT35338	SPT35306	0.23795
SPT35338	SPT35407	0.2496
SPT35338	SPT35346	0.2338
SPT35338	SPT35405	0.24682
SPT35338	SPT35410	0.22566
SPT35338	SPT35575	0.23219
SPT35338	SPT35576	0.24839
SPT35338	SPT35766	0.23471
SPT35338	SPT35347	0.24029
SPT35338	SPT35412	0.23529
SPT35338	SPT35414	0.22407
SPT35338	SPT35348	0.2397
SPT35338	SPT35417	0.22714
SPT35338	SPT35571	0.23535
SPT35338	SPT35349	0.22484
SPT35338	SPT35351	0.22401
SPT35338	SPT35418	0.23037
SPT35338	SPT35419	0.28319
SPT35338	SPT35566	0.22811
SPT35338	SPT35567	0.2365
SPT35338	SPT35420	0.2159
SPT35338	SPT35423	0.22575
SPT35338	SPT35564	0.22523
SPT35338	SPT35352	0.2373
SPT35338	SPT35424	0.21509
SPT35338	SPT35357	0.25617
SPT35338	SPT35437	0.23207
SPT35338	SPT35563	0.23747
SPT35338	SPT35308	0.23217
SPT35338	SPT35425	0.22082
SPT35338	SPT35440	0.22733
SPT35338	SPT35354	0.24312
SPT35338	SPT35309	0.22574
SPT35338	SPT35310	0.22423
SPT35338	SPT35355	0.23921
SPT35338	SPT35332	0.2306
SPT35338	SPT35333	0.22196
SPT35338	SPT35561	0.22367
SPT35338	SPT35363	0.23647
SPT35338	SPT35427	0.23968
SPT35338	SPT35752	0.23253
SPT35338	SPT35430	0.21463
SPT35338	SPT35431	0.22953
SPT35338	SPT35313	0.23199
SPT35338	SPT35780	0.23328
SPT35338	SPT35315	0.2378
SPT35338	SPT35316	0.24312
SPT35338	SPT35317	0.23717
SPT35338	SPT35334	0.2349
SPT35338	SPT35543	0.2261
SPT35339	SPT35372	0.2339
SPT35339	SPT35373	0.23648
SPT35339	SPT35587	0.24976
SPT35339	SPT35303	0.24826
SPT35339	SPT35356	0.22945
SPT35339	SPT35448	0.24766
SPT35339	SPT35364	0.23375
SPT35339	SPT35366	0.22492
SPT35339	SPT35524	0.22616
SPT35339	SPT35321	0.22719
SPT35339	SPT35374	0.22796
SPT35339	SPT35318	0.22171
SPT35339	SPT35453	0.24059
SPT35339	SPT35509	0.22986
SPT35339	SPT35450	0.25364
SPT35339	SPT35525	0.25163
SPT35339	SPT35510	0.24013
SPT35339	SPT35340	0.22275
SPT35339	SPT35583	0.22759
SPT35339	SPT35584	0.22703
SPT35339	SPT35585	0.24313
SPT35339	SPT35458	0.25257
SPT35339	SPT35500	0.23591
SPT35339	SPT35322	0.23231
SPT35339	SPT35377	0.22245
SPT35339	SPT35511	0.24418
SPT35339	SPT35323	0.23193
SPT35339	SPT35461	0.23724
SPT35339	SPT35462	0.23391
SPT35339	SPT35463	0.23639
SPT35339	SPT35341	0.23534
SPT35339	SPT35368	0.22896
SPT35339	SPT35378	0.23301
SPT35339	SPT35552	0.2374
SPT35339	SPT35551	0.2246
SPT35339	SPT35459	0.23902
SPT35339	SPT35474	0.23408
SPT35339	SPT35514	0.25622
SPT35339	SPT35519	0.23813
SPT35339	SPT35526	0.2456
SPT35339	SPT35501	0.22625
SPT35339	SPT35681	0.23484
SPT35339	SPT35467	0.2445
SPT35339	SPT35469	0.23912
SPT35339	SPT35470	0.22936
SPT35339	SPT35468	0.24265
SPT35339	SPT35471	0.23197
SPT35339	SPT35379	0.23187
SPT35339	SPT35472	0.22843
SPT35339	SPT35529	0.24698
SPT35339	SPT35517	0.23728
SPT35339	SPT35516	0.23747
SPT35339	SPT35360	0.24703
SPT35339	SPT35515	0.23203
SPT35339	SPT35518	0.23407
SPT35339	SPT35475	0.24401
SPT35339	SPT35520	0.22609
SPT35339	SPT35324	0.2221
SPT35339	SPT35476	0.24657
SPT35339	SPT35485	0.22952
SPT35339	SPT35389	0.22238
SPT35339	SPT35487	0.24009
SPT35339	SPT35369	0.24227
SPT35339	SPT35370	0.22897
SPT35339	SPT35382	0.22801
SPT35339	SPT35521	0.2458
SPT35339	SPT35553	0.2266
SPT35339	SPT35532	0.24202
SPT35339	SPT35384	0.23423
SPT35339	SPT35522	0.23534
SPT35339	SPT35361	0.2369
SPT35339	SPT35342	0.22153
SPT35339	SPT35556	0.24069
SPT35339	SPT35557	0.23466
SPT35339	SPT35328	0.22335
SPT35339	SPT35592	0.2237
SPT35339	SPT35435	0.23956
SPT35339	SPT35304	0.22985
SPT35339	SPT35390	0.23256
SPT35339	SPT35436	0.25486
SPT35339	SPT35580	0.25061
SPT35339	SPT35538	0.23794
SPT35339	SPT35537	0.24103
SPT35339	SPT35320	0.24062
SPT35339	SPT35541	0.24223
SPT35339	SPT35673	0.24479
SPT35339	SPT35502	0.22869
SPT35339	SPT35330	0.26427
SPT35339	SPT35546	0.23924
SPT35339	SPT35547	0.22312
SPT35339	SPT35544	0.23178
SPT35339	SPT35362	0.22702
SPT35339	SPT35499	0.23581
SPT35339	SPT35336	0.24121
SPT35339	SPT35577	0.23023
SPT35339	SPT35325	0.23538
SPT35339	SPT35331	0.22671
SPT35339	SPT35337	0.22428
SPT35339	SPT35306	0.24101
SPT35339	SPT35407	0.23363
SPT35339	SPT35346	0.24356
SPT35339	SPT35405	0.24268
SPT35339	SPT35410	0.22052
SPT35339	SPT35575	0.22464
SPT35339	SPT35576	0.22854
SPT35339	SPT35766	0.24688
SPT35339	SPT35347	0.24737
SPT35339	SPT35412	0.24276
SPT35339	SPT35414	0.23998
SPT35339	SPT35348	0.22988
SPT35339	SPT35417	0.23629
SPT35339	SPT35571	0.2268
SPT35339	SPT35349	0.22237
SPT35339	SPT35351	0.23696
SPT35339	SPT35418	0.22351
SPT35339	SPT35419	0.23583
SPT35339	SPT35566	0.23482
SPT35339	SPT35567	0.23452
SPT35339	SPT35420	0.23477
SPT35339	SPT35423	0.22823
SPT35339	SPT35564	0.2375
SPT35339	SPT35352	0.22707
SPT35339	SPT35424	0.22394
SPT35339	SPT35357	0.23278
SPT35339	SPT35437	0.22972
SPT35339	SPT35563	0.23114
SPT35339	SPT35308	0.23124
SPT35339	SPT35425	0.24913
SPT35339	SPT35440	0.2438
SPT35339	SPT35354	0.22346
SPT35339	SPT35309	0.23588
SPT35339	SPT35310	0.24272
SPT35339	SPT35355	0.26358
SPT35339	SPT35332	0.22611
SPT35339	SPT35333	0.22722
SPT35339	SPT35561	0.22665
SPT35339	SPT35363	0.21919
SPT35339	SPT35427	0.25251
SPT35339	SPT35752	0.23331
SPT35339	SPT35430	0.22461
SPT35339	SPT35431	0.24836
SPT35339	SPT35313	0.23575
SPT35339	SPT35780	0.23895
SPT35339	SPT35315	0.22143
SPT35339	SPT35316	0.23545
SPT35339	SPT35317	0.22744
SPT35339	SPT35334	0.22172
SPT35339	SPT35543	0.24408
SPT35372	SPT35373	0.2338
SPT35372	SPT35587	0.28611
SPT35372	SPT35303	0.22964
SPT35372	SPT35356	0.23895
SPT35372	SPT35448	0.24192
SPT35372	SPT35364	0.24464
SPT35372	SPT35366	0.22961
SPT35372	SPT35524	0.23075
SPT35372	SPT35321	0.22781
SPT35372	SPT35374	0.23905
SPT35372	SPT35318	0.24032
SPT35372	SPT35453	0.24437999999999999
SPT35372	SPT35509	0.22538
SPT35372	SPT35450	0.23791
SPT35372	SPT35525	0.24306
SPT35372	SPT35510	0.22824
SPT35372	SPT35340	0.23614
SPT35372	SPT35583	0.22068
SPT35372	SPT35584	0.23695
SPT35372	SPT35585	0.30277
SPT35372	SPT35458	0.24732
SPT35372	SPT35500	0.22743
SPT35372	SPT35322	0.2338
SPT35372	SPT35377	0.23707
SPT35372	SPT35511	0.24684
SPT35372	SPT35323	0.23969
SPT35372	SPT35461	0.23197
SPT35372	SPT35462	0.28209
SPT35372	SPT35463	0.23895
SPT35372	SPT35341	0.25882
SPT35372	SPT35368	0.22544
SPT35372	SPT35378	0.24622
SPT35372	SPT35552	0.22408
SPT35372	SPT35551	0.22546
SPT35372	SPT35459	0.23928
SPT35372	SPT35474	0.29247
SPT35372	SPT35514	0.24148
SPT35372	SPT35519	0.22831
SPT35372	SPT35526	0.24435
SPT35372	SPT35501	0.21
SPT35372	SPT35681	0.23029
SPT35372	SPT35467	0.24433
SPT35372	SPT35469	0.23733
SPT35372	SPT35470	0.30057
SPT35372	SPT35468	0.23574
SPT35372	SPT35471	0.24255
SPT35372	SPT35379	0.23944
SPT35372	SPT35472	0.2475
SPT35372	SPT35529	0.24212
SPT35372	SPT35517	0.22655
SPT35372	SPT35516	0.23813
SPT35372	SPT35360	0.27107
SPT35372	SPT35515	0.23631
SPT35372	SPT35518	0.22981
SPT35372	SPT35475	0.24477
SPT35372	SPT35520	0.25044
SPT35372	SPT35324	0.23218
SPT35372	SPT35476	0.24386
SPT35372	SPT35485	0.23551
SPT35372	SPT35389	0.23652
SPT35372	SPT35487	0.23615
SPT35372	SPT35369	0.23897
SPT35372	SPT35370	0.24601
SPT35372	SPT35382	0.23524
SPT35372	SPT35521	0.23294
SPT35372	SPT35553	0.23209
SPT35372	SPT35532	0.23388
SPT35372	SPT35384	0.23336
SPT35372	SPT35522	0.25936
SPT35372	SPT35361	0.23061
SPT35372	SPT35342	0.23583
SPT35372	SPT35556	0.2399
SPT35372	SPT35557	0.23201
SPT35372	SPT35328	0.234
SPT35372	SPT35592	0.23768
SPT35372	SPT35435	0.24257
SPT35372	SPT35304	0.2377
SPT35372	SPT35390	0.25778
SPT35372	SPT35436	0.23855
SPT35372	SPT35580	0.22391
SPT35372	SPT35538	0.21808
SPT35372	SPT35537	0.2203
SPT35372	SPT35320	0.22998
SPT35372	SPT35541	0.22817
SPT35372	SPT35673	0.22192
SPT35372	SPT35502	0.24101
SPT35372	SPT35330	0.23761
SPT35372	SPT35546	0.22615
SPT35372	SPT35547	0.23898
SPT35372	SPT35544	0.22897
SPT35372	SPT35362	0.23635
SPT35372	SPT35499	0.22194
SPT35372	SPT35336	0.22896
SPT35372	SPT35577	0.22636
SPT35372	SPT35325	0.22503
SPT35372	SPT35331	0.24308
SPT35372	SPT35337	0.24532
SPT35372	SPT35306	0.23817
SPT35372	SPT35407	0.29764
SPT35372	SPT35346	0.25426
SPT35372	SPT35405	0.28613
SPT35372	SPT35410	0.22691
SPT35372	SPT35575	0.22595
SPT35372	SPT35576	0.27283
SPT35372	SPT35766	0.22853
SPT35372	SPT35347	0.27183
SPT35372	SPT35412	0.22753
SPT35372	SPT35414	0.23967
SPT35372	SPT35348	0.26381
SPT35372	SPT35417	0.24335
SPT35372	SPT35571	0.22848
SPT35372	SPT35349	0.23879
SPT35372	SPT35351	0.22859
SPT35372	SPT35418	0.23596
SPT35372	SPT35419	0.2759
SPT35372	SPT35566	0.25427
SPT35372	SPT35567	0.22942
SPT35372	SPT35420	0.22644
SPT35372	SPT35423	0.22972
SPT35372	SPT35564	0.2309
SPT35372	SPT35352	0.24312
SPT35372	SPT35424	0.22928
SPT35372	SPT35357	0.23351
SPT35372	SPT35437	0.226
SPT35372	SPT35563	0.23193
SPT35372	SPT35308	0.23878
SPT35372	SPT35425	0.23346
SPT35372	SPT35440	0.23446
SPT35372	SPT35354	0.24363
SPT35372	SPT35309	0.23089
SPT35372	SPT35310	0.23165
SPT35372	SPT35355	0.24736
SPT35372	SPT35332	0.23022
SPT35372	SPT35333	0.23951
SPT35372	SPT35561	0.23296
SPT35372	SPT35363	0.22248
SPT35372	SPT35427	0.22866
SPT35372	SPT35752	0.23734
SPT35372	SPT35430	0.23237
SPT35372	SPT35431	0.22681
SPT35372	SPT35313	0.23572
SPT35372	SPT35780	0.22728
SPT35372	SPT35315	0.2408
SPT35372	SPT35316	0.24211
SPT35372	SPT35317	0.25209
SPT35372	SPT35334	0.24495
SPT35372	SPT35543	0.23792
SPT35373	SPT35587	0.24221
SPT35373	SPT35303	0.24299
SPT35373	SPT35356	0.22528
SPT35373	SPT35448	0.24116
SPT35373	SPT35364	0.24386
SPT35373	SPT35366	0.23464
SPT35373	SPT35524	0.22971
SPT35373	SPT35321	0.23304
SPT35373	SPT35374	0.23315
SPT35373	SPT35318	0.22875
SPT35373	SPT35453	0.2408
SPT35373	SPT35509	0.23179
SPT35373	SPT35450	0.23496
SPT35373	SPT35525	0.24393
SPT35373	SPT35510	0.23246
SPT35373	SPT35340	0.23526
SPT35373	SPT35583	0.22102
SPT35373	SPT35584	0.23855
SPT35373	SPT35585	0.24895
SPT35373	SPT35458	0.24556
SPT35373	SPT35500	0.23006
SPT35373	SPT35322	0.24433
SPT35373	SPT35377	0.2358
SPT35373	SPT35511	0.24611
SPT35373	SPT35323	0.23239
SPT35373	SPT35461	0.22408
SPT35373	SPT35462	0.24109
SPT35373	SPT35463	0.24345
SPT35373	SPT35341	0.24461
SPT35373	SPT35368	0.23611
SPT35373	SPT35378	0.24022
SPT35373	SPT35552	0.23197
SPT35373	SPT35551	0.23104
SPT35373	SPT35459	0.22977
SPT35373	SPT35474	0.2408
SPT35373	SPT35514	0.25393
SPT35373	SPT35519	0.23786
SPT35373	SPT35526	0.24428
SPT35373	SPT35501	0.2255
SPT35373	SPT35681	0.22646
SPT35373	SPT35467	0.24514
SPT35373	SPT35469	0.25427
SPT35373	SPT35470	0.23752
SPT35373	SPT35468	0.25498
SPT35373	SPT35471	0.24786
SPT35373	SPT35379	0.23508
SPT35373	SPT35472	0.22449
SPT35373	SPT35529	0.2461
SPT35373	SPT35517	0.249
SPT35373	SPT35516	0.2517
SPT35373	SPT35360	0.24319
SPT35373	SPT35515	0.24642
SPT35373	SPT35518	0.22987
SPT35373	SPT35475	0.24663
SPT35373	SPT35520	0.22771
SPT35373	SPT35324	0.23555
SPT35373	SPT35476	0.24996
SPT35373	SPT35485	0.22085
SPT35373	SPT35389	0.23606
SPT35373	SPT35487	0.25266
SPT35373	SPT35369	0.24867
SPT35373	SPT35370	0.23659
SPT35373	SPT35382	0.22935
SPT35373	SPT35521	0.22418
SPT35373	SPT35553	0.23045
SPT35373	SPT35532	0.24675
SPT35373	SPT35384	0.24269
SPT35373	SPT35522	0.22937
SPT35373	SPT35361	0.2346
SPT35373	SPT35342	0.2154
SPT35373	SPT35556	0.23479
SPT35373	SPT35557	0.25146
SPT35373	SPT35328	0.23865
SPT35373	SPT35592	0.22881
SPT35373	SPT35435	0.2522
SPT35373	SPT35304	0.23624
SPT35373	SPT35390	0.23209
SPT35373	SPT35436	0.2311
SPT35373	SPT35580	0.23333
SPT35373	SPT35538	0.23148
SPT35373	SPT35537	0.22946
SPT35373	SPT35320	0.2277
SPT35373	SPT35541	0.22703
SPT35373	SPT35673	0.23099
SPT35373	SPT35502	0.23142
SPT35373	SPT35330	0.23168
SPT35373	SPT35546	0.23705
SPT35373	SPT35547	0.23826
SPT35373	SPT35544	0.21844
SPT35373	SPT35362	0.25323
SPT35373	SPT35499	0.23216
SPT35373	SPT35336	0.24254
SPT35373	SPT35577	0.23093
SPT35373	SPT35325	0.23911
SPT35373	SPT35331	0.23195
SPT35373	SPT35337	0.23641
SPT35373	SPT35306	0.24034
SPT35373	SPT35407	0.24518
SPT35373	SPT35346	0.23687
SPT35373	SPT35405	0.24944
SPT35373	SPT35410	0.22999
SPT35373	SPT35575	0.23202
SPT35373	SPT35576	0.23708
SPT35373	SPT35766	0.22742
SPT35373	SPT35347	0.2439
SPT35373	SPT35412	0.24165
SPT35373	SPT35414	0.2297
SPT35373	SPT35348	0.2328
SPT35373	SPT35417	0.22996
SPT35373	SPT35571	0.23871
SPT35373	SPT35349	0.22362
SPT35373	SPT35351	0.24324
SPT35373	SPT35418	0.2407
SPT35373	SPT35419	0.24387
SPT35373	SPT35566	0.2348
SPT35373	SPT35567	0.22513
SPT35373	SPT35420	0.22247
SPT35373	SPT35423	0.22828
SPT35373	SPT35564	0.22343
SPT35373	SPT35352	0.24869
SPT35373	SPT35424	0.22275
SPT35373	SPT35357	0.2439
SPT35373	SPT35437	0.2374
SPT35373	SPT35563	0.22423
SPT35373	SPT35308	0.23584
SPT35373	SPT35425	0.23918
SPT35373	SPT35440	0.23154
SPT35373	SPT35354	0.22635
SPT35373	SPT35309	0.23518
SPT35373	SPT35310	0.23632
SPT35373	SPT35355	0.23381
SPT35373	SPT35332	0.23867
SPT35373	SPT35333	0.24043
SPT35373	SPT35561	0.23697
SPT35373	SPT35363	0.23859
SPT35373	SPT35427	0.22503
SPT35373	SPT35752	0.22455
SPT35373	SPT35430	0.23356
SPT35373	SPT35431	0.23931
SPT35373	SPT35313	0.2326
SPT35373	SPT35780	0.23661
SPT35373	SPT35315	0.22907
SPT35373	SPT35316	0.22902
SPT35373	SPT35317	0.24287
SPT35373	SPT35334	0.24238
SPT35373	SPT35543	0.23145
SPT35587	SPT35303	0.2511
SPT35587	SPT35356	0.23254
SPT35587	SPT35448	0.28001
SPT35587	SPT35364	0.24277
SPT35587	SPT35366	0.23367
SPT35587	SPT35524	0.23428
SPT35587	SPT35321	0.24423
SPT35587	SPT35374	0.24072
SPT35587	SPT35318	0.25504
SPT35587	SPT35453	0.25697
SPT35587	SPT35509	0.24106
SPT35587	SPT35450	0.28338
SPT35587	SPT35525	0.26118
SPT35587	SPT35510	0.27791
SPT35587	SPT35340	0.23148
SPT35587	SPT35583	0.22466
SPT35587	SPT35584	0.24496
SPT35587	SPT35585	0.62657
SPT35587	SPT35458	0.24548
SPT35587	SPT35500	0.23806
SPT35587	SPT35322	0.24801
SPT35587	SPT35377	0.23153
SPT35587	SPT35511	0.25155
SPT35587	SPT35323	0.24973
SPT35587	SPT35461	0.23252
SPT35587	SPT35462	0.45022
SPT35587	SPT35463	0.24505
SPT35587	SPT35341	0.27502
SPT35587	SPT35368	0.24262
SPT35587	SPT35378	0.23328
SPT35587	SPT35552	0.27378
SPT35587	SPT35551	0.25671
SPT35587	SPT35459	0.24508
SPT35587	SPT35474	0.43775
SPT35587	SPT35514	0.25894
SPT35587	SPT35519	0.2547
SPT35587	SPT35526	0.25095
SPT35587	SPT35501	0.234
SPT35587	SPT35681	0.24005
SPT35587	SPT35467	0.24927
SPT35587	SPT35469	0.24582
SPT35587	SPT35470	0.46173
SPT35587	SPT35468	0.24109
SPT35587	SPT35471	0.25013
SPT35587	SPT35379	0.26065
SPT35587	SPT35472	0.24111
SPT35587	SPT35529	0.25604
SPT35587	SPT35517	0.24312
SPT35587	SPT35516	0.24777
SPT35587	SPT35360	0.32256
SPT35587	SPT35515	0.24922
SPT35587	SPT35518	0.22138
SPT35587	SPT35475	0.24986
SPT35587	SPT35520	0.2348
SPT35587	SPT35324	0.23535
SPT35587	SPT35476	0.24781
SPT35587	SPT35485	0.23201
SPT35587	SPT35389	0.23181
SPT35587	SPT35487	0.2416
SPT35587	SPT35369	0.26528
SPT35587	SPT35370	0.27642
SPT35587	SPT35382	0.23677
SPT35587	SPT35521	0.26128
SPT35587	SPT35553	0.23871
SPT35587	SPT35532	0.26447
SPT35587	SPT35384	0.2443
SPT35587	SPT35522	0.30571
SPT35587	SPT35361	0.23884
SPT35587	SPT35342	0.24094
SPT35587	SPT35556	0.25449
SPT35587	SPT35557	0.24519
SPT35587	SPT35328	0.22968
SPT35587	SPT35592	0.2414
SPT35587	SPT35435	0.25576
SPT35587	SPT35304	0.24528
SPT35587	SPT35390	0.29619
SPT35587	SPT35436	0.24632
SPT35587	SPT35580	0.25313
SPT35587	SPT35538	0.25551
SPT35587	SPT35537	0.25284
SPT35587	SPT35320	0.31196
SPT35587	SPT35541	0.24593
SPT35587	SPT35673	0.27011
SPT35587	SPT35502	0.23292
SPT35587	SPT35330	0.28908
SPT35587	SPT35546	0.2668
SPT35587	SPT35547	0.23982
SPT35587	SPT35544	0.24547
SPT35587	SPT35362	0.22848
SPT35587	SPT35499	0.24386
SPT35587	SPT35336	0.25215
SPT35587	SPT35577	0.25504
SPT35587	SPT35325	0.23682
SPT35587	SPT35331	0.25253
SPT35587	SPT35337	0.28192
SPT35587	SPT35306	0.2353
SPT35587	SPT35407	0.51771
SPT35587	SPT35346	0.25318
SPT35587	SPT35405	0.51491
SPT35587	SPT35410	0.24883
SPT35587	SPT35575	0.22857
SPT35587	SPT35576	0.44239
SPT35587	SPT35766	0.26646
SPT35587	SPT35347	0.32288
SPT35587	SPT35412	0.26235
SPT35587	SPT35414	0.26312
SPT35587	SPT35348	0.24622
SPT35587	SPT35417	0.25531
SPT35587	SPT35571	0.25829
SPT35587	SPT35349	0.23558
SPT35587	SPT35351	0.24682
SPT35587	SPT35418	0.24656
SPT35587	SPT35419	0.42671
SPT35587	SPT35566	0.34183
SPT35587	SPT35567	0.23536
SPT35587	SPT35420	0.22538
SPT35587	SPT35423	0.24223
SPT35587	SPT35564	0.23888
SPT35587	SPT35352	0.25788
SPT35587	SPT35424	0.23299
SPT35587	SPT35357	0.24758
SPT35587	SPT35437	0.23892
SPT35587	SPT35563	0.23134
SPT35587	SPT35308	0.24874
SPT35587	SPT35425	0.26287
SPT35587	SPT35440	0.27207
SPT35587	SPT35354	0.24977
SPT35587	SPT35309	0.24005
SPT35587	SPT35310	0.24677
SPT35587	SPT35355	0.23121
SPT35587	SPT35332	0.22422
SPT35587	SPT35333	0.23378
SPT35587	SPT35561	0.24843
SPT35587	SPT35363	0.23275
SPT35587	SPT35427	0.26744
SPT35587	SPT35752	0.23798
SPT35587	SPT35430	0.24465
SPT35587	SPT35431	0.24141
SPT35587	SPT35313	0.25282
SPT35587	SPT35780	0.24912
SPT35587	SPT35315	0.23829
SPT35587	SPT35316	0.23669
SPT35587	SPT35317	0.27919
SPT35587	SPT35334	0.27033
SPT35587	SPT35543	0.26277
SPT35303	SPT35356	0.23643
SPT35303	SPT35448	0.24715
SPT35303	SPT35364	0.53047
SPT35303	SPT35366	0.23788
SPT35303	SPT35524	0.2316
SPT35303	SPT35321	0.22565
SPT35303	SPT35374	0.23743
SPT35303	SPT35318	0.23553
SPT35303	SPT35453	0.23249
SPT35303	SPT35509	0.23634
SPT35303	SPT35450	0.26916
SPT35303	SPT35525	0.25139
SPT35303	SPT35510	0.24201
SPT35303	SPT35340	0.24907
SPT35303	SPT35583	0.22389
SPT35303	SPT35584	0.22381
SPT35303	SPT35585	0.24057
SPT35303	SPT35458	0.23157
SPT35303	SPT35500	0.23592
SPT35303	SPT35322	0.2376
SPT35303	SPT35377	0.24867
SPT35303	SPT35511	0.24741
SPT35303	SPT35323	0.23471
SPT35303	SPT35461	0.22295
SPT35303	SPT35462	0.22561
SPT35303	SPT35463	0.24281
SPT35303	SPT35341	0.2251
SPT35303	SPT35368	0.24727
SPT35303	SPT35378	0.23777
SPT35303	SPT35552	0.25863
SPT35303	SPT35551	0.23555
SPT35303	SPT35459	0.23426
SPT35303	SPT35474	0.23308
SPT35303	SPT35514	0.2383
SPT35303	SPT35519	0.24134
SPT35303	SPT35526	0.24816
SPT35303	SPT35501	0.23329
SPT35303	SPT35681	0.22547
SPT35303	SPT35467	0.24706
SPT35303	SPT35469	0.2239
SPT35303	SPT35470	0.23159
SPT35303	SPT35468	0.23224
SPT35303	SPT35471	0.22978
SPT35303	SPT35379	0.25023
SPT35303	SPT35472	0.22696
SPT35303	SPT35529	0.24931
SPT35303	SPT35517	0.23321
SPT35303	SPT35516	0.23197
SPT35303	SPT35360	0.22051
SPT35303	SPT35515	0.23448
SPT35303	SPT35518	0.23498
SPT35303	SPT35475	0.24723
SPT35303	SPT35520	0.22562
SPT35303	SPT35324	0.25411
SPT35303	SPT35476	0.22785
SPT35303	SPT35485	0.23108
SPT35303	SPT35389	0.24891
SPT35303	SPT35487	0.2347
SPT35303	SPT35369	0.2285
SPT35303	SPT35370	0.22286
SPT35303	SPT35382	0.23723
SPT35303	SPT35521	0.24617
SPT35303	SPT35553	0.22879
SPT35303	SPT35532	0.22891
SPT35303	SPT35384	0.23779
SPT35303	SPT35522	0.23733
SPT35303	SPT35361	0.23252
SPT35303	SPT35342	0.23607
SPT35303	SPT35556	0.2214
SPT35303	SPT35557	0.23121
SPT35303	SPT35328	0.23158
SPT35303	SPT35592	0.22821
SPT35303	SPT35435	0.23433
SPT35303	SPT35304	0.2507
SPT35303	SPT35390	0.22793
SPT35303	SPT35436	0.23603
SPT35303	SPT35580	0.24195
SPT35303	SPT35538	0.24645
SPT35303	SPT35537	0.24338
SPT35303	SPT35320	0.25293
SPT35303	SPT35541	0.22927
SPT35303	SPT35673	0.25403
SPT35303	SPT35502	0.2217
SPT35303	SPT35330	0.25719
SPT35303	SPT35546	0.23452
SPT35303	SPT35547	0.2184
SPT35303	SPT35544	0.2295
SPT35303	SPT35362	0.22473
SPT35303	SPT35499	0.23437
SPT35303	SPT35336	0.24441
SPT35303	SPT35577	0.22208
SPT35303	SPT35325	0.22898
SPT35303	SPT35331	0.24199
SPT35303	SPT35337	0.21845
SPT35303	SPT35306	0.24213
SPT35303	SPT35407	0.23704
SPT35303	SPT35346	0.22521
SPT35303	SPT35405	0.24789
SPT35303	SPT35410	0.22135
SPT35303	SPT35575	0.235
SPT35303	SPT35576	0.22321
SPT35303	SPT35766	0.24331
SPT35303	SPT35347	0.21986
SPT35303	SPT35412	0.24004
SPT35303	SPT35414	0.23769
SPT35303	SPT35348	0.24436
SPT35303	SPT35417	0.24013
SPT35303	SPT35571	0.23971
SPT35303	SPT35349	0.22717
SPT35303	SPT35351	0.25057
SPT35303	SPT35418	0.23309
SPT35303	SPT35419	0.22526
SPT35303	SPT35566	0.2435
SPT35303	SPT35567	0.22218
SPT35303	SPT35420	0.22035
SPT35303	SPT35423	0.23709
SPT35303	SPT35564	0.23264
SPT35303	SPT35352	0.22835
SPT35303	SPT35424	0.22442
SPT35303	SPT35357	0.23807
SPT35303	SPT35437	0.22554
SPT35303	SPT35563	0.22443
SPT35303	SPT35308	0.25326
SPT35303	SPT35425	0.23491
SPT35303	SPT35440	0.2475
SPT35303	SPT35354	0.24058
SPT35303	SPT35309	0.24101
SPT35303	SPT35310	0.24281
SPT35303	SPT35355	0.22629
SPT35303	SPT35332	0.22642
SPT35303	SPT35333	0.24161
SPT35303	SPT35561	0.23324
SPT35303	SPT35363	0.22954
SPT35303	SPT35427	0.24635
SPT35303	SPT35752	0.22745
SPT35303	SPT35430	0.23123
SPT35303	SPT35431	0.24199
SPT35303	SPT35313	0.23469
SPT35303	SPT35780	0.2359
SPT35303	SPT35315	0.24679
SPT35303	SPT35316	0.22835
SPT35303	SPT35317	0.22777
SPT35303	SPT35334	0.22281
SPT35303	SPT35543	0.23436
SPT35356	SPT35448	0.23195
SPT35356	SPT35364	0.25199
SPT35356	SPT35366	0.29979
SPT35356	SPT35524	0.22676
SPT35356	SPT35321	0.24325
SPT35356	SPT35374	0.25054
SPT35356	SPT35318	0.32936
SPT35356	SPT35453	0.23148
SPT35356	SPT35509	0.23756
SPT35356	SPT35450	0.23117
SPT35356	SPT35525	0.24912
SPT35356	SPT35510	0.23183
SPT35356	SPT35340	0.23127
SPT35356	SPT35583	0.23612
SPT35356	SPT35584	0.23469
SPT35356	SPT35585	0.23273
SPT35356	SPT35458	0.25857
SPT35356	SPT35500	0.24204
SPT35356	SPT35322	0.23697
SPT35356	SPT35377	0.23137
SPT35356	SPT35511	0.25287
SPT35356	SPT35323	0.24398
SPT35356	SPT35461	0.24105
SPT35356	SPT35462	0.23498
SPT35356	SPT35463	0.24625
SPT35356	SPT35341	0.25806
SPT35356	SPT35368	0.25009
SPT35356	SPT35378	0.24384
SPT35356	SPT35552	0.2384
SPT35356	SPT35551	0.21924
SPT35356	SPT35459	0.24275
SPT35356	SPT35474	0.23509
SPT35356	SPT35514	0.23481
SPT35356	SPT35519	0.22397
SPT35356	SPT35526	0.25253
SPT35356	SPT35501	0.22858
SPT35356	SPT35681	0.22563
SPT35356	SPT35467	0.25223
SPT35356	SPT35469	0.23155
SPT35356	SPT35470	0.23474
SPT35356	SPT35468	0.22851
SPT35356	SPT35471	0.23349
SPT35356	SPT35379	0.26375
SPT35356	SPT35472	0.24347
SPT35356	SPT35529	0.25142
SPT35356	SPT35517	0.22625
SPT35356	SPT35516	0.22233
SPT35356	SPT35360	0.23731
SPT35356	SPT35515	0.23367
SPT35356	SPT35518	0.23059
SPT35356	SPT35475	0.25153
SPT35356	SPT35520	0.2201
SPT35356	SPT35324	0.26316
SPT35356	SPT35476	0.2284
SPT35356	SPT35485	0.24002
SPT35356	SPT35389	0.2309
SPT35356	SPT35487	0.23405
SPT35356	SPT35369	0.25142
SPT35356	SPT35370	0.27455
SPT35356	SPT35382	0.35848
SPT35356	SPT35521	0.23455
SPT35356	SPT35553	0.23137
SPT35356	SPT35532	0.22963
SPT35356	SPT35384	0.25265
SPT35356	SPT35522	0.25008
SPT35356	SPT35361	0.26907
SPT35356	SPT35342	0.28826
SPT35356	SPT35556	0.23579
SPT35356	SPT35557	0.22474
SPT35356	SPT35328	0.22572
SPT35356	SPT35592	0.23848
SPT35356	SPT35435	0.23193
SPT35356	SPT35304	0.23839
SPT35356	SPT35390	0.2334
SPT35356	SPT35436	0.23609
SPT35356	SPT35580	0.24036
SPT35356	SPT35538	0.21911
SPT35356	SPT35537	0.22337
SPT35356	SPT35320	0.2281
SPT35356	SPT35541	0.23742
SPT35356	SPT35673	0.22967
SPT35356	SPT35502	0.22312
SPT35356	SPT35330	0.23932
SPT35356	SPT35546	0.22875
SPT35356	SPT35547	0.23648
SPT35356	SPT35544	0.2292
SPT35356	SPT35362	0.23989
SPT35356	SPT35499	0.24029
SPT35356	SPT35336	0.25033
SPT35356	SPT35577	0.23759
SPT35356	SPT35325	0.22824
SPT35356	SPT35331	0.26998
SPT35356	SPT35337	0.25051
SPT35356	SPT35306	0.24657
SPT35356	SPT35407	0.23518
SPT35356	SPT35346	0.24421
SPT35356	SPT35405	0.22921
SPT35356	SPT35410	0.23462
SPT35356	SPT35575	0.22298
SPT35356	SPT35576	0.24132
SPT35356	SPT35766	0.22203
SPT35356	SPT35347	0.23803
SPT35356	SPT35412	0.23389
SPT35356	SPT35414	0.23466
SPT35356	SPT35348	0.24413
SPT35356	SPT35417	0.23542
SPT35356	SPT35571	0.22324
SPT35356	SPT35349	0.22462
SPT35356	SPT35351	0.23167
SPT35356	SPT35418	0.24041
SPT35356	SPT35419	0.2347
SPT35356	SPT35566	0.24007
SPT35356	SPT35567	0.23059
SPT35356	SPT35420	0.22084
SPT35356	SPT35423	0.22918
SPT35356	SPT35564	0.2419
SPT35356	SPT35352	0.23079
SPT35356	SPT35424	0.22265
SPT35356	SPT35357	0.23654
SPT35356	SPT35437	0.23129
SPT35356	SPT35563	0.22893
SPT35356	SPT35308	0.23994
SPT35356	SPT35425	0.22742
SPT35356	SPT35440	0.23685
SPT35356	SPT35354	0.32769
SPT35356	SPT35309	0.23336
SPT35356	SPT35310	0.22948
SPT35356	SPT35355	0.25507
SPT35356	SPT35332	0.23151
SPT35356	SPT35333	0.23062
SPT35356	SPT35561	0.24086
SPT35356	SPT35363	0.23091
SPT35356	SPT35427	0.22978
SPT35356	SPT35752	0.23646
SPT35356	SPT35430	0.2412
SPT35356	SPT35431	0.23281
SPT35356	SPT35313	0.24377
SPT35356	SPT35780	0.2267
SPT35356	SPT35315	0.24819
SPT35356	SPT35316	0.30329
SPT35356	SPT35317	0.22841
SPT35356	SPT35334	0.24679
SPT35356	SPT35543	0.23901
SPT35448	SPT35364	0.22928
SPT35448	SPT35366	0.23108
SPT35448	SPT35524	0.22575
SPT35448	SPT35321	0.24396
SPT35448	SPT35374	0.23388
SPT35448	SPT35318	0.236
SPT35448	SPT35453	0.24166
SPT35448	SPT35509	0.24085
SPT35448	SPT35450	0.27316
SPT35448	SPT35525	0.2695
SPT35448	SPT35510	0.26927
SPT35448	SPT35340	0.23497
SPT35448	SPT35583	0.23978
SPT35448	SPT35584	0.23869
SPT35448	SPT35585	0.25466
SPT35448	SPT35458	0.24318
SPT35448	SPT35500	0.24403
SPT35448	SPT35322	0.23203
SPT35448	SPT35377	0.23458
SPT35448	SPT35511	0.25976
SPT35448	SPT35323	0.23776
SPT35448	SPT35461	0.23294
SPT35448	SPT35462	0.23668
SPT35448	SPT35463	0.24213
SPT35448	SPT35341	0.23375
SPT35448	SPT35368	0.23981
SPT35448	SPT35378	0.24319
SPT35448	SPT35552	0.25777
SPT35448	SPT35551	0.2406
SPT35448	SPT35459	0.23904
SPT35448	SPT35474	0.24238
SPT35448	SPT35514	0.42888
SPT35448	SPT35519	0.25265
SPT35448	SPT35526	0.25552
SPT35448	SPT35501	0.23103
SPT35448	SPT35681	0.23804
SPT35448	SPT35467	0.25266
SPT35448	SPT35469	0.45001
SPT35448	SPT35470	0.24059
SPT35448	SPT35468	0.4028
SPT35448	SPT35471	0.42556
SPT35448	SPT35379	0.25456
SPT35448	SPT35472	0.23312
SPT35448	SPT35529	0.25977
SPT35448	SPT35517	0.39309
SPT35448	SPT35516	0.44887
SPT35448	SPT35360	0.23627
SPT35448	SPT35515	0.39155
SPT35448	SPT35518	0.23234
SPT35448	SPT35475	0.25328
SPT35448	SPT35520	0.23321
SPT35448	SPT35324	0.23693
SPT35448	SPT35476	0.42569
SPT35448	SPT35485	0.23842
SPT35448	SPT35389	0.23483
SPT35448	SPT35487	0.45705
SPT35448	SPT35369	0.23278
SPT35448	SPT35370	0.2402
SPT35448	SPT35382	0.24382
SPT35448	SPT35521	0.26672
SPT35448	SPT35553	0.23928
SPT35448	SPT35532	0.43088
SPT35448	SPT35384	0.23333
SPT35448	SPT35522	0.22929
SPT35448	SPT35361	0.23463
SPT35448	SPT35342	0.22873
SPT35448	SPT35556	0.25232
SPT35448	SPT35557	0.24782
SPT35448	SPT35328	0.22083
SPT35448	SPT35592	0.25019
SPT35448	SPT35435	0.34343
SPT35448	SPT35304	0.23562
SPT35448	SPT35390	0.23667
SPT35448	SPT35436	0.23624
SPT35448	SPT35580	0.25162
SPT35448	SPT35538	0.25756
SPT35448	SPT35537	0.25626
SPT35448	SPT35320	0.26203
SPT35448	SPT35541	0.24284
SPT35448	SPT35673	0.27355
SPT35448	SPT35502	0.22434
SPT35448	SPT35330	0.27486
SPT35448	SPT35546	0.25499
SPT35448	SPT35547	0.23371
SPT35448	SPT35544	0.24356
SPT35448	SPT35362	0.23266
SPT35448	SPT35499	0.24869
SPT35448	SPT35336	0.23529
SPT35448	SPT35577	0.23841
SPT35448	SPT35325	0.24217
SPT35448	SPT35331	0.24065
SPT35448	SPT35337	0.23288
SPT35448	SPT35306	0.23754
SPT35448	SPT35407	0.24533
SPT35448	SPT35346	0.24095
SPT35448	SPT35405	0.26579
SPT35448	SPT35410	0.23659
SPT35448	SPT35575	0.23202
SPT35448	SPT35576	0.23135
SPT35448	SPT35766	0.2549
SPT35448	SPT35347	0.2366
SPT35448	SPT35412	0.25232
SPT35448	SPT35414	0.24958
SPT35448	SPT35348	0.23974
SPT35448	SPT35417	0.24007
SPT35448	SPT35571	0.25597
SPT35448	SPT35349	0.23355
SPT35448	SPT35351	0.25128
SPT35448	SPT35418	0.2378
SPT35448	SPT35419	0.24043
SPT35448	SPT35566	0.25615
SPT35448	SPT35567	0.23257
SPT35448	SPT35420	0.2408
SPT35448	SPT35423	0.22368
SPT35448	SPT35564	0.23737
SPT35448	SPT35352	0.23282
SPT35448	SPT35424	0.23697
SPT35448	SPT35357	0.23174
SPT35448	SPT35437	0.30337
SPT35448	SPT35563	0.22841
SPT35448	SPT35308	0.24209
SPT35448	SPT35425	0.25368
SPT35448	SPT35440	0.27384
SPT35448	SPT35354	0.23379
SPT35448	SPT35309	0.23987
SPT35448	SPT35310	0.24815
SPT35448	SPT35355	0.23077
SPT35448	SPT35332	0.23209
SPT35448	SPT35333	0.22879
SPT35448	SPT35561	0.25998
SPT35448	SPT35363	0.23223
SPT35448	SPT35427	0.27582
SPT35448	SPT35752	0.25279
SPT35448	SPT35430	0.23751
SPT35448	SPT35431	0.25269
SPT35448	SPT35313	0.24036
SPT35448	SPT35780	0.26126
SPT35448	SPT35315	0.2408
SPT35448	SPT35316	0.24217
SPT35448	SPT35317	0.23134
SPT35448	SPT35334	0.23289
SPT35448	SPT35543	0.26133
SPT35364	SPT35366	0.24796
SPT35364	SPT35524	0.21768
SPT35364	SPT35321	0.22785
SPT35364	SPT35374	0.25502
SPT35364	SPT35318	0.24712
SPT35364	SPT35453	0.23142
SPT35364	SPT35509	0.23571
SPT35364	SPT35450	0.2442
SPT35364	SPT35525	0.24594
SPT35364	SPT35510	0.21525
SPT35364	SPT35340	0.2624
SPT35364	SPT35583	0.22704
SPT35364	SPT35584	0.23148
SPT35364	SPT35585	0.24532
SPT35364	SPT35458	0.23786
SPT35364	SPT35500	0.23658
SPT35364	SPT35322	0.24558
SPT35364	SPT35377	0.26325
SPT35364	SPT35511	0.24591
SPT35364	SPT35323	0.24177
SPT35364	SPT35461	0.22595
SPT35364	SPT35462	0.25133
SPT35364	SPT35463	0.25266
SPT35364	SPT35341	0.23818
SPT35364	SPT35368	0.25471
SPT35364	SPT35378	0.23795
SPT35364	SPT35552	0.23666
SPT35364	SPT35551	0.21996
SPT35364	SPT35459	0.23564
SPT35364	SPT35474	0.24408
SPT35364	SPT35514	0.22707
SPT35364	SPT35519	0.22032
SPT35364	SPT35526	0.24835
SPT35364	SPT35501	0.22962
SPT35364	SPT35681	0.2316
SPT35364	SPT35467	0.24768
SPT35364	SPT35469	0.23333
SPT35364	SPT35470	0.24639
SPT35364	SPT35468	0.23084
SPT35364	SPT35471	0.23541
SPT35364	SPT35379	0.25791
SPT35364	SPT35472	0.24297
SPT35364	SPT35529	0.24848
SPT35364	SPT35517	0.24091
SPT35364	SPT35516	0.23066
SPT35364	SPT35360	0.23148
SPT35364	SPT35515	0.23254
SPT35364	SPT35518	0.23691
SPT35364	SPT35475	0.24737
SPT35364	SPT35520	0.21954
SPT35364	SPT35324	0.26335
SPT35364	SPT35476	0.22743
SPT35364	SPT35485	0.22738
SPT35364	SPT35389	0.26308
SPT35364	SPT35487	0.24131
SPT35364	SPT35369	0.24269
SPT35364	SPT35370	0.23802
SPT35364	SPT35382	0.24727
SPT35364	SPT35521	0.22141
SPT35364	SPT35553	0.22496
SPT35364	SPT35532	0.22557
SPT35364	SPT35384	0.24282
SPT35364	SPT35522	0.23606
SPT35364	SPT35361	0.24043
SPT35364	SPT35342	0.24976
SPT35364	SPT35556	0.22421
SPT35364	SPT35557	0.23334
SPT35364	SPT35328	0.24785
SPT35364	SPT35592	0.22889
SPT35364	SPT35435	0.2339
SPT35364	SPT35304	0.24792
SPT35364	SPT35390	0.24968
SPT35364	SPT35436	0.22998
SPT35364	SPT35580	0.22833
SPT35364	SPT35538	0.23639
SPT35364	SPT35537	0.23695
SPT35364	SPT35320	0.24346
SPT35364	SPT35541	0.22212
SPT35364	SPT35673	0.22204
SPT35364	SPT35502	0.23096
SPT35364	SPT35330	0.23629
SPT35364	SPT35546	0.22747
SPT35364	SPT35547	0.23328
SPT35364	SPT35544	0.22093
SPT35364	SPT35362	0.24556
SPT35364	SPT35499	0.24358
SPT35364	SPT35336	0.2414
SPT35364	SPT35577	0.23054
SPT35364	SPT35325	0.22776
SPT35364	SPT35331	0.26038
SPT35364	SPT35337	0.23942
SPT35364	SPT35306	0.23976
SPT35364	SPT35407	0.24616
SPT35364	SPT35346	0.22246
SPT35364	SPT35405	0.24418
SPT35364	SPT35410	0.22786
SPT35364	SPT35575	0.24529
SPT35364	SPT35576	0.23852
SPT35364	SPT35766	0.22695
SPT35364	SPT35347	0.23119
SPT35364	SPT35412	0.23954
SPT35364	SPT35414	0.22836
SPT35364	SPT35348	0.24546
SPT35364	SPT35417	0.22995
SPT35364	SPT35571	0.21931
SPT35364	SPT35349	0.22768
SPT35364	SPT35351	0.22697
SPT35364	SPT35418	0.23582
SPT35364	SPT35419	0.23489
SPT35364	SPT35566	0.23575
SPT35364	SPT35567	0.22562
SPT35364	SPT35420	0.21651
SPT35364	SPT35423	0.24406
SPT35364	SPT35564	0.23685
SPT35364	SPT35352	0.23039
SPT35364	SPT35424	0.23772
SPT35364	SPT35357	0.24606
SPT35364	SPT35437	0.2346
SPT35364	SPT35563	0.22721
SPT35364	SPT35308	0.24852
SPT35364	SPT35425	0.22421
SPT35364	SPT35440	0.22021
SPT35364	SPT35354	0.25484
SPT35364	SPT35309	0.23808000000000001
SPT35364	SPT35310	0.23775
SPT35364	SPT35355	0.23793
SPT35364	SPT35332	0.23087
SPT35364	SPT35333	0.23491
SPT35364	SPT35561	0.23124
SPT35364	SPT35363	0.24068
SPT35364	SPT35427	0.22888
SPT35364	SPT35752	0.22817
SPT35364	SPT35430	0.2275
SPT35364	SPT35431	0.23769
SPT35364	SPT35313	0.23935
SPT35364	SPT35780	0.22776
SPT35364	SPT35315	0.24567
SPT35364	SPT35316	0.2371
SPT35364	SPT35317	0.23604
SPT35364	SPT35334	0.2383
SPT35364	SPT35543	0.21991
SPT35366	SPT35524	0.22913
SPT35366	SPT35321	0.22723
SPT35366	SPT35374	0.2324
SPT35366	SPT35318	0.40798
SPT35366	SPT35453	0.22464
SPT35366	SPT35509	0.22877
SPT35366	SPT35450	0.23272
SPT35366	SPT35525	0.2413
SPT35366	SPT35510	0.22811
SPT35366	SPT35340	0.23105
SPT35366	SPT35583	0.24664
SPT35366	SPT35584	0.23525
SPT35366	SPT35585	0.23611
SPT35366	SPT35458	0.24144
SPT35366	SPT35500	0.23554
SPT35366	SPT35322	0.22015
SPT35366	SPT35377	0.23122
SPT35366	SPT35511	0.24358
SPT35366	SPT35323	0.21887
SPT35366	SPT35461	0.23103
SPT35366	SPT35462	0.23164
SPT35366	SPT35463	0.25056
SPT35366	SPT35341	0.26432
SPT35366	SPT35368	0.23504
SPT35366	SPT35378	0.23871
SPT35366	SPT35552	0.23841
SPT35366	SPT35551	0.22941
SPT35366	SPT35459	0.23748
SPT35366	SPT35474	0.24001
SPT35366	SPT35514	0.2273
SPT35366	SPT35519	0.23202
SPT35366	SPT35526	0.24445
SPT35366	SPT35501	0.2225
SPT35366	SPT35681	0.23696
SPT35366	SPT35467	0.24453
SPT35366	SPT35469	0.2379
SPT35366	SPT35470	0.23936
SPT35366	SPT35468	0.22565
SPT35366	SPT35471	0.23765
SPT35366	SPT35379	0.23118
SPT35366	SPT35472	0.2402
SPT35366	SPT35529	0.24319
SPT35366	SPT35517	0.23492
SPT35366	SPT35516	0.23238
SPT35366	SPT35360	0.2491
SPT35366	SPT35515	0.2333
SPT35366	SPT35518	0.23195
SPT35366	SPT35475	0.24398
SPT35366	SPT35520	0.2268
SPT35366	SPT35324	0.25819
SPT35366	SPT35476	0.22614
SPT35366	SPT35485	0.23079
SPT35366	SPT35389	0.23078
SPT35366	SPT35487	0.23763
SPT35366	SPT35369	0.2555
SPT35366	SPT35370	0.32511
SPT35366	SPT35382	0.50138
SPT35366	SPT35521	0.22701
SPT35366	SPT35553	0.22789
SPT35366	SPT35532	0.23162
SPT35366	SPT35384	0.24769
SPT35366	SPT35522	0.2307
SPT35366	SPT35361	0.29029
SPT35366	SPT35342	0.236
SPT35366	SPT35556	0.24158
SPT35366	SPT35557	0.23979
SPT35366	SPT35328	0.22708
SPT35366	SPT35592	0.24207
SPT35366	SPT35435	0.23602
SPT35366	SPT35304	0.23639
SPT35366	SPT35390	0.24727
SPT35366	SPT35436	0.22765
SPT35366	SPT35580	0.23167
SPT35366	SPT35538	0.23131
SPT35366	SPT35537	0.23536
SPT35366	SPT35320	0.23565
SPT35366	SPT35541	0.24274
SPT35366	SPT35673	0.22816
SPT35366	SPT35502	0.23551
SPT35366	SPT35330	0.21803
SPT35366	SPT35546	0.23521
SPT35366	SPT35547	0.237
SPT35366	SPT35544	0.23565
SPT35366	SPT35362	0.23007
SPT35366	SPT35499	0.22728
SPT35366	SPT35336	0.24524
SPT35366	SPT35577	0.24316
SPT35366	SPT35325	0.22743
SPT35366	SPT35331	0.23174
SPT35366	SPT35337	0.22618
SPT35366	SPT35306	0.24576
SPT35366	SPT35407	0.24411
SPT35366	SPT35346	0.24389
SPT35366	SPT35405	0.23941
SPT35366	SPT35410	0.23157
SPT35366	SPT35575	0.23312
SPT35366	SPT35576	0.23503
SPT35366	SPT35766	0.24832
SPT35366	SPT35347	0.24934
SPT35366	SPT35412	0.24274
SPT35366	SPT35414	0.23431
SPT35366	SPT35348	0.25707
SPT35366	SPT35417	0.2344
SPT35366	SPT35571	0.22775
SPT35366	SPT35349	0.23298
SPT35366	SPT35351	0.24801
SPT35366	SPT35418	0.24624
SPT35366	SPT35419	0.24063
SPT35366	SPT35566	0.23835
SPT35366	SPT35567	0.22554
SPT35366	SPT35420	0.22263
SPT35366	SPT35423	0.2343
SPT35366	SPT35564	0.22556
SPT35366	SPT35352	0.23273
SPT35366	SPT35424	0.223
SPT35366	SPT35357	0.21974
SPT35366	SPT35437	0.22906
SPT35366	SPT35563	0.2231
SPT35366	SPT35308	0.23755
SPT35366	SPT35425	0.22759
SPT35366	SPT35440	0.23498
SPT35366	SPT35354	0.4169
SPT35366	SPT35309	0.2226
SPT35366	SPT35310	0.22237
SPT35366	SPT35355	0.23045
SPT35366	SPT35332	0.22587
SPT35366	SPT35333	0.2349
SPT35366	SPT35561	0.24344
SPT35366	SPT35363	0.22749
SPT35366	SPT35427	0.2319
SPT35366	SPT35752	0.2358
SPT35366	SPT35430	0.22119
SPT35366	SPT35431	0.23886
SPT35366	SPT35313	0.22105
SPT35366	SPT35780	0.23016
SPT35366	SPT35315	0.25646
SPT35366	SPT35316	0.34672
SPT35366	SPT35317	0.2344
SPT35366	SPT35334	0.22746
SPT35366	SPT35543	0.23879
SPT35524	SPT35321	0.23815
SPT35524	SPT35374	0.223
SPT35524	SPT35318	0.23392
SPT35524	SPT35453	0.23134
SPT35524	SPT35509	0.31652
SPT35524	SPT35450	0.23079
SPT35524	SPT35525	0.24103
SPT35524	SPT35510	0.22884
SPT35524	SPT35340	0.23312
SPT35524	SPT35583	0.22713
SPT35524	SPT35584	0.21779
SPT35524	SPT35585	0.23437
SPT35524	SPT35458	0.2394
SPT35524	SPT35500	0.23057
SPT35524	SPT35322	0.22606
SPT35524	SPT35377	0.23235
SPT35524	SPT35511	0.24208
SPT35524	SPT35323	0.23131
SPT35524	SPT35461	0.23039
SPT35524	SPT35462	0.23368
SPT35524	SPT35463	0.23427
SPT35524	SPT35341	0.23102
SPT35524	SPT35368	0.22698
SPT35524	SPT35378	0.23821
SPT35524	SPT35552	0.22993
SPT35524	SPT35551	0.23052
SPT35524	SPT35459	0.23791
SPT35524	SPT35474	0.2371
SPT35524	SPT35514	0.23607
SPT35524	SPT35519	0.2288
SPT35524	SPT35526	0.24194
SPT35524	SPT35501	0.23291
SPT35524	SPT35681	0.22107
SPT35524	SPT35467	0.24056
SPT35524	SPT35469	0.24151
SPT35524	SPT35470	0.23571
SPT35524	SPT35468	0.23966
SPT35524	SPT35471	0.24019
SPT35524	SPT35379	0.21996
SPT35524	SPT35472	0.22693
SPT35524	SPT35529	0.24278
SPT35524	SPT35517	0.23448
SPT35524	SPT35516	0.23834
SPT35524	SPT35360	0.23458
SPT35524	SPT35515	0.23651
SPT35524	SPT35518	0.22444
SPT35524	SPT35475	0.2412
SPT35524	SPT35520	0.21861
SPT35524	SPT35324	0.23119
SPT35524	SPT35476	0.24172
SPT35524	SPT35485	0.22888
SPT35524	SPT35389	0.23222
SPT35524	SPT35487	0.23274
SPT35524	SPT35369	0.23883
SPT35524	SPT35370	0.23542
SPT35524	SPT35382	0.23058
SPT35524	SPT35521	0.22569
SPT35524	SPT35553	0.22501
SPT35524	SPT35532	0.22638
SPT35524	SPT35384	0.22778
SPT35524	SPT35522	0.23656
SPT35524	SPT35361	0.22583
SPT35524	SPT35342	0.21527
SPT35524	SPT35556	0.22235
SPT35524	SPT35557	0.22493
SPT35524	SPT35328	0.22018
SPT35524	SPT35592	0.22658
SPT35524	SPT35435	0.24267
SPT35524	SPT35304	0.22893
SPT35524	SPT35390	0.22404
SPT35524	SPT35436	0.22738
SPT35524	SPT35580	0.23604
SPT35524	SPT35538	0.21229
SPT35524	SPT35537	0.21433
SPT35524	SPT35320	0.21648
SPT35524	SPT35541	0.22878
SPT35524	SPT35673	0.24079
SPT35524	SPT35502	0.22602
SPT35524	SPT35330	0.22699
SPT35524	SPT35546	0.22261
SPT35524	SPT35547	0.21985
SPT35524	SPT35544	0.22325
SPT35524	SPT35362	0.21101
SPT35524	SPT35499	0.22832
SPT35524	SPT35336	0.22849
SPT35524	SPT35577	0.22077
SPT35524	SPT35325	0.23
SPT35524	SPT35331	0.21876
SPT35524	SPT35337	0.22981
SPT35524	SPT35306	0.222
SPT35524	SPT35407	0.2309
SPT35524	SPT35346	0.23371
SPT35524	SPT35405	0.22941
SPT35524	SPT35410	0.21434
SPT35524	SPT35575	0.21404
SPT35524	SPT35576	0.22815
SPT35524	SPT35766	0.22626
SPT35524	SPT35347	0.23527
SPT35524	SPT35412	0.23109
SPT35524	SPT35414	0.22846
SPT35524	SPT35348	0.22184
SPT35524	SPT35417	0.23018
SPT35524	SPT35571	0.22489
SPT35524	SPT35349	0.22433
SPT35524	SPT35351	0.22083
SPT35524	SPT35418	0.23555
SPT35524	SPT35419	0.23053
SPT35524	SPT35566	0.23291
SPT35524	SPT35567	0.21683
SPT35524	SPT35420	0.21979
SPT35524	SPT35423	0.21966
SPT35524	SPT35564	0.23584
SPT35524	SPT35352	0.22047
SPT35524	SPT35424	0.22779
SPT35524	SPT35357	0.22578
SPT35524	SPT35437	0.22714
SPT35524	SPT35563	0.21654
SPT35524	SPT35308	0.22856
SPT35524	SPT35425	0.23117
SPT35524	SPT35440	0.22673
SPT35524	SPT35354	0.23339
SPT35524	SPT35309	0.22184
SPT35524	SPT35310	0.22162
SPT35524	SPT35355	0.21945
SPT35524	SPT35332	0.22931000000000001
SPT35524	SPT35333	0.2399
SPT35524	SPT35561	0.22863
SPT35524	SPT35363	0.22141
SPT35524	SPT35427	0.23403
SPT35524	SPT35752	0.22206
SPT35524	SPT35430	0.22622
SPT35524	SPT35431	0.23258
SPT35524	SPT35313	0.23083
SPT35524	SPT35780	0.23226
SPT35524	SPT35315	0.21897
SPT35524	SPT35316	0.22988
SPT35524	SPT35317	0.22754
SPT35524	SPT35334	0.23047
SPT35524	SPT35543	0.22912
SPT35321	SPT35374	0.2233
SPT35321	SPT35318	0.23593
SPT35321	SPT35453	0.23891
SPT35321	SPT35509	0.23958
SPT35321	SPT35450	0.23935
SPT35321	SPT35525	0.24756
SPT35321	SPT35510	0.23888
SPT35321	SPT35340	0.24248
SPT35321	SPT35583	0.23382
SPT35321	SPT35584	0.23597
SPT35321	SPT35585	0.25362
SPT35321	SPT35458	0.26429
SPT35321	SPT35500	0.24278
SPT35321	SPT35322	0.25011
SPT35321	SPT35377	0.24132
SPT35321	SPT35511	0.24601
SPT35321	SPT35323	0.42837
SPT35321	SPT35461	0.23598
SPT35321	SPT35462	0.24635
SPT35321	SPT35463	0.24317
SPT35321	SPT35341	0.22678
SPT35321	SPT35368	0.24905
SPT35321	SPT35378	0.23943
SPT35321	SPT35552	0.23395
SPT35321	SPT35551	0.24143
SPT35321	SPT35459	0.25149
SPT35321	SPT35474	0.24246
SPT35321	SPT35514	0.2472
SPT35321	SPT35519	0.24037
SPT35321	SPT35526	0.24704
SPT35321	SPT35501	0.23345
SPT35321	SPT35681	0.23519
SPT35321	SPT35467	0.24624
SPT35321	SPT35469	0.24586
SPT35321	SPT35470	0.24441
SPT35321	SPT35468	0.24582
SPT35321	SPT35471	0.24173
SPT35321	SPT35379	0.24889
SPT35321	SPT35472	0.22906
SPT35321	SPT35529	0.24859
SPT35321	SPT35517	0.24177
SPT35321	SPT35516	0.24377
SPT35321	SPT35360	0.23054
SPT35321	SPT35515	0.24358
SPT35321	SPT35518	0.23305
SPT35321	SPT35475	0.24617
SPT35321	SPT35520	0.23907
SPT35321	SPT35324	0.24879
SPT35321	SPT35476	0.2459
SPT35321	SPT35485	0.23012
SPT35321	SPT35389	0.24155
SPT35321	SPT35487	0.24229
SPT35321	SPT35369	0.2373
SPT35321	SPT35370	0.24134
SPT35321	SPT35382	0.23546
SPT35321	SPT35521	0.23404
SPT35321	SPT35553	0.23726
SPT35321	SPT35532	0.25596
SPT35321	SPT35384	0.23863
SPT35321	SPT35522	0.23307
SPT35321	SPT35361	0.23154
SPT35321	SPT35342	0.2636
SPT35321	SPT35556	0.24975
SPT35321	SPT35557	0.23681
SPT35321	SPT35328	0.2234
SPT35321	SPT35592	0.22746
SPT35321	SPT35435	0.25599
SPT35321	SPT35304	0.23872
SPT35321	SPT35390	0.24182
SPT35321	SPT35436	0.23325
SPT35321	SPT35580	0.24809
SPT35321	SPT35538	0.22966
SPT35321	SPT35537	0.23278
SPT35321	SPT35320	0.244
SPT35321	SPT35541	0.24346
SPT35321	SPT35673	0.23444
SPT35321	SPT35502	0.23797
SPT35321	SPT35330	0.38631
SPT35321	SPT35546	0.23354
SPT35321	SPT35547	0.23479
SPT35321	SPT35544	0.24604
SPT35321	SPT35362	0.23379
SPT35321	SPT35499	0.24598
SPT35321	SPT35336	0.23915
SPT35321	SPT35577	0.23456
SPT35321	SPT35325	0.23706
SPT35321	SPT35331	0.24662
SPT35321	SPT35337	0.23048
SPT35321	SPT35306	0.23566
SPT35321	SPT35407	0.24971
SPT35321	SPT35346	0.31796
SPT35321	SPT35405	0.25211
SPT35321	SPT35410	0.24314
SPT35321	SPT35575	0.23053
SPT35321	SPT35576	0.2395
SPT35321	SPT35766	0.23452
SPT35321	SPT35347	0.23088
SPT35321	SPT35412	0.23709
SPT35321	SPT35414	0.24437999999999999
SPT35321	SPT35348	0.24791
SPT35321	SPT35417	0.24174
SPT35321	SPT35571	0.23754
SPT35321	SPT35349	0.23527
SPT35321	SPT35351	0.24427
SPT35321	SPT35418	0.26231
SPT35321	SPT35419	0.24844
SPT35321	SPT35566	0.25273
SPT35321	SPT35567	0.23589
SPT35321	SPT35420	0.22697
SPT35321	SPT35423	0.23633
SPT35321	SPT35564	0.24506
SPT35321	SPT35352	0.23936
SPT35321	SPT35424	0.23449
SPT35321	SPT35357	0.24967
SPT35321	SPT35437	0.24647
SPT35321	SPT35563	0.23815
SPT35321	SPT35308	0.23806
SPT35321	SPT35425	0.2361
SPT35321	SPT35440	0.2199
SPT35321	SPT35354	0.23516
SPT35321	SPT35309	0.23355
SPT35321	SPT35310	0.2303
SPT35321	SPT35355	0.23427
SPT35321	SPT35332	0.2407
SPT35321	SPT35333	0.23472
SPT35321	SPT35561	0.22589
SPT35321	SPT35363	0.23778
SPT35321	SPT35427	0.21961
SPT35321	SPT35752	0.22181
SPT35321	SPT35430	0.23595
SPT35321	SPT35431	0.22981
SPT35321	SPT35313	0.42752
SPT35321	SPT35780	0.24089
SPT35321	SPT35315	0.23331
SPT35321	SPT35316	0.24147
SPT35321	SPT35317	0.23995
SPT35321	SPT35334	0.23943
SPT35321	SPT35543	0.24798
SPT35374	SPT35318	0.23322
SPT35374	SPT35453	0.23286
SPT35374	SPT35509	0.21773
SPT35374	SPT35450	0.21848
SPT35374	SPT35525	0.24391
SPT35374	SPT35510	0.23086
SPT35374	SPT35340	0.23519
SPT35374	SPT35583	0.22717
SPT35374	SPT35584	0.23546
SPT35374	SPT35585	0.24503
SPT35374	SPT35458	0.25651
SPT35374	SPT35500	0.24361
SPT35374	SPT35322	0.23786
SPT35374	SPT35377	0.23532
SPT35374	SPT35511	0.24502
SPT35374	SPT35323	0.23881
SPT35374	SPT35461	0.23037
SPT35374	SPT35462	0.24201
SPT35374	SPT35463	0.24642
SPT35374	SPT35341	0.25228
SPT35374	SPT35368	0.24059
SPT35374	SPT35378	0.23636
SPT35374	SPT35552	0.24042
SPT35374	SPT35551	0.23292
SPT35374	SPT35459	0.24507
SPT35374	SPT35474	0.24505
SPT35374	SPT35514	0.23332
SPT35374	SPT35519	0.22184
SPT35374	SPT35526	0.24498
SPT35374	SPT35501	0.22181
SPT35374	SPT35681	0.22771
SPT35374	SPT35467	0.24471
SPT35374	SPT35469	0.23408
SPT35374	SPT35470	0.248
SPT35374	SPT35468	0.23266
SPT35374	SPT35471	0.229
SPT35374	SPT35379	0.24152
SPT35374	SPT35472	0.23591
SPT35374	SPT35529	0.24338
SPT35374	SPT35517	0.22431
SPT35374	SPT35516	0.23015
SPT35374	SPT35360	0.24315
SPT35374	SPT35515	0.22593
SPT35374	SPT35518	0.23079
SPT35374	SPT35475	0.24522
SPT35374	SPT35520	0.22769
SPT35374	SPT35324	0.23913
SPT35374	SPT35476	0.2269
SPT35374	SPT35485	0.23111
SPT35374	SPT35389	0.23524
SPT35374	SPT35487	0.22673
SPT35374	SPT35369	0.24799
SPT35374	SPT35370	0.24429
SPT35374	SPT35382	0.23767
SPT35374	SPT35521	0.22581
SPT35374	SPT35553	0.23391
SPT35374	SPT35532	0.23474
SPT35374	SPT35384	0.23575
SPT35374	SPT35522	0.231
SPT35374	SPT35361	0.24381
SPT35374	SPT35342	0.24008
SPT35374	SPT35556	0.2202
SPT35374	SPT35557	0.24448
SPT35374	SPT35328	0.23204
SPT35374	SPT35592	0.22883
SPT35374	SPT35435	0.23467
SPT35374	SPT35304	0.22764
SPT35374	SPT35390	0.2331
SPT35374	SPT35436	0.2227
SPT35374	SPT35580	0.23141
SPT35374	SPT35538	0.2282
SPT35374	SPT35537	0.22677
SPT35374	SPT35320	0.24047
SPT35374	SPT35541	0.24408
SPT35374	SPT35673	0.22134
SPT35374	SPT35502	0.23575
SPT35374	SPT35330	0.23775
SPT35374	SPT35546	0.23236
SPT35374	SPT35547	0.23767
SPT35374	SPT35544	0.22505
SPT35374	SPT35362	0.24475
SPT35374	SPT35499	0.23102
SPT35374	SPT35336	0.23356
SPT35374	SPT35577	0.22666
SPT35374	SPT35325	0.22171
SPT35374	SPT35331	0.2427
SPT35374	SPT35337	0.24597
SPT35374	SPT35306	0.23148
SPT35374	SPT35407	0.24429
SPT35374	SPT35346	0.23385
SPT35374	SPT35405	0.23605
SPT35374	SPT35410	0.24013
SPT35374	SPT35575	0.23354
SPT35374	SPT35576	0.2375
SPT35374	SPT35766	0.23701
SPT35374	SPT35347	0.24333
SPT35374	SPT35412	0.22527
SPT35374	SPT35414	0.23481
SPT35374	SPT35348	0.24365
SPT35374	SPT35417	0.23297
SPT35374	SPT35571	0.23317
SPT35374	SPT35349	0.25069
SPT35374	SPT35351	0.22674
SPT35374	SPT35418	0.22783
SPT35374	SPT35419	0.23328
SPT35374	SPT35566	0.2257
SPT35374	SPT35567	0.2117
SPT35374	SPT35420	0.22072
SPT35374	SPT35423	0.23209
SPT35374	SPT35564	0.21956
SPT35374	SPT35352	0.22597
SPT35374	SPT35424	0.2249
SPT35374	SPT35357	0.2379
SPT35374	SPT35437	0.22693
SPT35374	SPT35563	0.21257
SPT35374	SPT35308	0.22493
SPT35374	SPT35425	0.23149
SPT35374	SPT35440	0.22562
SPT35374	SPT35354	0.23101
SPT35374	SPT35309	0.23828
SPT35374	SPT35310	0.23713
SPT35374	SPT35355	0.24251
SPT35374	SPT35332	0.22556
SPT35374	SPT35333	0.22651
SPT35374	SPT35561	0.23619
SPT35374	SPT35363	0.23356
SPT35374	SPT35427	0.23384
SPT35374	SPT35752	0.23036
SPT35374	SPT35430	0.22947
SPT35374	SPT35431	0.23407
SPT35374	SPT35313	0.23946
SPT35374	SPT35780	0.22917
SPT35374	SPT35315	0.24047
SPT35374	SPT35316	0.24244
SPT35374	SPT35317	0.23414
SPT35374	SPT35334	0.24327
SPT35374	SPT35543	0.22906
SPT35318	SPT35453	0.23676
SPT35318	SPT35509	0.23351
SPT35318	SPT35450	0.23399
SPT35318	SPT35525	0.24873
SPT35318	SPT35510	0.23736
SPT35318	SPT35340	0.23382
SPT35318	SPT35583	0.24325
SPT35318	SPT35584	0.2375
SPT35318	SPT35585	0.26307
SPT35318	SPT35458	0.25019
SPT35318	SPT35500	0.23369
SPT35318	SPT35322	0.2396
SPT35318	SPT35377	0.23523
SPT35318	SPT35511	0.24944
SPT35318	SPT35323	0.24202
SPT35318	SPT35461	0.23605
SPT35318	SPT35462	0.24511
SPT35318	SPT35463	0.26035
SPT35318	SPT35341	0.25258
SPT35318	SPT35368	0.23939
SPT35318	SPT35378	0.2321
SPT35318	SPT35552	0.23727
SPT35318	SPT35551	0.2246
SPT35318	SPT35459	0.24119
SPT35318	SPT35474	0.25093
SPT35318	SPT35514	0.23262
SPT35318	SPT35519	0.23871
SPT35318	SPT35526	0.25198
SPT35318	SPT35501	0.22029
SPT35318	SPT35681	0.23073
SPT35318	SPT35467	0.25164
SPT35318	SPT35469	0.23432
SPT35318	SPT35470	0.2529
SPT35318	SPT35468	0.23492
SPT35318	SPT35471	0.23967
SPT35318	SPT35379	0.23927
SPT35318	SPT35472	0.24246
SPT35318	SPT35529	0.24813
SPT35318	SPT35517	0.23753
SPT35318	SPT35516	0.23499
SPT35318	SPT35360	0.26165
SPT35318	SPT35515	0.22731
SPT35318	SPT35518	0.2318
SPT35318	SPT35475	0.25064
SPT35318	SPT35520	0.23378
SPT35318	SPT35324	0.26141
SPT35318	SPT35476	0.23788
SPT35318	SPT35485	0.23853
SPT35318	SPT35389	0.23465
SPT35318	SPT35487	0.23503
SPT35318	SPT35369	0.2437
SPT35318	SPT35370	0.37045
SPT35318	SPT35382	0.57963
SPT35318	SPT35521	0.22897
SPT35318	SPT35553	0.23925
SPT35318	SPT35532	0.23218
SPT35318	SPT35384	0.24501
SPT35318	SPT35522	0.24287
SPT35318	SPT35361	0.28786
SPT35318	SPT35342	0.23959
SPT35318	SPT35556	0.23761
SPT35318	SPT35557	0.23713
SPT35318	SPT35328	0.22366
SPT35318	SPT35592	0.24906
SPT35318	SPT35435	0.23342
SPT35318	SPT35304	0.24288
SPT35318	SPT35390	0.26324
SPT35318	SPT35436	0.2272
SPT35318	SPT35580	0.23345
SPT35318	SPT35538	0.22823
SPT35318	SPT35537	0.23296
SPT35318	SPT35320	0.23645
SPT35318	SPT35541	0.23506
SPT35318	SPT35673	0.22443
SPT35318	SPT35502	0.22738
SPT35318	SPT35330	0.24071
SPT35318	SPT35546	0.23704
SPT35318	SPT35547	0.24
SPT35318	SPT35544	0.23434
SPT35318	SPT35362	0.23803
SPT35318	SPT35499	0.23714
SPT35318	SPT35336	0.24462
SPT35318	SPT35577	0.2429
SPT35318	SPT35325	0.22223
SPT35318	SPT35331	0.2361
SPT35318	SPT35337	0.2646
SPT35318	SPT35306	0.24843
SPT35318	SPT35407	0.26014
SPT35318	SPT35346	0.26054
SPT35318	SPT35405	0.257
SPT35318	SPT35410	0.23352
SPT35318	SPT35575	0.23115
SPT35318	SPT35576	0.25937
SPT35318	SPT35766	0.24861
SPT35318	SPT35347	0.26182
SPT35318	SPT35412	0.23234
SPT35318	SPT35414	0.23707
SPT35318	SPT35348	0.25024
SPT35318	SPT35417	0.24038
SPT35318	SPT35571	0.22138
SPT35318	SPT35349	0.2271
SPT35318	SPT35351	0.23267
SPT35318	SPT35418	0.24473
SPT35318	SPT35419	0.25478
SPT35318	SPT35566	0.25397
SPT35318	SPT35567	0.22481
SPT35318	SPT35420	0.22835
SPT35318	SPT35423	0.22198
SPT35318	SPT35564	0.24361
SPT35318	SPT35352	0.22962
SPT35318	SPT35424	0.23596
SPT35318	SPT35357	0.23918
SPT35318	SPT35437	0.22521
SPT35318	SPT35563	0.22464
SPT35318	SPT35308	0.24452
SPT35318	SPT35425	0.23045
SPT35318	SPT35440	0.23392
SPT35318	SPT35354	0.61613
SPT35318	SPT35309	0.23301
SPT35318	SPT35310	0.23093
SPT35318	SPT35355	0.24979
SPT35318	SPT35332	0.22575
SPT35318	SPT35333	0.22534
SPT35318	SPT35561	0.25228
SPT35318	SPT35363	0.23064
SPT35318	SPT35427	0.22958
SPT35318	SPT35752	0.2318
SPT35318	SPT35430	0.22975
SPT35318	SPT35431	0.22775
SPT35318	SPT35313	0.24149
SPT35318	SPT35780	0.23747
SPT35318	SPT35315	0.24918
SPT35318	SPT35316	0.41562
SPT35318	SPT35317	0.23988
SPT35318	SPT35334	0.25877
SPT35318	SPT35543	0.24006
SPT35453	SPT35509	0.24002
SPT35453	SPT35450	0.23985
SPT35453	SPT35525	0.25174
SPT35453	SPT35510	0.2448
SPT35453	SPT35340	0.23522
SPT35453	SPT35583	0.23621
SPT35453	SPT35584	0.22977
SPT35453	SPT35585	0.25558
SPT35453	SPT35458	0.24726
SPT35453	SPT35500	0.24032
SPT35453	SPT35322	0.24222
SPT35453	SPT35377	0.23445
SPT35453	SPT35511	0.24743
SPT35453	SPT35323	0.23364
SPT35453	SPT35461	0.234
SPT35453	SPT35462	0.24845
SPT35453	SPT35463	0.24449
SPT35453	SPT35341	0.23346
SPT35453	SPT35368	0.2337
SPT35453	SPT35378	0.24582
SPT35453	SPT35552	0.23743
SPT35453	SPT35551	0.23243
SPT35453	SPT35459	0.23745
SPT35453	SPT35474	0.25345
SPT35453	SPT35514	0.23855
SPT35453	SPT35519	0.23955
SPT35453	SPT35526	0.24592
SPT35453	SPT35501	0.23643
SPT35453	SPT35681	0.22776
SPT35453	SPT35467	0.24436
SPT35453	SPT35469	0.23382
SPT35453	SPT35470	0.24996
SPT35453	SPT35468	0.2338
SPT35453	SPT35471	0.23765
SPT35453	SPT35379	0.24154
SPT35453	SPT35472	0.24827
SPT35453	SPT35529	0.24828
SPT35453	SPT35517	0.22187
SPT35453	SPT35516	0.22967
SPT35453	SPT35360	0.2439
SPT35453	SPT35515	0.2447
SPT35453	SPT35518	0.22219
SPT35453	SPT35475	0.24447
SPT35453	SPT35520	0.23118
SPT35453	SPT35324	0.23489
SPT35453	SPT35476	0.24133
SPT35453	SPT35485	0.22499
SPT35453	SPT35389	0.23475
SPT35453	SPT35487	0.23275
SPT35453	SPT35369	0.23927
SPT35453	SPT35370	0.24059
SPT35453	SPT35382	0.23638
SPT35453	SPT35521	0.2344
SPT35453	SPT35553	0.2406
SPT35453	SPT35532	0.23645
SPT35453	SPT35384	0.23579
SPT35453	SPT35522	0.23814
SPT35453	SPT35361	0.2378
SPT35453	SPT35342	0.23131
SPT35453	SPT35556	0.23369
SPT35453	SPT35557	0.23233
SPT35453	SPT35328	0.23217
SPT35453	SPT35592	0.23415
SPT35453	SPT35435	0.23475
SPT35453	SPT35304	0.23379
SPT35453	SPT35390	0.21716
SPT35453	SPT35436	0.24919
SPT35453	SPT35580	0.24275
SPT35453	SPT35538	0.23681
SPT35453	SPT35537	0.23524
SPT35453	SPT35320	0.23864
SPT35453	SPT35541	0.23491
SPT35453	SPT35673	0.24725
SPT35453	SPT35502	0.23088
SPT35453	SPT35330	0.24928
SPT35453	SPT35546	0.23618
SPT35453	SPT35547	0.23042
SPT35453	SPT35544	0.252
SPT35453	SPT35362	0.22646
SPT35453	SPT35499	0.24197
SPT35453	SPT35336	0.23681
SPT35453	SPT35577	0.23354
SPT35453	SPT35325	0.23601
SPT35453	SPT35331	0.23812
SPT35453	SPT35337	0.22753
SPT35453	SPT35306	0.24715
SPT35453	SPT35407	0.24585
SPT35453	SPT35346	0.23978
SPT35453	SPT35405	0.25671
SPT35453	SPT35410	0.23291
SPT35453	SPT35575	0.22606
SPT35453	SPT35576	0.24115
SPT35453	SPT35766	0.23762
SPT35453	SPT35347	0.24424
SPT35453	SPT35412	0.24564
SPT35453	SPT35414	0.24015
SPT35453	SPT35348	0.25875
SPT35453	SPT35417	0.23692
SPT35453	SPT35571	0.23424
SPT35453	SPT35349	0.23134
SPT35453	SPT35351	0.22753
SPT35453	SPT35418	0.23328
SPT35453	SPT35419	0.24987
SPT35453	SPT35566	0.24608
SPT35453	SPT35567	0.23331
SPT35453	SPT35420	0.25182
SPT35453	SPT35423	0.23377
SPT35453	SPT35564	0.24747
SPT35453	SPT35352	0.23442
SPT35453	SPT35424	0.2286
SPT35453	SPT35357	0.2418
SPT35453	SPT35437	0.23397
SPT35453	SPT35563	0.23238
SPT35453	SPT35308	0.23494
SPT35453	SPT35425	0.23458
SPT35453	SPT35440	0.25587
SPT35453	SPT35354	0.23452
SPT35453	SPT35309	0.23653
SPT35453	SPT35310	0.23825
SPT35453	SPT35355	0.23369
SPT35453	SPT35332	0.2325
SPT35453	SPT35333	0.23416
SPT35453	SPT35561	0.23901
SPT35453	SPT35363	0.23291
SPT35453	SPT35427	0.24457
SPT35453	SPT35752	0.24614
SPT35453	SPT35430	0.24417
SPT35453	SPT35431	0.24498
SPT35453	SPT35313	0.23509
SPT35453	SPT35780	0.25241
SPT35453	SPT35315	0.22457
SPT35453	SPT35316	0.2326
SPT35453	SPT35317	0.2338
SPT35453	SPT35334	0.22756
SPT35453	SPT35543	0.24056
SPT35509	SPT35450	0.22641
SPT35509	SPT35525	0.25226
SPT35509	SPT35510	0.23776
SPT35509	SPT35340	0.23021
SPT35509	SPT35583	0.23127
SPT35509	SPT35584	0.23317
SPT35509	SPT35585	0.24983
SPT35509	SPT35458	0.24612
SPT35509	SPT35500	0.23442
SPT35509	SPT35322	0.24001
SPT35509	SPT35377	0.23028
SPT35509	SPT35511	0.24823
SPT35509	SPT35323	0.23032
SPT35509	SPT35461	0.23047
SPT35509	SPT35462	0.2381
SPT35509	SPT35463	0.2409
SPT35509	SPT35341	0.23285
SPT35509	SPT35368	0.23456
SPT35509	SPT35378	0.23667
SPT35509	SPT35552	0.23717
SPT35509	SPT35551	0.23892
SPT35509	SPT35459	0.23683
SPT35509	SPT35474	0.23967
SPT35509	SPT35514	0.24996
SPT35509	SPT35519	0.24712
SPT35509	SPT35526	0.25054
SPT35509	SPT35501	0.22911
SPT35509	SPT35681	0.22832
SPT35509	SPT35467	0.2509
SPT35509	SPT35469	0.25593
SPT35509	SPT35470	0.23017
SPT35509	SPT35468	0.24286
SPT35509	SPT35471	0.25211
SPT35509	SPT35379	0.22762
SPT35509	SPT35472	0.23397
SPT35509	SPT35529	0.24935
SPT35509	SPT35517	0.25555
SPT35509	SPT35516	0.24309
SPT35509	SPT35360	0.22116
SPT35509	SPT35515	0.24473
SPT35509	SPT35518	0.23469
SPT35509	SPT35475	0.24963
SPT35509	SPT35520	0.23984
SPT35509	SPT35324	0.22239
SPT35509	SPT35476	0.25439
SPT35509	SPT35485	0.2313
SPT35509	SPT35389	0.23016
SPT35509	SPT35487	0.24786
SPT35509	SPT35369	0.22733
SPT35509	SPT35370	0.24497
SPT35509	SPT35382	0.23014
SPT35509	SPT35521	0.23278
SPT35509	SPT35553	0.22156
SPT35509	SPT35532	0.25047
SPT35509	SPT35384	0.23593
SPT35509	SPT35522	0.2332
SPT35509	SPT35361	0.23502
SPT35509	SPT35342	0.22551
SPT35509	SPT35556	0.2408
SPT35509	SPT35557	0.2321
SPT35509	SPT35328	0.2316
SPT35509	SPT35592	0.23572
SPT35509	SPT35435	0.24465
SPT35509	SPT35304	0.22264
SPT35509	SPT35390	0.22657
SPT35509	SPT35436	0.24367
SPT35509	SPT35580	0.23921
SPT35509	SPT35538	0.224
SPT35509	SPT35537	0.22501
SPT35509	SPT35320	0.24255
SPT35509	SPT35541	0.22646
SPT35509	SPT35673	0.23641
SPT35509	SPT35502	0.22245
SPT35509	SPT35330	0.23349
SPT35509	SPT35546	0.23111
SPT35509	SPT35547	0.22888
SPT35509	SPT35544	0.23424
SPT35509	SPT35362	0.24088
SPT35509	SPT35499	0.23549
SPT35509	SPT35336	0.23802
SPT35509	SPT35577	0.22431
SPT35509	SPT35325	0.2279
SPT35509	SPT35331	0.22865
SPT35509	SPT35337	0.24011
SPT35509	SPT35306	0.23337
SPT35509	SPT35407	0.24146
SPT35509	SPT35346	0.22043
SPT35509	SPT35405	0.2441
SPT35509	SPT35410	0.23414
SPT35509	SPT35575	0.22222
SPT35509	SPT35576	0.24282
SPT35509	SPT35766	0.23193
SPT35509	SPT35347	0.221
SPT35509	SPT35412	0.23417
SPT35509	SPT35414	0.22054
SPT35509	SPT35348	0.23323
SPT35509	SPT35417	0.22401
SPT35509	SPT35571	0.23399
SPT35509	SPT35349	0.24583
SPT35509	SPT35351	0.23829
SPT35509	SPT35418	0.23622
SPT35509	SPT35419	0.2386
SPT35509	SPT35566	0.23932
SPT35509	SPT35567	0.22624
SPT35509	SPT35420	0.22696
SPT35509	SPT35423	0.23102
SPT35509	SPT35564	0.23707
SPT35509	SPT35352	0.23963
SPT35509	SPT35424	0.231
SPT35509	SPT35357	0.23958
SPT35509	SPT35437	0.33705
SPT35509	SPT35563	0.22768
SPT35509	SPT35308	0.22452
SPT35509	SPT35425	0.23559
SPT35509	SPT35440	0.24239
SPT35509	SPT35354	0.22718
SPT35509	SPT35309	0.21602
SPT35509	SPT35310	0.2191
SPT35509	SPT35355	0.22219
SPT35509	SPT35332	0.22432
SPT35509	SPT35333	0.23404
SPT35509	SPT35561	0.24497
SPT35509	SPT35363	0.2324
SPT35509	SPT35427	0.22589
SPT35509	SPT35752	0.22253
SPT35509	SPT35430	0.22568
SPT35509	SPT35431	0.24209
SPT35509	SPT35313	0.229
SPT35509	SPT35780	0.24242
SPT35509	SPT35315	0.23355
SPT35509	SPT35316	0.23428
SPT35509	SPT35317	0.23302
SPT35509	SPT35334	0.23794
SPT35509	SPT35543	0.23169
SPT35450	SPT35525	0.26292
SPT35450	SPT35510	0.26245
SPT35450	SPT35340	0.2503
SPT35450	SPT35583	0.22545
SPT35450	SPT35584	0.23212
SPT35450	SPT35585	0.24948
SPT35450	SPT35458	0.25543
SPT35450	SPT35500	0.23073
SPT35450	SPT35322	0.23367
SPT35450	SPT35377	0.24952
SPT35450	SPT35511	0.25285
SPT35450	SPT35323	0.23734
SPT35450	SPT35461	0.23241
SPT35450	SPT35462	0.24305
SPT35450	SPT35463	0.23792
SPT35450	SPT35341	0.23446
SPT35450	SPT35368	0.23965
SPT35450	SPT35378	0.23178
SPT35450	SPT35552	0.2644
SPT35450	SPT35551	0.25016
SPT35450	SPT35459	0.24567
SPT35450	SPT35474	0.23916
SPT35450	SPT35514	0.24918
SPT35450	SPT35519	0.25362
SPT35450	SPT35526	0.25471
SPT35450	SPT35501	0.24101
SPT35450	SPT35681	0.23413
SPT35450	SPT35467	0.25258
SPT35450	SPT35469	0.23774
SPT35450	SPT35470	0.23723
SPT35450	SPT35468	0.24295
SPT35450	SPT35471	0.23243
SPT35450	SPT35379	0.25285
SPT35450	SPT35472	0.23774
SPT35450	SPT35529	0.25955
SPT35450	SPT35517	0.23461
SPT35450	SPT35516	0.23771
SPT35450	SPT35360	0.23199
SPT35450	SPT35515	0.22915
SPT35450	SPT35518	0.23425
SPT35450	SPT35475	0.25234
SPT35450	SPT35520	0.2161
SPT35450	SPT35324	0.26367
SPT35450	SPT35476	0.24542
SPT35450	SPT35485	0.23343
SPT35450	SPT35389	0.24938
SPT35450	SPT35487	0.23681
SPT35450	SPT35369	0.23289
SPT35450	SPT35370	0.24368
SPT35450	SPT35382	0.24163
SPT35450	SPT35521	0.26022
SPT35450	SPT35553	0.23256
SPT35450	SPT35532	0.24679
SPT35450	SPT35384	0.25516
SPT35450	SPT35522	0.24329
SPT35450	SPT35361	0.23374
SPT35450	SPT35342	0.22764
SPT35450	SPT35556	0.25338
SPT35450	SPT35557	0.23951
SPT35450	SPT35328	0.23067
SPT35450	SPT35592	0.23461
SPT35450	SPT35435	0.2369
SPT35450	SPT35304	0.68152
SPT35450	SPT35390	0.24525
SPT35450	SPT35436	0.22989
SPT35450	SPT35580	0.24939
SPT35450	SPT35538	0.25309
SPT35450	SPT35537	0.25284
SPT35450	SPT35320	0.26698
SPT35450	SPT35541	0.23425
SPT35450	SPT35673	0.27334
SPT35450	SPT35502	0.21397
SPT35450	SPT35330	0.26674
SPT35450	SPT35546	0.25089
SPT35450	SPT35547	0.2255
SPT35450	SPT35544	0.23664
SPT35450	SPT35362	0.2252
SPT35450	SPT35499	0.23575
SPT35450	SPT35336	0.25976
SPT35450	SPT35577	0.2366
SPT35450	SPT35325	0.24954
SPT35450	SPT35331	0.2457
SPT35450	SPT35337	0.22945
SPT35450	SPT35306	0.22193
SPT35450	SPT35407	0.23641
SPT35450	SPT35346	0.23268
SPT35450	SPT35405	0.25293
SPT35450	SPT35410	0.23568
SPT35450	SPT35575	0.22788
SPT35450	SPT35576	0.23952
SPT35450	SPT35766	0.265
SPT35450	SPT35347	0.23183
SPT35450	SPT35412	0.25952
SPT35450	SPT35414	0.25578
SPT35450	SPT35348	0.24296
SPT35450	SPT35417	0.24388
SPT35450	SPT35571	0.24895
SPT35450	SPT35349	0.2294
SPT35450	SPT35351	0.2709
SPT35450	SPT35418	0.24689
SPT35450	SPT35419	0.23216
SPT35450	SPT35566	0.25663
SPT35450	SPT35567	0.2195
SPT35450	SPT35420	0.23193
SPT35450	SPT35423	0.22945
SPT35450	SPT35564	0.23981
SPT35450	SPT35352	0.23837
SPT35450	SPT35424	0.22855
SPT35450	SPT35357	0.23375
SPT35450	SPT35437	0.23326
SPT35450	SPT35563	0.21527
SPT35450	SPT35308	0.68285
SPT35450	SPT35425	0.25919
SPT35450	SPT35440	0.26688
SPT35450	SPT35354	0.24164
SPT35450	SPT35309	0.25973
SPT35450	SPT35310	0.26424
SPT35450	SPT35355	0.23742
SPT35450	SPT35332	0.23392
SPT35450	SPT35333	0.24567
SPT35450	SPT35561	0.24308
SPT35450	SPT35363	0.2213
SPT35450	SPT35427	0.26456
SPT35450	SPT35752	0.22242
SPT35450	SPT35430	0.24178
SPT35450	SPT35431	0.25093
SPT35450	SPT35313	0.24078
SPT35450	SPT35780	0.24501
SPT35450	SPT35315	0.25445
SPT35450	SPT35316	0.23664
SPT35450	SPT35317	0.23412
SPT35450	SPT35334	0.2309
SPT35450	SPT35543	0.25573
SPT35525	SPT35510	0.2404
SPT35525	SPT35340	0.24747
SPT35525	SPT35583	0.25123
SPT35525	SPT35584	0.24935
SPT35525	SPT35585	0.24801
SPT35525	SPT35458	0.25623
SPT35525	SPT35500	0.24694
SPT35525	SPT35322	0.23813
SPT35525	SPT35377	0.247
SPT35525	SPT35511	0.76776
SPT35525	SPT35323	0.24398
SPT35525	SPT35461	0.24247
SPT35525	SPT35462	0.24974
SPT35525	SPT35463	0.24705
SPT35525	SPT35341	0.2415
SPT35525	SPT35368	0.25483
SPT35525	SPT35378	0.23582
SPT35525	SPT35552	0.2456
SPT35525	SPT35551	0.25549
SPT35525	SPT35459	0.25004
SPT35525	SPT35474	0.24795
SPT35525	SPT35514	0.25176
SPT35525	SPT35519	0.25039
SPT35525	SPT35526	0.76883
SPT35525	SPT35501	0.23682
SPT35525	SPT35681	0.23333
SPT35525	SPT35467	0.76758
SPT35525	SPT35469	0.25151
SPT35525	SPT35470	0.24316
SPT35525	SPT35468	0.25009
SPT35525	SPT35471	0.25044
SPT35525	SPT35379	0.24902
SPT35525	SPT35472	0.23459
SPT35525	SPT35529	0.76546
SPT35525	SPT35517	0.24434
SPT35525	SPT35516	0.24949
SPT35525	SPT35360	0.23917
SPT35525	SPT35515	0.25037
SPT35525	SPT35518	0.22644
SPT35525	SPT35475	0.76475
SPT35525	SPT35520	0.23732
SPT35525	SPT35324	0.23422
SPT35525	SPT35476	0.25172
SPT35525	SPT35485	0.23778
SPT35525	SPT35389	0.24692
SPT35525	SPT35487	0.25874
SPT35525	SPT35369	0.24221
SPT35525	SPT35370	0.25109
SPT35525	SPT35382	0.25585
SPT35525	SPT35521	0.25333
SPT35525	SPT35553	0.24201
SPT35525	SPT35532	0.25932
SPT35525	SPT35384	0.24733
SPT35525	SPT35522	0.24209
SPT35525	SPT35361	0.23989
SPT35525	SPT35342	0.23772
SPT35525	SPT35556	0.24881
SPT35525	SPT35557	0.23689
SPT35525	SPT35328	0.22922
SPT35525	SPT35592	0.24504
SPT35525	SPT35435	0.25696
SPT35525	SPT35304	0.25171
SPT35525	SPT35390	0.24423
SPT35525	SPT35436	0.24882
SPT35525	SPT35580	0.24521
SPT35525	SPT35538	0.26264
SPT35525	SPT35537	0.25326
SPT35525	SPT35320	0.25581
SPT35525	SPT35541	0.24033
SPT35525	SPT35673	0.2547
SPT35525	SPT35502	0.23441
SPT35525	SPT35330	0.26103
SPT35525	SPT35546	0.25142
SPT35525	SPT35547	0.24525
SPT35525	SPT35544	0.25068
SPT35525	SPT35362	0.24534
SPT35525	SPT35499	0.24015
SPT35525	SPT35336	0.24872
SPT35525	SPT35577	0.24384
SPT35525	SPT35325	0.23594
SPT35525	SPT35331	0.24367
SPT35525	SPT35337	0.24694
SPT35525	SPT35306	0.25502
SPT35525	SPT35407	0.24266
SPT35525	SPT35346	0.23993
SPT35525	SPT35405	0.25562
SPT35525	SPT35410	0.24234
SPT35525	SPT35575	0.24577
SPT35525	SPT35576	0.23915
SPT35525	SPT35766	0.25705
SPT35525	SPT35347	0.23901
SPT35525	SPT35412	0.24404
SPT35525	SPT35414	0.25422
SPT35525	SPT35348	0.24725
SPT35525	SPT35417	0.25271
SPT35525	SPT35571	0.25481
SPT35525	SPT35349	0.2503
SPT35525	SPT35351	0.25464
SPT35525	SPT35418	0.23611
SPT35525	SPT35419	0.23561000000000001
SPT35525	SPT35566	0.24996
SPT35525	SPT35567	0.24069
SPT35525	SPT35420	0.23991
SPT35525	SPT35423	0.2362
SPT35525	SPT35564	0.25199
SPT35525	SPT35352	0.2399
SPT35525	SPT35424	0.24857
SPT35525	SPT35357	0.2377
SPT35525	SPT35437	0.2409
SPT35525	SPT35563	0.23786
SPT35525	SPT35308	0.25396
SPT35525	SPT35425	0.24791
SPT35525	SPT35440	0.2707
SPT35525	SPT35354	0.25228
SPT35525	SPT35309	0.23756
SPT35525	SPT35310	0.23974
SPT35525	SPT35355	0.24068
SPT35525	SPT35332	0.2287
SPT35525	SPT35333	0.23892
SPT35525	SPT35561	0.24723
SPT35525	SPT35363	0.23505
SPT35525	SPT35427	0.25233
SPT35525	SPT35752	0.23699
SPT35525	SPT35430	0.24675
SPT35525	SPT35431	0.24164
SPT35525	SPT35313	0.24551
SPT35525	SPT35780	0.24396
SPT35525	SPT35315	0.23398
SPT35525	SPT35316	0.23843
SPT35525	SPT35317	0.23726
SPT35525	SPT35334	0.24505
SPT35525	SPT35543	0.24364
SPT35510	SPT35340	0.22247
SPT35510	SPT35583	0.22218
SPT35510	SPT35584	0.23761
SPT35510	SPT35585	0.2506
SPT35510	SPT35458	0.2524
SPT35510	SPT35500	0.23489
SPT35510	SPT35322	0.22915
SPT35510	SPT35377	0.22296
SPT35510	SPT35511	0.23159
SPT35510	SPT35323	0.22703
SPT35510	SPT35461	0.23554
SPT35510	SPT35462	0.23552
SPT35510	SPT35463	0.23586
SPT35510	SPT35341	0.23176
SPT35510	SPT35368	0.23136
SPT35510	SPT35378	0.23288
SPT35510	SPT35552	0.2446
SPT35510	SPT35551	0.24456
SPT35510	SPT35459	0.23807
SPT35510	SPT35474	0.23201
SPT35510	SPT35514	0.26438
SPT35510	SPT35519	0.2535
SPT35510	SPT35526	0.229
SPT35510	SPT35501	0.23329
SPT35510	SPT35681	0.22748
SPT35510	SPT35467	0.22594
SPT35510	SPT35469	0.23692
SPT35510	SPT35470	0.22656
SPT35510	SPT35468	0.25025
SPT35510	SPT35471	0.23631
SPT35510	SPT35379	0.23677
SPT35510	SPT35472	0.2168
SPT35510	SPT35529	0.2327
SPT35510	SPT35517	0.23374
SPT35510	SPT35516	0.23541
SPT35510	SPT35360	0.23285
SPT35510	SPT35515	0.23446
SPT35510	SPT35518	0.22985
SPT35510	SPT35475	0.22694
SPT35510	SPT35520	0.22358
SPT35510	SPT35324	0.22435
SPT35510	SPT35476	0.25384
SPT35510	SPT35485	0.22446
SPT35510	SPT35389	0.22319
SPT35510	SPT35487	0.23352
SPT35510	SPT35369	0.22778
SPT35510	SPT35370	0.22032
SPT35510	SPT35382	0.22777
SPT35510	SPT35521	0.25998
SPT35510	SPT35553	0.23123
SPT35510	SPT35532	0.25526
SPT35510	SPT35384	0.22968
SPT35510	SPT35522	0.22644
SPT35510	SPT35361	0.23242
SPT35510	SPT35342	0.21124
SPT35510	SPT35556	0.23865
SPT35510	SPT35557	0.24204
SPT35510	SPT35328	0.22749
SPT35510	SPT35592	0.25323
SPT35510	SPT35435	0.23727
SPT35510	SPT35304	0.23262
SPT35510	SPT35390	0.22125
SPT35510	SPT35436	0.22594
SPT35510	SPT35580	0.25381
SPT35510	SPT35538	0.25555
SPT35510	SPT35537	0.24922
SPT35510	SPT35320	0.25642
SPT35510	SPT35541	0.23594
SPT35510	SPT35673	0.29622
SPT35510	SPT35502	0.23635
SPT35510	SPT35330	0.26405
SPT35510	SPT35546	0.25271
SPT35510	SPT35547	0.23016
SPT35510	SPT35544	0.23735
SPT35510	SPT35362	0.23018
SPT35510	SPT35499	0.23576
SPT35510	SPT35336	0.23708
SPT35510	SPT35577	0.22508
SPT35510	SPT35325	0.23294
SPT35510	SPT35331	0.22069
SPT35510	SPT35337	0.23478
SPT35510	SPT35306	0.21503
SPT35510	SPT35407	0.23742
SPT35510	SPT35346	0.23387
SPT35510	SPT35405	0.25493
SPT35510	SPT35410	0.24155
SPT35510	SPT35575	0.22335
SPT35510	SPT35576	0.23353
SPT35510	SPT35766	0.24831
SPT35510	SPT35347	0.23317
SPT35510	SPT35412	0.26159
SPT35510	SPT35414	0.24578
SPT35510	SPT35348	0.22685
SPT35510	SPT35417	0.23633
SPT35510	SPT35571	0.25424
SPT35510	SPT35349	0.22285
SPT35510	SPT35351	0.2455
SPT35510	SPT35418	0.23958
SPT35510	SPT35419	0.2288
SPT35510	SPT35566	0.24996
SPT35510	SPT35567	0.22949
SPT35510	SPT35420	0.22461
SPT35510	SPT35423	0.21538
SPT35510	SPT35564	0.23216
SPT35510	SPT35352	0.23562
SPT35510	SPT35424	0.23359
SPT35510	SPT35357	0.22888
SPT35510	SPT35437	0.24167
SPT35510	SPT35563	0.2256
SPT35510	SPT35308	0.23812
SPT35510	SPT35425	0.25151
SPT35510	SPT35440	0.2604
SPT35510	SPT35354	0.23361
SPT35510	SPT35309	0.23632
SPT35510	SPT35310	0.24098
SPT35510	SPT35355	0.22515
SPT35510	SPT35332	0.22114
SPT35510	SPT35333	0.22413
SPT35510	SPT35561	0.25467
SPT35510	SPT35363	0.23119
SPT35510	SPT35427	0.26157
SPT35510	SPT35752	0.22378
SPT35510	SPT35430	0.24853
SPT35510	SPT35431	0.23718
SPT35510	SPT35313	0.22858
SPT35510	SPT35780	0.25273
SPT35510	SPT35315	0.22327
SPT35510	SPT35316	0.23459
SPT35510	SPT35317	0.23013
SPT35510	SPT35334	0.22816
SPT35510	SPT35543	0.2565
SPT35340	SPT35583	0.2256
SPT35340	SPT35584	0.23128
SPT35340	SPT35585	0.24087
SPT35340	SPT35458	0.24738
SPT35340	SPT35500	0.23098
SPT35340	SPT35322	0.22646
SPT35340	SPT35377	0.81965
SPT35340	SPT35511	0.2479
SPT35340	SPT35323	0.2301
SPT35340	SPT35461	0.2236
SPT35340	SPT35462	0.24609
SPT35340	SPT35463	0.22942
SPT35340	SPT35341	0.24205
SPT35340	SPT35368	0.24145
SPT35340	SPT35378	0.23263
SPT35340	SPT35552	0.22221
SPT35340	SPT35551	0.21855
SPT35340	SPT35459	0.23289
SPT35340	SPT35474	0.24704
SPT35340	SPT35514	0.23422
SPT35340	SPT35519	0.22555
SPT35340	SPT35526	0.24778
SPT35340	SPT35501	0.23317
SPT35340	SPT35681	0.23456
SPT35340	SPT35467	0.24681
SPT35340	SPT35469	0.24957
SPT35340	SPT35470	0.24371
SPT35340	SPT35468	0.24217
SPT35340	SPT35471	0.24034
SPT35340	SPT35379	0.23851
SPT35340	SPT35472	0.2433
SPT35340	SPT35529	0.24866
SPT35340	SPT35517	0.24079
SPT35340	SPT35516	0.24764
SPT35340	SPT35360	0.23535
SPT35340	SPT35515	0.24096
SPT35340	SPT35518	0.2356
SPT35340	SPT35475	0.24797
SPT35340	SPT35520	0.22483
SPT35340	SPT35324	0.29438
SPT35340	SPT35476	0.24196
SPT35340	SPT35485	0.24748
SPT35340	SPT35389	0.82007
SPT35340	SPT35487	0.24647
SPT35340	SPT35369	0.23018
SPT35340	SPT35370	0.23311
SPT35340	SPT35382	0.24377
SPT35340	SPT35521	0.23982
SPT35340	SPT35553	0.24276
SPT35340	SPT35532	0.24067
SPT35340	SPT35384	0.23692
SPT35340	SPT35522	0.23713
SPT35340	SPT35361	0.24347
SPT35340	SPT35342	0.22738
SPT35340	SPT35556	0.22504
SPT35340	SPT35557	0.236
SPT35340	SPT35328	0.22286
SPT35340	SPT35592	0.22646
SPT35340	SPT35435	0.24477
SPT35340	SPT35304	0.25897
SPT35340	SPT35390	0.25308
SPT35340	SPT35436	0.22841
SPT35340	SPT35580	0.22903
SPT35340	SPT35538	0.21999
SPT35340	SPT35537	0.21909
SPT35340	SPT35320	0.22641
SPT35340	SPT35541	0.23746
SPT35340	SPT35673	0.22606
SPT35340	SPT35502	0.23108
SPT35340	SPT35330	0.22435
SPT35340	SPT35546	0.22817
SPT35340	SPT35547	0.23002
SPT35340	SPT35544	0.24014
SPT35340	SPT35362	0.2354
SPT35340	SPT35499	0.22727
SPT35340	SPT35336	0.23533
SPT35340	SPT35577	0.23552
SPT35340	SPT35325	0.23494
SPT35340	SPT35331	0.2403
SPT35340	SPT35337	0.24171
SPT35340	SPT35306	0.22973
SPT35340	SPT35407	0.24486
SPT35340	SPT35346	0.22311
SPT35340	SPT35405	0.23395
SPT35340	SPT35410	0.22561
SPT35340	SPT35575	0.22391
SPT35340	SPT35576	0.23547
SPT35340	SPT35766	0.23242
SPT35340	SPT35347	0.23554
SPT35340	SPT35412	0.23362
SPT35340	SPT35414	0.25364
SPT35340	SPT35348	0.24249
SPT35340	SPT35417	0.25062
SPT35340	SPT35571	0.2147
SPT35340	SPT35349	0.23709
SPT35340	SPT35351	0.23733
SPT35340	SPT35418	0.24374
SPT35340	SPT35419	0.23513
SPT35340	SPT35566	0.24818
SPT35340	SPT35567	0.2363
SPT35340	SPT35420	0.22118
SPT35340	SPT35423	0.23253
SPT35340	SPT35564	0.2331
SPT35340	SPT35352	0.22419
SPT35340	SPT35424	0.23054
SPT35340	SPT35357	0.22654
SPT35340	SPT35437	0.23246
SPT35340	SPT35563	0.23633
SPT35340	SPT35308	0.2564
SPT35340	SPT35425	0.24272
SPT35340	SPT35440	0.2356
SPT35340	SPT35354	0.24195
SPT35340	SPT35309	0.2547
SPT35340	SPT35310	0.24913
SPT35340	SPT35355	0.24137
SPT35340	SPT35332	0.2398
SPT35340	SPT35333	0.23954
SPT35340	SPT35561	0.23106
SPT35340	SPT35363	0.22794
SPT35340	SPT35427	0.23232
SPT35340	SPT35752	0.23357
SPT35340	SPT35430	0.23633
SPT35340	SPT35431	0.23586
SPT35340	SPT35313	0.23086
SPT35340	SPT35780	0.2448
SPT35340	SPT35315	0.23372
SPT35340	SPT35316	0.22796
SPT35340	SPT35317	0.22147
SPT35340	SPT35334	0.24208
SPT35340	SPT35543	0.24184
SPT35583	SPT35584	0.23289
SPT35583	SPT35585	0.22753
SPT35583	SPT35458	0.25221
SPT35583	SPT35500	0.24018
SPT35583	SPT35322	0.22537
SPT35583	SPT35377	0.22552
SPT35583	SPT35511	0.25002
SPT35583	SPT35323	0.22609
SPT35583	SPT35461	0.24172
SPT35583	SPT35462	0.23221
SPT35583	SPT35463	0.23697
SPT35583	SPT35341	0.22467
SPT35583	SPT35368	0.22417
SPT35583	SPT35378	0.23125
SPT35583	SPT35552	0.22473
SPT35583	SPT35551	0.22225
SPT35583	SPT35459	0.24179
SPT35583	SPT35474	0.24006
SPT35583	SPT35514	0.2453
SPT35583	SPT35519	0.22933
SPT35583	SPT35526	0.25171
SPT35583	SPT35501	0.23373
SPT35583	SPT35681	0.23259
SPT35583	SPT35467	0.25197
SPT35583	SPT35469	0.25323
SPT35583	SPT35470	0.23688
SPT35583	SPT35468	0.25534
SPT35583	SPT35471	0.2472
SPT35583	SPT35379	0.21872
SPT35583	SPT35472	0.23473
SPT35583	SPT35529	0.2505
SPT35583	SPT35517	0.24189
SPT35583	SPT35516	0.25286
SPT35583	SPT35360	0.22336
SPT35583	SPT35515	0.24244
SPT35583	SPT35518	0.23393
SPT35583	SPT35475	0.25326
SPT35583	SPT35520	0.23189
SPT35583	SPT35324	0.23369
SPT35583	SPT35476	0.25194
SPT35583	SPT35485	0.23665
SPT35583	SPT35389	0.22509
SPT35583	SPT35487	0.25705
SPT35583	SPT35369	0.23456
SPT35583	SPT35370	0.22803
SPT35583	SPT35382	0.25832
SPT35583	SPT35521	0.22867
SPT35583	SPT35553	0.23953
SPT35583	SPT35532	0.24343
SPT35583	SPT35384	0.23944
SPT35583	SPT35522	0.23514
SPT35583	SPT35361	0.23871
SPT35583	SPT35342	0.22764
SPT35583	SPT35556	0.22861
SPT35583	SPT35557	0.23002
SPT35583	SPT35328	0.2365
SPT35583	SPT35592	0.23961
SPT35583	SPT35435	0.2413
SPT35583	SPT35304	0.23291
SPT35583	SPT35390	0.24319
SPT35583	SPT35436	0.23088
SPT35583	SPT35580	0.23817
SPT35583	SPT35538	0.22079
SPT35583	SPT35537	0.22113
SPT35583	SPT35320	0.23265
SPT35583	SPT35541	0.22757
SPT35583	SPT35673	0.21744
SPT35583	SPT35502	0.23057
SPT35583	SPT35330	0.22035
SPT35583	SPT35546	0.2251
SPT35583	SPT35547	0.23234
SPT35583	SPT35544	0.22587
SPT35583	SPT35362	0.23642
SPT35583	SPT35499	0.23856
SPT35583	SPT35336	0.23749
SPT35583	SPT35577	0.23702
SPT35583	SPT35325	0.2244
SPT35583	SPT35331	0.22022
SPT35583	SPT35337	0.23622
SPT35583	SPT35306	0.22704
SPT35583	SPT35407	0.22565
SPT35583	SPT35346	0.23184
SPT35583	SPT35405	0.22265
SPT35583	SPT35410	0.2368
SPT35583	SPT35575	0.22944
SPT35583	SPT35576	0.22382
SPT35583	SPT35766	0.21782
SPT35583	SPT35347	0.22362
SPT35583	SPT35412	0.21256
SPT35583	SPT35414	0.23298
SPT35583	SPT35348	0.23792
SPT35583	SPT35417	0.23801
SPT35583	SPT35571	0.21639
SPT35583	SPT35349	0.23494
SPT35583	SPT35351	0.22678
SPT35583	SPT35418	0.22548
SPT35583	SPT35419	0.23808000000000001
SPT35583	SPT35566	0.24239
SPT35583	SPT35567	0.22179
SPT35583	SPT35420	0.22791
SPT35583	SPT35423	0.22386
SPT35583	SPT35564	0.23449
SPT35583	SPT35352	0.23288
SPT35583	SPT35424	0.24125
SPT35583	SPT35357	0.22568
SPT35583	SPT35437	0.23718
SPT35583	SPT35563	0.22425
SPT35583	SPT35308	0.23419
SPT35583	SPT35425	0.23112
SPT35583	SPT35440	0.22686
SPT35583	SPT35354	0.25362
SPT35583	SPT35309	0.23107
SPT35583	SPT35310	0.23117
SPT35583	SPT35355	0.22295
SPT35583	SPT35332	0.2244
SPT35583	SPT35333	0.22908
SPT35583	SPT35561	0.23482
SPT35583	SPT35363	0.24456
SPT35583	SPT35427	0.23328
SPT35583	SPT35752	0.22852
SPT35583	SPT35430	0.24271
SPT35583	SPT35431	0.23305
SPT35583	SPT35313	0.22335
SPT35583	SPT35780	0.219
SPT35583	SPT35315	0.22878
SPT35583	SPT35316	0.22732
SPT35583	SPT35317	0.2306
SPT35583	SPT35334	0.2309
SPT35583	SPT35543	0.23841
SPT35584	SPT35585	0.2484
SPT35584	SPT35458	0.24033
SPT35584	SPT35500	0.23172
SPT35584	SPT35322	0.22382
SPT35584	SPT35377	0.23123
SPT35584	SPT35511	0.24871
SPT35584	SPT35323	0.22686
SPT35584	SPT35461	0.23691
SPT35584	SPT35462	0.24994
SPT35584	SPT35463	0.23236
SPT35584	SPT35341	0.23409
SPT35584	SPT35368	0.24005
SPT35584	SPT35378	0.23063
SPT35584	SPT35552	0.24454
SPT35584	SPT35551	0.36337
SPT35584	SPT35459	0.24414
SPT35584	SPT35474	0.24526
SPT35584	SPT35514	0.24675
SPT35584	SPT35519	0.22735
SPT35584	SPT35526	0.24777
SPT35584	SPT35501	0.22422
SPT35584	SPT35681	0.22762
SPT35584	SPT35467	0.24781
SPT35584	SPT35469	0.24352
SPT35584	SPT35470	0.23413
SPT35584	SPT35468	0.22974
SPT35584	SPT35471	0.23477
SPT35584	SPT35379	0.2308
SPT35584	SPT35472	0.2359
SPT35584	SPT35529	0.25001
SPT35584	SPT35517	0.23828
SPT35584	SPT35516	0.24113
SPT35584	SPT35360	0.23348
SPT35584	SPT35515	0.23286
SPT35584	SPT35518	0.23356
SPT35584	SPT35475	0.24642
SPT35584	SPT35520	0.22741
SPT35584	SPT35324	0.22919
SPT35584	SPT35476	0.23752
SPT35584	SPT35485	0.23583
SPT35584	SPT35389	0.23079
SPT35584	SPT35487	0.23612
SPT35584	SPT35369	0.2294
SPT35584	SPT35370	0.23469
SPT35584	SPT35382	0.24318
SPT35584	SPT35521	0.23991
SPT35584	SPT35553	0.23728
SPT35584	SPT35532	0.24069
SPT35584	SPT35384	0.24182
SPT35584	SPT35522	0.24312
SPT35584	SPT35361	0.23275
SPT35584	SPT35342	0.23319
SPT35584	SPT35556	0.23043
SPT35584	SPT35557	0.23129
SPT35584	SPT35328	0.21463
SPT35584	SPT35592	0.23737
SPT35584	SPT35435	0.24001
SPT35584	SPT35304	0.22952
SPT35584	SPT35390	0.22307
SPT35584	SPT35436	0.23826
SPT35584	SPT35580	0.24678
SPT35584	SPT35538	0.23244
SPT35584	SPT35537	0.23487
SPT35584	SPT35320	0.23842
SPT35584	SPT35541	0.2563
SPT35584	SPT35673	0.2384
SPT35584	SPT35502	0.23125
SPT35584	SPT35330	0.23159
SPT35584	SPT35546	0.72905
SPT35584	SPT35547	0.80284
SPT35584	SPT35544	0.24158
SPT35584	SPT35362	0.22758
SPT35584	SPT35499	0.22844
SPT35584	SPT35336	0.2466
SPT35584	SPT35577	0.45052
SPT35584	SPT35325	0.2348
SPT35584	SPT35331	0.22646
SPT35584	SPT35337	0.24448
SPT35584	SPT35306	0.2267
SPT35584	SPT35407	0.24724
SPT35584	SPT35346	0.23869
SPT35584	SPT35405	0.24481
SPT35584	SPT35410	0.2367
SPT35584	SPT35575	0.23275
SPT35584	SPT35576	0.23678
SPT35584	SPT35766	0.23746
SPT35584	SPT35347	0.23333
SPT35584	SPT35412	0.2365
SPT35584	SPT35414	0.23321
SPT35584	SPT35348	0.24213
SPT35584	SPT35417	0.23357
SPT35584	SPT35571	0.36262
SPT35584	SPT35349	0.23438
SPT35584	SPT35351	0.22997
SPT35584	SPT35418	0.24082
SPT35584	SPT35419	0.24712
SPT35584	SPT35566	0.2408
SPT35584	SPT35567	0.23251
SPT35584	SPT35420	0.2164
SPT35584	SPT35423	0.23015
SPT35584	SPT35564	0.23114
SPT35584	SPT35352	0.23254
SPT35584	SPT35424	0.24122
SPT35584	SPT35357	0.2234
SPT35584	SPT35437	0.23195
SPT35584	SPT35563	0.23315
SPT35584	SPT35308	0.23273
SPT35584	SPT35425	0.23825
SPT35584	SPT35440	0.24455
SPT35584	SPT35354	0.23738
SPT35584	SPT35309	0.22955
SPT35584	SPT35310	0.23193
SPT35584	SPT35355	0.22257
SPT35584	SPT35332	0.23407
SPT35584	SPT35333	0.22949
SPT35584	SPT35561	0.24116
SPT35584	SPT35363	0.23344
SPT35584	SPT35427	0.22694
SPT35584	SPT35752	0.24331
SPT35584	SPT35430	0.2404
SPT35584	SPT35431	0.25536
SPT35584	SPT35313	0.22798
SPT35584	SPT35780	0.22786
SPT35584	SPT35315	0.22362
SPT35584	SPT35316	0.23487
SPT35584	SPT35317	0.21455
SPT35584	SPT35334	0.24588
SPT35584	SPT35543	0.24009
SPT35585	SPT35458	0.25127
SPT35585	SPT35500	0.23927
SPT35585	SPT35322	0.24758
SPT35585	SPT35377	0.24055
SPT35585	SPT35511	0.24041
SPT35585	SPT35323	0.26874
SPT35585	SPT35461	0.23001
SPT35585	SPT35462	0.50796
SPT35585	SPT35463	0.25504
SPT35585	SPT35341	0.28945
SPT35585	SPT35368	0.2419
SPT35585	SPT35378	0.24666
SPT35585	SPT35552	0.24927
SPT35585	SPT35551	0.24831
SPT35585	SPT35459	0.24576
SPT35585	SPT35474	0.51657
SPT35585	SPT35514	0.25491
SPT35585	SPT35519	0.23891
SPT35585	SPT35526	0.24182
SPT35585	SPT35501	0.2272
SPT35585	SPT35681	0.23797
SPT35585	SPT35467	0.23995
SPT35585	SPT35469	0.24953
SPT35585	SPT35470	0.54431
SPT35585	SPT35468	0.24681
SPT35585	SPT35471	0.25554
SPT35585	SPT35379	0.25766
SPT35585	SPT35472	0.24485
SPT35585	SPT35529	0.24223
SPT35585	SPT35517	0.25355
SPT35585	SPT35516	0.2557
SPT35585	SPT35360	0.35048
SPT35585	SPT35515	0.25264
SPT35585	SPT35518	0.22898
SPT35585	SPT35475	0.24023
SPT35585	SPT35520	0.24277
SPT35585	SPT35324	0.23865
SPT35585	SPT35476	0.25169
SPT35585	SPT35485	0.23636
SPT35585	SPT35389	0.24046
SPT35585	SPT35487	0.24635
SPT35585	SPT35369	0.26858
SPT35585	SPT35370	0.28911
SPT35585	SPT35382	0.24253
SPT35585	SPT35521	0.24338
SPT35585	SPT35553	0.23885
SPT35585	SPT35532	0.25968
SPT35585	SPT35384	0.24982
SPT35585	SPT35522	0.33415
SPT35585	SPT35361	0.24838
SPT35585	SPT35342	0.24788
SPT35585	SPT35556	0.2526
SPT35585	SPT35557	0.24245
SPT35585	SPT35328	0.2405
SPT35585	SPT35592	0.24752
SPT35585	SPT35435	0.25599
SPT35585	SPT35304	0.24341
SPT35585	SPT35390	0.31508
SPT35585	SPT35436	0.24888
SPT35585	SPT35580	0.24115
SPT35585	SPT35538	0.2363
SPT35585	SPT35537	0.22942
SPT35585	SPT35320	0.29534
SPT35585	SPT35541	0.24533
SPT35585	SPT35673	0.23838
SPT35585	SPT35502	0.24435
SPT35585	SPT35330	0.27586
SPT35585	SPT35546	0.24352
SPT35585	SPT35547	0.24429
SPT35585	SPT35544	0.2465
SPT35585	SPT35362	0.23431
SPT35585	SPT35499	0.23674
SPT35585	SPT35336	0.25389
SPT35585	SPT35577	0.24872
SPT35585	SPT35325	0.23135
SPT35585	SPT35331	0.25403
SPT35585	SPT35337	0.29755
SPT35585	SPT35306	0.24161
SPT35585	SPT35407	0.61922
SPT35585	SPT35346	0.26248
SPT35585	SPT35405	0.58906
SPT35585	SPT35410	0.24804
SPT35585	SPT35575	0.2254
SPT35585	SPT35576	0.50946
SPT35585	SPT35766	0.25317
SPT35585	SPT35347	0.35082
SPT35585	SPT35412	0.24794
SPT35585	SPT35414	0.2532
SPT35585	SPT35348	0.27094
SPT35585	SPT35417	0.24961
SPT35585	SPT35571	0.24634
SPT35585	SPT35349	0.2447
SPT35585	SPT35351	0.24332
SPT35585	SPT35418	0.24797
SPT35585	SPT35419	0.49661
SPT35585	SPT35566	0.36473
SPT35585	SPT35567	0.2315
SPT35585	SPT35420	0.22496
SPT35585	SPT35423	0.23979
SPT35585	SPT35564	0.24002
SPT35585	SPT35352	0.25935
SPT35585	SPT35424	0.23084
SPT35585	SPT35357	0.24714
SPT35585	SPT35437	0.23779
SPT35585	SPT35563	0.233
SPT35585	SPT35308	0.24508
SPT35585	SPT35425	0.25122
SPT35585	SPT35440	0.24936
SPT35585	SPT35354	0.25888
SPT35585	SPT35309	0.24436
SPT35585	SPT35310	0.24232
SPT35585	SPT35355	0.24854
SPT35585	SPT35332	0.23073
SPT35585	SPT35333	0.23418
SPT35585	SPT35561	0.25391
SPT35585	SPT35363	0.24163
SPT35585	SPT35427	0.24811
SPT35585	SPT35752	0.23562
SPT35585	SPT35430	0.23972
SPT35585	SPT35431	0.2409
SPT35585	SPT35313	0.26774
SPT35585	SPT35780	0.2437
SPT35585	SPT35315	0.25159
SPT35585	SPT35316	0.24591
SPT35585	SPT35317	0.30252
SPT35585	SPT35334	0.28798
SPT35585	SPT35543	0.25304
SPT35458	SPT35500	0.25198
SPT35458	SPT35322	0.26382
SPT35458	SPT35377	0.24824
SPT35458	SPT35511	0.25878
SPT35458	SPT35323	0.24737
SPT35458	SPT35461	0.41767
SPT35458	SPT35462	0.24646
SPT35458	SPT35463	0.25201
SPT35458	SPT35341	0.26445
SPT35458	SPT35368	0.2491
SPT35458	SPT35378	0.26186
SPT35458	SPT35552	0.2313
SPT35458	SPT35551	0.24727
SPT35458	SPT35459	0.45796
SPT35458	SPT35474	0.25214
SPT35458	SPT35514	0.2517
SPT35458	SPT35519	0.23923
SPT35458	SPT35526	0.25961
SPT35458	SPT35501	0.23478
SPT35458	SPT35681	0.2332
SPT35458	SPT35467	0.25762
SPT35458	SPT35469	0.25352
SPT35458	SPT35470	0.24612
SPT35458	SPT35468	0.24401
SPT35458	SPT35471	0.24245
SPT35458	SPT35379	0.24845
SPT35458	SPT35472	0.24093
SPT35458	SPT35529	0.2568
SPT35458	SPT35517	0.25222
SPT35458	SPT35516	0.24595
SPT35458	SPT35360	0.25346
SPT35458	SPT35515	0.24006
SPT35458	SPT35518	0.25291
SPT35458	SPT35475	0.25885
SPT35458	SPT35520	0.25734
SPT35458	SPT35324	0.25118
SPT35458	SPT35476	0.24794
SPT35458	SPT35485	0.26479
SPT35458	SPT35389	0.24816
SPT35458	SPT35487	0.25277
SPT35458	SPT35369	0.24566
SPT35458	SPT35370	0.24715
SPT35458	SPT35382	0.24966
SPT35458	SPT35521	0.25923
SPT35458	SPT35553	0.24911
SPT35458	SPT35532	0.24554
SPT35458	SPT35384	0.25677
SPT35458	SPT35522	0.25494
SPT35458	SPT35361	0.2407
SPT35458	SPT35342	0.2381
SPT35458	SPT35556	0.242
SPT35458	SPT35557	0.25429
SPT35458	SPT35328	0.23905
SPT35458	SPT35592	0.24395
SPT35458	SPT35435	0.24408
SPT35458	SPT35304	0.26265
SPT35458	SPT35390	0.24521
SPT35458	SPT35436	0.24345
SPT35458	SPT35580	0.25706
SPT35458	SPT35538	0.24846
SPT35458	SPT35537	0.24799
SPT35458	SPT35320	0.23234
SPT35458	SPT35541	0.22957
SPT35458	SPT35673	0.24036
SPT35458	SPT35502	0.24676
SPT35458	SPT35330	0.24318
SPT35458	SPT35546	0.2414
SPT35458	SPT35547	0.24259
SPT35458	SPT35544	0.25515
SPT35458	SPT35362	0.24096
SPT35458	SPT35499	0.23981
SPT35458	SPT35336	0.25793
SPT35458	SPT35577	0.23637
SPT35458	SPT35325	0.23393
SPT35458	SPT35331	0.25029
SPT35458	SPT35337	0.24845
SPT35458	SPT35306	0.23758
SPT35458	SPT35407	0.25453
SPT35458	SPT35346	0.25041
SPT35458	SPT35405	0.24489
SPT35458	SPT35410	0.24063
SPT35458	SPT35575	0.2528
SPT35458	SPT35576	0.25173
SPT35458	SPT35766	0.24286
SPT35458	SPT35347	0.25328
SPT35458	SPT35412	0.24377
SPT35458	SPT35414	0.2556
SPT35458	SPT35348	0.24451
SPT35458	SPT35417	0.25605
SPT35458	SPT35571	0.25227
SPT35458	SPT35349	0.24637
SPT35458	SPT35351	0.24823
SPT35458	SPT35418	0.24485
SPT35458	SPT35419	0.243
SPT35458	SPT35566	0.25932
SPT35458	SPT35567	0.2461
SPT35458	SPT35420	0.24784
SPT35458	SPT35423	0.2391
SPT35458	SPT35564	0.2453
SPT35458	SPT35352	0.23758
SPT35458	SPT35424	0.25135
SPT35458	SPT35357	0.26417
SPT35458	SPT35437	0.2358
SPT35458	SPT35563	0.24924
SPT35458	SPT35308	0.26209
SPT35458	SPT35425	0.23905
SPT35458	SPT35440	0.24974
SPT35458	SPT35354	0.25295
SPT35458	SPT35309	0.2557
SPT35458	SPT35310	0.25339
SPT35458	SPT35355	0.24556
SPT35458	SPT35332	0.24095
SPT35458	SPT35333	0.25168
SPT35458	SPT35561	0.25073
SPT35458	SPT35363	0.26073
SPT35458	SPT35427	0.24276
SPT35458	SPT35752	0.23992
SPT35458	SPT35430	0.25324
SPT35458	SPT35431	0.25543
SPT35458	SPT35313	0.24484
SPT35458	SPT35780	0.25135
SPT35458	SPT35315	0.26232
SPT35458	SPT35316	0.24523
SPT35458	SPT35317	0.25014
SPT35458	SPT35334	0.25015
SPT35458	SPT35543	0.24354
SPT35500	SPT35322	0.2357
SPT35500	SPT35377	0.23105
SPT35500	SPT35511	0.24881
SPT35500	SPT35323	0.23286
SPT35500	SPT35461	0.22916
SPT35500	SPT35462	0.23437
SPT35500	SPT35463	0.24327
SPT35500	SPT35341	0.25113
SPT35500	SPT35368	0.24826
SPT35500	SPT35378	0.23593
SPT35500	SPT35552	0.23984
SPT35500	SPT35551	0.24125
SPT35500	SPT35459	0.24531
SPT35500	SPT35474	0.23979
SPT35500	SPT35514	0.23752
SPT35500	SPT35519	0.22791
SPT35500	SPT35526	0.25089
SPT35500	SPT35501	0.42886
SPT35500	SPT35681	0.23537
SPT35500	SPT35467	0.25074
SPT35500	SPT35469	0.24564
SPT35500	SPT35470	0.23417
SPT35500	SPT35468	0.23619
SPT35500	SPT35471	0.24039
SPT35500	SPT35379	0.24285
SPT35500	SPT35472	0.24644
SPT35500	SPT35529	0.25202
SPT35500	SPT35517	0.2459
SPT35500	SPT35516	0.24543
SPT35500	SPT35360	0.2386
SPT35500	SPT35515	0.2366
SPT35500	SPT35518	0.23768
SPT35500	SPT35475	0.24946
SPT35500	SPT35520	0.22453
SPT35500	SPT35324	0.22827
SPT35500	SPT35476	0.24661
SPT35500	SPT35485	0.23352
SPT35500	SPT35389	0.23132
SPT35500	SPT35487	0.2442
SPT35500	SPT35369	0.23943
SPT35500	SPT35370	0.2373
SPT35500	SPT35382	0.23647
SPT35500	SPT35521	0.23411
SPT35500	SPT35553	0.24021
SPT35500	SPT35532	0.24823
SPT35500	SPT35384	0.24088
SPT35500	SPT35522	0.22695
SPT35500	SPT35361	0.23772
SPT35500	SPT35342	0.23267
SPT35500	SPT35556	0.24027
SPT35500	SPT35557	0.24295
SPT35500	SPT35328	0.22509
SPT35500	SPT35592	0.22891
SPT35500	SPT35435	0.24743
SPT35500	SPT35304	0.22946
SPT35500	SPT35390	0.22798
SPT35500	SPT35436	0.23254
SPT35500	SPT35580	0.23639
SPT35500	SPT35538	0.2383
SPT35500	SPT35537	0.23805
SPT35500	SPT35320	0.23937
SPT35500	SPT35541	0.24559
SPT35500	SPT35673	0.22871
SPT35500	SPT35502	0.2279
SPT35500	SPT35330	0.23386
SPT35500	SPT35546	0.22841
SPT35500	SPT35547	0.23207
SPT35500	SPT35544	0.23842
SPT35500	SPT35362	0.24782
SPT35500	SPT35499	0.49386
SPT35500	SPT35336	0.2384
SPT35500	SPT35577	0.23023
SPT35500	SPT35325	0.22785
SPT35500	SPT35331	0.24342
SPT35500	SPT35337	0.2402
SPT35500	SPT35306	0.22816
SPT35500	SPT35407	0.23806
SPT35500	SPT35346	0.23785
SPT35500	SPT35405	0.2383
SPT35500	SPT35410	0.23569
SPT35500	SPT35575	0.23343
SPT35500	SPT35576	0.2259
SPT35500	SPT35766	0.2326
SPT35500	SPT35347	0.23886
SPT35500	SPT35412	0.2285
SPT35500	SPT35414	0.2386
SPT35500	SPT35348	0.23636
SPT35500	SPT35417	0.23699
SPT35500	SPT35571	0.23499
SPT35500	SPT35349	0.23552
SPT35500	SPT35351	0.22368
SPT35500	SPT35418	0.22402
SPT35500	SPT35419	0.23832
SPT35500	SPT35566	0.24051
SPT35500	SPT35567	0.22225
SPT35500	SPT35420	0.23175
SPT35500	SPT35423	0.23552
SPT35500	SPT35564	0.23829
SPT35500	SPT35352	0.22998
SPT35500	SPT35424	0.23338
SPT35500	SPT35357	0.23617
SPT35500	SPT35437	0.23842
SPT35500	SPT35563	0.22059
SPT35500	SPT35308	0.22597
SPT35500	SPT35425	0.23598
SPT35500	SPT35440	0.24098
SPT35500	SPT35354	0.23478
SPT35500	SPT35309	0.22851
SPT35500	SPT35310	0.22999
SPT35500	SPT35355	0.24083
SPT35500	SPT35332	0.22451
SPT35500	SPT35333	0.22996
SPT35500	SPT35561	0.23081
SPT35500	SPT35363	0.23768
SPT35500	SPT35427	0.23679
SPT35500	SPT35752	0.24172
SPT35500	SPT35430	0.2354
SPT35500	SPT35431	0.23967
SPT35500	SPT35313	0.23333
SPT35500	SPT35780	0.23773
SPT35500	SPT35315	0.24192
SPT35500	SPT35316	0.23245
SPT35500	SPT35317	0.22819
SPT35500	SPT35334	0.23564
SPT35500	SPT35543	0.2405
SPT35322	SPT35377	0.22646
SPT35322	SPT35511	0.23848
SPT35322	SPT35323	0.27715
SPT35322	SPT35461	0.24745
SPT35322	SPT35462	0.24409
SPT35322	SPT35463	0.23844
SPT35322	SPT35341	0.24503
SPT35322	SPT35368	0.24783
SPT35322	SPT35378	0.266
SPT35322	SPT35552	0.23651
SPT35322	SPT35551	0.23625
SPT35322	SPT35459	0.25175
SPT35322	SPT35474	0.2469
SPT35322	SPT35514	0.23761
SPT35322	SPT35519	0.23191
SPT35322	SPT35526	0.2391
SPT35322	SPT35501	0.22195
SPT35322	SPT35681	0.23961
SPT35322	SPT35467	0.2378
SPT35322	SPT35469	0.23263
SPT35322	SPT35470	0.24403
SPT35322	SPT35468	0.23152
SPT35322	SPT35471	0.23104
SPT35322	SPT35379	0.24234
SPT35322	SPT35472	0.23036
SPT35322	SPT35529	0.23775
SPT35322	SPT35517	0.22293
SPT35322	SPT35516	0.22714
SPT35322	SPT35360	0.24841
SPT35322	SPT35515	0.22716
SPT35322	SPT35518	0.23634
SPT35322	SPT35475	0.23826
SPT35322	SPT35520	0.22518
SPT35322	SPT35324	0.23754
SPT35322	SPT35476	0.23117
SPT35322	SPT35485	0.23038
SPT35322	SPT35389	0.22677
SPT35322	SPT35487	0.22297
SPT35322	SPT35369	0.23179
SPT35322	SPT35370	0.23746
SPT35322	SPT35382	0.23673
SPT35322	SPT35521	0.22556
SPT35322	SPT35553	0.23801
SPT35322	SPT35532	0.22888
SPT35322	SPT35384	0.24181
SPT35322	SPT35522	0.24643
SPT35322	SPT35361	0.25884
SPT35322	SPT35342	0.23722
SPT35322	SPT35556	0.22449
SPT35322	SPT35557	0.22425
SPT35322	SPT35328	0.25496
SPT35322	SPT35592	0.22662
SPT35322	SPT35435	0.22858
SPT35322	SPT35304	0.23349
SPT35322	SPT35390	0.23368
SPT35322	SPT35436	0.2451
SPT35322	SPT35580	0.22522
SPT35322	SPT35538	0.22552
SPT35322	SPT35537	0.22528
SPT35322	SPT35320	0.23425
SPT35322	SPT35541	0.21921
SPT35322	SPT35673	0.2239
SPT35322	SPT35502	0.22124
SPT35322	SPT35330	0.26306
SPT35322	SPT35546	0.22279
SPT35322	SPT35547	0.22726
SPT35322	SPT35544	0.23902
SPT35322	SPT35362	0.25261
SPT35322	SPT35499	0.2371
SPT35322	SPT35336	0.23916
SPT35322	SPT35577	0.23223
SPT35322	SPT35325	0.22732
SPT35322	SPT35331	0.25129
SPT35322	SPT35337	0.25679
SPT35322	SPT35306	0.27134
SPT35322	SPT35407	0.24936
SPT35322	SPT35346	0.33262
SPT35322	SPT35405	0.2465
SPT35322	SPT35410	0.24357
SPT35322	SPT35575	0.2325
SPT35322	SPT35576	0.24775
SPT35322	SPT35766	0.22773
SPT35322	SPT35347	0.24914
SPT35322	SPT35412	0.23015
SPT35322	SPT35414	0.23379
SPT35322	SPT35348	0.22653
SPT35322	SPT35417	0.23395
SPT35322	SPT35571	0.23969
SPT35322	SPT35349	0.24615
SPT35322	SPT35351	0.23545
SPT35322	SPT35418	0.30397
SPT35322	SPT35419	0.23787
SPT35322	SPT35566	0.24218
SPT35322	SPT35567	0.22662
SPT35322	SPT35420	0.22085
SPT35322	SPT35423	0.22807
SPT35322	SPT35564	0.22267
SPT35322	SPT35352	0.22939
SPT35322	SPT35424	0.2308
SPT35322	SPT35357	0.82333
SPT35322	SPT35437	0.23177
SPT35322	SPT35563	0.23119
SPT35322	SPT35308	0.23501
SPT35322	SPT35425	0.21076
SPT35322	SPT35440	0.23258
SPT35322	SPT35354	0.22867
SPT35322	SPT35309	0.23517
SPT35322	SPT35310	0.23388
SPT35322	SPT35355	0.30916
SPT35322	SPT35332	0.23153
SPT35322	SPT35333	0.23131
SPT35322	SPT35561	0.22717
SPT35322	SPT35363	0.23236
SPT35322	SPT35427	0.23637
SPT35322	SPT35752	0.23344
SPT35322	SPT35430	0.23443
SPT35322	SPT35431	0.2324
SPT35322	SPT35313	0.27543
SPT35322	SPT35780	0.23965
SPT35322	SPT35315	0.24086
SPT35322	SPT35316	0.24684
SPT35322	SPT35317	0.2652
SPT35322	SPT35334	0.25438
SPT35322	SPT35543	0.23657
SPT35377	SPT35511	0.24743
SPT35377	SPT35323	0.23064
SPT35377	SPT35461	0.22355
SPT35377	SPT35462	0.245
SPT35377	SPT35463	0.22835
SPT35377	SPT35341	0.24283
SPT35377	SPT35368	0.24243
SPT35377	SPT35378	0.23249
SPT35377	SPT35552	0.22182
SPT35377	SPT35551	0.21818
SPT35377	SPT35459	0.23267
SPT35377	SPT35474	0.24661
SPT35377	SPT35514	0.23376
SPT35377	SPT35519	0.22475
SPT35377	SPT35526	0.24731
SPT35377	SPT35501	0.23313
SPT35377	SPT35681	0.23437
SPT35377	SPT35467	0.24634
SPT35377	SPT35469	0.24929
SPT35377	SPT35470	0.24408
SPT35377	SPT35468	0.24173
SPT35377	SPT35471	0.24058
SPT35377	SPT35379	0.23828
SPT35377	SPT35472	0.24245
SPT35377	SPT35529	0.24818
SPT35377	SPT35517	0.24049
SPT35377	SPT35516	0.24757
SPT35377	SPT35360	0.23627
SPT35377	SPT35515	0.24088
SPT35377	SPT35518	0.23525
SPT35377	SPT35475	0.24787
SPT35377	SPT35520	0.22577
SPT35377	SPT35324	0.29361
SPT35377	SPT35476	0.2415
SPT35377	SPT35485	0.24767
SPT35377	SPT35389	0.82229
SPT35377	SPT35487	0.24672
SPT35377	SPT35369	0.23042
SPT35377	SPT35370	0.23328
SPT35377	SPT35382	0.24353
SPT35377	SPT35521	0.2392
SPT35377	SPT35553	0.24196
SPT35377	SPT35532	0.24022
SPT35377	SPT35384	0.23592
SPT35377	SPT35522	0.23688
SPT35377	SPT35361	0.24479
SPT35377	SPT35342	0.22741
SPT35377	SPT35556	0.22466
SPT35377	SPT35557	0.23649
SPT35377	SPT35328	0.22269
SPT35377	SPT35592	0.22613
SPT35377	SPT35435	0.2452
SPT35377	SPT35304	0.25854
SPT35377	SPT35390	0.25318
SPT35377	SPT35436	0.22845
SPT35377	SPT35580	0.22912
SPT35377	SPT35538	0.21969
SPT35377	SPT35537	0.21879
SPT35377	SPT35320	0.22603
SPT35377	SPT35541	0.2371
SPT35377	SPT35673	0.22613
SPT35377	SPT35502	0.22993
SPT35377	SPT35330	0.22398
SPT35377	SPT35546	0.22774
SPT35377	SPT35547	0.23035
SPT35377	SPT35544	0.23991
SPT35377	SPT35362	0.23505
SPT35377	SPT35499	0.22769
SPT35377	SPT35336	0.23433
SPT35377	SPT35577	0.23461
SPT35377	SPT35325	0.23425
SPT35377	SPT35331	0.24007
SPT35377	SPT35337	0.24099
SPT35377	SPT35306	0.22931000000000001
SPT35377	SPT35407	0.24411
SPT35377	SPT35346	0.22316
SPT35377	SPT35405	0.23306
SPT35377	SPT35410	0.22493
SPT35377	SPT35575	0.22395
SPT35377	SPT35576	0.23553
SPT35377	SPT35766	0.23132
SPT35377	SPT35347	0.23645
SPT35377	SPT35412	0.23356
SPT35377	SPT35414	0.25241
SPT35377	SPT35348	0.24267
SPT35377	SPT35417	0.2494
SPT35377	SPT35571	0.21469
SPT35377	SPT35349	0.23761
SPT35377	SPT35351	0.23652
SPT35377	SPT35418	0.24379
SPT35377	SPT35419	0.23523
SPT35377	SPT35566	0.24773
SPT35377	SPT35567	0.23521
SPT35377	SPT35420	0.22122
SPT35377	SPT35423	0.23303
SPT35377	SPT35564	0.23279
SPT35377	SPT35352	0.22435
SPT35377	SPT35424	0.23092
SPT35377	SPT35357	0.22653
SPT35377	SPT35437	0.23281
SPT35377	SPT35563	0.23492
SPT35377	SPT35308	0.25605
SPT35377	SPT35425	0.24252
SPT35377	SPT35440	0.23519
SPT35377	SPT35354	0.24338
SPT35377	SPT35309	0.25439
SPT35377	SPT35310	0.24882
SPT35377	SPT35355	0.24028
SPT35377	SPT35332	0.23961
SPT35377	SPT35333	0.24088
SPT35377	SPT35561	0.23164
SPT35377	SPT35363	0.22898
SPT35377	SPT35427	0.23119
SPT35377	SPT35752	0.23286
SPT35377	SPT35430	0.23632
SPT35377	SPT35431	0.23508
SPT35377	SPT35313	0.23067
SPT35377	SPT35780	0.24378
SPT35377	SPT35315	0.23352
SPT35377	SPT35316	0.22838
SPT35377	SPT35317	0.22244
SPT35377	SPT35334	0.24258
SPT35377	SPT35543	0.24141
SPT35511	SPT35323	0.24048
SPT35511	SPT35461	0.24217
SPT35511	SPT35462	0.24858
SPT35511	SPT35463	0.24501
SPT35511	SPT35341	0.24494
SPT35511	SPT35368	0.25561
SPT35511	SPT35378	0.23736
SPT35511	SPT35552	0.23717
SPT35511	SPT35551	0.25078
SPT35511	SPT35459	0.24966
SPT35511	SPT35474	0.24645
SPT35511	SPT35514	0.24844
SPT35511	SPT35519	0.24388
SPT35511	SPT35526	0.78484
SPT35511	SPT35501	0.23598
SPT35511	SPT35681	0.2344
SPT35511	SPT35467	0.78857
SPT35511	SPT35469	0.25086
SPT35511	SPT35470	0.24413
SPT35511	SPT35468	0.24657
SPT35511	SPT35471	0.25132
SPT35511	SPT35379	0.25195
SPT35511	SPT35472	0.23769
SPT35511	SPT35529	0.78136
SPT35511	SPT35517	0.24615
SPT35511	SPT35516	0.24881
SPT35511	SPT35360	0.24062
SPT35511	SPT35515	0.25436
SPT35511	SPT35518	0.23011
SPT35511	SPT35475	0.78561
SPT35511	SPT35520	0.23706
SPT35511	SPT35324	0.23702
SPT35511	SPT35476	0.24961
SPT35511	SPT35485	0.23578
SPT35511	SPT35389	0.24734
SPT35511	SPT35487	0.26072
SPT35511	SPT35369	0.24152
SPT35511	SPT35370	0.25211
SPT35511	SPT35382	0.25814
SPT35511	SPT35521	0.25076
SPT35511	SPT35553	0.24451
SPT35511	SPT35532	0.25607
SPT35511	SPT35384	0.24641
SPT35511	SPT35522	0.24226
SPT35511	SPT35361	0.24337
SPT35511	SPT35342	0.23598
SPT35511	SPT35556	0.24513
SPT35511	SPT35557	0.2377
SPT35511	SPT35328	0.22701
SPT35511	SPT35592	0.24282
SPT35511	SPT35435	0.25768
SPT35511	SPT35304	0.25268
SPT35511	SPT35390	0.24905
SPT35511	SPT35436	0.245
SPT35511	SPT35580	0.23866
SPT35511	SPT35538	0.25659
SPT35511	SPT35537	0.25033
SPT35511	SPT35320	0.24531
SPT35511	SPT35541	0.2308
SPT35511	SPT35673	0.24081
SPT35511	SPT35502	0.23526
SPT35511	SPT35330	0.25217
SPT35511	SPT35546	0.24516
SPT35511	SPT35547	0.24601
SPT35511	SPT35544	0.24348
SPT35511	SPT35362	0.24692
SPT35511	SPT35499	0.23713
SPT35511	SPT35336	0.24582
SPT35511	SPT35577	0.24301
SPT35511	SPT35325	0.23178
SPT35511	SPT35331	0.24715
SPT35511	SPT35337	0.25391
SPT35511	SPT35306	0.25573
SPT35511	SPT35407	0.24177
SPT35511	SPT35346	0.24167
SPT35511	SPT35405	0.2489
SPT35511	SPT35410	0.2392
SPT35511	SPT35575	0.2504
SPT35511	SPT35576	0.24144
SPT35511	SPT35766	0.2479
SPT35511	SPT35347	0.24135
SPT35511	SPT35412	0.23722
SPT35511	SPT35414	0.2486
SPT35511	SPT35348	0.24684
SPT35511	SPT35417	0.25012
SPT35511	SPT35571	0.24861
SPT35511	SPT35349	0.25366
SPT35511	SPT35351	0.24954
SPT35511	SPT35418	0.23528
SPT35511	SPT35419	0.23356
SPT35511	SPT35566	0.24776
SPT35511	SPT35567	0.24013
SPT35511	SPT35420	0.23986
SPT35511	SPT35423	0.23558
SPT35511	SPT35564	0.24896
SPT35511	SPT35352	0.24203
SPT35511	SPT35424	0.2523
SPT35511	SPT35357	0.23805
SPT35511	SPT35437	0.23676
SPT35511	SPT35563	0.23713
SPT35511	SPT35308	0.25149
SPT35511	SPT35425	0.24072
SPT35511	SPT35440	0.25613
SPT35511	SPT35354	0.2536
SPT35511	SPT35309	0.23489
SPT35511	SPT35310	0.23359
SPT35511	SPT35355	0.24367
SPT35511	SPT35332	0.23032
SPT35511	SPT35333	0.2377
SPT35511	SPT35561	0.24396
SPT35511	SPT35363	0.23637
SPT35511	SPT35427	0.24046
SPT35511	SPT35752	0.2387
SPT35511	SPT35430	0.2439
SPT35511	SPT35431	0.23999
SPT35511	SPT35313	0.24233
SPT35511	SPT35780	0.24063
SPT35511	SPT35315	0.23583
SPT35511	SPT35316	0.24013
SPT35511	SPT35317	0.23675
SPT35511	SPT35334	0.25188
SPT35511	SPT35543	0.23289
SPT35323	SPT35461	0.23051
SPT35323	SPT35462	0.24751
SPT35323	SPT35463	0.23894
SPT35323	SPT35341	0.24235
SPT35323	SPT35368	0.24793
SPT35323	SPT35378	0.24041
SPT35323	SPT35552	0.24418
SPT35323	SPT35551	0.23681
SPT35323	SPT35459	0.23751
SPT35323	SPT35474	0.25657
SPT35323	SPT35514	0.23405
SPT35323	SPT35519	0.22954
SPT35323	SPT35526	0.24215
SPT35323	SPT35501	0.22944
SPT35323	SPT35681	0.2334
SPT35323	SPT35467	0.24216
SPT35323	SPT35469	0.22581
SPT35323	SPT35470	0.25111
SPT35323	SPT35468	0.22871
SPT35323	SPT35471	0.2342
SPT35323	SPT35379	0.2457
SPT35323	SPT35472	0.23268
SPT35323	SPT35529	0.24279
SPT35323	SPT35517	0.22744
SPT35323	SPT35516	0.23823
SPT35323	SPT35360	0.24418
SPT35323	SPT35515	0.23689
SPT35323	SPT35518	0.24327
SPT35323	SPT35475	0.242
SPT35323	SPT35520	0.23535
SPT35323	SPT35324	0.23975
SPT35323	SPT35476	0.23056
SPT35323	SPT35485	0.22665
SPT35323	SPT35389	0.22972
SPT35323	SPT35487	0.227
SPT35323	SPT35369	0.25076
SPT35323	SPT35370	0.23769
SPT35323	SPT35382	0.2297
SPT35323	SPT35521	0.22035
SPT35323	SPT35553	0.23937
SPT35323	SPT35532	0.23571
SPT35323	SPT35384	0.23772
SPT35323	SPT35522	0.24077
SPT35323	SPT35361	0.2357
SPT35323	SPT35342	0.24905
SPT35323	SPT35556	0.24067
SPT35323	SPT35557	0.23014
SPT35323	SPT35328	0.25383
SPT35323	SPT35592	0.22469
SPT35323	SPT35435	0.24138
SPT35323	SPT35304	0.24182
SPT35323	SPT35390	0.25596
SPT35323	SPT35436	0.2285
SPT35323	SPT35580	0.22798
SPT35323	SPT35538	0.23901
SPT35323	SPT35537	0.23146
SPT35323	SPT35320	0.2331
SPT35323	SPT35541	0.22465
SPT35323	SPT35673	0.22888
SPT35323	SPT35502	0.21945
SPT35323	SPT35330	0.65761
SPT35323	SPT35546	0.22582
SPT35323	SPT35547	0.22839
SPT35323	SPT35544	0.24075
SPT35323	SPT35362	0.24304
SPT35323	SPT35499	0.24199
SPT35323	SPT35336	0.23787
SPT35323	SPT35577	0.23413
SPT35323	SPT35325	0.22689
SPT35323	SPT35331	0.24387
SPT35323	SPT35337	0.22876
SPT35323	SPT35306	0.23062
SPT35323	SPT35407	0.25781
SPT35323	SPT35346	0.38486
SPT35323	SPT35405	0.25137
SPT35323	SPT35410	0.23434
SPT35323	SPT35575	0.23664
SPT35323	SPT35576	0.25203
SPT35323	SPT35766	0.2278
SPT35323	SPT35347	0.24453
SPT35323	SPT35412	0.23866
SPT35323	SPT35414	0.23131
SPT35323	SPT35348	0.23928
SPT35323	SPT35417	0.23304
SPT35323	SPT35571	0.23598
SPT35323	SPT35349	0.22848
SPT35323	SPT35351	0.24336
SPT35323	SPT35418	0.27095
SPT35323	SPT35419	0.24181
SPT35323	SPT35566	0.24684
SPT35323	SPT35567	0.22732
SPT35323	SPT35420	0.22889
SPT35323	SPT35423	0.23221
SPT35323	SPT35564	0.24381
SPT35323	SPT35352	0.22863
SPT35323	SPT35424	0.22672
SPT35323	SPT35357	0.2767
SPT35323	SPT35437	0.24541
SPT35323	SPT35563	0.23293
SPT35323	SPT35308	0.24224
SPT35323	SPT35425	0.22757
SPT35323	SPT35440	0.22601
SPT35323	SPT35354	0.23419
SPT35323	SPT35309	0.22989
SPT35323	SPT35310	0.23023
SPT35323	SPT35355	0.23206
SPT35323	SPT35332	0.23159
SPT35323	SPT35333	0.23675
SPT35323	SPT35561	0.23173
SPT35323	SPT35363	0.23293
SPT35323	SPT35427	0.23452
SPT35323	SPT35752	0.21235
SPT35323	SPT35430	0.22934
SPT35323	SPT35431	0.2327
SPT35323	SPT35313	0.80979
SPT35323	SPT35780	0.23411
SPT35323	SPT35315	0.23624
SPT35323	SPT35316	0.26164
SPT35323	SPT35317	0.24344
SPT35323	SPT35334	0.23448
SPT35323	SPT35543	0.23152
SPT35461	SPT35462	0.22815
SPT35461	SPT35463	0.23384
SPT35461	SPT35341	0.25601
SPT35461	SPT35368	0.23931
SPT35461	SPT35378	0.24104
SPT35461	SPT35552	0.22591
SPT35461	SPT35551	0.22791
SPT35461	SPT35459	0.63899
SPT35461	SPT35474	0.22631
SPT35461	SPT35514	0.23488
SPT35461	SPT35519	0.2273
SPT35461	SPT35526	0.24264
SPT35461	SPT35501	0.22759
SPT35461	SPT35681	0.22282
SPT35461	SPT35467	0.24126
SPT35461	SPT35469	0.23511
SPT35461	SPT35470	0.22455
SPT35461	SPT35468	0.23211
SPT35461	SPT35471	0.23081
SPT35461	SPT35379	0.23153
SPT35461	SPT35472	0.22764
SPT35461	SPT35529	0.24382
SPT35461	SPT35517	0.23024
SPT35461	SPT35516	0.23261
SPT35461	SPT35360	0.22889
SPT35461	SPT35515	0.23017
SPT35461	SPT35518	0.24823
SPT35461	SPT35475	0.24152
SPT35461	SPT35520	0.23082
SPT35461	SPT35324	0.2268
SPT35461	SPT35476	0.24055
SPT35461	SPT35485	0.25513
SPT35461	SPT35389	0.22352
SPT35461	SPT35487	0.24184
SPT35461	SPT35369	0.22966
SPT35461	SPT35370	0.22728
SPT35461	SPT35382	0.23345
SPT35461	SPT35521	0.24858
SPT35461	SPT35553	0.23087
SPT35461	SPT35532	0.23652
SPT35461	SPT35384	0.23603
SPT35461	SPT35522	0.23281
SPT35461	SPT35361	0.23916
SPT35461	SPT35342	0.22418
SPT35461	SPT35556	0.22228
SPT35461	SPT35557	0.2255
SPT35461	SPT35328	0.22747
SPT35461	SPT35592	0.22946
SPT35461	SPT35435	0.22856
SPT35461	SPT35304	0.23712
SPT35461	SPT35390	0.23051
SPT35461	SPT35436	0.22392
SPT35461	SPT35580	0.23317
SPT35461	SPT35538	0.23169
SPT35461	SPT35537	0.23271
SPT35461	SPT35320	0.23042
SPT35461	SPT35541	0.23339
SPT35461	SPT35673	0.22382
SPT35461	SPT35502	0.23174
SPT35461	SPT35330	0.23156
SPT35461	SPT35546	0.23879
SPT35461	SPT35547	0.23909
SPT35461	SPT35544	0.24309
SPT35461	SPT35362	0.23127
SPT35461	SPT35499	0.22252
SPT35461	SPT35336	0.23625
SPT35461	SPT35577	0.23422
SPT35461	SPT35325	0.22656
SPT35461	SPT35331	0.23386
SPT35461	SPT35337	0.2344
SPT35461	SPT35306	0.22101
SPT35461	SPT35407	0.23225
SPT35461	SPT35346	0.23096
SPT35461	SPT35405	0.2255
SPT35461	SPT35410	0.23272
SPT35461	SPT35575	0.23463
SPT35461	SPT35576	0.22687
SPT35461	SPT35766	0.23344
SPT35461	SPT35347	0.22922
SPT35461	SPT35412	0.23184
SPT35461	SPT35414	0.24704
SPT35461	SPT35348	0.233
SPT35461	SPT35417	0.24805
SPT35461	SPT35571	0.23047
SPT35461	SPT35349	0.24241
SPT35461	SPT35351	0.23119
SPT35461	SPT35418	0.23134
SPT35461	SPT35419	0.22487
SPT35461	SPT35566	0.23817
SPT35461	SPT35567	0.23671
SPT35461	SPT35420	0.22525
SPT35461	SPT35423	0.21918
SPT35461	SPT35564	0.23946
SPT35461	SPT35352	0.22405
SPT35461	SPT35424	0.23255
SPT35461	SPT35357	0.24793
SPT35461	SPT35437	0.22307
SPT35461	SPT35563	0.23763
SPT35461	SPT35308	0.23638
SPT35461	SPT35425	0.23225
SPT35461	SPT35440	0.22419
SPT35461	SPT35354	0.23523
SPT35461	SPT35309	0.23362
SPT35461	SPT35310	0.23255
SPT35461	SPT35355	0.23313
SPT35461	SPT35332	0.22883
SPT35461	SPT35333	0.23325
SPT35461	SPT35561	0.23349
SPT35461	SPT35363	0.22914
SPT35461	SPT35427	0.23848
SPT35461	SPT35752	0.22075
SPT35461	SPT35430	0.24421
SPT35461	SPT35431	0.24966
SPT35461	SPT35313	0.23036
SPT35461	SPT35780	0.22827
SPT35461	SPT35315	0.23952
SPT35461	SPT35316	0.2288
SPT35461	SPT35317	0.22723
SPT35461	SPT35334	0.23716
SPT35461	SPT35543	0.22917
SPT35462	SPT35463	0.23918
SPT35462	SPT35341	0.28864
SPT35462	SPT35368	0.25009
SPT35462	SPT35378	0.24971
SPT35462	SPT35552	0.2283
SPT35462	SPT35551	0.24819
SPT35462	SPT35459	0.2396
SPT35462	SPT35474	0.52998
SPT35462	SPT35514	0.24064
SPT35462	SPT35519	0.22928
SPT35462	SPT35526	0.25025
SPT35462	SPT35501	0.22794
SPT35462	SPT35681	0.23662
SPT35462	SPT35467	0.25223
SPT35462	SPT35469	0.25015
SPT35462	SPT35470	0.57663
SPT35462	SPT35468	0.24131
SPT35462	SPT35471	0.24855
SPT35462	SPT35379	0.26142
SPT35462	SPT35472	0.2505
SPT35462	SPT35529	0.2516
SPT35462	SPT35517	0.25254
SPT35462	SPT35516	0.24075
SPT35462	SPT35360	0.30979
SPT35462	SPT35515	0.2487
SPT35462	SPT35518	0.23565
SPT35462	SPT35475	0.25168
SPT35462	SPT35520	0.23083
SPT35462	SPT35324	0.30185
SPT35462	SPT35476	0.24619
SPT35462	SPT35485	0.23951
SPT35462	SPT35389	0.24494
SPT35462	SPT35487	0.24405
SPT35462	SPT35369	0.25239
SPT35462	SPT35370	0.26182
SPT35462	SPT35382	0.23831
SPT35462	SPT35521	0.2334
SPT35462	SPT35553	0.25355
SPT35462	SPT35532	0.25631
SPT35462	SPT35384	0.25186
SPT35462	SPT35522	0.28334
SPT35462	SPT35361	0.24776
SPT35462	SPT35342	0.2369
SPT35462	SPT35556	0.24028
SPT35462	SPT35557	0.23555
SPT35462	SPT35328	0.23755
SPT35462	SPT35592	0.2469
SPT35462	SPT35435	0.24847
SPT35462	SPT35304	0.25143
SPT35462	SPT35390	0.28878
SPT35462	SPT35436	0.23907
SPT35462	SPT35580	0.2341
SPT35462	SPT35538	0.22976
SPT35462	SPT35537	0.22609
SPT35462	SPT35320	0.24895
SPT35462	SPT35541	0.23237
SPT35462	SPT35673	0.23207
SPT35462	SPT35502	0.24846
SPT35462	SPT35330	0.23847
SPT35462	SPT35546	0.24302
SPT35462	SPT35547	0.25084
SPT35462	SPT35544	0.24478
SPT35462	SPT35362	0.24042
SPT35462	SPT35499	0.23501
SPT35462	SPT35336	0.24975
SPT35462	SPT35577	0.24266
SPT35462	SPT35325	0.23438
SPT35462	SPT35331	0.2639
SPT35462	SPT35337	0.27722
SPT35462	SPT35306	0.25114
SPT35462	SPT35407	0.49654
SPT35462	SPT35346	0.24314
SPT35462	SPT35405	0.45833
SPT35462	SPT35410	0.25132
SPT35462	SPT35575	0.23144
SPT35462	SPT35576	0.36871
SPT35462	SPT35766	0.25438
SPT35462	SPT35347	0.3101
SPT35462	SPT35412	0.23549
SPT35462	SPT35414	0.24166
SPT35462	SPT35348	0.25208
SPT35462	SPT35417	0.23875
SPT35462	SPT35571	0.24238
SPT35462	SPT35349	0.23986
SPT35462	SPT35351	0.23572
SPT35462	SPT35418	0.24821
SPT35462	SPT35419	0.36527
SPT35462	SPT35566	0.30801
SPT35462	SPT35567	0.24214
SPT35462	SPT35420	0.22199
SPT35462	SPT35423	0.24758
SPT35462	SPT35564	0.2419
SPT35462	SPT35352	0.25952
SPT35462	SPT35424	0.23917
SPT35462	SPT35357	0.24366
SPT35462	SPT35437	0.23698
SPT35462	SPT35563	0.24137
SPT35462	SPT35308	0.25012
SPT35462	SPT35425	0.24537
SPT35462	SPT35440	0.23606
SPT35462	SPT35354	0.24779
SPT35462	SPT35309	0.23973
SPT35462	SPT35310	0.23893
SPT35462	SPT35355	0.24891
SPT35462	SPT35332	0.23768
SPT35462	SPT35333	0.23551
SPT35462	SPT35561	0.24766
SPT35462	SPT35363	0.24472
SPT35462	SPT35427	0.23179
SPT35462	SPT35752	0.23441
SPT35462	SPT35430	0.23715
SPT35462	SPT35431	0.24615
SPT35462	SPT35313	0.2484
SPT35462	SPT35780	0.23799
SPT35462	SPT35315	0.24803
SPT35462	SPT35316	0.24357
SPT35462	SPT35317	0.28639
SPT35462	SPT35334	0.27165
SPT35462	SPT35543	0.2448
SPT35463	SPT35341	0.24374
SPT35463	SPT35368	0.23979
SPT35463	SPT35378	0.24909
SPT35463	SPT35552	0.23591
SPT35463	SPT35551	0.23926
SPT35463	SPT35459	0.24665
SPT35463	SPT35474	0.24797
SPT35463	SPT35514	0.24066
SPT35463	SPT35519	0.22177
SPT35463	SPT35526	0.24654
SPT35463	SPT35501	0.23657
SPT35463	SPT35681	0.22932
SPT35463	SPT35467	0.24621
SPT35463	SPT35469	0.2441
SPT35463	SPT35470	0.24474
SPT35463	SPT35468	0.24289
SPT35463	SPT35471	0.23777
SPT35463	SPT35379	0.24383
SPT35463	SPT35472	0.23325
SPT35463	SPT35529	0.24539
SPT35463	SPT35517	0.2363
SPT35463	SPT35516	0.24177
SPT35463	SPT35360	0.24551
SPT35463	SPT35515	0.2372
SPT35463	SPT35518	0.23973
SPT35463	SPT35475	0.24687
SPT35463	SPT35520	0.22647
SPT35463	SPT35324	0.23817
SPT35463	SPT35476	0.24597
SPT35463	SPT35485	0.24467
SPT35463	SPT35389	0.22822
SPT35463	SPT35487	0.23289
SPT35463	SPT35369	0.23908
SPT35463	SPT35370	0.25835
SPT35463	SPT35382	0.25922
SPT35463	SPT35521	0.24057
SPT35463	SPT35553	0.23611
SPT35463	SPT35532	0.24254
SPT35463	SPT35384	0.23945
SPT35463	SPT35522	0.24745
SPT35463	SPT35361	0.23618
SPT35463	SPT35342	0.23506
SPT35463	SPT35556	0.25185
SPT35463	SPT35557	0.24826
SPT35463	SPT35328	0.22079
SPT35463	SPT35592	0.2434
SPT35463	SPT35435	0.24168
SPT35463	SPT35304	0.23782
SPT35463	SPT35390	0.23322
SPT35463	SPT35436	0.22954
SPT35463	SPT35580	0.2379
SPT35463	SPT35538	0.24817
SPT35463	SPT35537	0.24639
SPT35463	SPT35320	0.23911
SPT35463	SPT35541	0.23195
SPT35463	SPT35673	0.22438
SPT35463	SPT35502	0.23064
SPT35463	SPT35330	0.24334
SPT35463	SPT35546	0.23555
SPT35463	SPT35547	0.23424
SPT35463	SPT35544	0.22838
SPT35463	SPT35362	0.24549
SPT35463	SPT35499	0.24336
SPT35463	SPT35336	0.23851
SPT35463	SPT35577	0.23108
SPT35463	SPT35325	0.24455
SPT35463	SPT35331	0.24289
SPT35463	SPT35337	0.23666
SPT35463	SPT35306	0.246
SPT35463	SPT35407	0.25484
SPT35463	SPT35346	0.23565
SPT35463	SPT35405	0.25269
SPT35463	SPT35410	0.23195
SPT35463	SPT35575	0.24642
SPT35463	SPT35576	0.24424
SPT35463	SPT35766	0.28073
SPT35463	SPT35347	0.24624
SPT35463	SPT35412	0.22819
SPT35463	SPT35414	0.2261
SPT35463	SPT35348	0.24239
SPT35463	SPT35417	0.22879
SPT35463	SPT35571	0.23215
SPT35463	SPT35349	0.24054
SPT35463	SPT35351	0.23679
SPT35463	SPT35418	0.23326
SPT35463	SPT35419	0.25263
SPT35463	SPT35566	0.24337
SPT35463	SPT35567	0.247
SPT35463	SPT35420	0.23682
SPT35463	SPT35423	0.23087
SPT35463	SPT35564	0.22941
SPT35463	SPT35352	0.23656
SPT35463	SPT35424	0.23455
SPT35463	SPT35357	0.23817
SPT35463	SPT35437	0.23675
SPT35463	SPT35563	0.2444
SPT35463	SPT35308	0.23728
SPT35463	SPT35425	0.23815
SPT35463	SPT35440	0.23863
SPT35463	SPT35354	0.26394
SPT35463	SPT35309	0.2363
SPT35463	SPT35310	0.23453
SPT35463	SPT35355	0.23737
SPT35463	SPT35332	0.24554
SPT35463	SPT35333	0.22031
SPT35463	SPT35561	0.24605
SPT35463	SPT35363	0.22762
SPT35463	SPT35427	0.23368
SPT35463	SPT35752	0.2334
SPT35463	SPT35430	0.23758
SPT35463	SPT35431	0.24227
SPT35463	SPT35313	0.24226
SPT35463	SPT35780	0.24109
SPT35463	SPT35315	0.24501
SPT35463	SPT35316	0.24448
SPT35463	SPT35317	0.24259
SPT35463	SPT35334	0.24214
SPT35463	SPT35543	0.2463
SPT35341	SPT35368	0.24944
SPT35341	SPT35378	0.24943
SPT35341	SPT35552	0.24323
SPT35341	SPT35551	0.23384
SPT35341	SPT35459	0.25931
SPT35341	SPT35474	0.27869
SPT35341	SPT35514	0.23858
SPT35341	SPT35519	0.23424
SPT35341	SPT35526	0.25087
SPT35341	SPT35501	0.23824
SPT35341	SPT35681	0.2349
SPT35341	SPT35467	0.25113
SPT35341	SPT35469	0.24159
SPT35341	SPT35470	0.27649
SPT35341	SPT35468	0.2423
SPT35341	SPT35471	0.24716
SPT35341	SPT35379	0.26811
SPT35341	SPT35472	0.24046
SPT35341	SPT35529	0.25132
SPT35341	SPT35517	0.24602
SPT35341	SPT35516	0.24205
SPT35341	SPT35360	0.34477
SPT35341	SPT35515	0.24587
SPT35341	SPT35518	0.23396
SPT35341	SPT35475	0.25116
SPT35341	SPT35520	0.22451
SPT35341	SPT35324	0.26902
SPT35341	SPT35476	0.24357
SPT35341	SPT35485	0.23669
SPT35341	SPT35389	0.24275
SPT35341	SPT35487	0.24583
SPT35341	SPT35369	0.24895
SPT35341	SPT35370	0.26956
SPT35341	SPT35382	0.25401
SPT35341	SPT35521	0.23356
SPT35341	SPT35553	0.23153
SPT35341	SPT35532	0.24039
SPT35341	SPT35384	0.24719
SPT35341	SPT35522	0.24102
SPT35341	SPT35361	0.24963
SPT35341	SPT35342	0.2428
SPT35341	SPT35556	0.24329
SPT35341	SPT35557	0.2444
SPT35341	SPT35328	0.23652
SPT35341	SPT35592	0.23968
SPT35341	SPT35435	0.23611
SPT35341	SPT35304	0.23495
SPT35341	SPT35390	0.26603
SPT35341	SPT35436	0.23435
SPT35341	SPT35580	0.23012
SPT35341	SPT35538	0.23646
SPT35341	SPT35537	0.23438
SPT35341	SPT35320	0.24691
SPT35341	SPT35541	0.23704
SPT35341	SPT35673	0.2289
SPT35341	SPT35502	0.23394
SPT35341	SPT35330	0.23431
SPT35341	SPT35546	0.2259
SPT35341	SPT35547	0.23411
SPT35341	SPT35544	0.23691
SPT35341	SPT35362	0.24237
SPT35341	SPT35499	0.24609
SPT35341	SPT35336	0.24424
SPT35341	SPT35577	0.2268
SPT35341	SPT35325	0.22936
SPT35341	SPT35331	0.2639
SPT35341	SPT35337	0.26947
SPT35341	SPT35306	0.25137
SPT35341	SPT35407	0.2849
SPT35341	SPT35346	0.23034
SPT35341	SPT35405	0.27304
SPT35341	SPT35410	0.24584
SPT35341	SPT35575	0.2379
SPT35341	SPT35576	0.26577
SPT35341	SPT35766	0.24147
SPT35341	SPT35347	0.34502
SPT35341	SPT35412	0.24163
SPT35341	SPT35414	0.24383
SPT35341	SPT35348	0.26019
SPT35341	SPT35417	0.24761
SPT35341	SPT35571	0.23643
SPT35341	SPT35349	0.24936
SPT35341	SPT35351	0.34837
SPT35341	SPT35418	0.24657
SPT35341	SPT35419	0.26742
SPT35341	SPT35566	0.26243
SPT35341	SPT35567	0.23791
SPT35341	SPT35420	0.22205
SPT35341	SPT35423	0.23571
SPT35341	SPT35564	0.24361
SPT35341	SPT35352	0.25348
SPT35341	SPT35424	0.22357
SPT35341	SPT35357	0.24473
SPT35341	SPT35437	0.23593
SPT35341	SPT35563	0.23832
SPT35341	SPT35308	0.23335
SPT35341	SPT35425	0.23754
SPT35341	SPT35440	0.23708
SPT35341	SPT35354	0.25945
SPT35341	SPT35309	0.22713
SPT35341	SPT35310	0.22577
SPT35341	SPT35355	0.25618
SPT35341	SPT35332	0.23088
SPT35341	SPT35333	0.24423
SPT35341	SPT35561	0.23931
SPT35341	SPT35363	0.23834
SPT35341	SPT35427	0.22995
SPT35341	SPT35752	0.23747
SPT35341	SPT35430	0.24439
SPT35341	SPT35431	0.24622
SPT35341	SPT35313	0.24181
SPT35341	SPT35780	0.23553
SPT35341	SPT35315	0.2539
SPT35341	SPT35316	0.25531
SPT35341	SPT35317	0.2581
SPT35341	SPT35334	0.27087
SPT35341	SPT35543	0.24052
SPT35368	SPT35378	0.23829
SPT35368	SPT35552	0.23482
SPT35368	SPT35551	0.24213
SPT35368	SPT35459	0.24838
SPT35368	SPT35474	0.23745
SPT35368	SPT35514	0.23025
SPT35368	SPT35519	0.23048
SPT35368	SPT35526	0.25857
SPT35368	SPT35501	0.23726
SPT35368	SPT35681	0.2292
SPT35368	SPT35467	0.25845
SPT35368	SPT35469	0.24335
SPT35368	SPT35470	0.23415
SPT35368	SPT35468	0.24003
SPT35368	SPT35471	0.23292
SPT35368	SPT35379	0.26857
SPT35368	SPT35472	0.22482
SPT35368	SPT35529	0.25806
SPT35368	SPT35517	0.23865
SPT35368	SPT35516	0.24018
SPT35368	SPT35360	0.24046
SPT35368	SPT35515	0.23127
SPT35368	SPT35518	0.22892
SPT35368	SPT35475	0.25919
SPT35368	SPT35520	0.22816
SPT35368	SPT35324	0.24068
SPT35368	SPT35476	0.23539
SPT35368	SPT35485	0.22675
SPT35368	SPT35389	0.24231
SPT35368	SPT35487	0.23434
SPT35368	SPT35369	0.23777
SPT35368	SPT35370	0.2418
SPT35368	SPT35382	0.24164
SPT35368	SPT35521	0.2289
SPT35368	SPT35553	0.23938
SPT35368	SPT35532	0.2407
SPT35368	SPT35384	0.24663
SPT35368	SPT35522	0.24323
SPT35368	SPT35361	0.24452
SPT35368	SPT35342	0.23993
SPT35368	SPT35556	0.22988
SPT35368	SPT35557	0.23982
SPT35368	SPT35328	0.2443
SPT35368	SPT35592	0.24116
SPT35368	SPT35435	0.2359
SPT35368	SPT35304	0.24065
SPT35368	SPT35390	0.2363
SPT35368	SPT35436	0.23146
SPT35368	SPT35580	0.2364
SPT35368	SPT35538	0.22931000000000001
SPT35368	SPT35537	0.2286
SPT35368	SPT35320	0.24159
SPT35368	SPT35541	0.23818
SPT35368	SPT35673	0.23128
SPT35368	SPT35502	0.2247
SPT35368	SPT35330	0.24231
SPT35368	SPT35546	0.23195
SPT35368	SPT35547	0.24099
SPT35368	SPT35544	0.23675
SPT35368	SPT35362	0.26594
SPT35368	SPT35499	0.24462
SPT35368	SPT35336	0.24702
SPT35368	SPT35577	0.2356
SPT35368	SPT35325	0.2435
SPT35368	SPT35331	0.27351
SPT35368	SPT35337	0.24222
SPT35368	SPT35306	0.2255
SPT35368	SPT35407	0.24675
SPT35368	SPT35346	0.23318
SPT35368	SPT35405	0.24601
SPT35368	SPT35410	0.23735
SPT35368	SPT35575	0.22732
SPT35368	SPT35576	0.24008
SPT35368	SPT35766	0.24458
SPT35368	SPT35347	0.24109
SPT35368	SPT35412	0.23829
SPT35368	SPT35414	0.23895
SPT35368	SPT35348	0.23711
SPT35368	SPT35417	0.23863
SPT35368	SPT35571	0.23792
SPT35368	SPT35349	0.24021
SPT35368	SPT35351	0.22347
SPT35368	SPT35418	0.23291
SPT35368	SPT35419	0.23811
SPT35368	SPT35566	0.22861
SPT35368	SPT35567	0.23755
SPT35368	SPT35420	0.22522
SPT35368	SPT35423	0.24276
SPT35368	SPT35564	0.22885
SPT35368	SPT35352	0.25795
SPT35368	SPT35424	0.22409
SPT35368	SPT35357	0.24815
SPT35368	SPT35437	0.22331
SPT35368	SPT35563	0.23803
SPT35368	SPT35308	0.24228
SPT35368	SPT35425	0.23629
SPT35368	SPT35440	0.23878
SPT35368	SPT35354	0.23892
SPT35368	SPT35309	0.2417
SPT35368	SPT35310	0.24402
SPT35368	SPT35355	0.24359
SPT35368	SPT35332	0.24103
SPT35368	SPT35333	0.22546
SPT35368	SPT35561	0.23863
SPT35368	SPT35363	0.23688
SPT35368	SPT35427	0.22507
SPT35368	SPT35752	0.22745
SPT35368	SPT35430	0.23758
SPT35368	SPT35431	0.23938
SPT35368	SPT35313	0.24562
SPT35368	SPT35780	0.24085
SPT35368	SPT35315	0.23727
SPT35368	SPT35316	0.23948
SPT35368	SPT35317	0.23447
SPT35368	SPT35334	0.2368
SPT35368	SPT35543	0.23298
SPT35378	SPT35552	0.22284
SPT35378	SPT35551	0.23225
SPT35378	SPT35459	0.24734
SPT35378	SPT35474	0.2608
SPT35378	SPT35514	0.24015
SPT35378	SPT35519	0.23764
SPT35378	SPT35526	0.24037
SPT35378	SPT35501	0.24174
SPT35378	SPT35681	0.24493
SPT35378	SPT35467	0.23746
SPT35378	SPT35469	0.23969
SPT35378	SPT35470	0.25677
SPT35378	SPT35468	0.23315
SPT35378	SPT35471	0.23798
SPT35378	SPT35379	0.2412
SPT35378	SPT35472	0.23355
SPT35378	SPT35529	0.23716
SPT35378	SPT35517	0.24196
SPT35378	SPT35516	0.23806
SPT35378	SPT35360	0.25348
SPT35378	SPT35515	0.23242
SPT35378	SPT35518	0.23552
SPT35378	SPT35475	0.23684
SPT35378	SPT35520	0.22796
SPT35378	SPT35324	0.25071
SPT35378	SPT35476	0.24186
SPT35378	SPT35485	0.2522
SPT35378	SPT35389	0.23276
SPT35378	SPT35487	0.24126
SPT35378	SPT35369	0.25567
SPT35378	SPT35370	0.2543
SPT35378	SPT35382	0.24258
SPT35378	SPT35521	0.24925
SPT35378	SPT35553	0.22906
SPT35378	SPT35532	0.24286
SPT35378	SPT35384	0.25832
SPT35378	SPT35522	0.24747
SPT35378	SPT35361	0.25562
SPT35378	SPT35342	0.24977
SPT35378	SPT35556	0.23738
SPT35378	SPT35557	0.2384
SPT35378	SPT35328	0.25666
SPT35378	SPT35592	0.23827
SPT35378	SPT35435	0.23418
SPT35378	SPT35304	0.23644
SPT35378	SPT35390	0.23412
SPT35378	SPT35436	0.23216
SPT35378	SPT35580	0.24986
SPT35378	SPT35538	0.2221
SPT35378	SPT35537	0.22713
SPT35378	SPT35320	0.24148
SPT35378	SPT35541	0.22623
SPT35378	SPT35673	0.22819
SPT35378	SPT35502	0.23024
SPT35378	SPT35330	0.23474
SPT35378	SPT35546	0.22802
SPT35378	SPT35547	0.23421
SPT35378	SPT35544	0.23518
SPT35378	SPT35362	0.24642
SPT35378	SPT35499	0.23986
SPT35378	SPT35336	0.25552
SPT35378	SPT35577	0.23923
SPT35378	SPT35325	0.24002
SPT35378	SPT35331	0.25155
SPT35378	SPT35337	0.23713
SPT35378	SPT35306	0.24619
SPT35378	SPT35407	0.25047
SPT35378	SPT35346	0.27538
SPT35378	SPT35405	0.24451
SPT35378	SPT35410	0.24719
SPT35378	SPT35575	0.22792
SPT35378	SPT35576	0.24881
SPT35378	SPT35766	0.23909
SPT35378	SPT35347	0.25421
SPT35378	SPT35412	0.22964
SPT35378	SPT35414	0.23449
SPT35378	SPT35348	0.24936
SPT35378	SPT35417	0.23744
SPT35378	SPT35571	0.2383
SPT35378	SPT35349	0.24354
SPT35378	SPT35351	0.25072
SPT35378	SPT35418	0.25354
SPT35378	SPT35419	0.24412
SPT35378	SPT35566	0.24887
SPT35378	SPT35567	0.24107
SPT35378	SPT35420	0.23708
SPT35378	SPT35423	0.23706
SPT35378	SPT35564	0.23444
SPT35378	SPT35352	0.24113
SPT35378	SPT35424	0.23461
SPT35378	SPT35357	0.26569
SPT35378	SPT35437	0.23378
SPT35378	SPT35563	0.24194
SPT35378	SPT35308	0.23715
SPT35378	SPT35425	0.22433
SPT35378	SPT35440	0.25561
SPT35378	SPT35354	0.23897
SPT35378	SPT35309	0.2421
SPT35378	SPT35310	0.23858
SPT35378	SPT35355	0.25796
SPT35378	SPT35332	0.2426
SPT35378	SPT35333	0.23985
SPT35378	SPT35561	0.23965
SPT35378	SPT35363	0.25112
SPT35378	SPT35427	0.23779
SPT35378	SPT35752	0.23814
SPT35378	SPT35430	0.23818
SPT35378	SPT35431	0.25003
SPT35378	SPT35313	0.23779
SPT35378	SPT35780	0.23511
SPT35378	SPT35315	0.28336
SPT35378	SPT35316	0.2555
SPT35378	SPT35317	0.24298
SPT35378	SPT35334	0.24656
SPT35378	SPT35543	0.23944
SPT35552	SPT35551	0.23982
SPT35552	SPT35459	0.2285
SPT35552	SPT35474	0.2309
SPT35552	SPT35514	0.25006
SPT35552	SPT35519	0.23115
SPT35552	SPT35526	0.24012
SPT35552	SPT35501	0.22807
SPT35552	SPT35681	0.22546
SPT35552	SPT35467	0.23779
SPT35552	SPT35469	0.23623
SPT35552	SPT35470	0.22936
SPT35552	SPT35468	0.22724
SPT35552	SPT35471	0.23346
SPT35552	SPT35379	0.23905
SPT35552	SPT35472	0.21975
SPT35552	SPT35529	0.24231
SPT35552	SPT35517	0.23624
SPT35552	SPT35516	0.23666
SPT35552	SPT35360	0.22947
SPT35552	SPT35515	0.23049
SPT35552	SPT35518	0.21731
SPT35552	SPT35475	0.23836
SPT35552	SPT35520	0.22222
SPT35552	SPT35324	0.22844
SPT35552	SPT35476	0.23796
SPT35552	SPT35485	0.21572
SPT35552	SPT35389	0.22169
SPT35552	SPT35487	0.22652
SPT35552	SPT35369	0.22331
SPT35552	SPT35370	0.22625
SPT35552	SPT35382	0.23274
SPT35552	SPT35521	0.23996
SPT35552	SPT35553	0.21906
SPT35552	SPT35532	0.2464
SPT35552	SPT35384	0.22861
SPT35552	SPT35522	0.2238
SPT35552	SPT35361	0.22548
SPT35552	SPT35342	0.2282
SPT35552	SPT35556	0.24994
SPT35552	SPT35557	0.22668
SPT35552	SPT35328	0.22099
SPT35552	SPT35592	0.22053
SPT35552	SPT35435	0.2389
SPT35552	SPT35304	0.23359
SPT35552	SPT35390	0.23054
SPT35552	SPT35436	0.22731
SPT35552	SPT35580	0.25783
SPT35552	SPT35538	0.25134
SPT35552	SPT35537	0.25433
SPT35552	SPT35320	0.25501
SPT35552	SPT35541	0.24841
SPT35552	SPT35673	0.24751
SPT35552	SPT35502	0.21677
SPT35552	SPT35330	0.26885
SPT35552	SPT35546	0.25402
SPT35552	SPT35547	0.23812
SPT35552	SPT35544	0.23263
SPT35552	SPT35362	0.2339
SPT35552	SPT35499	0.25148
SPT35552	SPT35336	0.23359
SPT35552	SPT35577	0.23987
SPT35552	SPT35325	0.24253
SPT35552	SPT35331	0.23274
SPT35552	SPT35337	0.22554
SPT35552	SPT35306	0.22361
SPT35552	SPT35407	0.24352
SPT35552	SPT35346	0.236
SPT35552	SPT35405	0.25411
SPT35552	SPT35410	0.23016
SPT35552	SPT35575	0.2288
SPT35552	SPT35576	0.23715
SPT35552	SPT35766	0.23571
SPT35552	SPT35347	0.2298
SPT35552	SPT35412	0.25577
SPT35552	SPT35414	0.25186
SPT35552	SPT35348	0.24209
SPT35552	SPT35417	0.24547
SPT35552	SPT35571	0.24381
SPT35552	SPT35349	0.22812
SPT35552	SPT35351	0.23436
SPT35552	SPT35418	0.23849
SPT35552	SPT35419	0.23083
SPT35552	SPT35566	0.26522
SPT35552	SPT35567	0.23142
SPT35552	SPT35420	0.22001
SPT35552	SPT35423	0.22602
SPT35552	SPT35564	0.22483
SPT35552	SPT35352	0.21935
SPT35552	SPT35424	0.23469
SPT35552	SPT35357	0.23608
SPT35552	SPT35437	0.23302
SPT35552	SPT35563	0.22715
SPT35552	SPT35308	0.23772
SPT35552	SPT35425	0.24877
SPT35552	SPT35440	0.25593
SPT35552	SPT35354	0.23835
SPT35552	SPT35309	0.22698
SPT35552	SPT35310	0.23342
SPT35552	SPT35355	0.22236
SPT35552	SPT35332	0.23125
SPT35552	SPT35333	0.23393
SPT35552	SPT35561	0.21866
SPT35552	SPT35363	0.22266
SPT35552	SPT35427	0.24257
SPT35552	SPT35752	0.22604
SPT35552	SPT35430	0.24239
SPT35552	SPT35431	0.23296
SPT35552	SPT35313	0.24668
SPT35552	SPT35780	0.23964
SPT35552	SPT35315	0.236
SPT35552	SPT35316	0.22872
SPT35552	SPT35317	0.23112
SPT35552	SPT35334	0.22564
SPT35552	SPT35543	0.24521
SPT35551	SPT35459	0.24264
SPT35551	SPT35474	0.24402
SPT35551	SPT35514	0.23672
SPT35551	SPT35519	0.2382
SPT35551	SPT35526	0.25311
SPT35551	SPT35501	0.24048
SPT35551	SPT35681	0.22611
SPT35551	SPT35467	0.25009
SPT35551	SPT35469	0.22927
SPT35551	SPT35470	0.23443
SPT35551	SPT35468	0.22769
SPT35551	SPT35471	0.22193
SPT35551	SPT35379	0.23393
SPT35551	SPT35472	0.22647
SPT35551	SPT35529	0.25492
SPT35551	SPT35517	0.2252
SPT35551	SPT35516	0.23174
SPT35551	SPT35360	0.22664
SPT35551	SPT35515	0.21902
SPT35551	SPT35518	0.23857
SPT35551	SPT35475	0.24982
SPT35551	SPT35520	0.23891
SPT35551	SPT35324	0.23013
SPT35551	SPT35476	0.23413
SPT35551	SPT35485	0.23449
SPT35551	SPT35389	0.2184
SPT35551	SPT35487	0.22299
SPT35551	SPT35369	0.22295
SPT35551	SPT35370	0.23579
SPT35551	SPT35382	0.2396
SPT35551	SPT35521	0.2483
SPT35551	SPT35553	0.23224
SPT35551	SPT35532	0.22684000000000001
SPT35551	SPT35384	0.23125
SPT35551	SPT35522	0.23693
SPT35551	SPT35361	0.23373
SPT35551	SPT35342	0.22283
SPT35551	SPT35556	0.23362
SPT35551	SPT35557	0.23196
SPT35551	SPT35328	0.2101
SPT35551	SPT35592	0.23776
SPT35551	SPT35435	0.23257
SPT35551	SPT35304	0.23485
SPT35551	SPT35390	0.21894
SPT35551	SPT35436	0.23686
SPT35551	SPT35580	0.24931
SPT35551	SPT35538	0.24078
SPT35551	SPT35537	0.23491
SPT35551	SPT35320	0.23632
SPT35551	SPT35541	0.23223
SPT35551	SPT35673	0.26172
SPT35551	SPT35502	0.22492
SPT35551	SPT35330	0.24728
SPT35551	SPT35546	0.36896
SPT35551	SPT35547	0.36133
SPT35551	SPT35544	0.22832
SPT35551	SPT35362	0.23135
SPT35551	SPT35499	0.2381
SPT35551	SPT35336	0.23376
SPT35551	SPT35577	0.28006
SPT35551	SPT35325	0.22662
SPT35551	SPT35331	0.23301
SPT35551	SPT35337	0.2217
SPT35551	SPT35306	0.23802
SPT35551	SPT35407	0.23277
SPT35551	SPT35346	0.23057
SPT35551	SPT35405	0.2417
SPT35551	SPT35410	0.22729
SPT35551	SPT35575	0.22284
SPT35551	SPT35576	0.23801
SPT35551	SPT35766	0.23688
SPT35551	SPT35347	0.2269
SPT35551	SPT35412	0.24718
SPT35551	SPT35414	0.24025
SPT35551	SPT35348	0.22748
SPT35551	SPT35417	0.23633
SPT35551	SPT35571	0.73873
SPT35551	SPT35349	0.24041
SPT35551	SPT35351	0.22957
SPT35551	SPT35418	0.23481
SPT35551	SPT35419	0.24301
SPT35551	SPT35566	0.24119
SPT35551	SPT35567	0.23466
SPT35551	SPT35420	0.22455
SPT35551	SPT35423	0.22297
SPT35551	SPT35564	0.22892
SPT35551	SPT35352	0.22396
SPT35551	SPT35424	0.22551
SPT35551	SPT35357	0.23596
SPT35551	SPT35437	0.23191
SPT35551	SPT35563	0.23019
SPT35551	SPT35308	0.23683
SPT35551	SPT35425	0.24702
SPT35551	SPT35440	0.24613
SPT35551	SPT35354	0.229
SPT35551	SPT35309	0.22869
SPT35551	SPT35310	0.23288
SPT35551	SPT35355	0.21675
SPT35551	SPT35332	0.21649
SPT35551	SPT35333	0.22694
SPT35551	SPT35561	0.24174
SPT35551	SPT35363	0.22947
SPT35551	SPT35427	0.24659
SPT35551	SPT35752	0.23111
SPT35551	SPT35430	0.23299
SPT35551	SPT35431	0.25198
SPT35551	SPT35313	0.23961
SPT35551	SPT35780	0.24695
SPT35551	SPT35315	0.215
SPT35551	SPT35316	0.23794
SPT35551	SPT35317	0.23077
SPT35551	SPT35334	0.22127
SPT35551	SPT35543	0.24024
SPT35459	SPT35474	0.24551
SPT35459	SPT35514	0.24252
SPT35459	SPT35519	0.23307
SPT35459	SPT35526	0.25125
SPT35459	SPT35501	0.23614
SPT35459	SPT35681	0.22971
SPT35459	SPT35467	0.2496
SPT35459	SPT35469	0.236
SPT35459	SPT35470	0.24108
SPT35459	SPT35468	0.23362
SPT35459	SPT35471	0.23491
SPT35459	SPT35379	0.23654
SPT35459	SPT35472	0.23433
SPT35459	SPT35529	0.25269
SPT35459	SPT35517	0.23549
SPT35459	SPT35516	0.24044
SPT35459	SPT35360	0.23917
SPT35459	SPT35515	0.22987
SPT35459	SPT35518	0.24817
SPT35459	SPT35475	0.25067
SPT35459	SPT35520	0.2409
SPT35459	SPT35324	0.23199
SPT35459	SPT35476	0.24397
SPT35459	SPT35485	0.25256
SPT35459	SPT35389	0.23218
SPT35459	SPT35487	0.2399
SPT35459	SPT35369	0.23504
SPT35459	SPT35370	0.23645
SPT35459	SPT35382	0.23762
SPT35459	SPT35521	0.24782
SPT35459	SPT35553	0.23801
SPT35459	SPT35532	0.24244
SPT35459	SPT35384	0.24693
SPT35459	SPT35522	0.23615
SPT35459	SPT35361	0.24251
SPT35459	SPT35342	0.22661
SPT35459	SPT35556	0.23662
SPT35459	SPT35557	0.24336
SPT35459	SPT35328	0.22428
SPT35459	SPT35592	0.2373
SPT35459	SPT35435	0.23299
SPT35459	SPT35304	0.25231
SPT35459	SPT35390	0.23861
SPT35459	SPT35436	0.23069
SPT35459	SPT35580	0.24272
SPT35459	SPT35538	0.24339
SPT35459	SPT35537	0.24311
SPT35459	SPT35320	0.23293
SPT35459	SPT35541	0.24104
SPT35459	SPT35673	0.2255
SPT35459	SPT35502	0.24298
SPT35459	SPT35330	0.23752
SPT35459	SPT35546	0.24808
SPT35459	SPT35547	0.24639
SPT35459	SPT35544	0.24398
SPT35459	SPT35362	0.22966
SPT35459	SPT35499	0.23313999999999999
SPT35459	SPT35336	0.24783
SPT35459	SPT35577	0.2482
SPT35459	SPT35325	0.23292
SPT35459	SPT35331	0.23397
SPT35459	SPT35337	0.24061
SPT35459	SPT35306	0.22891
SPT35459	SPT35407	0.2479
SPT35459	SPT35346	0.23884
SPT35459	SPT35405	0.2369
SPT35459	SPT35410	0.23308
SPT35459	SPT35575	0.2473
SPT35459	SPT35576	0.23772
SPT35459	SPT35766	0.2376
SPT35459	SPT35347	0.23951
SPT35459	SPT35412	0.23585
SPT35459	SPT35414	0.24974
SPT35459	SPT35348	0.24066
SPT35459	SPT35417	0.25092
SPT35459	SPT35571	0.24336
SPT35459	SPT35349	0.24861
SPT35459	SPT35351	0.23581
SPT35459	SPT35418	0.23335
SPT35459	SPT35419	0.23884
SPT35459	SPT35566	0.24343
SPT35459	SPT35567	0.24046
SPT35459	SPT35420	0.23131
SPT35459	SPT35423	0.22857
SPT35459	SPT35564	0.24218
SPT35459	SPT35352	0.23433
SPT35459	SPT35424	0.24016
SPT35459	SPT35357	0.25223
SPT35459	SPT35437	0.23331
SPT35459	SPT35563	0.24076
SPT35459	SPT35308	0.25302
SPT35459	SPT35425	0.23318
SPT35459	SPT35440	0.2318
SPT35459	SPT35354	0.23871
SPT35459	SPT35309	0.24206
SPT35459	SPT35310	0.24098
SPT35459	SPT35355	0.24232
SPT35459	SPT35332	0.23796
SPT35459	SPT35333	0.24289
SPT35459	SPT35561	0.24225
SPT35459	SPT35363	0.24623
SPT35459	SPT35427	0.23803
SPT35459	SPT35752	0.22792
SPT35459	SPT35430	0.24217
SPT35459	SPT35431	0.25829
SPT35459	SPT35313	0.23823
SPT35459	SPT35780	0.2358
SPT35459	SPT35315	0.24688
SPT35459	SPT35316	0.23556
SPT35459	SPT35317	0.23151
SPT35459	SPT35334	0.24577
SPT35459	SPT35543	0.2334
SPT35474	SPT35514	0.24506
SPT35474	SPT35519	0.2297
SPT35474	SPT35526	0.24878
SPT35474	SPT35501	0.23505
SPT35474	SPT35681	0.24422
SPT35474	SPT35467	0.25013
SPT35474	SPT35469	0.25066
SPT35474	SPT35470	0.7192
SPT35474	SPT35468	0.24999
SPT35474	SPT35471	0.25562
SPT35474	SPT35379	0.2555
SPT35474	SPT35472	0.25398
SPT35474	SPT35529	0.25092
SPT35474	SPT35517	0.25536
SPT35474	SPT35516	0.25265
SPT35474	SPT35360	0.31128
SPT35474	SPT35515	0.26279
SPT35474	SPT35518	0.23675
SPT35474	SPT35475	0.24825
SPT35474	SPT35520	0.242
SPT35474	SPT35324	0.27873
SPT35474	SPT35476	0.25368
SPT35474	SPT35485	0.23613
SPT35474	SPT35389	0.24615
SPT35474	SPT35487	0.24904
SPT35474	SPT35369	0.25094
SPT35474	SPT35370	0.26283
SPT35474	SPT35382	0.24538
SPT35474	SPT35521	0.23885
SPT35474	SPT35553	0.24564
SPT35474	SPT35532	0.25894
SPT35474	SPT35384	0.25004
SPT35474	SPT35522	0.30777
SPT35474	SPT35361	0.25099
SPT35474	SPT35342	0.24053
SPT35474	SPT35556	0.24095
SPT35474	SPT35557	0.24541
SPT35474	SPT35328	0.23939
SPT35474	SPT35592	0.24657
SPT35474	SPT35435	0.2595
SPT35474	SPT35304	0.24248
SPT35474	SPT35390	0.28182
SPT35474	SPT35436	0.23816
SPT35474	SPT35580	0.24786
SPT35474	SPT35538	0.23346
SPT35474	SPT35537	0.22873
SPT35474	SPT35320	0.27226
SPT35474	SPT35541	0.2382
SPT35474	SPT35673	0.23078
SPT35474	SPT35502	0.25381
SPT35474	SPT35330	0.25237
SPT35474	SPT35546	0.23878
SPT35474	SPT35547	0.24591
SPT35474	SPT35544	0.24626
SPT35474	SPT35362	0.23905
SPT35474	SPT35499	0.24256
SPT35474	SPT35336	0.24877
SPT35474	SPT35577	0.25122
SPT35474	SPT35325	0.24027
SPT35474	SPT35331	0.25887
SPT35474	SPT35337	0.29176
SPT35474	SPT35306	0.25177
SPT35474	SPT35407	0.48175
SPT35474	SPT35346	0.25767
SPT35474	SPT35405	0.43535
SPT35474	SPT35410	0.24129
SPT35474	SPT35575	0.23599
SPT35474	SPT35576	0.38586
SPT35474	SPT35766	0.25083
SPT35474	SPT35347	0.31122
SPT35474	SPT35412	0.23766
SPT35474	SPT35414	0.24245
SPT35474	SPT35348	0.26588
SPT35474	SPT35417	0.242
SPT35474	SPT35571	0.24152
SPT35474	SPT35349	0.23738
SPT35474	SPT35351	0.24251
SPT35474	SPT35418	0.24707
SPT35474	SPT35419	0.37446
SPT35474	SPT35566	0.32265
SPT35474	SPT35567	0.23399
SPT35474	SPT35420	0.22298
SPT35474	SPT35423	0.24664
SPT35474	SPT35564	0.24511
SPT35474	SPT35352	0.25029
SPT35474	SPT35424	0.23651
SPT35474	SPT35357	0.24646
SPT35474	SPT35437	0.24545
SPT35474	SPT35563	0.23315
SPT35474	SPT35308	0.24171
SPT35474	SPT35425	0.24866
SPT35474	SPT35440	0.24348
SPT35474	SPT35354	0.25826
SPT35474	SPT35309	0.2413
SPT35474	SPT35310	0.23811
SPT35474	SPT35355	0.25035
SPT35474	SPT35332	0.24233
SPT35474	SPT35333	0.24853
SPT35474	SPT35561	0.24948
SPT35474	SPT35363	0.24228
SPT35474	SPT35427	0.23858
SPT35474	SPT35752	0.24467
SPT35474	SPT35430	0.2417
SPT35474	SPT35431	0.23918
SPT35474	SPT35313	0.25596
SPT35474	SPT35780	0.23433
SPT35474	SPT35315	0.24731
SPT35474	SPT35316	0.24805
SPT35474	SPT35317	0.27633
SPT35474	SPT35334	0.28337
SPT35474	SPT35543	0.24264
SPT35514	SPT35519	0.23502
SPT35514	SPT35526	0.25121
SPT35514	SPT35501	0.2277
SPT35514	SPT35681	0.23468
SPT35514	SPT35467	0.25065
SPT35514	SPT35469	0.44771
SPT35514	SPT35470	0.24308
SPT35514	SPT35468	0.5094
SPT35514	SPT35471	0.44156
SPT35514	SPT35379	0.24778
SPT35514	SPT35472	0.22586
SPT35514	SPT35529	0.25173
SPT35514	SPT35517	0.48123
SPT35514	SPT35516	0.4372
SPT35514	SPT35360	0.23452
SPT35514	SPT35515	0.4414
SPT35514	SPT35518	0.23326
SPT35514	SPT35475	0.25159
SPT35514	SPT35520	0.23539
SPT35514	SPT35324	0.23861
SPT35514	SPT35476	0.64238
SPT35514	SPT35485	0.24678
SPT35514	SPT35389	0.23367
SPT35514	SPT35487	0.39837
SPT35514	SPT35369	0.22957
SPT35514	SPT35370	0.2393
SPT35514	SPT35382	0.23919
SPT35514	SPT35521	0.25613
SPT35514	SPT35553	0.22513
SPT35514	SPT35532	0.4504
SPT35514	SPT35384	0.2388
SPT35514	SPT35522	0.23651
SPT35514	SPT35361	0.23968
SPT35514	SPT35342	0.23077
SPT35514	SPT35556	0.22997
SPT35514	SPT35557	0.24217
SPT35514	SPT35328	0.22774
SPT35514	SPT35592	0.25832
SPT35514	SPT35435	0.44635
SPT35514	SPT35304	0.23411
SPT35514	SPT35390	0.24431
SPT35514	SPT35436	0.24206
SPT35514	SPT35580	0.24268
SPT35514	SPT35538	0.23457
SPT35514	SPT35537	0.24137
SPT35514	SPT35320	0.24311
SPT35514	SPT35541	0.23475
SPT35514	SPT35673	0.25132
SPT35514	SPT35502	0.22501
SPT35514	SPT35330	0.25193
SPT35514	SPT35546	0.25216
SPT35514	SPT35547	0.23995
SPT35514	SPT35544	0.23466
SPT35514	SPT35362	0.23413
SPT35514	SPT35499	0.23358
SPT35514	SPT35336	0.243
SPT35514	SPT35577	0.23072
SPT35514	SPT35325	0.22138
SPT35514	SPT35331	0.23567
SPT35514	SPT35337	0.23443
SPT35514	SPT35306	0.24421
SPT35514	SPT35407	0.2521
SPT35514	SPT35346	0.24608
SPT35514	SPT35405	0.26181
SPT35514	SPT35410	0.23512
SPT35514	SPT35575	0.22406
SPT35514	SPT35576	0.24077
SPT35514	SPT35766	0.25279
SPT35514	SPT35347	0.23478
SPT35514	SPT35412	0.24561
SPT35514	SPT35414	0.25589
SPT35514	SPT35348	0.24122
SPT35514	SPT35417	0.2503
SPT35514	SPT35571	0.24805
SPT35514	SPT35349	0.23223
SPT35514	SPT35351	0.24766
SPT35514	SPT35418	0.23983
SPT35514	SPT35419	0.24089
SPT35514	SPT35566	0.24578
SPT35514	SPT35567	0.225
SPT35514	SPT35420	0.23717
SPT35514	SPT35423	0.22719
SPT35514	SPT35564	0.24208
SPT35514	SPT35352	0.23902
SPT35514	SPT35424	0.24063
SPT35514	SPT35357	0.23795
SPT35514	SPT35437	0.37294
SPT35514	SPT35563	0.22598
SPT35514	SPT35308	0.2401
SPT35514	SPT35425	0.24468
SPT35514	SPT35440	0.2537
SPT35514	SPT35354	0.22599
SPT35514	SPT35309	0.23367
SPT35514	SPT35310	0.23692
SPT35514	SPT35355	0.23461
SPT35514	SPT35332	0.21871
SPT35514	SPT35333	0.23882
SPT35514	SPT35561	0.26704
SPT35514	SPT35363	0.237
SPT35514	SPT35427	0.2427
SPT35514	SPT35752	0.24191
SPT35514	SPT35430	0.24489
SPT35514	SPT35431	0.2442
SPT35514	SPT35313	0.23278
SPT35514	SPT35780	0.24735
SPT35514	SPT35315	0.23212
SPT35514	SPT35316	0.23779
SPT35514	SPT35317	0.23962
SPT35514	SPT35334	0.23574
SPT35514	SPT35543	0.25359
SPT35519	SPT35526	0.24043
SPT35519	SPT35501	0.22306
SPT35519	SPT35681	0.22182
SPT35519	SPT35467	0.23776
SPT35519	SPT35469	0.23924
SPT35519	SPT35470	0.21967
SPT35519	SPT35468	0.22393
SPT35519	SPT35471	0.23131
SPT35519	SPT35379	0.23995
SPT35519	SPT35472	0.23354
SPT35519	SPT35529	0.24248
SPT35519	SPT35517	0.22825
SPT35519	SPT35516	0.22501
SPT35519	SPT35360	0.23769
SPT35519	SPT35515	0.2276
SPT35519	SPT35518	0.21986
SPT35519	SPT35475	0.23744
SPT35519	SPT35520	0.22379
SPT35519	SPT35324	0.21411
SPT35519	SPT35476	0.22587
SPT35519	SPT35485	0.22217
SPT35519	SPT35389	0.22467
SPT35519	SPT35487	0.22971
SPT35519	SPT35369	0.21838
SPT35519	SPT35370	0.23728
SPT35519	SPT35382	0.23758
SPT35519	SPT35521	0.24295
SPT35519	SPT35553	0.227
SPT35519	SPT35532	0.23372
SPT35519	SPT35384	0.22466
SPT35519	SPT35522	0.2312
SPT35519	SPT35361	0.22355
SPT35519	SPT35342	0.22452
SPT35519	SPT35556	0.22722
SPT35519	SPT35557	0.23014
SPT35519	SPT35328	0.22694
SPT35519	SPT35592	0.22917
SPT35519	SPT35435	0.22915
SPT35519	SPT35304	0.23176
SPT35519	SPT35390	0.22873
SPT35519	SPT35436	0.22561
SPT35519	SPT35580	0.24179
SPT35519	SPT35538	0.2408
SPT35519	SPT35537	0.2363
SPT35519	SPT35320	0.24081
SPT35519	SPT35541	0.23888
SPT35519	SPT35673	0.24942
SPT35519	SPT35502	0.2143
SPT35519	SPT35330	0.24427
SPT35519	SPT35546	0.23214
SPT35519	SPT35547	0.21993
SPT35519	SPT35544	0.23266
SPT35519	SPT35362	0.22191
SPT35519	SPT35499	0.23001
SPT35519	SPT35336	0.22963
SPT35519	SPT35577	0.21787
SPT35519	SPT35325	0.23615
SPT35519	SPT35331	0.23418
SPT35519	SPT35337	0.22242
SPT35519	SPT35306	0.22461
SPT35519	SPT35407	0.22743
SPT35519	SPT35346	0.22929
SPT35519	SPT35405	0.24268
SPT35519	SPT35410	0.23377
SPT35519	SPT35575	0.21788
SPT35519	SPT35576	0.22674
SPT35519	SPT35766	0.25018
SPT35519	SPT35347	0.23795
SPT35519	SPT35412	0.25923
SPT35519	SPT35414	0.24849
SPT35519	SPT35348	0.22368
SPT35519	SPT35417	0.24371
SPT35519	SPT35571	0.24893
SPT35519	SPT35349	0.22479
SPT35519	SPT35351	0.2397
SPT35519	SPT35418	0.24232
SPT35519	SPT35419	0.22838
SPT35519	SPT35566	0.24492
SPT35519	SPT35567	0.2194
SPT35519	SPT35420	0.22576
SPT35519	SPT35423	0.21796
SPT35519	SPT35564	0.23605
SPT35519	SPT35352	0.2255
SPT35519	SPT35424	0.22851
SPT35519	SPT35357	0.23237
SPT35519	SPT35437	0.22391
SPT35519	SPT35563	0.21627
SPT35519	SPT35308	0.23565
SPT35519	SPT35425	0.23386
SPT35519	SPT35440	0.25829
SPT35519	SPT35354	0.23507
SPT35519	SPT35309	0.22355
SPT35519	SPT35310	0.22754
SPT35519	SPT35355	0.22346
SPT35519	SPT35332	0.22939
SPT35519	SPT35333	0.22086
SPT35519	SPT35561	0.23326
SPT35519	SPT35363	0.22295
SPT35519	SPT35427	0.24878
SPT35519	SPT35752	0.23165
SPT35519	SPT35430	0.23299
SPT35519	SPT35431	0.23696
SPT35519	SPT35313	0.23212
SPT35519	SPT35780	0.23738
SPT35519	SPT35315	0.22917
SPT35519	SPT35316	0.22453
SPT35519	SPT35317	0.23299
SPT35519	SPT35334	0.22582
SPT35519	SPT35543	0.25532
SPT35526	SPT35501	0.23932
SPT35526	SPT35681	0.23468
SPT35526	SPT35467	0.79647
SPT35526	SPT35469	0.25231
SPT35526	SPT35470	0.24395
SPT35526	SPT35468	0.2499
SPT35526	SPT35471	0.25415
SPT35526	SPT35379	0.25001
SPT35526	SPT35472	0.23793
SPT35526	SPT35529	0.78811
SPT35526	SPT35517	0.24912
SPT35526	SPT35516	0.25209
SPT35526	SPT35360	0.24172
SPT35526	SPT35515	0.25681
SPT35526	SPT35518	0.22943
SPT35526	SPT35475	0.79345
SPT35526	SPT35520	0.23821
SPT35526	SPT35324	0.23792
SPT35526	SPT35476	0.25286
SPT35526	SPT35485	0.23825
SPT35526	SPT35389	0.24759
SPT35526	SPT35487	0.26237
SPT35526	SPT35369	0.24478
SPT35526	SPT35370	0.25447
SPT35526	SPT35382	0.25865
SPT35526	SPT35521	0.24661
SPT35526	SPT35553	0.24425
SPT35526	SPT35532	0.25939
SPT35526	SPT35384	0.24566
SPT35526	SPT35522	0.24309
SPT35526	SPT35361	0.24612
SPT35526	SPT35342	0.23901
SPT35526	SPT35556	0.24196
SPT35526	SPT35557	0.23971
SPT35526	SPT35328	0.2309
SPT35526	SPT35592	0.24808
SPT35526	SPT35435	0.26072
SPT35526	SPT35304	0.25384
SPT35526	SPT35390	0.2526
SPT35526	SPT35436	0.24767
SPT35526	SPT35580	0.23857
SPT35526	SPT35538	0.25331
SPT35526	SPT35537	0.25055
SPT35526	SPT35320	0.24352
SPT35526	SPT35541	0.23423
SPT35526	SPT35673	0.23866
SPT35526	SPT35502	0.23661
SPT35526	SPT35330	0.24776
SPT35526	SPT35546	0.24544
SPT35526	SPT35547	0.24594
SPT35526	SPT35544	0.24552
SPT35526	SPT35362	0.24788
SPT35526	SPT35499	0.2375
SPT35526	SPT35336	0.24604
SPT35526	SPT35577	0.24346
SPT35526	SPT35325	0.23184
SPT35526	SPT35331	0.24857
SPT35526	SPT35337	0.25143
SPT35526	SPT35306	0.25436
SPT35526	SPT35407	0.2429
SPT35526	SPT35346	0.24061
SPT35526	SPT35405	0.24595
SPT35526	SPT35410	0.24055
SPT35526	SPT35575	0.24963
SPT35526	SPT35576	0.24228
SPT35526	SPT35766	0.25011
SPT35526	SPT35347	0.24206
SPT35526	SPT35412	0.2347
SPT35526	SPT35414	0.24809
SPT35526	SPT35348	0.24829
SPT35526	SPT35417	0.25117
SPT35526	SPT35571	0.24484
SPT35526	SPT35349	0.2559
SPT35526	SPT35351	0.24628
SPT35526	SPT35418	0.23891
SPT35526	SPT35419	0.23596
SPT35526	SPT35566	0.24421
SPT35526	SPT35567	0.24145
SPT35526	SPT35420	0.24199
SPT35526	SPT35423	0.23881
SPT35526	SPT35564	0.25347
SPT35526	SPT35352	0.24265
SPT35526	SPT35424	0.25506
SPT35526	SPT35357	0.23867
SPT35526	SPT35437	0.2393
SPT35526	SPT35563	0.23936
SPT35526	SPT35308	0.25321
SPT35526	SPT35425	0.24052
SPT35526	SPT35440	0.25625
SPT35526	SPT35354	0.25567
SPT35526	SPT35309	0.23498
SPT35526	SPT35310	0.23423
SPT35526	SPT35355	0.24475
SPT35526	SPT35332	0.22894
SPT35526	SPT35333	0.23992
SPT35526	SPT35561	0.24781
SPT35526	SPT35363	0.23951
SPT35526	SPT35427	0.24233
SPT35526	SPT35752	0.23751
SPT35526	SPT35430	0.24398
SPT35526	SPT35431	0.23982
SPT35526	SPT35313	0.24229
SPT35526	SPT35780	0.2388
SPT35526	SPT35315	0.2383
SPT35526	SPT35316	0.24271
SPT35526	SPT35317	0.2386
SPT35526	SPT35334	0.2498
SPT35526	SPT35543	0.23698
SPT35501	SPT35681	0.2319
SPT35501	SPT35467	0.23834
SPT35501	SPT35469	0.22816
SPT35501	SPT35470	0.23128
SPT35501	SPT35468	0.22974
SPT35501	SPT35471	0.22561
SPT35501	SPT35379	0.23981
SPT35501	SPT35472	0.22814
SPT35501	SPT35529	0.24115
SPT35501	SPT35517	0.22896
SPT35501	SPT35516	0.22915
SPT35501	SPT35360	0.22783
SPT35501	SPT35515	0.22115
SPT35501	SPT35518	0.23353
SPT35501	SPT35475	0.23856
SPT35501	SPT35520	0.22998
SPT35501	SPT35324	0.23785
SPT35501	SPT35476	0.23829
SPT35501	SPT35485	0.22653
SPT35501	SPT35389	0.23339
SPT35501	SPT35487	0.22691
SPT35501	SPT35369	0.22455
SPT35501	SPT35370	0.23099
SPT35501	SPT35382	0.22275
SPT35501	SPT35521	0.23172
SPT35501	SPT35553	0.23054
SPT35501	SPT35532	0.23707
SPT35501	SPT35384	0.24455
SPT35501	SPT35522	0.24125
SPT35501	SPT35361	0.2258
SPT35501	SPT35342	0.21877
SPT35501	SPT35556	0.23317
SPT35501	SPT35557	0.2399
SPT35501	SPT35328	0.22018
SPT35501	SPT35592	0.23182
SPT35501	SPT35435	0.23094
SPT35501	SPT35304	0.23481
SPT35501	SPT35390	0.22315
SPT35501	SPT35436	0.2349
SPT35501	SPT35580	0.23339
SPT35501	SPT35538	0.23123
SPT35501	SPT35537	0.23146
SPT35501	SPT35320	0.23365
SPT35501	SPT35541	0.23331
SPT35501	SPT35673	0.23771
SPT35501	SPT35502	0.21188
SPT35501	SPT35330	0.23725
SPT35501	SPT35546	0.22641
SPT35501	SPT35547	0.22656
SPT35501	SPT35544	0.22692
SPT35501	SPT35362	0.23318
SPT35501	SPT35499	0.41822
SPT35501	SPT35336	0.24601
SPT35501	SPT35577	0.23497
SPT35501	SPT35325	0.22728
SPT35501	SPT35331	0.2401
SPT35501	SPT35337	0.22967
SPT35501	SPT35306	0.21976
SPT35501	SPT35407	0.22759
SPT35501	SPT35346	0.23998
SPT35501	SPT35405	0.22454
SPT35501	SPT35410	0.21856
SPT35501	SPT35575	0.22685
SPT35501	SPT35576	0.21334
SPT35501	SPT35766	0.23071
SPT35501	SPT35347	0.22808
SPT35501	SPT35412	0.22603
SPT35501	SPT35414	0.24219
SPT35501	SPT35348	0.22853
SPT35501	SPT35417	0.24241
SPT35501	SPT35571	0.23221
SPT35501	SPT35349	0.23001
SPT35501	SPT35351	0.21231
SPT35501	SPT35418	0.22425
SPT35501	SPT35419	0.22452
SPT35501	SPT35566	0.23896
SPT35501	SPT35567	0.22995
SPT35501	SPT35420	0.2289
SPT35501	SPT35423	0.23342
SPT35501	SPT35564	0.24393
SPT35501	SPT35352	0.22933
SPT35501	SPT35424	0.22644
SPT35501	SPT35357	0.2224
SPT35501	SPT35437	0.23595
SPT35501	SPT35563	0.22527
SPT35501	SPT35308	0.23363
SPT35501	SPT35425	0.24344
SPT35501	SPT35440	0.2387
SPT35501	SPT35354	0.2172
SPT35501	SPT35309	0.22795
SPT35501	SPT35310	0.2266
SPT35501	SPT35355	0.21892
SPT35501	SPT35332	0.2212
SPT35501	SPT35333	0.22407
SPT35501	SPT35561	0.23334
SPT35501	SPT35363	0.22709
SPT35501	SPT35427	0.23689
SPT35501	SPT35752	0.23418
SPT35501	SPT35430	0.23983
SPT35501	SPT35431	0.23797
SPT35501	SPT35313	0.23084
SPT35501	SPT35780	0.23325
SPT35501	SPT35315	0.23744
SPT35501	SPT35316	0.22576
SPT35501	SPT35317	0.22226
SPT35501	SPT35334	0.22908
SPT35501	SPT35543	0.24074
SPT35681	SPT35467	0.23376
SPT35681	SPT35469	0.24045
SPT35681	SPT35470	0.23823
SPT35681	SPT35468	0.22953
SPT35681	SPT35471	0.2358
SPT35681	SPT35379	0.24401
SPT35681	SPT35472	0.2269
SPT35681	SPT35529	0.23487
SPT35681	SPT35517	0.23845
SPT35681	SPT35516	0.2457
SPT35681	SPT35360	0.23078
SPT35681	SPT35515	0.23216
SPT35681	SPT35518	0.25093
SPT35681	SPT35475	0.23366
SPT35681	SPT35520	0.23905
SPT35681	SPT35324	0.23475
SPT35681	SPT35476	0.24056
SPT35681	SPT35485	0.23193
SPT35681	SPT35389	0.23468
SPT35681	SPT35487	0.23614
SPT35681	SPT35369	0.22348
SPT35681	SPT35370	0.23227
SPT35681	SPT35382	0.23505
SPT35681	SPT35521	0.2275
SPT35681	SPT35553	0.23842
SPT35681	SPT35532	0.23245
SPT35681	SPT35384	0.23115
SPT35681	SPT35522	0.2434
SPT35681	SPT35361	0.23391
SPT35681	SPT35342	0.22811
SPT35681	SPT35556	0.23611
SPT35681	SPT35557	0.22593
SPT35681	SPT35328	0.2412
SPT35681	SPT35592	0.23508
SPT35681	SPT35435	0.23231
SPT35681	SPT35304	0.23681
SPT35681	SPT35390	0.22751
SPT35681	SPT35436	0.2363
SPT35681	SPT35580	0.24107
SPT35681	SPT35538	0.223
SPT35681	SPT35537	0.22227
SPT35681	SPT35320	0.23254
SPT35681	SPT35541	0.22139
SPT35681	SPT35673	0.22681
SPT35681	SPT35502	0.22335
SPT35681	SPT35330	0.22504
SPT35681	SPT35546	0.22591
SPT35681	SPT35547	0.22668
SPT35681	SPT35544	0.23079
SPT35681	SPT35362	0.24325
SPT35681	SPT35499	0.23771
SPT35681	SPT35336	0.23084
SPT35681	SPT35577	0.23358
SPT35681	SPT35325	0.22517
SPT35681	SPT35331	0.23972
SPT35681	SPT35337	0.23932
SPT35681	SPT35306	0.244
SPT35681	SPT35407	0.2411
SPT35681	SPT35346	0.23384
SPT35681	SPT35405	0.23901
SPT35681	SPT35410	0.23457
SPT35681	SPT35575	0.22602
SPT35681	SPT35576	0.24063
SPT35681	SPT35766	0.2312
SPT35681	SPT35347	0.2311
SPT35681	SPT35412	0.22111
SPT35681	SPT35414	0.23771
SPT35681	SPT35348	0.23292
SPT35681	SPT35417	0.23894
SPT35681	SPT35571	0.22082
SPT35681	SPT35349	0.22914
SPT35681	SPT35351	0.2257
SPT35681	SPT35418	0.23107
SPT35681	SPT35419	0.2327
SPT35681	SPT35566	0.23585
SPT35681	SPT35567	0.23043
SPT35681	SPT35420	0.23875
SPT35681	SPT35423	0.23057
SPT35681	SPT35564	0.23658
SPT35681	SPT35352	0.24109
SPT35681	SPT35424	0.22815
SPT35681	SPT35357	0.23919
SPT35681	SPT35437	0.23006
SPT35681	SPT35563	0.23149
SPT35681	SPT35308	0.23638
SPT35681	SPT35425	0.22255
SPT35681	SPT35440	0.22704
SPT35681	SPT35354	0.23702
SPT35681	SPT35309	0.23165
SPT35681	SPT35310	0.22969
SPT35681	SPT35355	0.23437
SPT35681	SPT35332	0.2257
SPT35681	SPT35333	0.23252
SPT35681	SPT35561	0.23344
SPT35681	SPT35363	0.23409
SPT35681	SPT35427	0.21919
SPT35681	SPT35752	0.23137
SPT35681	SPT35430	0.24836
SPT35681	SPT35431	0.24029
SPT35681	SPT35313	0.23437
SPT35681	SPT35780	0.24493
SPT35681	SPT35315	0.23585
SPT35681	SPT35316	0.23362
SPT35681	SPT35317	0.2346
SPT35681	SPT35334	0.23448
SPT35681	SPT35543	0.2312
SPT35467	SPT35469	0.25433
SPT35467	SPT35470	0.24559
SPT35467	SPT35468	0.24881
SPT35467	SPT35471	0.2532
SPT35467	SPT35379	0.24771
SPT35467	SPT35472	0.23867
SPT35467	SPT35529	0.78871
SPT35467	SPT35517	0.24876
SPT35467	SPT35516	0.25233
SPT35467	SPT35360	0.24139
SPT35467	SPT35515	0.25694
SPT35467	SPT35518	0.22872
SPT35467	SPT35475	0.79839
SPT35467	SPT35520	0.23703
SPT35467	SPT35324	0.23816
SPT35467	SPT35476	0.25265
SPT35467	SPT35485	0.23687
SPT35467	SPT35389	0.24626
SPT35467	SPT35487	0.26362
SPT35467	SPT35369	0.24314
SPT35467	SPT35370	0.2539
SPT35467	SPT35382	0.25807
SPT35467	SPT35521	0.24391
SPT35467	SPT35553	0.24446
SPT35467	SPT35532	0.25857
SPT35467	SPT35384	0.24618
SPT35467	SPT35522	0.24295
SPT35467	SPT35361	0.2444
SPT35467	SPT35342	0.23752
SPT35467	SPT35556	0.23984
SPT35467	SPT35557	0.2387
SPT35467	SPT35328	0.2299
SPT35467	SPT35592	0.24581
SPT35467	SPT35435	0.26085
SPT35467	SPT35304	0.25376
SPT35467	SPT35390	0.25253
SPT35467	SPT35436	0.24714
SPT35467	SPT35580	0.23673
SPT35467	SPT35538	0.25123
SPT35467	SPT35537	0.24804
SPT35467	SPT35320	0.24218
SPT35467	SPT35541	0.23248
SPT35467	SPT35673	0.23687
SPT35467	SPT35502	0.23583
SPT35467	SPT35330	0.24519
SPT35467	SPT35546	0.24349
SPT35467	SPT35547	0.2468
SPT35467	SPT35544	0.24549
SPT35467	SPT35362	0.2476
SPT35467	SPT35499	0.23694
SPT35467	SPT35336	0.24556
SPT35467	SPT35577	0.24294
SPT35467	SPT35325	0.23002
SPT35467	SPT35331	0.24581
SPT35467	SPT35337	0.25187
SPT35467	SPT35306	0.25456
SPT35467	SPT35407	0.24369
SPT35467	SPT35346	0.24115
SPT35467	SPT35405	0.24446
SPT35467	SPT35410	0.241
SPT35467	SPT35575	0.24962
SPT35467	SPT35576	0.24367
SPT35467	SPT35766	0.24822
SPT35467	SPT35347	0.24123
SPT35467	SPT35412	0.2314
SPT35467	SPT35414	0.24618
SPT35467	SPT35348	0.2484
SPT35467	SPT35417	0.2507
SPT35467	SPT35571	0.2432
SPT35467	SPT35349	0.25571
SPT35467	SPT35351	0.24433
SPT35467	SPT35418	0.23758
SPT35467	SPT35419	0.23501
SPT35467	SPT35566	0.24208
SPT35467	SPT35567	0.24224
SPT35467	SPT35420	0.24208
SPT35467	SPT35423	0.23793
SPT35467	SPT35564	0.2521
SPT35467	SPT35352	0.24231
SPT35467	SPT35424	0.25337
SPT35467	SPT35357	0.23737
SPT35467	SPT35437	0.23896
SPT35467	SPT35563	0.23922
SPT35467	SPT35308	0.25192
SPT35467	SPT35425	0.23783
SPT35467	SPT35440	0.25398
SPT35467	SPT35354	0.25476
SPT35467	SPT35309	0.23449
SPT35467	SPT35310	0.23226
SPT35467	SPT35355	0.24272
SPT35467	SPT35332	0.22864
SPT35467	SPT35333	0.24134
SPT35467	SPT35561	0.24715
SPT35467	SPT35363	0.2403
SPT35467	SPT35427	0.24
SPT35467	SPT35752	0.23655
SPT35467	SPT35430	0.24344
SPT35467	SPT35431	0.23922
SPT35467	SPT35313	0.24318
SPT35467	SPT35780	0.23694
SPT35467	SPT35315	0.23838
SPT35467	SPT35316	0.24184
SPT35467	SPT35317	0.23932
SPT35467	SPT35334	0.24998
SPT35467	SPT35543	0.23426
SPT35469	SPT35470	0.24848
SPT35469	SPT35468	0.45054
SPT35469	SPT35471	0.45763
SPT35469	SPT35379	0.24072
SPT35469	SPT35472	0.24474
SPT35469	SPT35529	0.25031
SPT35469	SPT35517	0.48332
SPT35469	SPT35516	0.4796
SPT35469	SPT35360	0.24395
SPT35469	SPT35515	0.47251
SPT35469	SPT35518	0.22955
SPT35469	SPT35475	0.2537
SPT35469	SPT35520	0.22881
SPT35469	SPT35324	0.24073
SPT35469	SPT35476	0.48848
SPT35469	SPT35485	0.24459
SPT35469	SPT35389	0.24883
SPT35469	SPT35487	0.48443
SPT35469	SPT35369	0.24703
SPT35469	SPT35370	0.25637
SPT35469	SPT35382	0.23952
SPT35469	SPT35521	0.24293
SPT35469	SPT35553	0.24093
SPT35469	SPT35532	0.4668
SPT35469	SPT35384	0.23777
SPT35469	SPT35522	0.24139
SPT35469	SPT35361	0.24596
SPT35469	SPT35342	0.23176
SPT35469	SPT35556	0.23074
SPT35469	SPT35557	0.25558
SPT35469	SPT35328	0.23502
SPT35469	SPT35592	0.25618
SPT35469	SPT35435	0.47952
SPT35469	SPT35304	0.23988
SPT35469	SPT35390	0.23997
SPT35469	SPT35436	0.236
SPT35469	SPT35580	0.23228
SPT35469	SPT35538	0.23279
SPT35469	SPT35537	0.23507
SPT35469	SPT35320	0.23184
SPT35469	SPT35541	0.24104
SPT35469	SPT35673	0.2458
SPT35469	SPT35502	0.23846
SPT35469	SPT35330	0.22116
SPT35469	SPT35546	0.23491
SPT35469	SPT35547	0.24367
SPT35469	SPT35544	0.2448
SPT35469	SPT35362	0.23903
SPT35469	SPT35499	0.23891
SPT35469	SPT35336	0.23749
SPT35469	SPT35577	0.23603
SPT35469	SPT35325	0.24048
SPT35469	SPT35331	0.23704
SPT35469	SPT35337	0.24466
SPT35469	SPT35306	0.24219
SPT35469	SPT35407	0.25342
SPT35469	SPT35346	0.24484
SPT35469	SPT35405	0.25127
SPT35469	SPT35410	0.24152
SPT35469	SPT35575	0.23243
SPT35469	SPT35576	0.24357
SPT35469	SPT35766	0.22963
SPT35469	SPT35347	0.24366
SPT35469	SPT35412	0.23221
SPT35469	SPT35414	0.24456
SPT35469	SPT35348	0.24334
SPT35469	SPT35417	0.246
SPT35469	SPT35571	0.23133
SPT35469	SPT35349	0.24314
SPT35469	SPT35351	0.24368
SPT35469	SPT35418	0.23942
SPT35469	SPT35419	0.25598
SPT35469	SPT35566	0.24918
SPT35469	SPT35567	0.23495
SPT35469	SPT35420	0.23251
SPT35469	SPT35423	0.23779
SPT35469	SPT35564	0.23859
SPT35469	SPT35352	0.23745
SPT35469	SPT35424	0.24171
SPT35469	SPT35357	0.23297
SPT35469	SPT35437	0.35208
SPT35469	SPT35563	0.23414
SPT35469	SPT35308	0.24328
SPT35469	SPT35425	0.24928
SPT35469	SPT35440	0.2346
SPT35469	SPT35354	0.23992
SPT35469	SPT35309	0.23793
SPT35469	SPT35310	0.23502
SPT35469	SPT35355	0.22678
SPT35469	SPT35332	0.23721
SPT35469	SPT35333	0.24841
SPT35469	SPT35561	0.26295
SPT35469	SPT35363	0.24543
SPT35469	SPT35427	0.23233
SPT35469	SPT35752	0.2466
SPT35469	SPT35430	0.24079
SPT35469	SPT35431	0.2482
SPT35469	SPT35313	0.22531
SPT35469	SPT35780	0.24234
SPT35469	SPT35315	0.24137
SPT35469	SPT35316	0.23637
SPT35469	SPT35317	0.25149
SPT35469	SPT35334	0.24661
SPT35469	SPT35543	0.2336
SPT35470	SPT35468	0.24953
SPT35470	SPT35471	0.25839
SPT35470	SPT35379	0.25129
SPT35470	SPT35472	0.24776
SPT35470	SPT35529	0.24471
SPT35470	SPT35517	0.2515
SPT35470	SPT35516	0.24704
SPT35470	SPT35360	0.31479
SPT35470	SPT35515	0.25864
SPT35470	SPT35518	0.2363
SPT35470	SPT35475	0.24502
SPT35470	SPT35520	0.23505
SPT35470	SPT35324	0.28555
SPT35470	SPT35476	0.25084
SPT35470	SPT35485	0.22876
SPT35470	SPT35389	0.24363
SPT35470	SPT35487	0.24473
SPT35470	SPT35369	0.25089
SPT35470	SPT35370	0.26244
SPT35470	SPT35382	0.24803
SPT35470	SPT35521	0.23194
SPT35470	SPT35553	0.24623
SPT35470	SPT35532	0.25541
SPT35470	SPT35384	0.2468
SPT35470	SPT35522	0.29959
SPT35470	SPT35361	0.25081
SPT35470	SPT35342	0.24167
SPT35470	SPT35556	0.23893
SPT35470	SPT35557	0.23969
SPT35470	SPT35328	0.23611
SPT35470	SPT35592	0.24398
SPT35470	SPT35435	0.25845
SPT35470	SPT35304	0.24309
SPT35470	SPT35390	0.28772
SPT35470	SPT35436	0.23433
SPT35470	SPT35580	0.23801
SPT35470	SPT35538	0.23493
SPT35470	SPT35537	0.22852
SPT35470	SPT35320	0.26482
SPT35470	SPT35541	0.23279
SPT35470	SPT35673	0.22215
SPT35470	SPT35502	0.25051
SPT35470	SPT35330	0.24283
SPT35470	SPT35546	0.22897
SPT35470	SPT35547	0.23605
SPT35470	SPT35544	0.24196
SPT35470	SPT35362	0.23644
SPT35470	SPT35499	0.23578
SPT35470	SPT35336	0.2454
SPT35470	SPT35577	0.24252
SPT35470	SPT35325	0.23515
SPT35470	SPT35331	0.25567
SPT35470	SPT35337	0.28813
SPT35470	SPT35306	0.24456
SPT35470	SPT35407	0.51122
SPT35470	SPT35346	0.25598
SPT35470	SPT35405	0.45668
SPT35470	SPT35410	0.2381
SPT35470	SPT35575	0.23718
SPT35470	SPT35576	0.40599
SPT35470	SPT35766	0.24629
SPT35470	SPT35347	0.31554
SPT35470	SPT35412	0.22898
SPT35470	SPT35414	0.23409
SPT35470	SPT35348	0.26446
SPT35470	SPT35417	0.23383
SPT35470	SPT35571	0.23064
SPT35470	SPT35349	0.23338
SPT35470	SPT35351	0.23683
SPT35470	SPT35418	0.24566
SPT35470	SPT35419	0.39995000000000003
SPT35470	SPT35566	0.32429
SPT35470	SPT35567	0.23634
SPT35470	SPT35420	0.22028
SPT35470	SPT35423	0.24368
SPT35470	SPT35564	0.23399
SPT35470	SPT35352	0.2457
SPT35470	SPT35424	0.23474
SPT35470	SPT35357	0.2436
SPT35470	SPT35437	0.23741
SPT35470	SPT35563	0.23668
SPT35470	SPT35308	0.24159
SPT35470	SPT35425	0.24056
SPT35470	SPT35440	0.23551
SPT35470	SPT35354	0.25902
SPT35470	SPT35309	0.23868
SPT35470	SPT35310	0.23451
SPT35470	SPT35355	0.25438
SPT35470	SPT35332	0.24055
SPT35470	SPT35333	0.24762
SPT35470	SPT35561	0.24663
SPT35470	SPT35363	0.23769
SPT35470	SPT35427	0.23225
SPT35470	SPT35752	0.23643
SPT35470	SPT35430	0.23469
SPT35470	SPT35431	0.23481
SPT35470	SPT35313	0.2501
SPT35470	SPT35780	0.23123
SPT35470	SPT35315	0.24682
SPT35470	SPT35316	0.24621
SPT35470	SPT35317	0.2769
SPT35470	SPT35334	0.28038
SPT35470	SPT35543	0.23882
SPT35468	SPT35471	0.43141
SPT35468	SPT35379	0.23165
SPT35468	SPT35472	0.23613
SPT35468	SPT35529	0.25105
SPT35468	SPT35517	0.48911
SPT35468	SPT35516	0.44212
SPT35468	SPT35360	0.23654
SPT35468	SPT35515	0.44509
SPT35468	SPT35518	0.2362
SPT35468	SPT35475	0.2482
SPT35468	SPT35520	0.22322
SPT35468	SPT35324	0.2393
SPT35468	SPT35476	0.57728
SPT35468	SPT35485	0.25122
SPT35468	SPT35389	0.24128
SPT35468	SPT35487	0.45412
SPT35468	SPT35369	0.23708
SPT35468	SPT35370	0.25427
SPT35468	SPT35382	0.24074
SPT35468	SPT35521	0.24792
SPT35468	SPT35553	0.24299
SPT35468	SPT35532	0.51493
SPT35468	SPT35384	0.23592
SPT35468	SPT35522	0.2363
SPT35468	SPT35361	0.2366
SPT35468	SPT35342	0.22548
SPT35468	SPT35556	0.23099
SPT35468	SPT35557	0.25495
SPT35468	SPT35328	0.23261
SPT35468	SPT35592	0.26333
SPT35468	SPT35435	0.47149
SPT35468	SPT35304	0.23776
SPT35468	SPT35390	0.23075
SPT35468	SPT35436	0.22969
SPT35468	SPT35580	0.23035
SPT35468	SPT35538	0.2345
SPT35468	SPT35537	0.23265
SPT35468	SPT35320	0.23775
SPT35468	SPT35541	0.23668
SPT35468	SPT35673	0.24511
SPT35468	SPT35502	0.22421
SPT35468	SPT35330	0.23416
SPT35468	SPT35546	0.23324
SPT35468	SPT35547	0.23148
SPT35468	SPT35544	0.23002
SPT35468	SPT35362	0.23269
SPT35468	SPT35499	0.23717
SPT35468	SPT35336	0.23743
SPT35468	SPT35577	0.23099
SPT35468	SPT35325	0.2273
SPT35468	SPT35331	0.22511
SPT35468	SPT35337	0.22973
SPT35468	SPT35306	0.23519
SPT35468	SPT35407	0.24146
SPT35468	SPT35346	0.23939
SPT35468	SPT35405	0.24347
SPT35468	SPT35410	0.24101
SPT35468	SPT35575	0.2289
SPT35468	SPT35576	0.23624
SPT35468	SPT35766	0.23539
SPT35468	SPT35347	0.23681
SPT35468	SPT35412	0.23202
SPT35468	SPT35414	0.24897
SPT35468	SPT35348	0.23861
SPT35468	SPT35417	0.24806
SPT35468	SPT35571	0.22919
SPT35468	SPT35349	0.22871
SPT35468	SPT35351	0.24774
SPT35468	SPT35418	0.23745
SPT35468	SPT35419	0.24348
SPT35468	SPT35566	0.24582
SPT35468	SPT35567	0.22581
SPT35468	SPT35420	0.22488
SPT35468	SPT35423	0.22013
SPT35468	SPT35564	0.23364
SPT35468	SPT35352	0.23465
SPT35468	SPT35424	0.24372
SPT35468	SPT35357	0.23185
SPT35468	SPT35437	0.37302
SPT35468	SPT35563	0.2249
SPT35468	SPT35308	0.23814
SPT35468	SPT35425	0.23479
SPT35468	SPT35440	0.2276
SPT35468	SPT35354	0.2286
SPT35468	SPT35309	0.23791
SPT35468	SPT35310	0.24021
SPT35468	SPT35355	0.24488
SPT35468	SPT35332	0.22527
SPT35468	SPT35333	0.23335
SPT35468	SPT35561	0.27173
SPT35468	SPT35363	0.23814
SPT35468	SPT35427	0.23919
SPT35468	SPT35752	0.2305
SPT35468	SPT35430	0.2319
SPT35468	SPT35431	0.23818
SPT35468	SPT35313	0.22859
SPT35468	SPT35780	0.23226
SPT35468	SPT35315	0.23953
SPT35468	SPT35316	0.24019
SPT35468	SPT35317	0.24491
SPT35468	SPT35334	0.23459
SPT35468	SPT35543	0.24062
SPT35471	SPT35379	0.231
SPT35471	SPT35472	0.24241
SPT35471	SPT35529	0.25258
SPT35471	SPT35517	0.5117
SPT35471	SPT35516	0.48446
SPT35471	SPT35360	0.23379
SPT35471	SPT35515	0.57768
SPT35471	SPT35518	0.23654
SPT35471	SPT35475	0.25308
SPT35471	SPT35520	0.22896
SPT35471	SPT35324	0.23973
SPT35471	SPT35476	0.47697
SPT35471	SPT35485	0.23807
SPT35471	SPT35389	0.24013
SPT35471	SPT35487	0.49914
SPT35471	SPT35369	0.23932
SPT35471	SPT35370	0.25108
SPT35471	SPT35382	0.23803
SPT35471	SPT35521	0.23577
SPT35471	SPT35553	0.23299
SPT35471	SPT35532	0.47392
SPT35471	SPT35384	0.23767
SPT35471	SPT35522	0.23959
SPT35471	SPT35361	0.24431
SPT35471	SPT35342	0.23646
SPT35471	SPT35556	0.24033
SPT35471	SPT35557	0.23921
SPT35471	SPT35328	0.23448
SPT35471	SPT35592	0.26242
SPT35471	SPT35435	0.48978
SPT35471	SPT35304	0.23419
SPT35471	SPT35390	0.24263
SPT35471	SPT35436	0.23671
SPT35471	SPT35580	0.23211
SPT35471	SPT35538	0.22828
SPT35471	SPT35537	0.23404
SPT35471	SPT35320	0.23188
SPT35471	SPT35541	0.23583
SPT35471	SPT35673	0.23503
SPT35471	SPT35502	0.23442
SPT35471	SPT35330	0.2294
SPT35471	SPT35546	0.23297
SPT35471	SPT35547	0.2347
SPT35471	SPT35544	0.23882
SPT35471	SPT35362	0.23475
SPT35471	SPT35499	0.23993
SPT35471	SPT35336	0.23719
SPT35471	SPT35577	0.2342
SPT35471	SPT35325	0.22652
SPT35471	SPT35331	0.23242
SPT35471	SPT35337	0.24651
SPT35471	SPT35306	0.24985
SPT35471	SPT35407	0.26056
SPT35471	SPT35346	0.23975
SPT35471	SPT35405	0.25322
SPT35471	SPT35410	0.24299
SPT35471	SPT35575	0.23418
SPT35471	SPT35576	0.23903
SPT35471	SPT35766	0.23293
SPT35471	SPT35347	0.23403
SPT35471	SPT35412	0.22458
SPT35471	SPT35414	0.24722
SPT35471	SPT35348	0.24959
SPT35471	SPT35417	0.24748
SPT35471	SPT35571	0.2196
SPT35471	SPT35349	0.23698
SPT35471	SPT35351	0.23595
SPT35471	SPT35418	0.23406
SPT35471	SPT35419	0.25656
SPT35471	SPT35566	0.24291
SPT35471	SPT35567	0.23145
SPT35471	SPT35420	0.23225
SPT35471	SPT35423	0.23976
SPT35471	SPT35564	0.23058
SPT35471	SPT35352	0.24317
SPT35471	SPT35424	0.23659
SPT35471	SPT35357	0.23075
SPT35471	SPT35437	0.34447
SPT35471	SPT35563	0.23007
SPT35471	SPT35308	0.23586
SPT35471	SPT35425	0.23493
SPT35471	SPT35440	0.23664
SPT35471	SPT35354	0.23459
SPT35471	SPT35309	0.22461
SPT35471	SPT35310	0.2273
SPT35471	SPT35355	0.23255
SPT35471	SPT35332	0.22548
SPT35471	SPT35333	0.24124
SPT35471	SPT35561	0.2675
SPT35471	SPT35363	0.24367
SPT35471	SPT35427	0.23376
SPT35471	SPT35752	0.23976
SPT35471	SPT35430	0.2231
SPT35471	SPT35431	0.24513
SPT35471	SPT35313	0.2335
SPT35471	SPT35780	0.23415
SPT35471	SPT35315	0.23449
SPT35471	SPT35316	0.23374
SPT35471	SPT35317	0.24727
SPT35471	SPT35334	0.24761
SPT35471	SPT35543	0.23677
SPT35379	SPT35472	0.22671
SPT35379	SPT35529	0.24975
SPT35379	SPT35517	0.23669
SPT35379	SPT35516	0.2473
SPT35379	SPT35360	0.24555
SPT35379	SPT35515	0.23547
SPT35379	SPT35518	0.23837
SPT35379	SPT35475	0.24793
SPT35379	SPT35520	0.23561000000000001
SPT35379	SPT35324	0.23856
SPT35379	SPT35476	0.24155
SPT35379	SPT35485	0.22287
SPT35379	SPT35389	0.23815
SPT35379	SPT35487	0.24193
SPT35379	SPT35369	0.2361
SPT35379	SPT35370	0.2364
SPT35379	SPT35382	0.23987
SPT35379	SPT35521	0.22573
SPT35379	SPT35553	0.23521
SPT35379	SPT35532	0.23817
SPT35379	SPT35384	0.2467
SPT35379	SPT35522	0.24431
SPT35379	SPT35361	0.24265
SPT35379	SPT35342	0.23955
SPT35379	SPT35556	0.23703
SPT35379	SPT35557	0.23617
SPT35379	SPT35328	0.27839
SPT35379	SPT35592	0.23078
SPT35379	SPT35435	0.23461
SPT35379	SPT35304	0.25192
SPT35379	SPT35390	0.24569
SPT35379	SPT35436	0.23283
SPT35379	SPT35580	0.23292
SPT35379	SPT35538	0.2226
SPT35379	SPT35537	0.22993
SPT35379	SPT35320	0.25133
SPT35379	SPT35541	0.23482
SPT35379	SPT35673	0.2329
SPT35379	SPT35502	0.23497
SPT35379	SPT35330	0.25662
SPT35379	SPT35546	0.22836
SPT35379	SPT35547	0.22854
SPT35379	SPT35544	0.24182
SPT35379	SPT35362	0.24074
SPT35379	SPT35499	0.2511
SPT35379	SPT35336	0.24936
SPT35379	SPT35577	0.22973
SPT35379	SPT35325	0.23217
SPT35379	SPT35331	0.75868
SPT35379	SPT35337	0.23979
SPT35379	SPT35306	0.25656
SPT35379	SPT35407	0.25589
SPT35379	SPT35346	0.23802
SPT35379	SPT35405	0.25205
SPT35379	SPT35410	0.2372
SPT35379	SPT35575	0.22846
SPT35379	SPT35576	0.2397
SPT35379	SPT35766	0.23596
SPT35379	SPT35347	0.24582
SPT35379	SPT35412	0.24195
SPT35379	SPT35414	0.23601
SPT35379	SPT35348	0.22828
SPT35379	SPT35417	0.2339
SPT35379	SPT35571	0.23388
SPT35379	SPT35349	0.24696
SPT35379	SPT35351	0.23994
SPT35379	SPT35418	0.24526
SPT35379	SPT35419	0.23079
SPT35379	SPT35566	0.24366
SPT35379	SPT35567	0.23291
SPT35379	SPT35420	0.22567
SPT35379	SPT35423	0.23786
SPT35379	SPT35564	0.2225
SPT35379	SPT35352	0.26352
SPT35379	SPT35424	0.22548
SPT35379	SPT35357	0.24282
SPT35379	SPT35437	0.22747
SPT35379	SPT35563	0.23316
SPT35379	SPT35308	0.25307
SPT35379	SPT35425	0.23077
SPT35379	SPT35440	0.23243
SPT35379	SPT35354	0.23914
SPT35379	SPT35309	0.24147
SPT35379	SPT35310	0.23929
SPT35379	SPT35355	0.28686
SPT35379	SPT35332	0.23101
SPT35379	SPT35333	0.22907
SPT35379	SPT35561	0.23801
SPT35379	SPT35363	0.23391
SPT35379	SPT35427	0.23063
SPT35379	SPT35752	0.23175
SPT35379	SPT35430	0.23611
SPT35379	SPT35431	0.23009
SPT35379	SPT35313	0.24675
SPT35379	SPT35780	0.24068
SPT35379	SPT35315	0.2392
SPT35379	SPT35316	0.23973
SPT35379	SPT35317	0.2298
SPT35379	SPT35334	0.23743
SPT35379	SPT35543	0.23768
SPT35472	SPT35529	0.23742
SPT35472	SPT35517	0.24158
SPT35472	SPT35516	0.23415
SPT35472	SPT35360	0.2384
SPT35472	SPT35515	0.23971
SPT35472	SPT35518	0.24295
SPT35472	SPT35475	0.23727
SPT35472	SPT35520	0.23058
SPT35472	SPT35324	0.23507
SPT35472	SPT35476	0.23393
SPT35472	SPT35485	0.22705
SPT35472	SPT35389	0.24241
SPT35472	SPT35487	0.24054
SPT35472	SPT35369	0.23666
SPT35472	SPT35370	0.2372
SPT35472	SPT35382	0.24542
SPT35472	SPT35521	0.22127
SPT35472	SPT35553	0.23566
SPT35472	SPT35532	0.2399
SPT35472	SPT35384	0.22769
SPT35472	SPT35522	0.23918
SPT35472	SPT35361	0.244
SPT35472	SPT35342	0.22876
SPT35472	SPT35556	0.2359
SPT35472	SPT35557	0.23542
SPT35472	SPT35328	0.23488
SPT35472	SPT35592	0.24277
SPT35472	SPT35435	0.23769
SPT35472	SPT35304	0.24027
SPT35472	SPT35390	0.24205
SPT35472	SPT35436	0.22939
SPT35472	SPT35580	0.22714
SPT35472	SPT35538	0.2194
SPT35472	SPT35537	0.22209
SPT35472	SPT35320	0.23022
SPT35472	SPT35541	0.22689
SPT35472	SPT35673	0.21696
SPT35472	SPT35502	0.23199
SPT35472	SPT35330	0.22477
SPT35472	SPT35546	0.22822
SPT35472	SPT35547	0.23599
SPT35472	SPT35544	0.22828
SPT35472	SPT35362	0.23728
SPT35472	SPT35499	0.24035
SPT35472	SPT35336	0.22395
SPT35472	SPT35577	0.22697
SPT35472	SPT35325	0.22209
SPT35472	SPT35331	0.22979
SPT35472	SPT35337	0.24696
SPT35472	SPT35306	0.22832
SPT35472	SPT35407	0.24983
SPT35472	SPT35346	0.22977
SPT35472	SPT35405	0.23493
SPT35472	SPT35410	0.21755
SPT35472	SPT35575	0.23007
SPT35472	SPT35576	0.2377
SPT35472	SPT35766	0.23249
SPT35472	SPT35347	0.23863
SPT35472	SPT35412	0.23728
SPT35472	SPT35414	0.22874
SPT35472	SPT35348	0.24158
SPT35472	SPT35417	0.23091
SPT35472	SPT35571	0.22374
SPT35472	SPT35349	0.2365
SPT35472	SPT35351	0.21925
SPT35472	SPT35418	0.24077
SPT35472	SPT35419	0.23705
SPT35472	SPT35566	0.23697
SPT35472	SPT35567	0.22789
SPT35472	SPT35420	0.21479
SPT35472	SPT35423	0.23892
SPT35472	SPT35564	0.22402
SPT35472	SPT35352	0.23946
SPT35472	SPT35424	0.23539
SPT35472	SPT35357	0.22994
SPT35472	SPT35437	0.22611
SPT35472	SPT35563	0.2297
SPT35472	SPT35308	0.23774
SPT35472	SPT35425	0.23088
SPT35472	SPT35440	0.23205
SPT35472	SPT35354	0.24394
SPT35472	SPT35309	0.22434
SPT35472	SPT35310	0.22413
SPT35472	SPT35355	0.22654
SPT35472	SPT35332	0.22577
SPT35472	SPT35333	0.23351
SPT35472	SPT35561	0.2429
SPT35472	SPT35363	0.24473
SPT35472	SPT35427	0.22773
SPT35472	SPT35752	0.23682
SPT35472	SPT35430	0.23307
SPT35472	SPT35431	0.23111
SPT35472	SPT35313	0.23217
SPT35472	SPT35780	0.22038
SPT35472	SPT35315	0.23476
SPT35472	SPT35316	0.23156
SPT35472	SPT35317	0.2267
SPT35472	SPT35334	0.24062
SPT35472	SPT35543	0.22634
SPT35529	SPT35517	0.24804
SPT35529	SPT35516	0.25189
SPT35529	SPT35360	0.24175
SPT35529	SPT35515	0.2577
SPT35529	SPT35518	0.22965
SPT35529	SPT35475	0.78675
SPT35529	SPT35520	0.23648
SPT35529	SPT35324	0.23733
SPT35529	SPT35476	0.25447
SPT35529	SPT35485	0.23656
SPT35529	SPT35389	0.2481
SPT35529	SPT35487	0.26398
SPT35529	SPT35369	0.24212
SPT35529	SPT35370	0.25256
SPT35529	SPT35382	0.25593
SPT35529	SPT35521	0.25001
SPT35529	SPT35553	0.24157
SPT35529	SPT35532	0.26028
SPT35529	SPT35384	0.24346
SPT35529	SPT35522	0.24149
SPT35529	SPT35361	0.24623
SPT35529	SPT35342	0.23819
SPT35529	SPT35556	0.24368
SPT35529	SPT35557	0.23945
SPT35529	SPT35328	0.22743
SPT35529	SPT35592	0.24701
SPT35529	SPT35435	0.25959
SPT35529	SPT35304	0.25528
SPT35529	SPT35390	0.24911
SPT35529	SPT35436	0.24717
SPT35529	SPT35580	0.24236
SPT35529	SPT35538	0.25771
SPT35529	SPT35537	0.25305
SPT35529	SPT35320	0.24698
SPT35529	SPT35541	0.23831
SPT35529	SPT35673	0.24351
SPT35529	SPT35502	0.23386
SPT35529	SPT35330	0.25014
SPT35529	SPT35546	0.24936
SPT35529	SPT35547	0.2483
SPT35529	SPT35544	0.2487
SPT35529	SPT35362	0.24611
SPT35529	SPT35499	0.2386
SPT35529	SPT35336	0.24456
SPT35529	SPT35577	0.24604
SPT35529	SPT35325	0.23389
SPT35529	SPT35331	0.24702
SPT35529	SPT35337	0.25057
SPT35529	SPT35306	0.2534
SPT35529	SPT35407	0.24402
SPT35529	SPT35346	0.24334
SPT35529	SPT35405	0.24766
SPT35529	SPT35410	0.24065
SPT35529	SPT35575	0.24895
SPT35529	SPT35576	0.24414
SPT35529	SPT35766	0.25301
SPT35529	SPT35347	0.24209
SPT35529	SPT35412	0.23817
SPT35529	SPT35414	0.25113
SPT35529	SPT35348	0.24383
SPT35529	SPT35417	0.2528
SPT35529	SPT35571	0.248
SPT35529	SPT35349	0.25446
SPT35529	SPT35351	0.24504
SPT35529	SPT35418	0.23882
SPT35529	SPT35419	0.236
SPT35529	SPT35566	0.24584
SPT35529	SPT35567	0.24232
SPT35529	SPT35420	0.24001
SPT35529	SPT35423	0.23892
SPT35529	SPT35564	0.25573
SPT35529	SPT35352	0.24342
SPT35529	SPT35424	0.25366
SPT35529	SPT35357	0.23731
SPT35529	SPT35437	0.23786
SPT35529	SPT35563	0.23785
SPT35529	SPT35308	0.25502
SPT35529	SPT35425	0.24236
SPT35529	SPT35440	0.25963
SPT35529	SPT35354	0.25225
SPT35529	SPT35309	0.23392
SPT35529	SPT35310	0.23514
SPT35529	SPT35355	0.24396
SPT35529	SPT35332	0.22821
SPT35529	SPT35333	0.2407
SPT35529	SPT35561	0.24943
SPT35529	SPT35363	0.23866
SPT35529	SPT35427	0.24473
SPT35529	SPT35752	0.23782
SPT35529	SPT35430	0.2455
SPT35529	SPT35431	0.24133
SPT35529	SPT35313	0.2449
SPT35529	SPT35780	0.2401
SPT35529	SPT35315	0.23558
SPT35529	SPT35316	0.23887
SPT35529	SPT35317	0.23705
SPT35529	SPT35334	0.24974
SPT35529	SPT35543	0.23928
SPT35517	SPT35516	0.47609
SPT35517	SPT35360	0.23261
SPT35517	SPT35515	0.50679
SPT35517	SPT35518	0.24163
SPT35517	SPT35475	0.24817
SPT35517	SPT35520	0.22555
SPT35517	SPT35324	0.24294
SPT35517	SPT35476	0.53805
SPT35517	SPT35485	0.24307
SPT35517	SPT35389	0.24003
SPT35517	SPT35487	0.50639
SPT35517	SPT35369	0.23219
SPT35517	SPT35370	0.25567
SPT35517	SPT35382	0.2435
SPT35517	SPT35521	0.23875
SPT35517	SPT35553	0.22907
SPT35517	SPT35532	0.48884
SPT35517	SPT35384	0.2331
SPT35517	SPT35522	0.24561
SPT35517	SPT35361	0.23698
SPT35517	SPT35342	0.23267
SPT35517	SPT35556	0.23729
SPT35517	SPT35557	0.23661
SPT35517	SPT35328	0.24413
SPT35517	SPT35592	0.259
SPT35517	SPT35435	0.47523
SPT35517	SPT35304	0.2398
SPT35517	SPT35390	0.24266
SPT35517	SPT35436	0.23669
SPT35517	SPT35580	0.23482
SPT35517	SPT35538	0.2269
SPT35517	SPT35537	0.22953
SPT35517	SPT35320	0.23281
SPT35517	SPT35541	0.23712
SPT35517	SPT35673	0.23796
SPT35517	SPT35502	0.22831
SPT35517	SPT35330	0.2243
SPT35517	SPT35546	0.23471
SPT35517	SPT35547	0.23911
SPT35517	SPT35544	0.23056
SPT35517	SPT35362	0.23071
SPT35517	SPT35499	0.24398
SPT35517	SPT35336	0.23326
SPT35517	SPT35577	0.23275
SPT35517	SPT35325	0.2324
SPT35517	SPT35331	0.23455
SPT35517	SPT35337	0.2359
SPT35517	SPT35306	0.23915
SPT35517	SPT35407	0.25006
SPT35517	SPT35346	0.23781
SPT35517	SPT35405	0.25335
SPT35517	SPT35410	0.23074
SPT35517	SPT35575	0.22866
SPT35517	SPT35576	0.24153
SPT35517	SPT35766	0.23656
SPT35517	SPT35347	0.23326
SPT35517	SPT35412	0.22623
SPT35517	SPT35414	0.23905
SPT35517	SPT35348	0.24262
SPT35517	SPT35417	0.24099
SPT35517	SPT35571	0.22394
SPT35517	SPT35349	0.23753
SPT35517	SPT35351	0.24089
SPT35517	SPT35418	0.23221
SPT35517	SPT35419	0.24647
SPT35517	SPT35566	0.24928
SPT35517	SPT35567	0.23017
SPT35517	SPT35420	0.22707
SPT35517	SPT35423	0.23748
SPT35517	SPT35564	0.23081
SPT35517	SPT35352	0.24351
SPT35517	SPT35424	0.24436
SPT35517	SPT35357	0.22326
SPT35517	SPT35437	0.37543
SPT35517	SPT35563	0.23127
SPT35517	SPT35308	0.24014
SPT35517	SPT35425	0.2368
SPT35517	SPT35440	0.2306
SPT35517	SPT35354	0.23424
SPT35517	SPT35309	0.23518
SPT35517	SPT35310	0.23325
SPT35517	SPT35355	0.23735
SPT35517	SPT35332	0.22876
SPT35517	SPT35333	0.23635
SPT35517	SPT35561	0.26333
SPT35517	SPT35363	0.25572
SPT35517	SPT35427	0.22757
SPT35517	SPT35752	0.23329
SPT35517	SPT35430	0.22928
SPT35517	SPT35431	0.24312
SPT35517	SPT35313	0.22626
SPT35517	SPT35780	0.23276
SPT35517	SPT35315	0.22915
SPT35517	SPT35316	0.23339
SPT35517	SPT35317	0.24021
SPT35517	SPT35334	0.23605
SPT35517	SPT35543	0.23465
SPT35516	SPT35360	0.24171
SPT35516	SPT35515	0.47217
SPT35516	SPT35518	0.23705
SPT35516	SPT35475	0.25167
SPT35516	SPT35520	0.2315
SPT35516	SPT35324	0.23828
SPT35516	SPT35476	0.39958
SPT35516	SPT35485	0.24794
SPT35516	SPT35389	0.24711
SPT35516	SPT35487	0.50651
SPT35516	SPT35369	0.23268
SPT35516	SPT35370	0.24186
SPT35516	SPT35382	0.23662
SPT35516	SPT35521	0.24763
SPT35516	SPT35553	0.23749
SPT35516	SPT35532	0.45192
SPT35516	SPT35384	0.23128
SPT35516	SPT35522	0.23838
SPT35516	SPT35361	0.24078
SPT35516	SPT35342	0.23464
SPT35516	SPT35556	0.24078
SPT35516	SPT35557	0.24362
SPT35516	SPT35328	0.23107
SPT35516	SPT35592	0.27059
SPT35516	SPT35435	0.56698
SPT35516	SPT35304	0.24119
SPT35516	SPT35390	0.24366
SPT35516	SPT35436	0.23271
SPT35516	SPT35580	0.23279
SPT35516	SPT35538	0.23731
SPT35516	SPT35537	0.23693
SPT35516	SPT35320	0.23682
SPT35516	SPT35541	0.23654
SPT35516	SPT35673	0.23499
SPT35516	SPT35502	0.23266
SPT35516	SPT35330	0.23562
SPT35516	SPT35546	0.23938
SPT35516	SPT35547	0.24051
SPT35516	SPT35544	0.23662
SPT35516	SPT35362	0.23682
SPT35516	SPT35499	0.24463
SPT35516	SPT35336	0.23352
SPT35516	SPT35577	0.24332
SPT35516	SPT35325	0.22693
SPT35516	SPT35331	0.23979
SPT35516	SPT35337	0.23758
SPT35516	SPT35306	0.24867
SPT35516	SPT35407	0.25176
SPT35516	SPT35346	0.24481
SPT35516	SPT35405	0.25458
SPT35516	SPT35410	0.23683
SPT35516	SPT35575	0.23612
SPT35516	SPT35576	0.23952
SPT35516	SPT35766	0.23935
SPT35516	SPT35347	0.24156
SPT35516	SPT35412	0.22292
SPT35516	SPT35414	0.24259
SPT35516	SPT35348	0.24073
SPT35516	SPT35417	0.24259
SPT35516	SPT35571	0.23233
SPT35516	SPT35349	0.24278
SPT35516	SPT35351	0.24315
SPT35516	SPT35418	0.23328
SPT35516	SPT35419	0.2457
SPT35516	SPT35566	0.25073
SPT35516	SPT35567	0.23582
SPT35516	SPT35420	0.23572
SPT35516	SPT35423	0.23627
SPT35516	SPT35564	0.23605
SPT35516	SPT35352	0.23766
SPT35516	SPT35424	0.24595
SPT35516	SPT35357	0.22747
SPT35516	SPT35437	0.34728
SPT35516	SPT35563	0.23566
SPT35516	SPT35308	0.24375
SPT35516	SPT35425	0.23981
SPT35516	SPT35440	0.23934
SPT35516	SPT35354	0.235
SPT35516	SPT35309	0.23747
SPT35516	SPT35310	0.239
SPT35516	SPT35355	0.23409
SPT35516	SPT35332	0.22302
SPT35516	SPT35333	0.22927
SPT35516	SPT35561	0.27755
SPT35516	SPT35363	0.25279
SPT35516	SPT35427	0.23708
SPT35516	SPT35752	0.23897
SPT35516	SPT35430	0.23008
SPT35516	SPT35431	0.23948
SPT35516	SPT35313	0.2373
SPT35516	SPT35780	0.2344
SPT35516	SPT35315	0.24004
SPT35516	SPT35316	0.23955
SPT35516	SPT35317	0.24532
SPT35516	SPT35334	0.2393
SPT35516	SPT35543	0.23923
SPT35360	SPT35515	0.23443
SPT35360	SPT35518	0.23227
SPT35360	SPT35475	0.24192
SPT35360	SPT35520	0.22648
SPT35360	SPT35324	0.24597
SPT35360	SPT35476	0.23701
SPT35360	SPT35485	0.23389
SPT35360	SPT35389	0.23618
SPT35360	SPT35487	0.239
SPT35360	SPT35369	0.24373
SPT35360	SPT35370	0.25494
SPT35360	SPT35382	0.24536
SPT35360	SPT35521	0.2292
SPT35360	SPT35553	0.23882
SPT35360	SPT35532	0.24054
SPT35360	SPT35384	0.25989
SPT35360	SPT35522	0.25681
SPT35360	SPT35361	0.23354
SPT35360	SPT35342	0.23341
SPT35360	SPT35556	0.23725
SPT35360	SPT35557	0.23981
SPT35360	SPT35328	0.24384
SPT35360	SPT35592	0.2224
SPT35360	SPT35435	0.23359
SPT35360	SPT35304	0.23529
SPT35360	SPT35390	0.26457
SPT35360	SPT35436	0.24576
SPT35360	SPT35580	0.22494
SPT35360	SPT35538	0.22783
SPT35360	SPT35537	0.22273
SPT35360	SPT35320	0.24705
SPT35360	SPT35541	0.23256
SPT35360	SPT35673	0.22935
SPT35360	SPT35502	0.2348
SPT35360	SPT35330	0.24074
SPT35360	SPT35546	0.23004
SPT35360	SPT35547	0.2348
SPT35360	SPT35544	0.24276
SPT35360	SPT35362	0.22865
SPT35360	SPT35499	0.22279
SPT35360	SPT35336	0.25586
SPT35360	SPT35577	0.24017
SPT35360	SPT35325	0.23139
SPT35360	SPT35331	0.24515
SPT35360	SPT35337	0.25273
SPT35360	SPT35306	0.24392
SPT35360	SPT35407	0.3136
SPT35360	SPT35346	0.24314
SPT35360	SPT35405	0.30834
SPT35360	SPT35410	0.24459
SPT35360	SPT35575	0.22701
SPT35360	SPT35576	0.30422
SPT35360	SPT35766	0.2352
SPT35360	SPT35347	0.81641
SPT35360	SPT35412	0.24658
SPT35360	SPT35414	0.2459
SPT35360	SPT35348	0.24411
SPT35360	SPT35417	0.24721
SPT35360	SPT35571	0.23391
SPT35360	SPT35349	0.2365
SPT35360	SPT35351	0.24
SPT35360	SPT35418	0.25105
SPT35360	SPT35419	0.30552
SPT35360	SPT35566	0.28481
SPT35360	SPT35567	0.23864
SPT35360	SPT35420	0.22605
SPT35360	SPT35423	0.22923
SPT35360	SPT35564	0.2372
SPT35360	SPT35352	0.24012
SPT35360	SPT35424	0.2186
SPT35360	SPT35357	0.24798
SPT35360	SPT35437	0.22615
SPT35360	SPT35563	0.24006
SPT35360	SPT35308	0.23626
SPT35360	SPT35425	0.23435
SPT35360	SPT35440	0.23658
SPT35360	SPT35354	0.25825
SPT35360	SPT35309	0.23821
SPT35360	SPT35310	0.23875
SPT35360	SPT35355	0.25941
SPT35360	SPT35332	0.23439
SPT35360	SPT35333	0.23182
SPT35360	SPT35561	0.23062
SPT35360	SPT35363	0.23746
SPT35360	SPT35427	0.24497
SPT35360	SPT35752	0.23582
SPT35360	SPT35430	0.23768
SPT35360	SPT35431	0.24227
SPT35360	SPT35313	0.24245
SPT35360	SPT35780	0.22783
SPT35360	SPT35315	0.25349
SPT35360	SPT35316	0.24654
SPT35360	SPT35317	0.27631
SPT35360	SPT35334	0.24442
SPT35360	SPT35543	0.24159
SPT35515	SPT35518	0.23895
SPT35515	SPT35475	0.2569
SPT35515	SPT35520	0.22586
SPT35515	SPT35324	0.23881
SPT35515	SPT35476	0.47567
SPT35515	SPT35485	0.23611
SPT35515	SPT35389	0.24042
SPT35515	SPT35487	0.49866
SPT35515	SPT35369	0.23243
SPT35515	SPT35370	0.24198
SPT35515	SPT35382	0.23439
SPT35515	SPT35521	0.23585
SPT35515	SPT35553	0.23889
SPT35515	SPT35532	0.46278
SPT35515	SPT35384	0.22752
SPT35515	SPT35522	0.2363
SPT35515	SPT35361	0.24301
SPT35515	SPT35342	0.22984
SPT35515	SPT35556	0.23109
SPT35515	SPT35557	0.24085
SPT35515	SPT35328	0.23558
SPT35515	SPT35592	0.26872
SPT35515	SPT35435	0.51072
SPT35515	SPT35304	0.22658
SPT35515	SPT35390	0.23608
SPT35515	SPT35436	0.23127
SPT35515	SPT35580	0.24064
SPT35515	SPT35538	0.23368
SPT35515	SPT35537	0.23791
SPT35515	SPT35320	0.22704
SPT35515	SPT35541	0.22526
SPT35515	SPT35673	0.23644
SPT35515	SPT35502	0.23093
SPT35515	SPT35330	0.23543
SPT35515	SPT35546	0.22641
SPT35515	SPT35547	0.23154
SPT35515	SPT35544	0.23123
SPT35515	SPT35362	0.23086
SPT35515	SPT35499	0.23177
SPT35515	SPT35336	0.22934
SPT35515	SPT35577	0.22999
SPT35515	SPT35325	0.22957
SPT35515	SPT35331	0.23254
SPT35515	SPT35337	0.24547
SPT35515	SPT35306	0.24313
SPT35515	SPT35407	0.25284
SPT35515	SPT35346	0.24069
SPT35515	SPT35405	0.24999
SPT35515	SPT35410	0.23694
SPT35515	SPT35575	0.23476
SPT35515	SPT35576	0.24061
SPT35515	SPT35766	0.23503
SPT35515	SPT35347	0.23427
SPT35515	SPT35412	0.22498
SPT35515	SPT35414	0.22805
SPT35515	SPT35348	0.23962
SPT35515	SPT35417	0.23094
SPT35515	SPT35571	0.21785
SPT35515	SPT35349	0.23286
SPT35515	SPT35351	0.24084
SPT35515	SPT35418	0.23113
SPT35515	SPT35419	0.24626
SPT35515	SPT35566	0.25231
SPT35515	SPT35567	0.23032
SPT35515	SPT35420	0.22632
SPT35515	SPT35423	0.23977
SPT35515	SPT35564	0.23171
SPT35515	SPT35352	0.24474
SPT35515	SPT35424	0.24114
SPT35515	SPT35357	0.22687
SPT35515	SPT35437	0.35604
SPT35515	SPT35563	0.22804
SPT35515	SPT35308	0.23071
SPT35515	SPT35425	0.243
SPT35515	SPT35440	0.23196
SPT35515	SPT35354	0.22762
SPT35515	SPT35309	0.22206
SPT35515	SPT35310	0.22404
SPT35515	SPT35355	0.23094
SPT35515	SPT35332	0.22875
SPT35515	SPT35333	0.24351
SPT35515	SPT35561	0.27514
SPT35515	SPT35363	0.25195
SPT35515	SPT35427	0.23159
SPT35515	SPT35752	0.23902
SPT35515	SPT35430	0.22611
SPT35515	SPT35431	0.24221
SPT35515	SPT35313	0.23633
SPT35515	SPT35780	0.2285
SPT35515	SPT35315	0.23793
SPT35515	SPT35316	0.23787
SPT35515	SPT35317	0.24657
SPT35515	SPT35334	0.24808
SPT35515	SPT35543	0.22888
SPT35518	SPT35475	0.2291
SPT35518	SPT35520	0.23604
SPT35518	SPT35324	0.22745
SPT35518	SPT35476	0.24446
SPT35518	SPT35485	0.24289
SPT35518	SPT35389	0.23481
SPT35518	SPT35487	0.23563
SPT35518	SPT35369	0.22339
SPT35518	SPT35370	0.23322
SPT35518	SPT35382	0.23361
SPT35518	SPT35521	0.24368
SPT35518	SPT35553	0.24311
SPT35518	SPT35532	0.23361
SPT35518	SPT35384	0.22247
SPT35518	SPT35522	0.23567
SPT35518	SPT35361	0.24162
SPT35518	SPT35342	0.23577
SPT35518	SPT35556	0.23661
SPT35518	SPT35557	0.2363
SPT35518	SPT35328	0.23508
SPT35518	SPT35592	0.23848
SPT35518	SPT35435	0.23599
SPT35518	SPT35304	0.23835
SPT35518	SPT35390	0.22539
SPT35518	SPT35436	0.22623
SPT35518	SPT35580	0.22991
SPT35518	SPT35538	0.22796
SPT35518	SPT35537	0.22921
SPT35518	SPT35320	0.22423
SPT35518	SPT35541	0.2253
SPT35518	SPT35673	0.22359
SPT35518	SPT35502	0.22623
SPT35518	SPT35330	0.23581
SPT35518	SPT35546	0.22681
SPT35518	SPT35547	0.23449
SPT35518	SPT35544	0.23227
SPT35518	SPT35362	0.23335
SPT35518	SPT35499	0.23805
SPT35518	SPT35336	0.22352
SPT35518	SPT35577	0.22954
SPT35518	SPT35325	0.22582
SPT35518	SPT35331	0.23955
SPT35518	SPT35337	0.23317
SPT35518	SPT35306	0.23294
SPT35518	SPT35407	0.22773
SPT35518	SPT35346	0.22966
SPT35518	SPT35405	0.23047
SPT35518	SPT35410	0.23003
SPT35518	SPT35575	0.23242
SPT35518	SPT35576	0.23103
SPT35518	SPT35766	0.22499
SPT35518	SPT35347	0.23296
SPT35518	SPT35412	0.22886
SPT35518	SPT35414	0.24013
SPT35518	SPT35348	0.21986
SPT35518	SPT35417	0.23703
SPT35518	SPT35571	0.23884
SPT35518	SPT35349	0.22129
SPT35518	SPT35351	0.22209
SPT35518	SPT35418	0.22919
SPT35518	SPT35419	0.22509
SPT35518	SPT35566	0.2357
SPT35518	SPT35567	0.23615
SPT35518	SPT35420	0.22701
SPT35518	SPT35423	0.22189
SPT35518	SPT35564	0.23549
SPT35518	SPT35352	0.231
SPT35518	SPT35424	0.22469
SPT35518	SPT35357	0.23592
SPT35518	SPT35437	0.23672
SPT35518	SPT35563	0.2382
SPT35518	SPT35308	0.23659
SPT35518	SPT35425	0.23866
SPT35518	SPT35440	0.23399
SPT35518	SPT35354	0.22526
SPT35518	SPT35309	0.21914
SPT35518	SPT35310	0.21872
SPT35518	SPT35355	0.23198
SPT35518	SPT35332	0.22616
SPT35518	SPT35333	0.23701
SPT35518	SPT35561	0.23787
SPT35518	SPT35363	0.24248
SPT35518	SPT35427	0.232
SPT35518	SPT35752	0.22724
SPT35518	SPT35430	0.23858
SPT35518	SPT35431	0.23243
SPT35518	SPT35313	0.24272
SPT35518	SPT35780	0.22557
SPT35518	SPT35315	0.22467
SPT35518	SPT35316	0.22353
SPT35518	SPT35317	0.22421
SPT35518	SPT35334	0.23135
SPT35518	SPT35543	0.22775
SPT35475	SPT35520	0.23686
SPT35475	SPT35324	0.23748
SPT35475	SPT35476	0.25204
SPT35475	SPT35485	0.23685
SPT35475	SPT35389	0.24815
SPT35475	SPT35487	0.26114
SPT35475	SPT35369	0.24418
SPT35475	SPT35370	0.25329
SPT35475	SPT35382	0.25813
SPT35475	SPT35521	0.24439
SPT35475	SPT35553	0.24451
SPT35475	SPT35532	0.25721
SPT35475	SPT35384	0.2462
SPT35475	SPT35522	0.24264
SPT35475	SPT35361	0.24577
SPT35475	SPT35342	0.23789
SPT35475	SPT35556	0.23937
SPT35475	SPT35557	0.23734
SPT35475	SPT35328	0.22886
SPT35475	SPT35592	0.24552
SPT35475	SPT35435	0.25952
SPT35475	SPT35304	0.25292
SPT35475	SPT35390	0.25383
SPT35475	SPT35436	0.24656
SPT35475	SPT35580	0.23703
SPT35475	SPT35538	0.25104
SPT35475	SPT35537	0.24882
SPT35475	SPT35320	0.24115
SPT35475	SPT35541	0.23279
SPT35475	SPT35673	0.23672
SPT35475	SPT35502	0.23577
SPT35475	SPT35330	0.24506
SPT35475	SPT35546	0.24324
SPT35475	SPT35547	0.24618
SPT35475	SPT35544	0.24644
SPT35475	SPT35362	0.24725
SPT35475	SPT35499	0.23597
SPT35475	SPT35336	0.2458
SPT35475	SPT35577	0.2421
SPT35475	SPT35325	0.23097
SPT35475	SPT35331	0.24614
SPT35475	SPT35337	0.25293
SPT35475	SPT35306	0.25479
SPT35475	SPT35407	0.24307
SPT35475	SPT35346	0.24132
SPT35475	SPT35405	0.24388
SPT35475	SPT35410	0.24057
SPT35475	SPT35575	0.24835
SPT35475	SPT35576	0.24391
SPT35475	SPT35766	0.24827
SPT35475	SPT35347	0.24226
SPT35475	SPT35412	0.23195
SPT35475	SPT35414	0.24683
SPT35475	SPT35348	0.24804
SPT35475	SPT35417	0.25057
SPT35475	SPT35571	0.24333
SPT35475	SPT35349	0.25679
SPT35475	SPT35351	0.24537
SPT35475	SPT35418	0.23697
SPT35475	SPT35419	0.23556
SPT35475	SPT35566	0.24114
SPT35475	SPT35567	0.24101
SPT35475	SPT35420	0.24129
SPT35475	SPT35423	0.23815
SPT35475	SPT35564	0.25388
SPT35475	SPT35352	0.2418
SPT35475	SPT35424	0.25237
SPT35475	SPT35357	0.23782
SPT35475	SPT35437	0.24005
SPT35475	SPT35563	0.23828
SPT35475	SPT35308	0.2517
SPT35475	SPT35425	0.23844
SPT35475	SPT35440	0.25409
SPT35475	SPT35354	0.2552
SPT35475	SPT35309	0.23505
SPT35475	SPT35310	0.23319
SPT35475	SPT35355	0.24284
SPT35475	SPT35332	0.22953
SPT35475	SPT35333	0.24257
SPT35475	SPT35561	0.24645
SPT35475	SPT35363	0.24095
SPT35475	SPT35427	0.2411
SPT35475	SPT35752	0.23623
SPT35475	SPT35430	0.2443
SPT35475	SPT35431	0.23988
SPT35475	SPT35313	0.24233
SPT35475	SPT35780	0.23705
SPT35475	SPT35315	0.23827
SPT35475	SPT35316	0.2423
SPT35475	SPT35317	0.23846
SPT35475	SPT35334	0.25072
SPT35475	SPT35543	0.23374
SPT35520	SPT35324	0.23925
SPT35520	SPT35476	0.23664
SPT35520	SPT35485	0.23008
SPT35520	SPT35389	0.22557
SPT35520	SPT35487	0.22879
SPT35520	SPT35369	0.22449
SPT35520	SPT35370	0.22727
SPT35520	SPT35382	0.23289
SPT35520	SPT35521	0.23324
SPT35520	SPT35553	0.23203
SPT35520	SPT35532	0.22529
SPT35520	SPT35384	0.22876
SPT35520	SPT35522	0.23465
SPT35520	SPT35361	0.23472
SPT35520	SPT35342	0.22794
SPT35520	SPT35556	0.22726
SPT35520	SPT35557	0.22968
SPT35520	SPT35328	0.22403
SPT35520	SPT35592	0.23031
SPT35520	SPT35435	0.22918
SPT35520	SPT35304	0.21426
SPT35520	SPT35390	0.22027
SPT35520	SPT35436	0.22958
SPT35520	SPT35580	0.23215
SPT35520	SPT35538	0.2247
SPT35520	SPT35537	0.22729
SPT35520	SPT35320	0.22478
SPT35520	SPT35541	0.23515
SPT35520	SPT35673	0.2188
SPT35520	SPT35502	0.23042
SPT35520	SPT35330	0.23711
SPT35520	SPT35546	0.22893
SPT35520	SPT35547	0.22549
SPT35520	SPT35544	0.23674
SPT35520	SPT35362	0.22022
SPT35520	SPT35499	0.23588
SPT35520	SPT35336	0.2276
SPT35520	SPT35577	0.22312
SPT35520	SPT35325	0.23506
SPT35520	SPT35331	0.23562
SPT35520	SPT35337	0.22712
SPT35520	SPT35306	0.22932
SPT35520	SPT35407	0.24042
SPT35520	SPT35346	0.24118
SPT35520	SPT35405	0.23699
SPT35520	SPT35410	0.23243
SPT35520	SPT35575	0.22263
SPT35520	SPT35576	0.23322
SPT35520	SPT35766	0.23102
SPT35520	SPT35347	0.22622
SPT35520	SPT35412	0.22337
SPT35520	SPT35414	0.22888
SPT35520	SPT35348	0.21938
SPT35520	SPT35417	0.23134
SPT35520	SPT35571	0.23467
SPT35520	SPT35349	0.22865
SPT35520	SPT35351	0.21617
SPT35520	SPT35418	0.23196
SPT35520	SPT35419	0.23345
SPT35520	SPT35566	0.23852
SPT35520	SPT35567	0.23076
SPT35520	SPT35420	0.22722
SPT35520	SPT35423	0.24082
SPT35520	SPT35564	0.22549
SPT35520	SPT35352	0.2402
SPT35520	SPT35424	0.22983
SPT35520	SPT35357	0.22525
SPT35520	SPT35437	0.22779
SPT35520	SPT35563	0.23105
SPT35520	SPT35308	0.21504
SPT35520	SPT35425	0.22772
SPT35520	SPT35440	0.2331
SPT35520	SPT35354	0.22788
SPT35520	SPT35309	0.2341
SPT35520	SPT35310	0.23345
SPT35520	SPT35355	0.22318
SPT35520	SPT35332	0.23366
SPT35520	SPT35333	0.22655
SPT35520	SPT35561	0.23083
SPT35520	SPT35363	0.23128
SPT35520	SPT35427	0.22454
SPT35520	SPT35752	0.22512
SPT35520	SPT35430	0.22782
SPT35520	SPT35431	0.23235
SPT35520	SPT35313	0.23486
SPT35520	SPT35780	0.24109
SPT35520	SPT35315	0.23614
SPT35520	SPT35316	0.2386
SPT35520	SPT35317	0.23231
SPT35520	SPT35334	0.22812
SPT35520	SPT35543	0.23758
SPT35324	SPT35476	0.24142
SPT35324	SPT35485	0.24301
SPT35324	SPT35389	0.2939
SPT35324	SPT35487	0.24336
SPT35324	SPT35369	0.23856
SPT35324	SPT35370	0.25118
SPT35324	SPT35382	0.27384
SPT35324	SPT35521	0.23461
SPT35324	SPT35553	0.23838
SPT35324	SPT35532	0.2402
SPT35324	SPT35384	0.27118
SPT35324	SPT35522	0.24012
SPT35324	SPT35361	0.24286
SPT35324	SPT35342	0.24294
SPT35324	SPT35556	0.23515
SPT35324	SPT35557	0.23944
SPT35324	SPT35328	0.24013
SPT35324	SPT35592	0.2323
SPT35324	SPT35435	0.23878
SPT35324	SPT35304	0.28184
SPT35324	SPT35390	0.25491
SPT35324	SPT35436	0.2321
SPT35324	SPT35580	0.23856
SPT35324	SPT35538	0.23277
SPT35324	SPT35537	0.2309
SPT35324	SPT35320	0.23106
SPT35324	SPT35541	0.22805
SPT35324	SPT35673	0.23169
SPT35324	SPT35502	0.23343
SPT35324	SPT35330	0.23055
SPT35324	SPT35546	0.22878
SPT35324	SPT35547	0.23082
SPT35324	SPT35544	0.23021
SPT35324	SPT35362	0.2253
SPT35324	SPT35499	0.23458
SPT35324	SPT35336	0.26629
SPT35324	SPT35577	0.2299
SPT35324	SPT35325	0.23086
SPT35324	SPT35331	0.24152
SPT35324	SPT35337	0.22931000000000001
SPT35324	SPT35306	0.24755
SPT35324	SPT35407	0.24385
SPT35324	SPT35346	0.23961
SPT35324	SPT35405	0.24103
SPT35324	SPT35410	0.24414
SPT35324	SPT35575	0.23385
SPT35324	SPT35576	0.24327
SPT35324	SPT35766	0.23463
SPT35324	SPT35347	0.24624
SPT35324	SPT35412	0.22574
SPT35324	SPT35414	0.23285
SPT35324	SPT35348	0.24258
SPT35324	SPT35417	0.23202
SPT35324	SPT35571	0.22662
SPT35324	SPT35349	0.23386
SPT35324	SPT35351	0.26456
SPT35324	SPT35418	0.23319
SPT35324	SPT35419	0.24176
SPT35324	SPT35566	0.24679
SPT35324	SPT35567	0.22786
SPT35324	SPT35420	0.21784
SPT35324	SPT35423	0.22972
SPT35324	SPT35564	0.23348
SPT35324	SPT35352	0.22892
SPT35324	SPT35424	0.23059
SPT35324	SPT35357	0.23762
SPT35324	SPT35437	0.23079
SPT35324	SPT35563	0.22844
SPT35324	SPT35308	0.27815
SPT35324	SPT35425	0.22904
SPT35324	SPT35440	0.23241
SPT35324	SPT35354	0.269
SPT35324	SPT35309	0.24601
SPT35324	SPT35310	0.24207
SPT35324	SPT35355	0.24256
SPT35324	SPT35332	0.23444
SPT35324	SPT35333	0.2331
SPT35324	SPT35561	0.23341
SPT35324	SPT35363	0.24259
SPT35324	SPT35427	0.23206
SPT35324	SPT35752	0.2241
SPT35324	SPT35430	0.2277
SPT35324	SPT35431	0.24013
SPT35324	SPT35313	0.24055
SPT35324	SPT35780	0.236
SPT35324	SPT35315	0.28222
SPT35324	SPT35316	0.25627
SPT35324	SPT35317	0.22975
SPT35324	SPT35334	0.23125
SPT35324	SPT35543	0.23791
SPT35476	SPT35485	0.24897
SPT35476	SPT35389	0.24104
SPT35476	SPT35487	0.41576
SPT35476	SPT35369	0.23388
SPT35476	SPT35370	0.25266
SPT35476	SPT35382	0.24139
SPT35476	SPT35521	0.24881
SPT35476	SPT35553	0.22831
SPT35476	SPT35532	0.49055
SPT35476	SPT35384	0.2389
SPT35476	SPT35522	0.23828
SPT35476	SPT35361	0.23497
SPT35476	SPT35342	0.22645
SPT35476	SPT35556	0.24057
SPT35476	SPT35557	0.24877
SPT35476	SPT35328	0.23255
SPT35476	SPT35592	0.26016
SPT35476	SPT35435	0.45759
SPT35476	SPT35304	0.24509
SPT35476	SPT35390	0.23883
SPT35476	SPT35436	0.22776
SPT35476	SPT35580	0.23529
SPT35476	SPT35538	0.23029
SPT35476	SPT35537	0.22942
SPT35476	SPT35320	0.23873
SPT35476	SPT35541	0.23673
SPT35476	SPT35673	0.24919
SPT35476	SPT35502	0.22467
SPT35476	SPT35330	0.23623
SPT35476	SPT35546	0.2368
SPT35476	SPT35547	0.23852
SPT35476	SPT35544	0.23779
SPT35476	SPT35362	0.23926
SPT35476	SPT35499	0.24697
SPT35476	SPT35336	0.24056
SPT35476	SPT35577	0.23073
SPT35476	SPT35325	0.22777
SPT35476	SPT35331	0.23505
SPT35476	SPT35337	0.23351
SPT35476	SPT35306	0.23792
SPT35476	SPT35407	0.25202
SPT35476	SPT35346	0.24287
SPT35476	SPT35405	0.2538
SPT35476	SPT35410	0.2418
SPT35476	SPT35575	0.22225
SPT35476	SPT35576	0.24062
SPT35476	SPT35766	0.24142
SPT35476	SPT35347	0.23728
SPT35476	SPT35412	0.2376
SPT35476	SPT35414	0.25763
SPT35476	SPT35348	0.24707
SPT35476	SPT35417	0.25687
SPT35476	SPT35571	0.23371
SPT35476	SPT35349	0.2287
SPT35476	SPT35351	0.24055
SPT35476	SPT35418	0.23586
SPT35476	SPT35419	0.24652
SPT35476	SPT35566	0.25375
SPT35476	SPT35567	0.22972
SPT35476	SPT35420	0.23364
SPT35476	SPT35423	0.22888
SPT35476	SPT35564	0.23717
SPT35476	SPT35352	0.23897
SPT35476	SPT35424	0.24388
SPT35476	SPT35357	0.2315
SPT35476	SPT35437	0.39674
SPT35476	SPT35563	0.22635
SPT35476	SPT35308	0.24705
SPT35476	SPT35425	0.24387
SPT35476	SPT35440	0.24361
SPT35476	SPT35354	0.22984
SPT35476	SPT35309	0.2371
SPT35476	SPT35310	0.23911
SPT35476	SPT35355	0.24255
SPT35476	SPT35332	0.22287
SPT35476	SPT35333	0.23801
SPT35476	SPT35561	0.26822
SPT35476	SPT35363	0.24489
SPT35476	SPT35427	0.23579
SPT35476	SPT35752	0.24683
SPT35476	SPT35430	0.23991
SPT35476	SPT35431	0.25043
SPT35476	SPT35313	0.23156
SPT35476	SPT35780	0.24365
SPT35476	SPT35315	0.24418
SPT35476	SPT35316	0.2372
SPT35476	SPT35317	0.23889
SPT35476	SPT35334	0.23132
SPT35476	SPT35543	0.24637
SPT35485	SPT35389	0.24761
SPT35485	SPT35487	0.2408
SPT35485	SPT35369	0.23367
SPT35485	SPT35370	0.23832
SPT35485	SPT35382	0.23753
SPT35485	SPT35521	0.72874
SPT35485	SPT35553	0.2355
SPT35485	SPT35532	0.24646
SPT35485	SPT35384	0.23671
SPT35485	SPT35522	0.23478
SPT35485	SPT35361	0.24566
SPT35485	SPT35342	0.23433
SPT35485	SPT35556	0.23857
SPT35485	SPT35557	0.2378
SPT35485	SPT35328	0.23042
SPT35485	SPT35592	0.23126
SPT35485	SPT35435	0.24084
SPT35485	SPT35304	0.23443
SPT35485	SPT35390	0.23442
SPT35485	SPT35436	0.22603
SPT35485	SPT35580	0.2245
SPT35485	SPT35538	0.22826
SPT35485	SPT35537	0.232
SPT35485	SPT35320	0.2218
SPT35485	SPT35541	0.22074
SPT35485	SPT35673	0.22502
SPT35485	SPT35502	0.24031
SPT35485	SPT35330	0.2276
SPT35485	SPT35546	0.24316
SPT35485	SPT35547	0.23676
SPT35485	SPT35544	0.23455
SPT35485	SPT35362	0.23602
SPT35485	SPT35499	0.22498
SPT35485	SPT35336	0.23669
SPT35485	SPT35577	0.23127
SPT35485	SPT35325	0.22757
SPT35485	SPT35331	0.22249
SPT35485	SPT35337	0.23362
SPT35485	SPT35306	0.23755
SPT35485	SPT35407	0.23085
SPT35485	SPT35346	0.22507
SPT35485	SPT35405	0.23452
SPT35485	SPT35410	0.22883
SPT35485	SPT35575	0.23375
SPT35485	SPT35576	0.23638
SPT35485	SPT35766	0.23601
SPT35485	SPT35347	0.23422
SPT35485	SPT35412	0.23134
SPT35485	SPT35414	0.24455
SPT35485	SPT35348	0.23672
SPT35485	SPT35417	0.2435
SPT35485	SPT35571	0.22971
SPT35485	SPT35349	0.22663
SPT35485	SPT35351	0.23785
SPT35485	SPT35418	0.2298
SPT35485	SPT35419	0.23248
SPT35485	SPT35566	0.24078
SPT35485	SPT35567	0.22815
SPT35485	SPT35420	0.23486
SPT35485	SPT35423	0.22853
SPT35485	SPT35564	0.24657
SPT35485	SPT35352	0.23451
SPT35485	SPT35424	0.23553
SPT35485	SPT35357	0.23071
SPT35485	SPT35437	0.23812
SPT35485	SPT35563	0.23148
SPT35485	SPT35308	0.23464
SPT35485	SPT35425	0.24396
SPT35485	SPT35440	0.23718
SPT35485	SPT35354	0.24225
SPT35485	SPT35309	0.23558
SPT35485	SPT35310	0.23541
SPT35485	SPT35355	0.22892
SPT35485	SPT35332	0.23143
SPT35485	SPT35333	0.24021
SPT35485	SPT35561	0.23301
SPT35485	SPT35363	0.23988
SPT35485	SPT35427	0.2333
SPT35485	SPT35752	0.22871
SPT35485	SPT35430	0.24449
SPT35485	SPT35431	0.24491
SPT35485	SPT35313	0.22707
SPT35485	SPT35780	0.22884
SPT35485	SPT35315	0.23203
SPT35485	SPT35316	0.22832
SPT35485	SPT35317	0.2455
SPT35485	SPT35334	0.23581
SPT35485	SPT35543	0.23958
SPT35389	SPT35487	0.24626
SPT35389	SPT35369	0.2307
SPT35389	SPT35370	0.23281
SPT35389	SPT35382	0.24258
SPT35389	SPT35521	0.23948
SPT35389	SPT35553	0.24221
SPT35389	SPT35532	0.23977
SPT35389	SPT35384	0.23579
SPT35389	SPT35522	0.2364
SPT35389	SPT35361	0.24497
SPT35389	SPT35342	0.22698
SPT35389	SPT35556	0.22454
SPT35389	SPT35557	0.23671
SPT35389	SPT35328	0.22295
SPT35389	SPT35592	0.22604
SPT35389	SPT35435	0.24475
SPT35389	SPT35304	0.25808
SPT35389	SPT35390	0.25341
SPT35389	SPT35436	0.22876
SPT35389	SPT35580	0.22898
SPT35389	SPT35538	0.21959
SPT35389	SPT35537	0.21867
SPT35389	SPT35320	0.22627
SPT35389	SPT35541	0.23732
SPT35389	SPT35673	0.22602
SPT35389	SPT35502	0.2302
SPT35389	SPT35330	0.22386
SPT35389	SPT35546	0.22729
SPT35389	SPT35547	0.2299
SPT35389	SPT35544	0.24015
SPT35389	SPT35362	0.23544
SPT35389	SPT35499	0.22796
SPT35389	SPT35336	0.23385
SPT35389	SPT35577	0.23494
SPT35389	SPT35325	0.23376
SPT35389	SPT35331	0.23998
SPT35389	SPT35337	0.24085
SPT35389	SPT35306	0.22998
SPT35389	SPT35407	0.24445
SPT35389	SPT35346	0.2226
SPT35389	SPT35405	0.23341
SPT35389	SPT35410	0.22559
SPT35389	SPT35575	0.22349
SPT35389	SPT35576	0.23543
SPT35389	SPT35766	0.23124
SPT35389	SPT35347	0.23636
SPT35389	SPT35412	0.23345
SPT35389	SPT35414	0.25232
SPT35389	SPT35348	0.24259
SPT35389	SPT35417	0.24931
SPT35389	SPT35571	0.21456
SPT35389	SPT35349	0.23788
SPT35389	SPT35351	0.2368
SPT35389	SPT35418	0.24367
SPT35389	SPT35419	0.2351
SPT35389	SPT35566	0.24727
SPT35389	SPT35567	0.23475
SPT35389	SPT35420	0.22111
SPT35389	SPT35423	0.23337
SPT35389	SPT35564	0.23267
SPT35389	SPT35352	0.22389
SPT35389	SPT35424	0.23084
SPT35389	SPT35357	0.22685
SPT35389	SPT35437	0.23304
SPT35389	SPT35563	0.2352
SPT35389	SPT35308	0.25559
SPT35389	SPT35425	0.24277
SPT35389	SPT35440	0.23472
SPT35389	SPT35354	0.24279
SPT35389	SPT35309	0.25376
SPT35389	SPT35310	0.24819
SPT35389	SPT35355	0.24066
SPT35389	SPT35332	0.23912
SPT35389	SPT35333	0.24104
SPT35389	SPT35561	0.23191
SPT35389	SPT35363	0.22912
SPT35389	SPT35427	0.23106
SPT35389	SPT35752	0.23276
SPT35389	SPT35430	0.23655
SPT35389	SPT35431	0.23497
SPT35389	SPT35313	0.22974
SPT35389	SPT35780	0.24441
SPT35389	SPT35315	0.23305
SPT35389	SPT35316	0.22825
SPT35389	SPT35317	0.22181
SPT35389	SPT35334	0.24244
SPT35389	SPT35543	0.24096
SPT35487	SPT35369	0.23424
SPT35487	SPT35370	0.2458
SPT35487	SPT35382	0.24435
SPT35487	SPT35521	0.23873
SPT35487	SPT35553	0.23598
SPT35487	SPT35532	0.4837
SPT35487	SPT35384	0.23804
SPT35487	SPT35522	0.24805
SPT35487	SPT35361	0.24416
SPT35487	SPT35342	0.23727
SPT35487	SPT35556	0.23858
SPT35487	SPT35557	0.24603
SPT35487	SPT35328	0.25307
SPT35487	SPT35592	0.24584
SPT35487	SPT35435	0.45265
SPT35487	SPT35304	0.24242
SPT35487	SPT35390	0.23743
SPT35487	SPT35436	0.24436
SPT35487	SPT35580	0.22365
SPT35487	SPT35538	0.23407
SPT35487	SPT35537	0.24153
SPT35487	SPT35320	0.23294
SPT35487	SPT35541	0.23141
SPT35487	SPT35673	0.2223
SPT35487	SPT35502	0.23961
SPT35487	SPT35330	0.22135
SPT35487	SPT35546	0.23075
SPT35487	SPT35547	0.23713
SPT35487	SPT35544	0.23898
SPT35487	SPT35362	0.22783
SPT35487	SPT35499	0.23299
SPT35487	SPT35336	0.23693
SPT35487	SPT35577	0.23457
SPT35487	SPT35325	0.23728
SPT35487	SPT35331	0.24099
SPT35487	SPT35337	0.2372
SPT35487	SPT35306	0.24649
SPT35487	SPT35407	0.246
SPT35487	SPT35346	0.2388
SPT35487	SPT35405	0.24365
SPT35487	SPT35410	0.23697
SPT35487	SPT35575	0.24219
SPT35487	SPT35576	0.23792
SPT35487	SPT35766	0.22348
SPT35487	SPT35347	0.23871
SPT35487	SPT35412	0.2259
SPT35487	SPT35414	0.23265
SPT35487	SPT35348	0.23922
SPT35487	SPT35417	0.23774
SPT35487	SPT35571	0.2254
SPT35487	SPT35349	0.24319
SPT35487	SPT35351	0.24507
SPT35487	SPT35418	0.23834
SPT35487	SPT35419	0.24754
SPT35487	SPT35566	0.25811
SPT35487	SPT35567	0.22966
SPT35487	SPT35420	0.23352
SPT35487	SPT35423	0.23498
SPT35487	SPT35564	0.23076
SPT35487	SPT35352	0.24621
SPT35487	SPT35424	0.24685000000000001
SPT35487	SPT35357	0.22268
SPT35487	SPT35437	0.27355
SPT35487	SPT35563	0.22915
SPT35487	SPT35308	0.24302
SPT35487	SPT35425	0.23828
SPT35487	SPT35440	0.22433
SPT35487	SPT35354	0.24005
SPT35487	SPT35309	0.23723
SPT35487	SPT35310	0.23592
SPT35487	SPT35355	0.22794
SPT35487	SPT35332	0.23944
SPT35487	SPT35333	0.249
SPT35487	SPT35561	0.24958
SPT35487	SPT35363	0.25057
SPT35487	SPT35427	0.23353
SPT35487	SPT35752	0.24079
SPT35487	SPT35430	0.2273
SPT35487	SPT35431	0.23492
SPT35487	SPT35313	0.22788
SPT35487	SPT35780	0.23573
SPT35487	SPT35315	0.24525
SPT35487	SPT35316	0.2371
SPT35487	SPT35317	0.23722
SPT35487	SPT35334	0.23762
SPT35487	SPT35543	0.23265
SPT35369	SPT35370	0.33893
SPT35369	SPT35382	0.24236
SPT35369	SPT35521	0.22649
SPT35369	SPT35553	0.238
SPT35369	SPT35532	0.24459
SPT35369	SPT35384	0.24285
SPT35369	SPT35522	0.24522
SPT35369	SPT35361	0.24979
SPT35369	SPT35342	0.2437
SPT35369	SPT35556	0.22989
SPT35369	SPT35557	0.24776
SPT35369	SPT35328	0.24273
SPT35369	SPT35592	0.2441
SPT35369	SPT35435	0.24516
SPT35369	SPT35304	0.23559
SPT35369	SPT35390	0.24615
SPT35369	SPT35436	0.23302
SPT35369	SPT35580	0.23865
SPT35369	SPT35538	0.23446
SPT35369	SPT35537	0.23955
SPT35369	SPT35320	0.24712
SPT35369	SPT35541	0.23718
SPT35369	SPT35673	0.23258
SPT35369	SPT35502	0.23786
SPT35369	SPT35330	0.24174
SPT35369	SPT35546	0.22898
SPT35369	SPT35547	0.23229
SPT35369	SPT35544	0.24045
SPT35369	SPT35362	0.23692
SPT35369	SPT35499	0.22854
SPT35369	SPT35336	0.23944
SPT35369	SPT35577	0.23405
SPT35369	SPT35325	0.23844
SPT35369	SPT35331	0.23612
SPT35369	SPT35337	0.2566
SPT35369	SPT35306	0.23693
SPT35369	SPT35407	0.26572
SPT35369	SPT35346	0.25214
SPT35369	SPT35405	0.25843
SPT35369	SPT35410	0.23684
SPT35369	SPT35575	0.24605
SPT35369	SPT35576	0.25259
SPT35369	SPT35766	0.22786
SPT35369	SPT35347	0.24355
SPT35369	SPT35412	0.22988
SPT35369	SPT35414	0.23472
SPT35369	SPT35348	0.23527
SPT35369	SPT35417	0.23597
SPT35369	SPT35571	0.22434
SPT35369	SPT35349	0.23774
SPT35369	SPT35351	0.22973
SPT35369	SPT35418	0.25642
SPT35369	SPT35419	0.3118
SPT35369	SPT35566	0.23917
SPT35369	SPT35567	0.23971
SPT35369	SPT35420	0.23433
SPT35369	SPT35423	0.2469
SPT35369	SPT35564	0.23715
SPT35369	SPT35352	0.23988
SPT35369	SPT35424	0.23273
SPT35369	SPT35357	0.2315
SPT35369	SPT35437	0.23681
SPT35369	SPT35563	0.24042
SPT35369	SPT35308	0.23622
SPT35369	SPT35425	0.23411
SPT35369	SPT35440	0.23526
SPT35369	SPT35354	0.24032
SPT35369	SPT35309	0.23033
SPT35369	SPT35310	0.23222
SPT35369	SPT35355	0.24623
SPT35369	SPT35332	0.23851
SPT35369	SPT35333	0.23539
SPT35369	SPT35561	0.24504
SPT35369	SPT35363	0.2345
SPT35369	SPT35427	0.23926
SPT35369	SPT35752	0.22959
SPT35369	SPT35430	0.23114
SPT35369	SPT35431	0.23722
SPT35369	SPT35313	0.24955
SPT35369	SPT35780	0.23943
SPT35369	SPT35315	0.25109
SPT35369	SPT35316	0.23705
SPT35369	SPT35317	0.22827
SPT35369	SPT35334	0.25726
SPT35369	SPT35543	0.22346
SPT35370	SPT35382	0.42461
SPT35370	SPT35521	0.23262
SPT35370	SPT35553	0.23596
SPT35370	SPT35532	0.25361
SPT35370	SPT35384	0.24392
SPT35370	SPT35522	0.25542
SPT35370	SPT35361	0.27091
SPT35370	SPT35342	0.25872
SPT35370	SPT35556	0.24211
SPT35370	SPT35557	0.25252
SPT35370	SPT35328	0.23346
SPT35370	SPT35592	0.23872
SPT35370	SPT35435	0.25621
SPT35370	SPT35304	0.24676
SPT35370	SPT35390	0.26357
SPT35370	SPT35436	0.22991
SPT35370	SPT35580	0.2352
SPT35370	SPT35538	0.24104
SPT35370	SPT35537	0.23752
SPT35370	SPT35320	0.24096
SPT35370	SPT35541	0.23696
SPT35370	SPT35673	0.23128
SPT35370	SPT35502	0.23566
SPT35370	SPT35330	0.23244
SPT35370	SPT35546	0.22775
SPT35370	SPT35547	0.23715
SPT35370	SPT35544	0.2349
SPT35370	SPT35362	0.24118
SPT35370	SPT35499	0.23577
SPT35370	SPT35336	0.2419
SPT35370	SPT35577	0.2362
SPT35370	SPT35325	0.23306
SPT35370	SPT35331	0.24045
SPT35370	SPT35337	0.23525
SPT35370	SPT35306	0.23703
SPT35370	SPT35407	0.28808
SPT35370	SPT35346	0.24043
SPT35370	SPT35405	0.26395
SPT35370	SPT35410	0.23512
SPT35370	SPT35575	0.24343
SPT35370	SPT35576	0.2674
SPT35370	SPT35766	0.23988
SPT35370	SPT35347	0.25465
SPT35370	SPT35412	0.22787
SPT35370	SPT35414	0.2308
SPT35370	SPT35348	0.24838
SPT35370	SPT35417	0.23407
SPT35370	SPT35571	0.22732
SPT35370	SPT35349	0.24359
SPT35370	SPT35351	0.23936
SPT35370	SPT35418	0.23775
SPT35370	SPT35419	0.35885
SPT35370	SPT35566	0.25993
SPT35370	SPT35567	0.23041
SPT35370	SPT35420	0.22371
SPT35370	SPT35423	0.22047
SPT35370	SPT35564	0.23154
SPT35370	SPT35352	0.24785
SPT35370	SPT35424	0.23086
SPT35370	SPT35357	0.23704
SPT35370	SPT35437	0.23838
SPT35370	SPT35563	0.22995
SPT35370	SPT35308	0.24419
SPT35370	SPT35425	0.23692
SPT35370	SPT35440	0.2338
SPT35370	SPT35354	0.35764
SPT35370	SPT35309	0.22642
SPT35370	SPT35310	0.22467
SPT35370	SPT35355	0.24162
SPT35370	SPT35332	0.23495
SPT35370	SPT35333	0.23177
SPT35370	SPT35561	0.24147
SPT35370	SPT35363	0.23377
SPT35370	SPT35427	0.2275
SPT35370	SPT35752	0.2328
SPT35370	SPT35430	0.2247
SPT35370	SPT35431	0.23461
SPT35370	SPT35313	0.23654
SPT35370	SPT35780	0.24312
SPT35370	SPT35315	0.24447
SPT35370	SPT35316	0.32509
SPT35370	SPT35317	0.24237
SPT35370	SPT35334	0.23981
SPT35370	SPT35543	0.23899
SPT35382	SPT35521	0.22846
SPT35382	SPT35553	0.23771
SPT35382	SPT35532	0.23894
SPT35382	SPT35384	0.26246
SPT35382	SPT35522	0.24339
SPT35382	SPT35361	0.34511
SPT35382	SPT35342	0.24196
SPT35382	SPT35556	0.24031
SPT35382	SPT35557	0.24847
SPT35382	SPT35328	0.22344
SPT35382	SPT35592	0.24398
SPT35382	SPT35435	0.23774
SPT35382	SPT35304	0.24988
SPT35382	SPT35390	0.25737
SPT35382	SPT35436	0.23317
SPT35382	SPT35580	0.23613
SPT35382	SPT35538	0.23103
SPT35382	SPT35537	0.23202
SPT35382	SPT35320	0.23487
SPT35382	SPT35541	0.23718
SPT35382	SPT35673	0.22666
SPT35382	SPT35502	0.23262
SPT35382	SPT35330	0.22444
SPT35382	SPT35546	0.24053
SPT35382	SPT35547	0.24658
SPT35382	SPT35544	0.23341
SPT35382	SPT35362	0.23332
SPT35382	SPT35499	0.23785
SPT35382	SPT35336	0.25932
SPT35382	SPT35577	0.24121
SPT35382	SPT35325	0.22474
SPT35382	SPT35331	0.24203
SPT35382	SPT35337	0.24057
SPT35382	SPT35306	0.24467
SPT35382	SPT35407	0.25335
SPT35382	SPT35346	0.24315
SPT35382	SPT35405	0.24776
SPT35382	SPT35410	0.23271
SPT35382	SPT35575	0.23202
SPT35382	SPT35576	0.24109
SPT35382	SPT35766	0.24383
SPT35382	SPT35347	0.24556
SPT35382	SPT35412	0.23032
SPT35382	SPT35414	0.24358
SPT35382	SPT35348	0.25285
SPT35382	SPT35417	0.24528
SPT35382	SPT35571	0.2365
SPT35382	SPT35349	0.23258
SPT35382	SPT35351	0.25001
SPT35382	SPT35418	0.23959
SPT35382	SPT35419	0.24922
SPT35382	SPT35566	0.24806
SPT35382	SPT35567	0.23307
SPT35382	SPT35420	0.2234
SPT35382	SPT35423	0.23012
SPT35382	SPT35564	0.23483
SPT35382	SPT35352	0.24171
SPT35382	SPT35424	0.23447
SPT35382	SPT35357	0.2363
SPT35382	SPT35437	0.23229
SPT35382	SPT35563	0.23302
SPT35382	SPT35308	0.25035
SPT35382	SPT35425	0.23285
SPT35382	SPT35440	0.23045
SPT35382	SPT35354	0.57975
SPT35382	SPT35309	0.22957
SPT35382	SPT35310	0.22724
SPT35382	SPT35355	0.24282
SPT35382	SPT35332	0.22885
SPT35382	SPT35333	0.22768
SPT35382	SPT35561	0.24375
SPT35382	SPT35363	0.23284
SPT35382	SPT35427	0.2296
SPT35382	SPT35752	0.22779
SPT35382	SPT35430	0.22769
SPT35382	SPT35431	0.23998
SPT35382	SPT35313	0.22964
SPT35382	SPT35780	0.23306
SPT35382	SPT35315	0.24548
SPT35382	SPT35316	0.50706
SPT35382	SPT35317	0.23607
SPT35382	SPT35334	0.23696
SPT35382	SPT35543	0.23835
SPT35521	SPT35553	0.23052
SPT35521	SPT35532	0.24936
SPT35521	SPT35384	0.23495
SPT35521	SPT35522	0.22833
SPT35521	SPT35361	0.23776
SPT35521	SPT35342	0.23099
SPT35521	SPT35556	0.25382
SPT35521	SPT35557	0.23886
SPT35521	SPT35328	0.22689
SPT35521	SPT35592	0.22983
SPT35521	SPT35435	0.2428
SPT35521	SPT35304	0.2311
SPT35521	SPT35390	0.2268
SPT35521	SPT35436	0.23002
SPT35521	SPT35580	0.24738
SPT35521	SPT35538	0.25209
SPT35521	SPT35537	0.25722
SPT35521	SPT35320	0.24414
SPT35521	SPT35541	0.23382
SPT35521	SPT35673	0.2577
SPT35521	SPT35502	0.23216
SPT35521	SPT35330	0.25338
SPT35521	SPT35546	0.26379
SPT35521	SPT35547	0.23702
SPT35521	SPT35544	0.23402
SPT35521	SPT35362	0.23044
SPT35521	SPT35499	0.23517
SPT35521	SPT35336	0.23855
SPT35521	SPT35577	0.23699
SPT35521	SPT35325	0.23535
SPT35521	SPT35331	0.21597
SPT35521	SPT35337	0.22701
SPT35521	SPT35306	0.23641
SPT35521	SPT35407	0.23223
SPT35521	SPT35346	0.22213
SPT35521	SPT35405	0.2469
SPT35521	SPT35410	0.22479
SPT35521	SPT35575	0.23504
SPT35521	SPT35576	0.23207
SPT35521	SPT35766	0.2475
SPT35521	SPT35347	0.22952
SPT35521	SPT35412	0.25913
SPT35521	SPT35414	0.25365
SPT35521	SPT35348	0.2306
SPT35521	SPT35417	0.24528
SPT35521	SPT35571	0.24694
SPT35521	SPT35349	0.22961
SPT35521	SPT35351	0.24599
SPT35521	SPT35418	0.22856
SPT35521	SPT35419	0.22941
SPT35521	SPT35566	0.25306
SPT35521	SPT35567	0.23427
SPT35521	SPT35420	0.2315
SPT35521	SPT35423	0.22601
SPT35521	SPT35564	0.24835
SPT35521	SPT35352	0.23681
SPT35521	SPT35424	0.23293
SPT35521	SPT35357	0.22588
SPT35521	SPT35437	0.23825
SPT35521	SPT35563	0.23002
SPT35521	SPT35308	0.23344
SPT35521	SPT35425	0.25948
SPT35521	SPT35440	0.26317
SPT35521	SPT35354	0.23321
SPT35521	SPT35309	0.23419
SPT35521	SPT35310	0.24048
SPT35521	SPT35355	0.22383
SPT35521	SPT35332	0.22532
SPT35521	SPT35333	0.23478
SPT35521	SPT35561	0.23265
SPT35521	SPT35363	0.23761
SPT35521	SPT35427	0.25564
SPT35521	SPT35752	0.23347
SPT35521	SPT35430	0.24626
SPT35521	SPT35431	0.24478
SPT35521	SPT35313	0.22308
SPT35521	SPT35780	0.242
SPT35521	SPT35315	0.22393
SPT35521	SPT35316	0.22529
SPT35521	SPT35317	0.24562
SPT35521	SPT35334	0.2264
SPT35521	SPT35543	0.25533
SPT35553	SPT35532	0.23331
SPT35553	SPT35384	0.24526
SPT35553	SPT35522	0.24427
SPT35553	SPT35361	0.24177
SPT35553	SPT35342	0.22597
SPT35553	SPT35556	0.23048
SPT35553	SPT35557	0.24317
SPT35553	SPT35328	0.22403
SPT35553	SPT35592	0.24303
SPT35553	SPT35435	0.23844
SPT35553	SPT35304	0.23168
SPT35553	SPT35390	0.23549
SPT35553	SPT35436	0.23409
SPT35553	SPT35580	0.24057
SPT35553	SPT35538	0.22947
SPT35553	SPT35537	0.23226
SPT35553	SPT35320	0.23586
SPT35553	SPT35541	0.22254
SPT35553	SPT35673	0.23616
SPT35553	SPT35502	0.236
SPT35553	SPT35330	0.24282
SPT35553	SPT35546	0.2332
SPT35553	SPT35547	0.23843
SPT35553	SPT35544	0.23821
SPT35553	SPT35362	0.23418
SPT35553	SPT35499	0.23158
SPT35553	SPT35336	0.24322
SPT35553	SPT35577	0.22219
SPT35553	SPT35325	0.22943
SPT35553	SPT35331	0.23929
SPT35553	SPT35337	0.22952
SPT35553	SPT35306	0.22319
SPT35553	SPT35407	0.24307
SPT35553	SPT35346	0.2426
SPT35553	SPT35405	0.23701
SPT35553	SPT35410	0.22791
SPT35553	SPT35575	0.23157
SPT35553	SPT35576	0.24166
SPT35553	SPT35766	0.23645
SPT35553	SPT35347	0.23947
SPT35553	SPT35412	0.23434
SPT35553	SPT35414	0.24263
SPT35553	SPT35348	0.25148
SPT35553	SPT35417	0.24006
SPT35553	SPT35571	0.22781
SPT35553	SPT35349	0.24427
SPT35553	SPT35351	0.22615
SPT35553	SPT35418	0.23469
SPT35553	SPT35419	0.2323
SPT35553	SPT35566	0.23855
SPT35553	SPT35567	0.2377
SPT35553	SPT35420	0.22864
SPT35553	SPT35423	0.22876
SPT35553	SPT35564	0.23241
SPT35553	SPT35352	0.22843
SPT35553	SPT35424	0.22388
SPT35553	SPT35357	0.23759
SPT35553	SPT35437	0.23635
SPT35553	SPT35563	0.23861
SPT35553	SPT35308	0.23298
SPT35553	SPT35425	0.23956
SPT35553	SPT35440	0.23443
SPT35553	SPT35354	0.23393
SPT35553	SPT35309	0.22153
SPT35553	SPT35310	0.22195
SPT35553	SPT35355	0.23254
SPT35553	SPT35332	0.2322
SPT35553	SPT35333	0.22783
SPT35553	SPT35561	0.24577
SPT35553	SPT35363	0.23071
SPT35553	SPT35427	0.23117
SPT35553	SPT35752	0.23266
SPT35553	SPT35430	0.23066
SPT35553	SPT35431	0.23921
SPT35553	SPT35313	0.2397
SPT35553	SPT35780	0.23649
SPT35553	SPT35315	0.23471
SPT35553	SPT35316	0.2393
SPT35553	SPT35317	0.22927
SPT35553	SPT35334	0.23066
SPT35553	SPT35543	0.22633
SPT35532	SPT35384	0.23725
SPT35532	SPT35522	0.23173
SPT35532	SPT35361	0.2365
SPT35532	SPT35342	0.23762
SPT35532	SPT35556	0.23858
SPT35532	SPT35557	0.25385
SPT35532	SPT35328	0.23346
SPT35532	SPT35592	0.25459
SPT35532	SPT35435	0.47883
SPT35532	SPT35304	0.24028
SPT35532	SPT35390	0.23327
SPT35532	SPT35436	0.23695
SPT35532	SPT35580	0.2377
SPT35532	SPT35538	0.23938
SPT35532	SPT35537	0.24383
SPT35532	SPT35320	0.24838
SPT35532	SPT35541	0.22965
SPT35532	SPT35673	0.24586
SPT35532	SPT35502	0.2283
SPT35532	SPT35330	0.23959
SPT35532	SPT35546	0.24135
SPT35532	SPT35547	0.2388
SPT35532	SPT35544	0.2435
SPT35532	SPT35362	0.23978
SPT35532	SPT35499	0.23896
SPT35532	SPT35336	0.23894
SPT35532	SPT35577	0.23758
SPT35532	SPT35325	0.23897
SPT35532	SPT35331	0.23283
SPT35532	SPT35337	0.23399
SPT35532	SPT35306	0.23577
SPT35532	SPT35407	0.25807
SPT35532	SPT35346	0.24896
SPT35532	SPT35405	0.25894
SPT35532	SPT35410	0.2425
SPT35532	SPT35575	0.2333
SPT35532	SPT35576	0.23729
SPT35532	SPT35766	0.24457
SPT35532	SPT35347	0.24035
SPT35532	SPT35412	0.23958
SPT35532	SPT35414	0.25383
SPT35532	SPT35348	0.23555
SPT35532	SPT35417	0.2463
SPT35532	SPT35571	0.22784
SPT35532	SPT35349	0.22954
SPT35532	SPT35351	0.24662
SPT35532	SPT35418	0.24666
SPT35532	SPT35419	0.24975
SPT35532	SPT35566	0.25855
SPT35532	SPT35567	0.22776
SPT35532	SPT35420	0.23576
SPT35532	SPT35423	0.2222
SPT35532	SPT35564	0.2377
SPT35532	SPT35352	0.23537
SPT35532	SPT35424	0.24451
SPT35532	SPT35357	0.22921
SPT35532	SPT35437	0.35893
SPT35532	SPT35563	0.22394
SPT35532	SPT35308	0.2408
SPT35532	SPT35425	0.24918
SPT35532	SPT35440	0.23946
SPT35532	SPT35354	0.22847
SPT35532	SPT35309	0.23785
SPT35532	SPT35310	0.23946
SPT35532	SPT35355	0.23892
SPT35532	SPT35332	0.23301
SPT35532	SPT35333	0.23628
SPT35532	SPT35561	0.26323
SPT35532	SPT35363	0.2415
SPT35532	SPT35427	0.23987
SPT35532	SPT35752	0.25383
SPT35532	SPT35430	0.23142
SPT35532	SPT35431	0.23787
SPT35532	SPT35313	0.23782
SPT35532	SPT35780	0.24584
SPT35532	SPT35315	0.23518
SPT35532	SPT35316	0.23728
SPT35532	SPT35317	0.24249
SPT35532	SPT35334	0.23252
SPT35532	SPT35543	0.2473
SPT35384	SPT35522	0.24556
SPT35384	SPT35361	0.2424
SPT35384	SPT35342	0.23357
SPT35384	SPT35556	0.23103
SPT35384	SPT35557	0.23749
SPT35384	SPT35328	0.24687
SPT35384	SPT35592	0.22746
SPT35384	SPT35435	0.22761
SPT35384	SPT35304	0.25908
SPT35384	SPT35390	0.23313999999999999
SPT35384	SPT35436	0.22462
SPT35384	SPT35580	0.23272
SPT35384	SPT35538	0.22697
SPT35384	SPT35537	0.22924
SPT35384	SPT35320	0.23926
SPT35384	SPT35541	0.23261
SPT35384	SPT35673	0.20897
SPT35384	SPT35502	0.21974
SPT35384	SPT35330	0.23474
SPT35384	SPT35546	0.2365
SPT35384	SPT35547	0.24379
SPT35384	SPT35544	0.23837
SPT35384	SPT35362	0.23201
SPT35384	SPT35499	0.24397
SPT35384	SPT35336	0.80538
SPT35384	SPT35577	0.23791
SPT35384	SPT35325	0.24056
SPT35384	SPT35331	0.24631
SPT35384	SPT35337	0.26106
SPT35384	SPT35306	0.24251
SPT35384	SPT35407	0.24865
SPT35384	SPT35346	0.23661
SPT35384	SPT35405	0.25048
SPT35384	SPT35410	0.23831
SPT35384	SPT35575	0.22998
SPT35384	SPT35576	0.24016
SPT35384	SPT35766	0.23591
SPT35384	SPT35347	0.26016
SPT35384	SPT35412	0.23458
SPT35384	SPT35414	0.23186
SPT35384	SPT35348	0.26016
SPT35384	SPT35417	0.23299
SPT35384	SPT35571	0.22833
SPT35384	SPT35349	0.23323
SPT35384	SPT35351	0.25439
SPT35384	SPT35418	0.23844
SPT35384	SPT35419	0.24489
SPT35384	SPT35566	0.2581
SPT35384	SPT35567	0.23524
SPT35384	SPT35420	0.22796
SPT35384	SPT35423	0.22439
SPT35384	SPT35564	0.23162
SPT35384	SPT35352	0.25368
SPT35384	SPT35424	0.22151
SPT35384	SPT35357	0.24185
SPT35384	SPT35437	0.23382
SPT35384	SPT35563	0.23424
SPT35384	SPT35308	0.25776
SPT35384	SPT35425	0.23146
SPT35384	SPT35440	0.23206
SPT35384	SPT35354	0.25481
SPT35384	SPT35309	0.24586
SPT35384	SPT35310	0.24651
SPT35384	SPT35355	0.22916
SPT35384	SPT35332	0.24027
SPT35384	SPT35333	0.23291
SPT35384	SPT35561	0.22983
SPT35384	SPT35363	0.22868
SPT35384	SPT35427	0.22894
SPT35384	SPT35752	0.2361
SPT35384	SPT35430	0.23497
SPT35384	SPT35431	0.23417
SPT35384	SPT35313	0.2377
SPT35384	SPT35780	0.23886
SPT35384	SPT35315	0.26843
SPT35384	SPT35316	0.24045
SPT35384	SPT35317	0.24322
SPT35384	SPT35334	0.2537
SPT35384	SPT35543	0.23097
SPT35522	SPT35361	0.24687
SPT35522	SPT35342	0.23654
SPT35522	SPT35556	0.24186
SPT35522	SPT35557	0.23743
SPT35522	SPT35328	0.23615
SPT35522	SPT35592	0.23497
SPT35522	SPT35435	0.23756
SPT35522	SPT35304	0.24059
SPT35522	SPT35390	0.25464
SPT35522	SPT35436	0.23078
SPT35522	SPT35580	0.2358
SPT35522	SPT35538	0.21991
SPT35522	SPT35537	0.2207
SPT35522	SPT35320	0.23681
SPT35522	SPT35541	0.24286
SPT35522	SPT35673	0.21903
SPT35522	SPT35502	0.23684
SPT35522	SPT35330	0.23866
SPT35522	SPT35546	0.23498
SPT35522	SPT35547	0.24463
SPT35522	SPT35544	0.23478
SPT35522	SPT35362	0.22863
SPT35522	SPT35499	0.22733
SPT35522	SPT35336	0.24354
SPT35522	SPT35577	0.23633
SPT35522	SPT35325	0.22796
SPT35522	SPT35331	0.24737
SPT35522	SPT35337	0.28292
SPT35522	SPT35306	0.23246
SPT35522	SPT35407	0.32203
SPT35522	SPT35346	0.23814
SPT35522	SPT35405	0.31029
SPT35522	SPT35410	0.2357
SPT35522	SPT35575	0.22088
SPT35522	SPT35576	0.31313
SPT35522	SPT35766	0.22776
SPT35522	SPT35347	0.25707
SPT35522	SPT35412	0.22544
SPT35522	SPT35414	0.23787
SPT35522	SPT35348	0.23642
SPT35522	SPT35417	0.24361
SPT35522	SPT35571	0.23011
SPT35522	SPT35349	0.24085
SPT35522	SPT35351	0.22317
SPT35522	SPT35418	0.23499
SPT35522	SPT35419	0.29985
SPT35522	SPT35566	0.25345
SPT35522	SPT35567	0.24981
SPT35522	SPT35420	0.23863
SPT35522	SPT35423	0.23208
SPT35522	SPT35564	0.23624
SPT35522	SPT35352	0.23203
SPT35522	SPT35424	0.22924
SPT35522	SPT35357	0.246
SPT35522	SPT35437	0.24382
SPT35522	SPT35563	0.24963
SPT35522	SPT35308	0.24035
SPT35522	SPT35425	0.23717
SPT35522	SPT35440	0.23257
SPT35522	SPT35354	0.24198
SPT35522	SPT35309	0.24304
SPT35522	SPT35310	0.2375
SPT35522	SPT35355	0.23579
SPT35522	SPT35332	0.23177
SPT35522	SPT35333	0.22279
SPT35522	SPT35561	0.23658
SPT35522	SPT35363	0.23249
SPT35522	SPT35427	0.22313
SPT35522	SPT35752	0.23565
SPT35522	SPT35430	0.23657
SPT35522	SPT35431	0.24024
SPT35522	SPT35313	0.23944
SPT35522	SPT35780	0.23131
SPT35522	SPT35315	0.2201
SPT35522	SPT35316	0.2361
SPT35522	SPT35317	0.24479
SPT35522	SPT35334	0.27458
SPT35522	SPT35543	0.23676
SPT35361	SPT35342	0.2443
SPT35361	SPT35556	0.22767
SPT35361	SPT35557	0.23742
SPT35361	SPT35328	0.27756
SPT35361	SPT35592	0.23702
SPT35361	SPT35435	0.23688
SPT35361	SPT35304	0.23383
SPT35361	SPT35390	0.23795
SPT35361	SPT35436	0.23902
SPT35361	SPT35580	0.23619
SPT35361	SPT35538	0.22326
SPT35361	SPT35537	0.23322
SPT35361	SPT35320	0.24015
SPT35361	SPT35541	0.23455
SPT35361	SPT35673	0.22794
SPT35361	SPT35502	0.23186
SPT35361	SPT35330	0.22957
SPT35361	SPT35546	0.2284
SPT35361	SPT35547	0.23285
SPT35361	SPT35544	0.23549
SPT35361	SPT35362	0.23553
SPT35361	SPT35499	0.24192
SPT35361	SPT35336	0.24016
SPT35361	SPT35577	0.23017
SPT35361	SPT35325	0.22671
SPT35361	SPT35331	0.24287
SPT35361	SPT35337	0.22853
SPT35361	SPT35306	0.24427
SPT35361	SPT35407	0.24821
SPT35361	SPT35346	0.24742
SPT35361	SPT35405	0.23993
SPT35361	SPT35410	0.234
SPT35361	SPT35575	0.22608
SPT35361	SPT35576	0.23945
SPT35361	SPT35766	0.24388
SPT35361	SPT35347	0.23373
SPT35361	SPT35412	0.2305
SPT35361	SPT35414	0.25244
SPT35361	SPT35348	0.23765
SPT35361	SPT35417	0.24953
SPT35361	SPT35571	0.22515
SPT35361	SPT35349	0.23748
SPT35361	SPT35351	0.22854
SPT35361	SPT35418	0.25107
SPT35361	SPT35419	0.24882
SPT35361	SPT35566	0.26143
SPT35361	SPT35567	0.23722
SPT35361	SPT35420	0.23042
SPT35361	SPT35423	0.23759
SPT35361	SPT35564	0.23465
SPT35361	SPT35352	0.23237
SPT35361	SPT35424	0.24074
SPT35361	SPT35357	0.2584
SPT35361	SPT35437	0.23714
SPT35361	SPT35563	0.23692
SPT35361	SPT35308	0.23355
SPT35361	SPT35425	0.23325
SPT35361	SPT35440	0.24487
SPT35361	SPT35354	0.30248
SPT35361	SPT35309	0.23331
SPT35361	SPT35310	0.22764
SPT35361	SPT35355	0.23958
SPT35361	SPT35332	0.23113
SPT35361	SPT35333	0.23075
SPT35361	SPT35561	0.24065
SPT35361	SPT35363	0.23679
SPT35361	SPT35427	0.23708
SPT35361	SPT35752	0.22853
SPT35361	SPT35430	0.23753
SPT35361	SPT35431	0.24889
SPT35361	SPT35313	0.2351
SPT35361	SPT35780	0.2478
SPT35361	SPT35315	0.24052
SPT35361	SPT35316	0.27635
SPT35361	SPT35317	0.23425
SPT35361	SPT35334	0.22613
SPT35361	SPT35543	0.2319
SPT35342	SPT35556	0.23202
SPT35342	SPT35557	0.23118
SPT35342	SPT35328	0.23154
SPT35342	SPT35592	0.228
SPT35342	SPT35435	0.23028
SPT35342	SPT35304	0.2343
SPT35342	SPT35390	0.2327
SPT35342	SPT35436	0.2367
SPT35342	SPT35580	0.23413
SPT35342	SPT35538	0.23332
SPT35342	SPT35537	0.2303
SPT35342	SPT35320	0.23054
SPT35342	SPT35541	0.23022
SPT35342	SPT35673	0.21577
SPT35342	SPT35502	0.21596
SPT35342	SPT35330	0.24291
SPT35342	SPT35546	0.23456
SPT35342	SPT35547	0.23274
SPT35342	SPT35544	0.23176
SPT35342	SPT35362	0.23133
SPT35342	SPT35499	0.23023
SPT35342	SPT35336	0.23064
SPT35342	SPT35577	0.23275
SPT35342	SPT35325	0.22387
SPT35342	SPT35331	0.24105
SPT35342	SPT35337	0.24184
SPT35342	SPT35306	0.235
SPT35342	SPT35407	0.23938
SPT35342	SPT35346	0.24995
SPT35342	SPT35405	0.23849
SPT35342	SPT35410	0.24362
SPT35342	SPT35575	0.23612
SPT35342	SPT35576	0.24858
SPT35342	SPT35766	0.22876
SPT35342	SPT35347	0.23359
SPT35342	SPT35412	0.21717
SPT35342	SPT35414	0.23152
SPT35342	SPT35348	0.24324
SPT35342	SPT35417	0.23487
SPT35342	SPT35571	0.21893
SPT35342	SPT35349	0.24004
SPT35342	SPT35351	0.22439
SPT35342	SPT35418	0.22621
SPT35342	SPT35419	0.24483
SPT35342	SPT35566	0.24121
SPT35342	SPT35567	0.22258
SPT35342	SPT35420	0.22548
SPT35342	SPT35423	0.21675
SPT35342	SPT35564	0.22041
SPT35342	SPT35352	0.23158
SPT35342	SPT35424	0.22437000000000001
SPT35342	SPT35357	0.23768
SPT35342	SPT35437	0.22997
SPT35342	SPT35563	0.22231
SPT35342	SPT35308	0.23466
SPT35342	SPT35425	0.2213
SPT35342	SPT35440	0.2282
SPT35342	SPT35354	0.23636
SPT35342	SPT35309	0.22895
SPT35342	SPT35310	0.2292
SPT35342	SPT35355	0.25502
SPT35342	SPT35332	0.22768
SPT35342	SPT35333	0.23414
SPT35342	SPT35561	0.22202
SPT35342	SPT35363	0.23684
SPT35342	SPT35427	0.22716
SPT35342	SPT35752	0.23088
SPT35342	SPT35430	0.23457
SPT35342	SPT35431	0.23368
SPT35342	SPT35313	0.24992
SPT35342	SPT35780	0.22858
SPT35342	SPT35315	0.24127
SPT35342	SPT35316	0.24154
SPT35342	SPT35317	0.23016
SPT35342	SPT35334	0.25814
SPT35342	SPT35543	0.23074
SPT35556	SPT35557	0.24322
SPT35556	SPT35328	0.22839
SPT35556	SPT35592	0.27797
SPT35556	SPT35435	0.23637
SPT35556	SPT35304	0.23433
SPT35556	SPT35390	0.22751
SPT35556	SPT35436	0.2332
SPT35556	SPT35580	0.23672
SPT35556	SPT35538	0.24275
SPT35556	SPT35537	0.23911
SPT35556	SPT35320	0.24897
SPT35556	SPT35541	0.23542
SPT35556	SPT35673	0.24165
SPT35556	SPT35502	0.22514
SPT35556	SPT35330	0.26478
SPT35556	SPT35546	0.24236
SPT35556	SPT35547	0.2297
SPT35556	SPT35544	0.23615
SPT35556	SPT35362	0.23669
SPT35556	SPT35499	0.23457
SPT35556	SPT35336	0.23385
SPT35556	SPT35577	0.23705
SPT35556	SPT35325	0.23909
SPT35556	SPT35331	0.2263
SPT35556	SPT35337	0.22295
SPT35556	SPT35306	0.24154
SPT35556	SPT35407	0.25015
SPT35556	SPT35346	0.2306
SPT35556	SPT35405	0.25421
SPT35556	SPT35410	0.22332
SPT35556	SPT35575	0.22715
SPT35556	SPT35576	0.24246
SPT35556	SPT35766	0.23265
SPT35556	SPT35347	0.23796
SPT35556	SPT35412	0.24261
SPT35556	SPT35414	0.24725
SPT35556	SPT35348	0.23357
SPT35556	SPT35417	0.24059
SPT35556	SPT35571	0.23534
SPT35556	SPT35349	0.23923
SPT35556	SPT35351	0.22947
SPT35556	SPT35418	0.2376
SPT35556	SPT35419	0.2402
SPT35556	SPT35566	0.26409
SPT35556	SPT35567	0.23327
SPT35556	SPT35420	0.23735
SPT35556	SPT35423	0.22893
SPT35556	SPT35564	0.22653
SPT35556	SPT35352	0.23054
SPT35556	SPT35424	0.24651
SPT35556	SPT35357	0.22408
SPT35556	SPT35437	0.23758
SPT35556	SPT35563	0.22993
SPT35556	SPT35308	0.23629
SPT35556	SPT35425	0.24563
SPT35556	SPT35440	0.25559
SPT35556	SPT35354	0.24454
SPT35556	SPT35309	0.2395
SPT35556	SPT35310	0.24264
SPT35556	SPT35355	0.22603
SPT35556	SPT35332	0.2338
SPT35556	SPT35333	0.23432
SPT35556	SPT35561	0.25558
SPT35556	SPT35363	0.22665
SPT35556	SPT35427	0.23962
SPT35556	SPT35752	0.23585
SPT35556	SPT35430	0.23521
SPT35556	SPT35431	0.23544
SPT35556	SPT35313	0.24194
SPT35556	SPT35780	0.24916
SPT35556	SPT35315	0.23118
SPT35556	SPT35316	0.23733
SPT35556	SPT35317	0.23792
SPT35556	SPT35334	0.22477
SPT35556	SPT35543	0.2564
SPT35557	SPT35328	0.23379
SPT35557	SPT35592	0.23678
SPT35557	SPT35435	0.24636
SPT35557	SPT35304	0.2338
SPT35557	SPT35390	0.22377
SPT35557	SPT35436	0.23181
SPT35557	SPT35580	0.23788
SPT35557	SPT35538	0.23463
SPT35557	SPT35537	0.23549
SPT35557	SPT35320	0.22997
SPT35557	SPT35541	0.23396
SPT35557	SPT35673	0.22938
SPT35557	SPT35502	0.23379
SPT35557	SPT35330	0.23786
SPT35557	SPT35546	0.2328
SPT35557	SPT35547	0.22965
SPT35557	SPT35544	0.24398
SPT35557	SPT35362	0.22472
SPT35557	SPT35499	0.23897
SPT35557	SPT35336	0.23829
SPT35557	SPT35577	0.23178
SPT35557	SPT35325	0.23978
SPT35557	SPT35331	0.22724
SPT35557	SPT35337	0.2286
SPT35557	SPT35306	0.23378
SPT35557	SPT35407	0.24177
SPT35557	SPT35346	0.22262
SPT35557	SPT35405	0.2409
SPT35557	SPT35410	0.23159
SPT35557	SPT35575	0.22934
SPT35557	SPT35576	0.23728
SPT35557	SPT35766	0.23241
SPT35557	SPT35347	0.24015
SPT35557	SPT35412	0.23696
SPT35557	SPT35414	0.23262
SPT35557	SPT35348	0.23872
SPT35557	SPT35417	0.23075
SPT35557	SPT35571	0.22359
SPT35557	SPT35349	0.23262
SPT35557	SPT35351	0.23283
SPT35557	SPT35418	0.22985
SPT35557	SPT35419	0.23296
SPT35557	SPT35566	0.24285
SPT35557	SPT35567	0.23461
SPT35557	SPT35420	0.22795
SPT35557	SPT35423	0.23235
SPT35557	SPT35564	0.22619
SPT35557	SPT35352	0.22642
SPT35557	SPT35424	0.23828
SPT35557	SPT35357	0.22383
SPT35557	SPT35437	0.24898
SPT35557	SPT35563	0.23247
SPT35557	SPT35308	0.23512
SPT35557	SPT35425	0.25902
SPT35557	SPT35440	0.23472
SPT35557	SPT35354	0.2388
SPT35557	SPT35309	0.23395
SPT35557	SPT35310	0.23604
SPT35557	SPT35355	0.22882
SPT35557	SPT35332	0.23715
SPT35557	SPT35333	0.23635
SPT35557	SPT35561	0.22899
SPT35557	SPT35363	0.23006
SPT35557	SPT35427	0.23904
SPT35557	SPT35752	0.23262
SPT35557	SPT35430	0.24158
SPT35557	SPT35431	0.24348
SPT35557	SPT35313	0.2314
SPT35557	SPT35780	0.24173
SPT35557	SPT35315	0.24056
SPT35557	SPT35316	0.24046
SPT35557	SPT35317	0.23224
SPT35557	SPT35334	0.22901
SPT35557	SPT35543	0.23193
SPT35328	SPT35592	0.22392
SPT35328	SPT35435	0.23152
SPT35328	SPT35304	0.23515
SPT35328	SPT35390	0.2496
SPT35328	SPT35436	0.22761
SPT35328	SPT35580	0.22855
SPT35328	SPT35538	0.22362
SPT35328	SPT35537	0.22176
SPT35328	SPT35320	0.23621
SPT35328	SPT35541	0.21844
SPT35328	SPT35673	0.22054
SPT35328	SPT35502	0.22793
SPT35328	SPT35330	0.24891
SPT35328	SPT35546	0.20949
SPT35328	SPT35547	0.2158
SPT35328	SPT35544	0.223
SPT35328	SPT35362	0.23648
SPT35328	SPT35499	0.23038
SPT35328	SPT35336	0.24498
SPT35328	SPT35577	0.2214
SPT35328	SPT35325	0.226
SPT35328	SPT35331	0.28323
SPT35328	SPT35337	0.21704
SPT35328	SPT35306	0.25364
SPT35328	SPT35407	0.23486
SPT35328	SPT35346	0.2326
SPT35328	SPT35405	0.228
SPT35328	SPT35410	0.23463
SPT35328	SPT35575	0.22594
SPT35328	SPT35576	0.24035
SPT35328	SPT35766	0.22238
SPT35328	SPT35347	0.2445
SPT35328	SPT35412	0.22771
SPT35328	SPT35414	0.22864
SPT35328	SPT35348	0.2347
SPT35328	SPT35417	0.2264
SPT35328	SPT35571	0.21165
SPT35328	SPT35349	0.22957
SPT35328	SPT35351	0.21869
SPT35328	SPT35418	0.23646
SPT35328	SPT35419	0.23798
SPT35328	SPT35566	0.23882
SPT35328	SPT35567	0.23167
SPT35328	SPT35420	0.22129
SPT35328	SPT35423	0.2257
SPT35328	SPT35564	0.22163
SPT35328	SPT35352	0.22483
SPT35328	SPT35424	0.22701
SPT35328	SPT35357	0.25545
SPT35328	SPT35437	0.2296
SPT35328	SPT35563	0.23354
SPT35328	SPT35308	0.2342
SPT35328	SPT35425	0.22856
SPT35328	SPT35440	0.22943
SPT35328	SPT35354	0.22883
SPT35328	SPT35309	0.26418
SPT35328	SPT35310	0.26238
SPT35328	SPT35355	0.29083
SPT35328	SPT35332	0.22413
SPT35328	SPT35333	0.22978
SPT35328	SPT35561	0.2305
SPT35328	SPT35363	0.22678
SPT35328	SPT35427	0.21399
SPT35328	SPT35752	0.22475
SPT35328	SPT35430	0.2219
SPT35328	SPT35431	0.22708
SPT35328	SPT35313	0.25409
SPT35328	SPT35780	0.22664
SPT35328	SPT35315	0.22477
SPT35328	SPT35316	0.23547
SPT35328	SPT35317	0.24351
SPT35328	SPT35334	0.22722
SPT35328	SPT35543	0.21523
SPT35592	SPT35435	0.27768
SPT35592	SPT35304	0.23395
SPT35592	SPT35390	0.24375
SPT35592	SPT35436	0.22143
SPT35592	SPT35580	0.22493
SPT35592	SPT35538	0.22628
SPT35592	SPT35537	0.22364
SPT35592	SPT35320	0.22363
SPT35592	SPT35541	0.23106
SPT35592	SPT35673	0.24294
SPT35592	SPT35502	0.22042
SPT35592	SPT35330	0.22438
SPT35592	SPT35546	0.23844
SPT35592	SPT35547	0.2382
SPT35592	SPT35544	0.22584
SPT35592	SPT35362	0.22237
SPT35592	SPT35499	0.22911
SPT35592	SPT35336	0.22762
SPT35592	SPT35577	0.23489
SPT35592	SPT35325	0.22788
SPT35592	SPT35331	0.22889
SPT35592	SPT35337	0.24058
SPT35592	SPT35306	0.23346
SPT35592	SPT35407	0.24846
SPT35592	SPT35346	0.23789
SPT35592	SPT35405	0.23564
SPT35592	SPT35410	0.23787
SPT35592	SPT35575	0.22781
SPT35592	SPT35576	0.23647
SPT35592	SPT35766	0.232
SPT35592	SPT35347	0.22234
SPT35592	SPT35412	0.22979
SPT35592	SPT35414	0.22927
SPT35592	SPT35348	0.228
SPT35592	SPT35417	0.23326
SPT35592	SPT35571	0.23472
SPT35592	SPT35349	0.22729
SPT35592	SPT35351	0.22838
SPT35592	SPT35418	0.24105
SPT35592	SPT35419	0.24121
SPT35592	SPT35566	0.243
SPT35592	SPT35567	0.23687
SPT35592	SPT35420	0.22428
SPT35592	SPT35423	0.23217
SPT35592	SPT35564	0.23771
SPT35592	SPT35352	0.24331
SPT35592	SPT35424	0.24446
SPT35592	SPT35357	0.22621
SPT35592	SPT35437	0.26126
SPT35592	SPT35563	0.23739
SPT35592	SPT35308	0.234
SPT35592	SPT35425	0.24021
SPT35592	SPT35440	0.23504
SPT35592	SPT35354	0.2389
SPT35592	SPT35309	0.23305
SPT35592	SPT35310	0.23208
SPT35592	SPT35355	0.23889
SPT35592	SPT35332	0.23218
SPT35592	SPT35333	0.23715
SPT35592	SPT35561	0.69999
SPT35592	SPT35363	0.23161
SPT35592	SPT35427	0.2252
SPT35592	SPT35752	0.22163
SPT35592	SPT35430	0.23442
SPT35592	SPT35431	0.24016
SPT35592	SPT35313	0.22499
SPT35592	SPT35780	0.23693
SPT35592	SPT35315	0.22547
SPT35592	SPT35316	0.23338
SPT35592	SPT35317	0.23433
SPT35592	SPT35334	0.25065
SPT35592	SPT35543	0.26769
SPT35435	SPT35304	0.24224
SPT35435	SPT35390	0.23794
SPT35435	SPT35436	0.22845
SPT35435	SPT35580	0.23731
SPT35435	SPT35538	0.23228
SPT35435	SPT35537	0.23355
SPT35435	SPT35320	0.24397
SPT35435	SPT35541	0.23407
SPT35435	SPT35673	0.24567
SPT35435	SPT35502	0.23163
SPT35435	SPT35330	0.23847
SPT35435	SPT35546	0.23597
SPT35435	SPT35547	0.24031
SPT35435	SPT35544	0.23731
SPT35435	SPT35362	0.23226
SPT35435	SPT35499	0.24139
SPT35435	SPT35336	0.22915
SPT35435	SPT35577	0.23771
SPT35435	SPT35325	0.23197
SPT35435	SPT35331	0.23181
SPT35435	SPT35337	0.24225
SPT35435	SPT35306	0.24551
SPT35435	SPT35407	0.25965
SPT35435	SPT35346	0.24075
SPT35435	SPT35405	0.25705
SPT35435	SPT35410	0.23916
SPT35435	SPT35575	0.23591
SPT35435	SPT35576	0.23966
SPT35435	SPT35766	0.23783
SPT35435	SPT35347	0.23292
SPT35435	SPT35412	0.22555
SPT35435	SPT35414	0.23501
SPT35435	SPT35348	0.23457
SPT35435	SPT35417	0.23707
SPT35435	SPT35571	0.23284
SPT35435	SPT35349	0.24026
SPT35435	SPT35351	0.23875
SPT35435	SPT35418	0.22757
SPT35435	SPT35419	0.24887
SPT35435	SPT35566	0.25205
SPT35435	SPT35567	0.22363
SPT35435	SPT35420	0.23101
SPT35435	SPT35423	0.24148
SPT35435	SPT35564	0.2269
SPT35435	SPT35352	0.24114
SPT35435	SPT35424	0.24946
SPT35435	SPT35357	0.22891
SPT35435	SPT35437	0.38647
SPT35435	SPT35563	0.22512
SPT35435	SPT35308	0.24404
SPT35435	SPT35425	0.23571
SPT35435	SPT35440	0.24192
SPT35435	SPT35354	0.22965
SPT35435	SPT35309	0.23241
SPT35435	SPT35310	0.23313
SPT35435	SPT35355	0.23541
SPT35435	SPT35332	0.23083
SPT35435	SPT35333	0.23248
SPT35435	SPT35561	0.27796
SPT35435	SPT35363	0.24845
SPT35435	SPT35427	0.23413
SPT35435	SPT35752	0.23997
SPT35435	SPT35430	0.22524
SPT35435	SPT35431	0.2378
SPT35435	SPT35313	0.23975
SPT35435	SPT35780	0.23367
SPT35435	SPT35315	0.23924
SPT35435	SPT35316	0.23434
SPT35435	SPT35317	0.24538
SPT35435	SPT35334	0.24359
SPT35435	SPT35543	0.23108
SPT35304	SPT35390	0.24927
SPT35304	SPT35436	0.22457
SPT35304	SPT35580	0.22999
SPT35304	SPT35538	0.23419
SPT35304	SPT35537	0.22684000000000001
SPT35304	SPT35320	0.23542
SPT35304	SPT35541	0.21776
SPT35304	SPT35673	0.23
SPT35304	SPT35502	0.22727
SPT35304	SPT35330	0.23661
SPT35304	SPT35546	0.22921
SPT35304	SPT35547	0.23157
SPT35304	SPT35544	0.23188
SPT35304	SPT35362	0.23317
SPT35304	SPT35499	0.22022
SPT35304	SPT35336	0.25908
SPT35304	SPT35577	0.23679
SPT35304	SPT35325	0.23836
SPT35304	SPT35331	0.25215
SPT35304	SPT35337	0.2322
SPT35304	SPT35306	0.22521
SPT35304	SPT35407	0.24288
SPT35304	SPT35346	0.23498
SPT35304	SPT35405	0.24269
SPT35304	SPT35410	0.23687
SPT35304	SPT35575	0.23168
SPT35304	SPT35576	0.24661
SPT35304	SPT35766	0.24166
SPT35304	SPT35347	0.23511
SPT35304	SPT35412	0.23572
SPT35304	SPT35414	0.23767
SPT35304	SPT35348	0.24871
SPT35304	SPT35417	0.23595
SPT35304	SPT35571	0.23128
SPT35304	SPT35349	0.22924
SPT35304	SPT35351	0.26129
SPT35304	SPT35418	0.24372
SPT35304	SPT35419	0.22976
SPT35304	SPT35566	0.24936
SPT35304	SPT35567	0.21573
SPT35304	SPT35420	0.23132
SPT35304	SPT35423	0.23505
SPT35304	SPT35564	0.22976
SPT35304	SPT35352	0.24641
SPT35304	SPT35424	0.23004
SPT35304	SPT35357	0.23357
SPT35304	SPT35437	0.23329
SPT35304	SPT35563	0.21544
SPT35304	SPT35308	0.8036
SPT35304	SPT35425	0.23608
SPT35304	SPT35440	0.23218
SPT35304	SPT35354	0.24512
SPT35304	SPT35309	0.25973
SPT35304	SPT35310	0.25373
SPT35304	SPT35355	0.24728
SPT35304	SPT35332	0.23654
SPT35304	SPT35333	0.25352
SPT35304	SPT35561	0.24207
SPT35304	SPT35363	0.22916
SPT35304	SPT35427	0.23978
SPT35304	SPT35752	0.21931
SPT35304	SPT35430	0.23352
SPT35304	SPT35431	0.24179
SPT35304	SPT35313	0.2429
SPT35304	SPT35780	0.22638
SPT35304	SPT35315	0.26105
SPT35304	SPT35316	0.24155
SPT35304	SPT35317	0.23615
SPT35304	SPT35334	0.23719
SPT35304	SPT35543	0.2313
SPT35390	SPT35436	0.23153
SPT35390	SPT35580	0.22378
SPT35390	SPT35538	0.21718
SPT35390	SPT35537	0.22247
SPT35390	SPT35320	0.25519
SPT35390	SPT35541	0.21923
SPT35390	SPT35673	0.21004
SPT35390	SPT35502	0.22715
SPT35390	SPT35330	0.24207
SPT35390	SPT35546	0.21766
SPT35390	SPT35547	0.22688
SPT35390	SPT35544	0.22765
SPT35390	SPT35362	0.24417
SPT35390	SPT35499	0.23098
SPT35390	SPT35336	0.23234
SPT35390	SPT35577	0.23092
SPT35390	SPT35325	0.21555
SPT35390	SPT35331	0.2478
SPT35390	SPT35337	0.23115
SPT35390	SPT35306	0.24864
SPT35390	SPT35407	0.31318
SPT35390	SPT35346	0.23482
SPT35390	SPT35405	0.30395
SPT35390	SPT35410	0.23597
SPT35390	SPT35575	0.22636
SPT35390	SPT35576	0.28479
SPT35390	SPT35766	0.2224
SPT35390	SPT35347	0.26492
SPT35390	SPT35412	0.23178
SPT35390	SPT35414	0.22484
SPT35390	SPT35348	0.23337
SPT35390	SPT35417	0.22621
SPT35390	SPT35571	0.21712
SPT35390	SPT35349	0.23267
SPT35390	SPT35351	0.24141
SPT35390	SPT35418	0.23257
SPT35390	SPT35419	0.28027
SPT35390	SPT35566	0.26313
SPT35390	SPT35567	0.23283
SPT35390	SPT35420	0.2163
SPT35390	SPT35423	0.23183
SPT35390	SPT35564	0.22929
SPT35390	SPT35352	0.2375
SPT35390	SPT35424	0.23821
SPT35390	SPT35357	0.23415
SPT35390	SPT35437	0.24195
SPT35390	SPT35563	0.23579
SPT35390	SPT35308	0.24872
SPT35390	SPT35425	0.23465
SPT35390	SPT35440	0.21612
SPT35390	SPT35354	0.27053
SPT35390	SPT35309	0.22529
SPT35390	SPT35310	0.22295
SPT35390	SPT35355	0.24369
SPT35390	SPT35332	0.22374
SPT35390	SPT35333	0.22704
SPT35390	SPT35561	0.24554
SPT35390	SPT35363	0.23914
SPT35390	SPT35427	0.22784
SPT35390	SPT35752	0.22802
SPT35390	SPT35430	0.22239
SPT35390	SPT35431	0.23498
SPT35390	SPT35313	0.25256
SPT35390	SPT35780	0.23831
SPT35390	SPT35315	0.25368
SPT35390	SPT35316	0.24441
SPT35390	SPT35317	0.24222
SPT35390	SPT35334	0.23535
SPT35390	SPT35543	0.23598
SPT35436	SPT35580	0.24046
SPT35436	SPT35538	0.22743
SPT35436	SPT35537	0.22672
SPT35436	SPT35320	0.23462
SPT35436	SPT35541	0.23016
SPT35436	SPT35673	0.23932
SPT35436	SPT35502	0.22267
SPT35436	SPT35330	0.23155
SPT35436	SPT35546	0.23427
SPT35436	SPT35547	0.23572
SPT35436	SPT35544	0.24173
SPT35436	SPT35362	0.2209
SPT35436	SPT35499	0.23918
SPT35436	SPT35336	0.22853
SPT35436	SPT35577	0.23058
SPT35436	SPT35325	0.22823
SPT35436	SPT35331	0.23478
SPT35436	SPT35337	0.23158
SPT35436	SPT35306	0.23541
SPT35436	SPT35407	0.23558
SPT35436	SPT35346	0.22914
SPT35436	SPT35405	0.24433
SPT35436	SPT35410	0.22729
SPT35436	SPT35575	0.22345
SPT35436	SPT35576	0.23338
SPT35436	SPT35766	0.23842
SPT35436	SPT35347	0.24508
SPT35436	SPT35412	0.24742
SPT35436	SPT35414	0.22602
SPT35436	SPT35348	0.23748
SPT35436	SPT35417	0.22352
SPT35436	SPT35571	0.23936
SPT35436	SPT35349	0.22781
SPT35436	SPT35351	0.23591
SPT35436	SPT35418	0.22787
SPT35436	SPT35419	0.23126
SPT35436	SPT35566	0.23741
SPT35436	SPT35567	0.23181
SPT35436	SPT35420	0.24204
SPT35436	SPT35423	0.23419
SPT35436	SPT35564	0.23376
SPT35436	SPT35352	0.22281
SPT35436	SPT35424	0.22517
SPT35436	SPT35357	0.24467
SPT35436	SPT35437	0.22515
SPT35436	SPT35563	0.23185
SPT35436	SPT35308	0.22653
SPT35436	SPT35425	0.23366
SPT35436	SPT35440	0.23587
SPT35436	SPT35354	0.2266
SPT35436	SPT35309	0.23887
SPT35436	SPT35310	0.23788
SPT35436	SPT35355	0.23408
SPT35436	SPT35332	0.22703
SPT35436	SPT35333	0.23705
SPT35436	SPT35561	0.22429
SPT35436	SPT35363	0.214
SPT35436	SPT35427	0.24125
SPT35436	SPT35752	0.24146
SPT35436	SPT35430	0.23809
SPT35436	SPT35431	0.23575
SPT35436	SPT35313	0.22852
SPT35436	SPT35780	0.22805
SPT35436	SPT35315	0.23361
SPT35436	SPT35316	0.23663
SPT35436	SPT35317	0.2341
SPT35436	SPT35334	0.23283
SPT35436	SPT35543	0.24262
SPT35580	SPT35538	0.23912
SPT35580	SPT35537	0.24545
SPT35580	SPT35320	0.27109
SPT35580	SPT35541	0.24853
SPT35580	SPT35673	0.26591
SPT35580	SPT35502	0.22556
SPT35580	SPT35330	0.24853
SPT35580	SPT35546	0.25518
SPT35580	SPT35547	0.23995
SPT35580	SPT35544	0.2398
SPT35580	SPT35362	0.24667
SPT35580	SPT35499	0.2453
SPT35580	SPT35336	0.23527
SPT35580	SPT35577	0.23554
SPT35580	SPT35325	0.23639
SPT35580	SPT35331	0.2293
SPT35580	SPT35337	0.23828
SPT35580	SPT35306	0.2356
SPT35580	SPT35407	0.22573
SPT35580	SPT35346	0.23946
SPT35580	SPT35405	0.24212
SPT35580	SPT35410	0.24771
SPT35580	SPT35575	0.22205
SPT35580	SPT35576	0.22847
SPT35580	SPT35766	0.25107
SPT35580	SPT35347	0.22526
SPT35580	SPT35412	0.25572
SPT35580	SPT35414	0.24831
SPT35580	SPT35348	0.23002
SPT35580	SPT35417	0.24196
SPT35580	SPT35571	0.25331
SPT35580	SPT35349	0.23656
SPT35580	SPT35351	0.24442
SPT35580	SPT35418	0.2327
SPT35580	SPT35419	0.23964
SPT35580	SPT35566	0.25035
SPT35580	SPT35567	0.24332
SPT35580	SPT35420	0.23532
SPT35580	SPT35423	0.23724
SPT35580	SPT35564	0.24636
SPT35580	SPT35352	0.23034
SPT35580	SPT35424	0.22898
SPT35580	SPT35357	0.22494
SPT35580	SPT35437	0.22818
SPT35580	SPT35563	0.23936
SPT35580	SPT35308	0.23464
SPT35580	SPT35425	0.241
SPT35580	SPT35440	0.25465
SPT35580	SPT35354	0.23955
SPT35580	SPT35309	0.22706
SPT35580	SPT35310	0.2341
SPT35580	SPT35355	0.24171
SPT35580	SPT35332	0.22739
SPT35580	SPT35333	0.24137
SPT35580	SPT35561	0.2254
SPT35580	SPT35363	0.23729
SPT35580	SPT35427	0.24375
SPT35580	SPT35752	0.23719
SPT35580	SPT35430	0.24623
SPT35580	SPT35431	0.2461
SPT35580	SPT35313	0.22998
SPT35580	SPT35780	0.2483
SPT35580	SPT35315	0.23464
SPT35580	SPT35316	0.23927
SPT35580	SPT35317	0.24042
SPT35580	SPT35334	0.23205
SPT35580	SPT35543	0.24924
SPT35538	SPT35537	0.69758
SPT35538	SPT35320	0.25036
SPT35538	SPT35541	0.23027
SPT35538	SPT35673	0.26206
SPT35538	SPT35502	0.22143
SPT35538	SPT35330	0.2655
SPT35538	SPT35546	0.25427
SPT35538	SPT35547	0.22726
SPT35538	SPT35544	0.23619
SPT35538	SPT35362	0.23304
SPT35538	SPT35499	0.24484
SPT35538	SPT35336	0.2319
SPT35538	SPT35577	0.23253
SPT35538	SPT35325	0.22867
SPT35538	SPT35331	0.21472
SPT35538	SPT35337	0.22229
SPT35538	SPT35306	0.23155
SPT35538	SPT35407	0.22294
SPT35538	SPT35346	0.22539
SPT35538	SPT35405	0.23612
SPT35538	SPT35410	0.23218
SPT35538	SPT35575	0.72434
SPT35538	SPT35576	0.21651
SPT35538	SPT35766	0.24599
SPT35538	SPT35347	0.22809
SPT35538	SPT35412	0.26485
SPT35538	SPT35414	0.24194
SPT35538	SPT35348	0.22719
SPT35538	SPT35417	0.23512
SPT35538	SPT35571	0.24373
SPT35538	SPT35349	0.23807
SPT35538	SPT35351	0.23108
SPT35538	SPT35418	0.24064
SPT35538	SPT35419	0.23632
SPT35538	SPT35566	0.24886
SPT35538	SPT35567	0.23236
SPT35538	SPT35420	0.22285
SPT35538	SPT35423	0.21901
SPT35538	SPT35564	0.23467
SPT35538	SPT35352	0.21834
SPT35538	SPT35424	0.23604
SPT35538	SPT35357	0.22556
SPT35538	SPT35437	0.23093
SPT35538	SPT35563	0.22772
SPT35538	SPT35308	0.23568
SPT35538	SPT35425	0.24796
SPT35538	SPT35440	0.24936
SPT35538	SPT35354	0.22628
SPT35538	SPT35309	0.22769
SPT35538	SPT35310	0.23795
SPT35538	SPT35355	0.2263
SPT35538	SPT35332	0.2166
SPT35538	SPT35333	0.22655
SPT35538	SPT35561	0.2316
SPT35538	SPT35363	0.2206
SPT35538	SPT35427	0.25328
SPT35538	SPT35752	0.2314
SPT35538	SPT35430	0.23936
SPT35538	SPT35431	0.24954
SPT35538	SPT35313	0.2418
SPT35538	SPT35780	0.2379
SPT35538	SPT35315	0.22098
SPT35538	SPT35316	0.22598
SPT35538	SPT35317	0.21759
SPT35538	SPT35334	0.22589
SPT35538	SPT35543	0.25047
SPT35537	SPT35320	0.24684
SPT35537	SPT35541	0.23262
SPT35537	SPT35673	0.25692
SPT35537	SPT35502	0.2209
SPT35537	SPT35330	0.25551
SPT35537	SPT35546	0.25508
SPT35537	SPT35547	0.23076
SPT35537	SPT35544	0.24055
SPT35537	SPT35362	0.23152
SPT35537	SPT35499	0.24177
SPT35537	SPT35336	0.23529
SPT35537	SPT35577	0.23614
SPT35537	SPT35325	0.22971
SPT35537	SPT35331	0.21905
SPT35537	SPT35337	0.2284
SPT35537	SPT35306	0.23829
SPT35537	SPT35407	0.21623
SPT35537	SPT35346	0.2255
SPT35537	SPT35405	0.22366
SPT35537	SPT35410	0.2303
SPT35537	SPT35575	0.72898
SPT35537	SPT35576	0.21836
SPT35537	SPT35766	0.24858
SPT35537	SPT35347	0.22298
SPT35537	SPT35412	0.25778
SPT35537	SPT35414	0.24248
SPT35537	SPT35348	0.22721
SPT35537	SPT35417	0.23598
SPT35537	SPT35571	0.23356
SPT35537	SPT35349	0.24282
SPT35537	SPT35351	0.23103
SPT35537	SPT35418	0.23789
SPT35537	SPT35419	0.22947
SPT35537	SPT35566	0.24484
SPT35537	SPT35567	0.23304
SPT35537	SPT35420	0.22649
SPT35537	SPT35423	0.22467
SPT35537	SPT35564	0.2321
SPT35537	SPT35352	0.23185
SPT35537	SPT35424	0.23301
SPT35537	SPT35357	0.22532
SPT35537	SPT35437	0.22933
SPT35537	SPT35563	0.22874
SPT35537	SPT35308	0.22723
SPT35537	SPT35425	0.24604
SPT35537	SPT35440	0.25223
SPT35537	SPT35354	0.23209
SPT35537	SPT35309	0.22914
SPT35537	SPT35310	0.23931
SPT35537	SPT35355	0.22353
SPT35537	SPT35332	0.21704
SPT35537	SPT35333	0.23308
SPT35537	SPT35561	0.22901
SPT35537	SPT35363	0.22148
SPT35537	SPT35427	0.25678
SPT35537	SPT35752	0.2411
SPT35537	SPT35430	0.23879
SPT35537	SPT35431	0.24322
SPT35537	SPT35313	0.23405
SPT35537	SPT35780	0.23766
SPT35537	SPT35315	0.2229
SPT35537	SPT35316	0.23091
SPT35537	SPT35317	0.22216
SPT35537	SPT35334	0.23045
SPT35537	SPT35543	0.25343
SPT35320	SPT35541	0.24445
SPT35320	SPT35673	0.25336
SPT35320	SPT35502	0.22381
SPT35320	SPT35330	0.25978
SPT35320	SPT35546	0.24439
SPT35320	SPT35547	0.23131
SPT35320	SPT35544	0.23999
SPT35320	SPT35362	0.24679
SPT35320	SPT35499	0.24042
SPT35320	SPT35336	0.24598
SPT35320	SPT35577	0.2247
SPT35320	SPT35325	0.23509
SPT35320	SPT35331	0.24495
SPT35320	SPT35337	0.2426
SPT35320	SPT35306	0.22062
SPT35320	SPT35407	0.25783
SPT35320	SPT35346	0.24466
SPT35320	SPT35405	0.2709
SPT35320	SPT35410	0.23357
SPT35320	SPT35575	0.22882
SPT35320	SPT35576	0.26088
SPT35320	SPT35766	0.25266
SPT35320	SPT35347	0.24728
SPT35320	SPT35412	0.24886
SPT35320	SPT35414	0.25203
SPT35320	SPT35348	0.24821
SPT35320	SPT35417	0.24849
SPT35320	SPT35571	0.24778
SPT35320	SPT35349	0.23352
SPT35320	SPT35351	0.2526
SPT35320	SPT35418	0.22956
SPT35320	SPT35419	0.27683
SPT35320	SPT35566	0.26
SPT35320	SPT35567	0.22773
SPT35320	SPT35420	0.21135
SPT35320	SPT35423	0.23456
SPT35320	SPT35564	0.23462
SPT35320	SPT35352	0.23114
SPT35320	SPT35424	0.2108
SPT35320	SPT35357	0.23472
SPT35320	SPT35437	0.23002
SPT35320	SPT35563	0.22513
SPT35320	SPT35308	0.23817
SPT35320	SPT35425	0.24568
SPT35320	SPT35440	0.25358
SPT35320	SPT35354	0.23227
SPT35320	SPT35309	0.23873
SPT35320	SPT35310	0.24587
SPT35320	SPT35355	0.23687
SPT35320	SPT35332	0.22647
SPT35320	SPT35333	0.2234
SPT35320	SPT35561	0.22824
SPT35320	SPT35363	0.22083
SPT35320	SPT35427	0.24834
SPT35320	SPT35752	0.23595
SPT35320	SPT35430	0.23217
SPT35320	SPT35431	0.25009
SPT35320	SPT35313	0.23545
SPT35320	SPT35780	0.24558
SPT35320	SPT35315	0.29477
SPT35320	SPT35316	0.23706
SPT35320	SPT35317	0.23245
SPT35320	SPT35334	0.23534
SPT35320	SPT35543	0.25222
SPT35541	SPT35673	0.23956
SPT35541	SPT35502	0.22793
SPT35541	SPT35330	0.23875
SPT35541	SPT35546	0.25768
SPT35541	SPT35547	0.24964
SPT35541	SPT35544	0.24441
SPT35541	SPT35362	0.22312
SPT35541	SPT35499	0.25062
SPT35541	SPT35336	0.23579
SPT35541	SPT35577	0.24343
SPT35541	SPT35325	0.23625
SPT35541	SPT35331	0.22936
SPT35541	SPT35337	0.23568
SPT35541	SPT35306	0.23326
SPT35541	SPT35407	0.24564
SPT35541	SPT35346	0.22983
SPT35541	SPT35405	0.24368
SPT35541	SPT35410	0.23352
SPT35541	SPT35575	0.21862
SPT35541	SPT35576	0.23366
SPT35541	SPT35766	0.23608
SPT35541	SPT35347	0.2325
SPT35541	SPT35412	0.24208
SPT35541	SPT35414	0.24942
SPT35541	SPT35348	0.23557
SPT35541	SPT35417	0.24207
SPT35541	SPT35571	0.22545
SPT35541	SPT35349	0.22983
SPT35541	SPT35351	0.22942
SPT35541	SPT35418	0.23638
SPT35541	SPT35419	0.23446
SPT35541	SPT35566	0.23888
SPT35541	SPT35567	0.23582
SPT35541	SPT35420	0.22991
SPT35541	SPT35423	0.22766
SPT35541	SPT35564	0.22345
SPT35541	SPT35352	0.22161
SPT35541	SPT35424	0.22251
SPT35541	SPT35357	0.21966
SPT35541	SPT35437	0.22444
SPT35541	SPT35563	0.23066
SPT35541	SPT35308	0.2198
SPT35541	SPT35425	0.24127
SPT35541	SPT35440	0.24098
SPT35541	SPT35354	0.23206
SPT35541	SPT35309	0.2331
SPT35541	SPT35310	0.23906
SPT35541	SPT35355	0.24065
SPT35541	SPT35332	0.22825
SPT35541	SPT35333	0.23278
SPT35541	SPT35561	0.23624
SPT35541	SPT35363	0.23675
SPT35541	SPT35427	0.24251
SPT35541	SPT35752	0.22984
SPT35541	SPT35430	0.22798
SPT35541	SPT35431	0.23899
SPT35541	SPT35313	0.22762
SPT35541	SPT35780	0.22682
SPT35541	SPT35315	0.23035
SPT35541	SPT35316	0.23318
SPT35541	SPT35317	0.23849
SPT35541	SPT35334	0.23269
SPT35541	SPT35543	0.25581
SPT35673	SPT35502	0.2145
SPT35673	SPT35330	0.27016
SPT35673	SPT35546	0.2589
SPT35673	SPT35547	0.22942
SPT35673	SPT35544	0.24234
SPT35673	SPT35362	0.23268
SPT35673	SPT35499	0.23442
SPT35673	SPT35336	0.21587
SPT35673	SPT35577	0.2416
SPT35673	SPT35325	0.22883
SPT35673	SPT35331	0.22484
SPT35673	SPT35337	0.21836
SPT35673	SPT35306	0.22642
SPT35673	SPT35407	0.22705
SPT35673	SPT35346	0.2414
SPT35673	SPT35405	0.25226
SPT35673	SPT35410	0.23344
SPT35673	SPT35575	0.22882
SPT35673	SPT35576	0.2197
SPT35673	SPT35766	0.26874
SPT35673	SPT35347	0.22967
SPT35673	SPT35412	0.26587
SPT35673	SPT35414	0.24996
SPT35673	SPT35348	0.22713
SPT35673	SPT35417	0.23769
SPT35673	SPT35571	0.26681
SPT35673	SPT35349	0.22378
SPT35673	SPT35351	0.23824
SPT35673	SPT35418	0.23844
SPT35673	SPT35419	0.21911
SPT35673	SPT35566	0.25001
SPT35673	SPT35567	0.23528
SPT35673	SPT35420	0.22273
SPT35673	SPT35423	0.21851
SPT35673	SPT35564	0.23796
SPT35673	SPT35352	0.22279
SPT35673	SPT35424	0.2259
SPT35673	SPT35357	0.22349
SPT35673	SPT35437	0.23792
SPT35673	SPT35563	0.23102
SPT35673	SPT35308	0.23462
SPT35673	SPT35425	0.26006
SPT35673	SPT35440	0.27635
SPT35673	SPT35354	0.22574
SPT35673	SPT35309	0.2241
SPT35673	SPT35310	0.23178
SPT35673	SPT35355	0.22044
SPT35673	SPT35332	0.21626
SPT35673	SPT35333	0.22764
SPT35673	SPT35561	0.24926
SPT35673	SPT35363	0.21678
SPT35673	SPT35427	0.25765
SPT35673	SPT35752	0.23072
SPT35673	SPT35430	0.24221
SPT35673	SPT35431	0.24496
SPT35673	SPT35313	0.2313
SPT35673	SPT35780	0.25155
SPT35673	SPT35315	0.22219
SPT35673	SPT35316	0.23935
SPT35673	SPT35317	0.22657
SPT35673	SPT35334	0.21732
SPT35673	SPT35543	0.24936
SPT35502	SPT35330	0.21457
SPT35502	SPT35546	0.22687
SPT35502	SPT35547	0.23343
SPT35502	SPT35544	0.23748
SPT35502	SPT35362	0.24023
SPT35502	SPT35499	0.21856
SPT35502	SPT35336	0.21765
SPT35502	SPT35577	0.22615
SPT35502	SPT35325	0.21544
SPT35502	SPT35331	0.23444
SPT35502	SPT35337	0.22851
SPT35502	SPT35306	0.22518
SPT35502	SPT35407	0.24119
SPT35502	SPT35346	0.22904
SPT35502	SPT35405	0.23177
SPT35502	SPT35410	0.2396
SPT35502	SPT35575	0.23459
SPT35502	SPT35576	0.23596
SPT35502	SPT35766	0.22126
SPT35502	SPT35347	0.23512
SPT35502	SPT35412	0.22847
SPT35502	SPT35414	0.23013
SPT35502	SPT35348	0.22873
SPT35502	SPT35417	0.2294
SPT35502	SPT35571	0.2247
SPT35502	SPT35349	0.23369
SPT35502	SPT35351	0.22089
SPT35502	SPT35418	0.22887
SPT35502	SPT35419	0.23448
SPT35502	SPT35566	0.23294
SPT35502	SPT35567	0.22976
SPT35502	SPT35420	0.22833
SPT35502	SPT35423	0.23226
SPT35502	SPT35564	0.23409
SPT35502	SPT35352	0.23408
SPT35502	SPT35424	0.22899
SPT35502	SPT35357	0.22169
SPT35502	SPT35437	0.22393
SPT35502	SPT35563	0.23247
SPT35502	SPT35308	0.22668
SPT35502	SPT35425	0.22815
SPT35502	SPT35440	0.23441
SPT35502	SPT35354	0.22974
SPT35502	SPT35309	0.23391
SPT35502	SPT35310	0.23194
SPT35502	SPT35355	0.23084
SPT35502	SPT35332	0.2181
SPT35502	SPT35333	0.21787
SPT35502	SPT35561	0.22103
SPT35502	SPT35363	0.23155
SPT35502	SPT35427	0.21857
SPT35502	SPT35752	0.2258
SPT35502	SPT35430	0.22634
SPT35502	SPT35431	0.23041
SPT35502	SPT35313	0.21707
SPT35502	SPT35780	0.21916
SPT35502	SPT35315	0.23227
SPT35502	SPT35316	0.2298
SPT35502	SPT35317	0.23478
SPT35502	SPT35334	0.22666
SPT35502	SPT35543	0.22058
SPT35330	SPT35546	0.24889
SPT35330	SPT35547	0.22503
SPT35330	SPT35544	0.24502
SPT35330	SPT35362	0.24078
SPT35330	SPT35499	0.24937
SPT35330	SPT35336	0.24035
SPT35330	SPT35577	0.24132
SPT35330	SPT35325	0.23419
SPT35330	SPT35331	0.24397
SPT35330	SPT35337	0.22783
SPT35330	SPT35306	0.23465
SPT35330	SPT35407	0.2522
SPT35330	SPT35346	0.33319
SPT35330	SPT35405	0.26684
SPT35330	SPT35410	0.22968
SPT35330	SPT35575	0.23771
SPT35330	SPT35576	0.24342
SPT35330	SPT35766	0.24844
SPT35330	SPT35347	0.24108
SPT35330	SPT35412	0.26849
SPT35330	SPT35414	0.24342
SPT35330	SPT35348	0.23166
SPT35330	SPT35417	0.23946
SPT35330	SPT35571	0.25678
SPT35330	SPT35349	0.22756
SPT35330	SPT35351	0.25891
SPT35330	SPT35418	0.26878
SPT35330	SPT35419	0.23714
SPT35330	SPT35566	0.26196
SPT35330	SPT35567	0.22429
SPT35330	SPT35420	0.23462
SPT35330	SPT35423	0.22749
SPT35330	SPT35564	0.24451
SPT35330	SPT35352	0.2323
SPT35330	SPT35424	0.23849
SPT35330	SPT35357	0.26262
SPT35330	SPT35437	0.2461
SPT35330	SPT35563	0.22192
SPT35330	SPT35308	0.24109
SPT35330	SPT35425	0.24726
SPT35330	SPT35440	0.26063
SPT35330	SPT35354	0.22885
SPT35330	SPT35309	0.23953
SPT35330	SPT35310	0.24569
SPT35330	SPT35355	0.22095
SPT35330	SPT35332	0.22522
SPT35330	SPT35333	0.22962
SPT35330	SPT35561	0.23008
SPT35330	SPT35363	0.22105
SPT35330	SPT35427	0.26226
SPT35330	SPT35752	0.22469
SPT35330	SPT35430	0.23301
SPT35330	SPT35431	0.23582
SPT35330	SPT35313	0.65995
SPT35330	SPT35780	0.2443
SPT35330	SPT35315	0.23319
SPT35330	SPT35316	0.25175
SPT35330	SPT35317	0.23788
SPT35330	SPT35334	0.22968
SPT35330	SPT35543	0.25366
SPT35546	SPT35547	0.72882
SPT35546	SPT35544	0.23851
SPT35546	SPT35362	0.22726
SPT35546	SPT35499	0.23441
SPT35546	SPT35336	0.24341
SPT35546	SPT35577	0.43207
SPT35546	SPT35325	0.23749
SPT35546	SPT35331	0.21943
SPT35546	SPT35337	0.24001
SPT35546	SPT35306	0.22619
SPT35546	SPT35407	0.23789
SPT35546	SPT35346	0.23698
SPT35546	SPT35405	0.24664
SPT35546	SPT35410	0.23711
SPT35546	SPT35575	0.23647
SPT35546	SPT35576	0.22968
SPT35546	SPT35766	0.25013
SPT35546	SPT35347	0.22989
SPT35546	SPT35412	0.24862
SPT35546	SPT35414	0.24247
SPT35546	SPT35348	0.23759
SPT35546	SPT35417	0.23562
SPT35546	SPT35571	0.3659
SPT35546	SPT35349	0.23134
SPT35546	SPT35351	0.23173
SPT35546	SPT35418	0.23893
SPT35546	SPT35419	0.23997
SPT35546	SPT35566	0.24118
SPT35546	SPT35567	0.23228
SPT35546	SPT35420	0.22103
SPT35546	SPT35423	0.23042
SPT35546	SPT35564	0.23843
SPT35546	SPT35352	0.22796
SPT35546	SPT35424	0.24064
SPT35546	SPT35357	0.22238
SPT35546	SPT35437	0.23014
SPT35546	SPT35563	0.22763
SPT35546	SPT35308	0.23384
SPT35546	SPT35425	0.24537
SPT35546	SPT35440	0.25582
SPT35546	SPT35354	0.23807
SPT35546	SPT35309	0.23
SPT35546	SPT35310	0.2363
SPT35546	SPT35355	0.22079
SPT35546	SPT35332	0.22785
SPT35546	SPT35333	0.22605
SPT35546	SPT35561	0.24148
SPT35546	SPT35363	0.23041
SPT35546	SPT35427	0.2465
SPT35546	SPT35752	0.24576
SPT35546	SPT35430	0.24052
SPT35546	SPT35431	0.25542
SPT35546	SPT35313	0.22764
SPT35546	SPT35780	0.2353
SPT35546	SPT35315	0.22006
SPT35546	SPT35316	0.23496
SPT35546	SPT35317	0.21401
SPT35546	SPT35334	0.24079
SPT35546	SPT35543	0.24807
SPT35547	SPT35544	0.23769
SPT35547	SPT35362	0.22923
SPT35547	SPT35499	0.22843
SPT35547	SPT35336	0.243
SPT35547	SPT35577	0.45624
SPT35547	SPT35325	0.2346
SPT35547	SPT35331	0.227
SPT35547	SPT35337	0.2467
SPT35547	SPT35306	0.22812
SPT35547	SPT35407	0.24773
SPT35547	SPT35346	0.24054
SPT35547	SPT35405	0.23726
SPT35547	SPT35410	0.23707
SPT35547	SPT35575	0.2352
SPT35547	SPT35576	0.2392
SPT35547	SPT35766	0.22966
SPT35547	SPT35347	0.23466
SPT35547	SPT35412	0.2282
SPT35547	SPT35414	0.2309
SPT35547	SPT35348	0.24394
SPT35547	SPT35417	0.23046
SPT35547	SPT35571	0.36088
SPT35547	SPT35349	0.23692
SPT35547	SPT35351	0.22532
SPT35547	SPT35418	0.23733
SPT35547	SPT35419	0.24751
SPT35547	SPT35566	0.23649
SPT35547	SPT35567	0.23397
SPT35547	SPT35420	0.2172
SPT35547	SPT35423	0.23129
SPT35547	SPT35564	0.23128
SPT35547	SPT35352	0.23446
SPT35547	SPT35424	0.24116
SPT35547	SPT35357	0.22684000000000001
SPT35547	SPT35437	0.23293
SPT35547	SPT35563	0.23463
SPT35547	SPT35308	0.23248
SPT35547	SPT35425	0.23257
SPT35547	SPT35440	0.23638
SPT35547	SPT35354	0.24065
SPT35547	SPT35309	0.23037
SPT35547	SPT35310	0.23092
SPT35547	SPT35355	0.22397
SPT35547	SPT35332	0.23493
SPT35547	SPT35333	0.23099
SPT35547	SPT35561	0.24144
SPT35547	SPT35363	0.23749
SPT35547	SPT35427	0.22215
SPT35547	SPT35752	0.24124
SPT35547	SPT35430	0.23758
SPT35547	SPT35431	0.25516
SPT35547	SPT35313	0.22893
SPT35547	SPT35780	0.22634
SPT35547	SPT35315	0.22608
SPT35547	SPT35316	0.23685
SPT35547	SPT35317	0.21807000000000001
SPT35547	SPT35334	0.24768
SPT35547	SPT35543	0.23303
SPT35544	SPT35362	0.22334
SPT35544	SPT35499	0.23491
SPT35544	SPT35336	0.23821
SPT35544	SPT35577	0.24737
SPT35544	SPT35325	0.2367
SPT35544	SPT35331	0.23983
SPT35544	SPT35337	0.24516
SPT35544	SPT35306	0.22509
SPT35544	SPT35407	0.22798
SPT35544	SPT35346	0.23519
SPT35544	SPT35405	0.24026
SPT35544	SPT35410	0.23974
SPT35544	SPT35575	0.22876
SPT35544	SPT35576	0.22929
SPT35544	SPT35766	0.24887
SPT35544	SPT35347	0.24259
SPT35544	SPT35412	0.23793
SPT35544	SPT35414	0.24774
SPT35544	SPT35348	0.24453
SPT35544	SPT35417	0.24141
SPT35544	SPT35571	0.23303
SPT35544	SPT35349	0.23083
SPT35544	SPT35351	0.22726
SPT35544	SPT35418	0.24364
SPT35544	SPT35419	0.23964
SPT35544	SPT35566	0.25246
SPT35544	SPT35567	0.23313999999999999
SPT35544	SPT35420	0.22888
SPT35544	SPT35423	0.23337
SPT35544	SPT35564	0.23548
SPT35544	SPT35352	0.22512
SPT35544	SPT35424	0.22898
SPT35544	SPT35357	0.23873
SPT35544	SPT35437	0.22634
SPT35544	SPT35563	0.23169
SPT35544	SPT35308	0.2347
SPT35544	SPT35425	0.24463
SPT35544	SPT35440	0.2559
SPT35544	SPT35354	0.23263
SPT35544	SPT35309	0.2289
SPT35544	SPT35310	0.23011
SPT35544	SPT35355	0.23636
SPT35544	SPT35332	0.23284
SPT35544	SPT35333	0.23452
SPT35544	SPT35561	0.22637
SPT35544	SPT35363	0.22954
SPT35544	SPT35427	0.24068
SPT35544	SPT35752	0.24272
SPT35544	SPT35430	0.25267
SPT35544	SPT35431	0.23817
SPT35544	SPT35313	0.24335
SPT35544	SPT35780	0.24995
SPT35544	SPT35315	0.24348
SPT35544	SPT35316	0.2424
SPT35544	SPT35317	0.23133
SPT35544	SPT35334	0.24065
SPT35544	SPT35543	0.24342
SPT35362	SPT35499	0.2489
SPT35362	SPT35336	0.23255
SPT35362	SPT35577	0.23632
SPT35362	SPT35325	0.22346
SPT35362	SPT35331	0.24457
SPT35362	SPT35337	0.23091
SPT35362	SPT35306	0.23254
SPT35362	SPT35407	0.23355
SPT35362	SPT35346	0.25717
SPT35362	SPT35405	0.23208
SPT35362	SPT35410	0.24939
SPT35362	SPT35575	0.23403
SPT35362	SPT35576	0.23838
SPT35362	SPT35766	0.23108
SPT35362	SPT35347	0.22929
SPT35362	SPT35412	0.2213
SPT35362	SPT35414	0.24602
SPT35362	SPT35348	0.24585
SPT35362	SPT35417	0.24855
SPT35362	SPT35571	0.23007
SPT35362	SPT35349	0.23648
SPT35362	SPT35351	0.23094
SPT35362	SPT35418	0.25435
SPT35362	SPT35419	0.23707
SPT35362	SPT35566	0.23784
SPT35362	SPT35567	0.23465
SPT35362	SPT35420	0.2271
SPT35362	SPT35423	0.23673
SPT35362	SPT35564	0.22662
SPT35362	SPT35352	0.2348
SPT35362	SPT35424	0.23545
SPT35362	SPT35357	0.25309
SPT35362	SPT35437	0.22778
SPT35362	SPT35563	0.23568
SPT35362	SPT35308	0.23091
SPT35362	SPT35425	0.2381
SPT35362	SPT35440	0.23044
SPT35362	SPT35354	0.2283
SPT35362	SPT35309	0.23375
SPT35362	SPT35310	0.23589
SPT35362	SPT35355	0.24664
SPT35362	SPT35332	0.22405
SPT35362	SPT35333	0.2283
SPT35362	SPT35561	0.22539
SPT35362	SPT35363	0.23443
SPT35362	SPT35427	0.23938
SPT35362	SPT35752	0.23538
SPT35362	SPT35430	0.22978
SPT35362	SPT35431	0.22748
SPT35362	SPT35313	0.24036
SPT35362	SPT35780	0.22444
SPT35362	SPT35315	0.24656
SPT35362	SPT35316	0.23133
SPT35362	SPT35317	0.2417
SPT35362	SPT35334	0.22896
SPT35362	SPT35543	0.232
SPT35499	SPT35336	0.24306
SPT35499	SPT35577	0.23549
SPT35499	SPT35325	0.23025
SPT35499	SPT35331	0.24596
SPT35499	SPT35337	0.22318
SPT35499	SPT35306	0.23211
SPT35499	SPT35407	0.23978
SPT35499	SPT35346	0.24054
SPT35499	SPT35405	0.23962
SPT35499	SPT35410	0.23058
SPT35499	SPT35575	0.23223
SPT35499	SPT35576	0.22579
SPT35499	SPT35766	0.24271
SPT35499	SPT35347	0.22301
SPT35499	SPT35412	0.23093
SPT35499	SPT35414	0.23937
SPT35499	SPT35348	0.23242
SPT35499	SPT35417	0.23594
SPT35499	SPT35571	0.23241
SPT35499	SPT35349	0.22471
SPT35499	SPT35351	0.22421
SPT35499	SPT35418	0.22706
SPT35499	SPT35419	0.23034
SPT35499	SPT35566	0.24098
SPT35499	SPT35567	0.22944
SPT35499	SPT35420	0.2298
SPT35499	SPT35423	0.22795
SPT35499	SPT35564	0.23773
SPT35499	SPT35352	0.23771
SPT35499	SPT35424	0.24284
SPT35499	SPT35357	0.23757
SPT35499	SPT35437	0.23264
SPT35499	SPT35563	0.22514
SPT35499	SPT35308	0.22016
SPT35499	SPT35425	0.24137
SPT35499	SPT35440	0.24229
SPT35499	SPT35354	0.22685
SPT35499	SPT35309	0.22965
SPT35499	SPT35310	0.23345
SPT35499	SPT35355	0.23592
SPT35499	SPT35332	0.22536
SPT35499	SPT35333	0.22823
SPT35499	SPT35561	0.22743
SPT35499	SPT35363	0.23998
SPT35499	SPT35427	0.23363
SPT35499	SPT35752	0.23752
SPT35499	SPT35430	0.23609
SPT35499	SPT35431	0.24416
SPT35499	SPT35313	0.24469
SPT35499	SPT35780	0.24748
SPT35499	SPT35315	0.23531
SPT35499	SPT35316	0.22397
SPT35499	SPT35317	0.23437
SPT35499	SPT35334	0.22075
SPT35499	SPT35543	0.2446
SPT35336	SPT35577	0.2402
SPT35336	SPT35325	0.23962
SPT35336	SPT35331	0.24668
SPT35336	SPT35337	0.25751
SPT35336	SPT35306	0.24077
SPT35336	SPT35407	0.24846
SPT35336	SPT35346	0.23599
SPT35336	SPT35405	0.25396
SPT35336	SPT35410	0.23792
SPT35336	SPT35575	0.23049
SPT35336	SPT35576	0.23953
SPT35336	SPT35766	0.23985
SPT35336	SPT35347	0.25619
SPT35336	SPT35412	0.23944
SPT35336	SPT35414	0.23546
SPT35336	SPT35348	0.25612
SPT35336	SPT35417	0.23531
SPT35336	SPT35571	0.22926
SPT35336	SPT35349	0.23124
SPT35336	SPT35351	0.25426
SPT35336	SPT35418	0.23772
SPT35336	SPT35419	0.24637
SPT35336	SPT35566	0.26236
SPT35336	SPT35567	0.23452
SPT35336	SPT35420	0.22722
SPT35336	SPT35423	0.22364
SPT35336	SPT35564	0.23255
SPT35336	SPT35352	0.25429
SPT35336	SPT35424	0.2214
SPT35336	SPT35357	0.2392
SPT35336	SPT35437	0.23387
SPT35336	SPT35563	0.23313999999999999
SPT35336	SPT35308	0.25995
SPT35336	SPT35425	0.2361
SPT35336	SPT35440	0.23733
SPT35336	SPT35354	0.25179
SPT35336	SPT35309	0.2447
SPT35336	SPT35310	0.24859
SPT35336	SPT35355	0.22722
SPT35336	SPT35332	0.23695
SPT35336	SPT35333	0.23172
SPT35336	SPT35561	0.23245
SPT35336	SPT35363	0.2277
SPT35336	SPT35427	0.23639
SPT35336	SPT35752	0.23593
SPT35336	SPT35430	0.2384
SPT35336	SPT35431	0.23583
SPT35336	SPT35313	0.23904
SPT35336	SPT35780	0.24047
SPT35336	SPT35315	0.26578
SPT35336	SPT35316	0.23795
SPT35336	SPT35317	0.23897
SPT35336	SPT35334	0.2501
SPT35336	SPT35543	0.2367
SPT35577	SPT35325	0.23811
SPT35577	SPT35331	0.22921
SPT35577	SPT35337	0.23533
SPT35577	SPT35306	0.22945
SPT35577	SPT35407	0.24908
SPT35577	SPT35346	0.24944
SPT35577	SPT35405	0.24526
SPT35577	SPT35410	0.238
SPT35577	SPT35575	0.23228
SPT35577	SPT35576	0.25136
SPT35577	SPT35766	0.23276
SPT35577	SPT35347	0.2405
SPT35577	SPT35412	0.22995
SPT35577	SPT35414	0.23177
SPT35577	SPT35348	0.23545
SPT35577	SPT35417	0.22985
SPT35577	SPT35571	0.28139
SPT35577	SPT35349	0.2248
SPT35577	SPT35351	0.23193
SPT35577	SPT35418	0.2377
SPT35577	SPT35419	0.2434
SPT35577	SPT35566	0.25001
SPT35577	SPT35567	0.22362
SPT35577	SPT35420	0.21306
SPT35577	SPT35423	0.22468
SPT35577	SPT35564	0.23253
SPT35577	SPT35352	0.22762
SPT35577	SPT35424	0.23281
SPT35577	SPT35357	0.23269
SPT35577	SPT35437	0.22632
SPT35577	SPT35563	0.22015
SPT35577	SPT35308	0.23683
SPT35577	SPT35425	0.23758
SPT35577	SPT35440	0.23742
SPT35577	SPT35354	0.23654
SPT35577	SPT35309	0.23435
SPT35577	SPT35310	0.23483
SPT35577	SPT35355	0.23405
SPT35577	SPT35332	0.2314
SPT35577	SPT35333	0.22635
SPT35577	SPT35561	0.23753
SPT35577	SPT35363	0.23791
SPT35577	SPT35427	0.24032
SPT35577	SPT35752	0.23234
SPT35577	SPT35430	0.2431
SPT35577	SPT35431	0.25196
SPT35577	SPT35313	0.23542
SPT35577	SPT35780	0.2277
SPT35577	SPT35315	0.21441
SPT35577	SPT35316	0.24495
SPT35577	SPT35317	0.22571
SPT35577	SPT35334	0.23554
SPT35577	SPT35543	0.23453
SPT35325	SPT35331	0.22885
SPT35325	SPT35337	0.23143
SPT35325	SPT35306	0.22571
SPT35325	SPT35407	0.22573
SPT35325	SPT35346	0.23251
SPT35325	SPT35405	0.23734
SPT35325	SPT35410	0.23258
SPT35325	SPT35575	0.21781
SPT35325	SPT35576	0.22612
SPT35325	SPT35766	0.24178
SPT35325	SPT35347	0.23165
SPT35325	SPT35412	0.23806
SPT35325	SPT35414	0.23071
SPT35325	SPT35348	0.22914
SPT35325	SPT35417	0.22638
SPT35325	SPT35571	0.22874
SPT35325	SPT35349	0.22372
SPT35325	SPT35351	0.2343
SPT35325	SPT35418	0.2366
SPT35325	SPT35419	0.23708
SPT35325	SPT35566	0.24653
SPT35325	SPT35567	0.24751
SPT35325	SPT35420	0.23074
SPT35325	SPT35423	0.22606
SPT35325	SPT35564	0.22693
SPT35325	SPT35352	0.23714
SPT35325	SPT35424	0.2199
SPT35325	SPT35357	0.22764
SPT35325	SPT35437	0.228
SPT35325	SPT35563	0.24343
SPT35325	SPT35308	0.24003
SPT35325	SPT35425	0.25081
SPT35325	SPT35440	0.24259
SPT35325	SPT35354	0.22879
SPT35325	SPT35309	0.23193
SPT35325	SPT35310	0.23793
SPT35325	SPT35355	0.22324
SPT35325	SPT35332	0.78908
SPT35325	SPT35333	0.234
SPT35325	SPT35561	0.23132
SPT35325	SPT35363	0.22821
SPT35325	SPT35427	0.23993
SPT35325	SPT35752	0.22684000000000001
SPT35325	SPT35430	0.24504
SPT35325	SPT35431	0.23807
SPT35325	SPT35313	0.22911
SPT35325	SPT35780	0.22785
SPT35325	SPT35315	0.2307
SPT35325	SPT35316	0.23404
SPT35325	SPT35317	0.23897
SPT35325	SPT35334	0.23485
SPT35325	SPT35543	0.23682
SPT35331	SPT35337	0.23079
SPT35331	SPT35306	0.25578
SPT35331	SPT35407	0.25741000000000003
SPT35331	SPT35346	0.2362
SPT35331	SPT35405	0.24493
SPT35331	SPT35410	0.24294
SPT35331	SPT35575	0.22652
SPT35331	SPT35576	0.2379
SPT35331	SPT35766	0.22342
SPT35331	SPT35347	0.2458
SPT35331	SPT35412	0.23447
SPT35331	SPT35414	0.23258
SPT35331	SPT35348	0.22676
SPT35331	SPT35417	0.23195
SPT35331	SPT35571	0.23152
SPT35331	SPT35349	0.24526
SPT35331	SPT35351	0.22562
SPT35331	SPT35418	0.24945
SPT35331	SPT35419	0.23368
SPT35331	SPT35566	0.23449
SPT35331	SPT35567	0.2319
SPT35331	SPT35420	0.22501
SPT35331	SPT35423	0.23673
SPT35331	SPT35564	0.22481
SPT35331	SPT35352	0.26406
SPT35331	SPT35424	0.22329
SPT35331	SPT35357	0.25085
SPT35331	SPT35437	0.22298
SPT35331	SPT35563	0.23306
SPT35331	SPT35308	0.25294
SPT35331	SPT35425	0.227
SPT35331	SPT35440	0.22513
SPT35331	SPT35354	0.23757
SPT35331	SPT35309	0.23894
SPT35331	SPT35310	0.23587
SPT35331	SPT35355	0.29808
SPT35331	SPT35332	0.23115
SPT35331	SPT35333	0.23312
SPT35331	SPT35561	0.23226
SPT35331	SPT35363	0.23629
SPT35331	SPT35427	0.22406
SPT35331	SPT35752	0.22854
SPT35331	SPT35430	0.23453
SPT35331	SPT35431	0.22969
SPT35331	SPT35313	0.24331
SPT35331	SPT35780	0.23728
SPT35331	SPT35315	0.2354
SPT35331	SPT35316	0.23995
SPT35331	SPT35317	0.23088
SPT35331	SPT35334	0.22927
SPT35331	SPT35543	0.22977
SPT35337	SPT35306	0.23283
SPT35337	SPT35407	0.29939
SPT35337	SPT35346	0.24484
SPT35337	SPT35405	0.28908
SPT35337	SPT35410	0.23081
SPT35337	SPT35575	0.22873
SPT35337	SPT35576	0.27863
SPT35337	SPT35766	0.23522
SPT35337	SPT35347	0.25338
SPT35337	SPT35412	0.21791
SPT35337	SPT35414	0.2272
SPT35337	SPT35348	0.25464
SPT35337	SPT35417	0.22756
SPT35337	SPT35571	0.22158
SPT35337	SPT35349	0.23941
SPT35337	SPT35351	0.25045
SPT35337	SPT35418	0.25409
SPT35337	SPT35419	0.27663
SPT35337	SPT35566	0.24792
SPT35337	SPT35567	0.22469
SPT35337	SPT35420	0.22379
SPT35337	SPT35423	0.23662
SPT35337	SPT35564	0.24443
SPT35337	SPT35352	0.24876
SPT35337	SPT35424	0.23727
SPT35337	SPT35357	0.25648
SPT35337	SPT35437	0.23579
SPT35337	SPT35563	0.2242
SPT35337	SPT35308	0.23279
SPT35337	SPT35425	0.23807
SPT35337	SPT35440	0.23254
SPT35337	SPT35354	0.2729
SPT35337	SPT35309	0.24156
SPT35337	SPT35310	0.2396
SPT35337	SPT35355	0.23089
SPT35337	SPT35332	0.23055
SPT35337	SPT35333	0.23428
SPT35337	SPT35561	0.23695
SPT35337	SPT35363	0.23227
SPT35337	SPT35427	0.22699
SPT35337	SPT35752	0.23517
SPT35337	SPT35430	0.23867
SPT35337	SPT35431	0.23663
SPT35337	SPT35313	0.2297
SPT35337	SPT35780	0.22672
SPT35337	SPT35315	0.25361
SPT35337	SPT35316	0.26201
SPT35337	SPT35317	0.26977
SPT35337	SPT35334	0.7036
SPT35337	SPT35543	0.23157
SPT35306	SPT35407	0.24919
SPT35306	SPT35346	0.23114
SPT35306	SPT35405	0.24613
SPT35306	SPT35410	0.23985
SPT35306	SPT35575	0.23254
SPT35306	SPT35576	0.23481
SPT35306	SPT35766	0.22163
SPT35306	SPT35347	0.24324
SPT35306	SPT35412	0.22717
SPT35306	SPT35414	0.22674
SPT35306	SPT35348	0.26177
SPT35306	SPT35417	0.22752
SPT35306	SPT35571	0.23263
SPT35306	SPT35349	0.22642
SPT35306	SPT35351	0.25221
SPT35306	SPT35418	0.23254
SPT35306	SPT35419	0.23272
SPT35306	SPT35566	0.24402
SPT35306	SPT35567	0.22907
SPT35306	SPT35420	0.22796
SPT35306	SPT35423	0.23293
SPT35306	SPT35564	0.22478
SPT35306	SPT35352	0.23238
SPT35306	SPT35424	0.23812
SPT35306	SPT35357	0.27103
SPT35306	SPT35437	0.2411
SPT35306	SPT35563	0.22946
SPT35306	SPT35308	0.22475
SPT35306	SPT35425	0.23893
SPT35306	SPT35440	0.23083
SPT35306	SPT35354	0.25589
SPT35306	SPT35309	0.23996
SPT35306	SPT35310	0.23985
SPT35306	SPT35355	0.28024
SPT35306	SPT35332	0.23009
SPT35306	SPT35333	0.23534
SPT35306	SPT35561	0.23922
SPT35306	SPT35363	0.23689
SPT35306	SPT35427	0.22584
SPT35306	SPT35752	0.2318
SPT35306	SPT35430	0.23823
SPT35306	SPT35431	0.24204
SPT35306	SPT35313	0.23044
SPT35306	SPT35780	0.22515
SPT35306	SPT35315	0.23541
SPT35306	SPT35316	0.25121
SPT35306	SPT35317	0.3852
SPT35306	SPT35334	0.22768
SPT35306	SPT35543	0.23008
SPT35407	SPT35346	0.25935
SPT35407	SPT35405	0.68494
SPT35407	SPT35410	0.23834
SPT35407	SPT35575	0.2262
SPT35407	SPT35576	0.44929
SPT35407	SPT35766	0.24562
SPT35407	SPT35347	0.31392
SPT35407	SPT35412	0.22758
SPT35407	SPT35414	0.24226
SPT35407	SPT35348	0.27331
SPT35407	SPT35417	0.2446
SPT35407	SPT35571	0.23008
SPT35407	SPT35349	0.24403
SPT35407	SPT35351	0.24023
SPT35407	SPT35418	0.24625
SPT35407	SPT35419	0.43589
SPT35407	SPT35566	0.32115
SPT35407	SPT35567	0.23535
SPT35407	SPT35420	0.22251
SPT35407	SPT35423	0.24183
SPT35407	SPT35564	0.2383
SPT35407	SPT35352	0.2584
SPT35407	SPT35424	0.23386
SPT35407	SPT35357	0.24892
SPT35407	SPT35437	0.23742
SPT35407	SPT35563	0.23617
SPT35407	SPT35308	0.24219
SPT35407	SPT35425	0.24128
SPT35407	SPT35440	0.23504
SPT35407	SPT35354	0.26251
SPT35407	SPT35309	0.24566
SPT35407	SPT35310	0.24041
SPT35407	SPT35355	0.25304
SPT35407	SPT35332	0.22767
SPT35407	SPT35333	0.23558
SPT35407	SPT35561	0.25384
SPT35407	SPT35363	0.24266
SPT35407	SPT35427	0.23219
SPT35407	SPT35752	0.23701
SPT35407	SPT35430	0.23991
SPT35407	SPT35431	0.2374
SPT35407	SPT35313	0.25629
SPT35407	SPT35780	0.24032
SPT35407	SPT35315	0.26959
SPT35407	SPT35316	0.24918
SPT35407	SPT35317	0.29853
SPT35407	SPT35334	0.289
SPT35407	SPT35543	0.24029
SPT35346	SPT35405	0.25245
SPT35346	SPT35410	0.23816
SPT35346	SPT35575	0.22787
SPT35346	SPT35576	0.25595
SPT35346	SPT35766	0.22387
SPT35346	SPT35347	0.24387
SPT35346	SPT35412	0.23022
SPT35346	SPT35414	0.23645
SPT35346	SPT35348	0.26643
SPT35346	SPT35417	0.235
SPT35346	SPT35571	0.23024
SPT35346	SPT35349	0.22481
SPT35346	SPT35351	0.23445
SPT35346	SPT35418	0.3645
SPT35346	SPT35419	0.24576
SPT35346	SPT35566	0.24517
SPT35346	SPT35567	0.24267
SPT35346	SPT35420	0.22667
SPT35346	SPT35423	0.22705
SPT35346	SPT35564	0.23818
SPT35346	SPT35352	0.22587
SPT35346	SPT35424	0.2258
SPT35346	SPT35357	0.33213
SPT35346	SPT35437	0.22961
SPT35346	SPT35563	0.24901
SPT35346	SPT35308	0.232
SPT35346	SPT35425	0.23003
SPT35346	SPT35440	0.23385
SPT35346	SPT35354	0.23949
SPT35346	SPT35309	0.22543
SPT35346	SPT35310	0.22435
SPT35346	SPT35355	0.23537
SPT35346	SPT35332	0.2365
SPT35346	SPT35333	0.22737
SPT35346	SPT35561	0.2436
SPT35346	SPT35363	0.23621
SPT35346	SPT35427	0.24217
SPT35346	SPT35752	0.21986
SPT35346	SPT35430	0.2374
SPT35346	SPT35431	0.24393
SPT35346	SPT35313	0.38054
SPT35346	SPT35780	0.22569
SPT35346	SPT35315	0.24275
SPT35346	SPT35316	0.30985
SPT35346	SPT35317	0.24716
SPT35346	SPT35334	0.24903
SPT35346	SPT35543	0.2343
SPT35405	SPT35410	0.236
SPT35405	SPT35575	0.21863
SPT35405	SPT35576	0.43415
SPT35405	SPT35766	0.26307
SPT35405	SPT35347	0.30865
SPT35405	SPT35412	0.25179
SPT35405	SPT35414	0.25237
SPT35405	SPT35348	0.2704
SPT35405	SPT35417	0.25021
SPT35405	SPT35571	0.24795
SPT35405	SPT35349	0.2347
SPT35405	SPT35351	0.25182
SPT35405	SPT35418	0.24054
SPT35405	SPT35419	0.41711
SPT35405	SPT35566	0.32032
SPT35405	SPT35567	0.2312
SPT35405	SPT35420	0.21802
SPT35405	SPT35423	0.23836
SPT35405	SPT35564	0.23747
SPT35405	SPT35352	0.25582
SPT35405	SPT35424	0.23878
SPT35405	SPT35357	0.24607
SPT35405	SPT35437	0.2372
SPT35405	SPT35563	0.23065
SPT35405	SPT35308	0.24673
SPT35405	SPT35425	0.25175
SPT35405	SPT35440	0.25165
SPT35405	SPT35354	0.25828
SPT35405	SPT35309	0.24138
SPT35405	SPT35310	0.24187
SPT35405	SPT35355	0.24729
SPT35405	SPT35332	0.23034
SPT35405	SPT35333	0.23326
SPT35405	SPT35561	0.24411
SPT35405	SPT35363	0.24104
SPT35405	SPT35427	0.24602
SPT35405	SPT35752	0.23438
SPT35405	SPT35430	0.23956
SPT35405	SPT35431	0.23882
SPT35405	SPT35313	0.25311
SPT35405	SPT35780	0.24466
SPT35405	SPT35315	0.25397
SPT35405	SPT35316	0.24405
SPT35405	SPT35317	0.28667
SPT35405	SPT35334	0.2783
SPT35405	SPT35543	0.24664
SPT35410	SPT35575	0.23007
SPT35410	SPT35576	0.23887
SPT35410	SPT35766	0.22741
SPT35410	SPT35347	0.24489
SPT35410	SPT35412	0.23119
SPT35410	SPT35414	0.22797
SPT35410	SPT35348	0.22905
SPT35410	SPT35417	0.23203
SPT35410	SPT35571	0.22248
SPT35410	SPT35349	0.25478
SPT35410	SPT35351	0.22959
SPT35410	SPT35418	0.23753
SPT35410	SPT35419	0.25097
SPT35410	SPT35566	0.2319
SPT35410	SPT35567	0.23201
SPT35410	SPT35420	0.22799
SPT35410	SPT35423	0.22354
SPT35410	SPT35564	0.23348
SPT35410	SPT35352	0.22727
SPT35410	SPT35424	0.22507
SPT35410	SPT35357	0.24329
SPT35410	SPT35437	0.24166
SPT35410	SPT35563	0.23224
SPT35410	SPT35308	0.2374
SPT35410	SPT35425	0.23359
SPT35410	SPT35440	0.23529
SPT35410	SPT35354	0.23509
SPT35410	SPT35309	0.22749
SPT35410	SPT35310	0.22716
SPT35410	SPT35355	0.23942
SPT35410	SPT35332	0.23245
SPT35410	SPT35333	0.2291
SPT35410	SPT35561	0.24025
SPT35410	SPT35363	0.22937
SPT35410	SPT35427	0.23142
SPT35410	SPT35752	0.21843
SPT35410	SPT35430	0.24078
SPT35410	SPT35431	0.23707
SPT35410	SPT35313	0.23529
SPT35410	SPT35780	0.23173
SPT35410	SPT35315	0.23164
SPT35410	SPT35316	0.23678
SPT35410	SPT35317	0.23846
SPT35410	SPT35334	0.2352
SPT35410	SPT35543	0.23584
SPT35575	SPT35576	0.22094
SPT35575	SPT35766	0.22782
SPT35575	SPT35347	0.22764
SPT35575	SPT35412	0.23513
SPT35575	SPT35414	0.22342
SPT35575	SPT35348	0.23024
SPT35575	SPT35417	0.22612
SPT35575	SPT35571	0.22535
SPT35575	SPT35349	0.24292
SPT35575	SPT35351	0.22615
SPT35575	SPT35418	0.23736
SPT35575	SPT35419	0.23517
SPT35575	SPT35566	0.23721
SPT35575	SPT35567	0.22977
SPT35575	SPT35420	0.22383
SPT35575	SPT35423	0.22803
SPT35575	SPT35564	0.2289
SPT35575	SPT35352	0.23205
SPT35575	SPT35424	0.23142
SPT35575	SPT35357	0.23254
SPT35575	SPT35437	0.2296
SPT35575	SPT35563	0.23257
SPT35575	SPT35308	0.22894
SPT35575	SPT35425	0.22995
SPT35575	SPT35440	0.22173
SPT35575	SPT35354	0.22972
SPT35575	SPT35309	0.23104
SPT35575	SPT35310	0.23343
SPT35575	SPT35355	0.23098
SPT35575	SPT35332	0.21899
SPT35575	SPT35333	0.2365
SPT35575	SPT35561	0.2302
SPT35575	SPT35363	0.22663
SPT35575	SPT35427	0.22826
SPT35575	SPT35752	0.2329
SPT35575	SPT35430	0.22886
SPT35575	SPT35431	0.2435
SPT35575	SPT35313	0.23371
SPT35575	SPT35780	0.22449
SPT35575	SPT35315	0.22486
SPT35575	SPT35316	0.23162
SPT35575	SPT35317	0.21801
SPT35575	SPT35334	0.23449
SPT35575	SPT35543	0.2329
SPT35576	SPT35766	0.23892
SPT35576	SPT35347	0.30453
SPT35576	SPT35412	0.22959
SPT35576	SPT35414	0.24623
SPT35576	SPT35348	0.25531
SPT35576	SPT35417	0.24783
SPT35576	SPT35571	0.23333
SPT35576	SPT35349	0.2448
SPT35576	SPT35351	0.22705
SPT35576	SPT35418	0.23524
SPT35576	SPT35419	0.4091
SPT35576	SPT35566	0.30319
SPT35576	SPT35567	0.22232
SPT35576	SPT35420	0.2375
SPT35576	SPT35423	0.23415
SPT35576	SPT35564	0.23126
SPT35576	SPT35352	0.23943
SPT35576	SPT35424	0.23046
SPT35576	SPT35357	0.24732
SPT35576	SPT35437	0.23433
SPT35576	SPT35563	0.22275
SPT35576	SPT35308	0.24595
SPT35576	SPT35425	0.2372
SPT35576	SPT35440	0.22651
SPT35576	SPT35354	0.25717
SPT35576	SPT35309	0.23323
SPT35576	SPT35310	0.22924
SPT35576	SPT35355	0.24858
SPT35576	SPT35332	0.22981
SPT35576	SPT35333	0.23954
SPT35576	SPT35561	0.24754
SPT35576	SPT35363	0.24589
SPT35576	SPT35427	0.22984
SPT35576	SPT35752	0.23473
SPT35576	SPT35430	0.22924
SPT35576	SPT35431	0.24485
SPT35576	SPT35313	0.24992
SPT35576	SPT35780	0.24094
SPT35576	SPT35315	0.23208
SPT35576	SPT35316	0.23827
SPT35576	SPT35317	0.28138
SPT35576	SPT35334	0.27781
SPT35576	SPT35543	0.24234
SPT35766	SPT35347	0.23495
SPT35766	SPT35412	0.26264
SPT35766	SPT35414	0.25329
SPT35766	SPT35348	0.23473
SPT35766	SPT35417	0.24495
SPT35766	SPT35571	0.23831
SPT35766	SPT35349	0.23615
SPT35766	SPT35351	0.2362
SPT35766	SPT35418	0.23982
SPT35766	SPT35419	0.23694
SPT35766	SPT35566	0.24532
SPT35766	SPT35567	0.23874
SPT35766	SPT35420	0.21957
SPT35766	SPT35423	0.23332
SPT35766	SPT35564	0.24149
SPT35766	SPT35352	0.22986
SPT35766	SPT35424	0.23582
SPT35766	SPT35357	0.22819
SPT35766	SPT35437	0.23526
SPT35766	SPT35563	0.23445
SPT35766	SPT35308	0.24673
SPT35766	SPT35425	0.24352
SPT35766	SPT35440	0.25896
SPT35766	SPT35354	0.2481
SPT35766	SPT35309	0.23821
SPT35766	SPT35310	0.24605
SPT35766	SPT35355	0.22748
SPT35766	SPT35332	0.23301
SPT35766	SPT35333	0.23348
SPT35766	SPT35561	0.24223
SPT35766	SPT35363	0.23588
SPT35766	SPT35427	0.25279
SPT35766	SPT35752	0.22607
SPT35766	SPT35430	0.24023
SPT35766	SPT35431	0.23841
SPT35766	SPT35313	0.22983
SPT35766	SPT35780	0.25099
SPT35766	SPT35315	0.24234
SPT35766	SPT35316	0.23453
SPT35766	SPT35317	0.24413
SPT35766	SPT35334	0.23577
SPT35766	SPT35543	0.25009
SPT35347	SPT35412	0.24692
SPT35347	SPT35414	0.24618
SPT35347	SPT35348	0.24483
SPT35347	SPT35417	0.24748
SPT35347	SPT35571	0.23418
SPT35347	SPT35349	0.23582
SPT35347	SPT35351	0.24034
SPT35347	SPT35418	0.2514
SPT35347	SPT35419	0.30583
SPT35347	SPT35566	0.2856
SPT35347	SPT35567	0.23897
SPT35347	SPT35420	0.22539
SPT35347	SPT35423	0.22955
SPT35347	SPT35564	0.23709
SPT35347	SPT35352	0.23945
SPT35347	SPT35424	0.21885
SPT35347	SPT35357	0.2487
SPT35347	SPT35437	0.22599
SPT35347	SPT35563	0.24039
SPT35347	SPT35308	0.2361
SPT35347	SPT35425	0.23468
SPT35347	SPT35440	0.23642
SPT35347	SPT35354	0.25845
SPT35347	SPT35309	0.23847
SPT35347	SPT35310	0.23902
SPT35347	SPT35355	0.26015
SPT35347	SPT35332	0.23451
SPT35347	SPT35333	0.23214
SPT35347	SPT35561	0.23056
SPT35347	SPT35363	0.23731
SPT35347	SPT35427	0.24482
SPT35347	SPT35752	0.23652
SPT35347	SPT35430	0.2371
SPT35347	SPT35431	0.2426
SPT35347	SPT35313	0.24279
SPT35347	SPT35780	0.22815
SPT35347	SPT35315	0.25383
SPT35347	SPT35316	0.24674
SPT35347	SPT35317	0.2756
SPT35347	SPT35334	0.24506
SPT35347	SPT35543	0.24148
SPT35412	SPT35414	0.25322
SPT35412	SPT35348	0.2386
SPT35412	SPT35417	0.2417
SPT35412	SPT35571	0.25736
SPT35412	SPT35349	0.22658
SPT35412	SPT35351	0.23784
SPT35412	SPT35418	0.34057
SPT35412	SPT35419	0.22891
SPT35412	SPT35566	0.25476
SPT35412	SPT35567	0.24146
SPT35412	SPT35420	0.21804
SPT35412	SPT35423	0.23066
SPT35412	SPT35564	0.23278
SPT35412	SPT35352	0.2452
SPT35412	SPT35424	0.22657
SPT35412	SPT35357	0.22974
SPT35412	SPT35437	0.22829
SPT35412	SPT35563	0.23711
SPT35412	SPT35308	0.24246
SPT35412	SPT35425	0.25475
SPT35412	SPT35440	0.2575
SPT35412	SPT35354	0.22906
SPT35412	SPT35309	0.22712
SPT35412	SPT35310	0.23397
SPT35412	SPT35355	0.23526
SPT35412	SPT35332	0.22617
SPT35412	SPT35333	0.23432
SPT35412	SPT35561	0.2437
SPT35412	SPT35363	0.23135
SPT35412	SPT35427	0.26149
SPT35412	SPT35752	0.23507
SPT35412	SPT35430	0.2439
SPT35412	SPT35431	0.25047
SPT35412	SPT35313	0.24125
SPT35412	SPT35780	0.24142
SPT35412	SPT35315	0.22088
SPT35412	SPT35316	0.24172
SPT35412	SPT35317	0.23523
SPT35412	SPT35334	0.2223
SPT35412	SPT35543	0.253
SPT35414	SPT35348	0.23271
SPT35414	SPT35417	0.77818
SPT35414	SPT35571	0.23436
SPT35414	SPT35349	0.25301
SPT35414	SPT35351	0.22691
SPT35414	SPT35418	0.23868
SPT35414	SPT35419	0.24322
SPT35414	SPT35566	0.25065
SPT35414	SPT35567	0.23631
SPT35414	SPT35420	0.23555
SPT35414	SPT35423	0.2188
SPT35414	SPT35564	0.23576
SPT35414	SPT35352	0.23674
SPT35414	SPT35424	0.23295
SPT35414	SPT35357	0.2335
SPT35414	SPT35437	0.23349
SPT35414	SPT35563	0.23186
SPT35414	SPT35308	0.23951
SPT35414	SPT35425	0.24088
SPT35414	SPT35440	0.25283
SPT35414	SPT35354	0.23906
SPT35414	SPT35309	0.24194
SPT35414	SPT35310	0.2441
SPT35414	SPT35355	0.23032
SPT35414	SPT35332	0.22309
SPT35414	SPT35333	0.24241
SPT35414	SPT35561	0.23444
SPT35414	SPT35363	0.23549
SPT35414	SPT35427	0.24922
SPT35414	SPT35752	0.23594
SPT35414	SPT35430	0.23286
SPT35414	SPT35431	0.24879
SPT35414	SPT35313	0.23529
SPT35414	SPT35780	0.2441
SPT35414	SPT35315	0.22577
SPT35414	SPT35316	0.23203
SPT35414	SPT35317	0.22904
SPT35414	SPT35334	0.23385
SPT35414	SPT35543	0.25906
SPT35348	SPT35417	0.23129
SPT35348	SPT35571	0.23037
SPT35348	SPT35349	0.23471
SPT35348	SPT35351	0.28563
SPT35348	SPT35418	0.24547
SPT35348	SPT35419	0.25306
SPT35348	SPT35566	0.24184
SPT35348	SPT35567	0.22915
SPT35348	SPT35420	0.22798
SPT35348	SPT35423	0.23351
SPT35348	SPT35564	0.23835
SPT35348	SPT35352	0.23815
SPT35348	SPT35424	0.22928
SPT35348	SPT35357	0.22611
SPT35348	SPT35437	0.2388
SPT35348	SPT35563	0.22913
SPT35348	SPT35308	0.24753
SPT35348	SPT35425	0.23953
SPT35348	SPT35440	0.23665
SPT35348	SPT35354	0.24859
SPT35348	SPT35309	0.23198
SPT35348	SPT35310	0.2319
SPT35348	SPT35355	0.22658
SPT35348	SPT35332	0.227
SPT35348	SPT35333	0.23124
SPT35348	SPT35561	0.23857
SPT35348	SPT35363	0.23963
SPT35348	SPT35427	0.22875
SPT35348	SPT35752	0.23947
SPT35348	SPT35430	0.2362
SPT35348	SPT35431	0.2419
SPT35348	SPT35313	0.23762
SPT35348	SPT35780	0.23323
SPT35348	SPT35315	0.24643
SPT35348	SPT35316	0.25411
SPT35348	SPT35317	0.25737
SPT35348	SPT35334	0.26412
SPT35348	SPT35543	0.23652
SPT35417	SPT35571	0.23445
SPT35417	SPT35349	0.25513
SPT35417	SPT35351	0.22662
SPT35417	SPT35418	0.23542
SPT35417	SPT35419	0.24464
SPT35417	SPT35566	0.24535
SPT35417	SPT35567	0.23036
SPT35417	SPT35420	0.24193
SPT35417	SPT35423	0.22126
SPT35417	SPT35564	0.24029
SPT35417	SPT35352	0.23863
SPT35417	SPT35424	0.23323
SPT35417	SPT35357	0.23366
SPT35417	SPT35437	0.23358
SPT35417	SPT35563	0.22883
SPT35417	SPT35308	0.23863
SPT35417	SPT35425	0.23234
SPT35417	SPT35440	0.24318
SPT35417	SPT35354	0.24031
SPT35417	SPT35309	0.23942
SPT35417	SPT35310	0.23953
SPT35417	SPT35355	0.23337
SPT35417	SPT35332	0.22365
SPT35417	SPT35333	0.24514
SPT35417	SPT35561	0.23687
SPT35417	SPT35363	0.23393
SPT35417	SPT35427	0.24163
SPT35417	SPT35752	0.23475
SPT35417	SPT35430	0.23162
SPT35417	SPT35431	0.24263
SPT35417	SPT35313	0.23287
SPT35417	SPT35780	0.23564
SPT35417	SPT35315	0.22713
SPT35417	SPT35316	0.23406
SPT35417	SPT35317	0.23091
SPT35417	SPT35334	0.23661
SPT35417	SPT35543	0.25545
SPT35571	SPT35349	0.22873
SPT35571	SPT35351	0.25074
SPT35571	SPT35418	0.23671
SPT35571	SPT35419	0.23842
SPT35571	SPT35566	0.24068
SPT35571	SPT35567	0.22979
SPT35571	SPT35420	0.22032
SPT35571	SPT35423	0.22092
SPT35571	SPT35564	0.22836
SPT35571	SPT35352	0.23348
SPT35571	SPT35424	0.22274
SPT35571	SPT35357	0.2394
SPT35571	SPT35437	0.22901
SPT35571	SPT35563	0.22963
SPT35571	SPT35308	0.23586
SPT35571	SPT35425	0.24378
SPT35571	SPT35440	0.25139
SPT35571	SPT35354	0.22639
SPT35571	SPT35309	0.2342
SPT35571	SPT35310	0.2369
SPT35571	SPT35355	0.21382
SPT35571	SPT35332	0.22244
SPT35571	SPT35333	0.2252
SPT35571	SPT35561	0.23889
SPT35571	SPT35363	0.22735
SPT35571	SPT35427	0.24643
SPT35571	SPT35752	0.23187
SPT35571	SPT35430	0.22528
SPT35571	SPT35431	0.24314
SPT35571	SPT35313	0.23502
SPT35571	SPT35780	0.24292
SPT35571	SPT35315	0.21348
SPT35571	SPT35316	0.23928
SPT35571	SPT35317	0.23165
SPT35571	SPT35334	0.22267
SPT35571	SPT35543	0.23868
SPT35349	SPT35351	0.2181
SPT35349	SPT35418	0.22356
SPT35349	SPT35419	0.24713
SPT35349	SPT35566	0.24413
SPT35349	SPT35567	0.23213
SPT35349	SPT35420	0.22113
SPT35349	SPT35423	0.22827
SPT35349	SPT35564	0.22861
SPT35349	SPT35352	0.23945
SPT35349	SPT35424	0.23455
SPT35349	SPT35357	0.24572
SPT35349	SPT35437	0.23357
SPT35349	SPT35563	0.2337
SPT35349	SPT35308	0.22947
SPT35349	SPT35425	0.23842
SPT35349	SPT35440	0.22911
SPT35349	SPT35354	0.23159
SPT35349	SPT35309	0.22633
SPT35349	SPT35310	0.22354
SPT35349	SPT35355	0.2404
SPT35349	SPT35332	0.22592
SPT35349	SPT35333	0.24437999999999999
SPT35349	SPT35561	0.23626
SPT35349	SPT35363	0.2473
SPT35349	SPT35427	0.23153
SPT35349	SPT35752	0.22581
SPT35349	SPT35430	0.23742
SPT35349	SPT35431	0.23505
SPT35349	SPT35313	0.22769
SPT35349	SPT35780	0.23198
SPT35349	SPT35315	0.23692
SPT35349	SPT35316	0.22504
SPT35349	SPT35317	0.23213
SPT35349	SPT35334	0.24166
SPT35349	SPT35543	0.24326
SPT35351	SPT35418	0.23992
SPT35351	SPT35419	0.23121
SPT35351	SPT35566	0.25814
SPT35351	SPT35567	0.22515
SPT35351	SPT35420	0.21649
SPT35351	SPT35423	0.24029
SPT35351	SPT35564	0.22059
SPT35351	SPT35352	0.23127
SPT35351	SPT35424	0.22285
SPT35351	SPT35357	0.23516
SPT35351	SPT35437	0.23889
SPT35351	SPT35563	0.22729
SPT35351	SPT35308	0.26347
SPT35351	SPT35425	0.24564
SPT35351	SPT35440	0.23798
SPT35351	SPT35354	0.23866
SPT35351	SPT35309	0.25468
SPT35351	SPT35310	0.2536
SPT35351	SPT35355	0.22877
SPT35351	SPT35332	0.2342
SPT35351	SPT35333	0.22827
SPT35351	SPT35561	0.22762
SPT35351	SPT35363	0.22006
SPT35351	SPT35427	0.2266
SPT35351	SPT35752	0.21342
SPT35351	SPT35430	0.23122
SPT35351	SPT35431	0.24511
SPT35351	SPT35313	0.24176
SPT35351	SPT35780	0.2434
SPT35351	SPT35315	0.26365
SPT35351	SPT35316	0.24167
SPT35351	SPT35317	0.23608
SPT35351	SPT35334	0.25604
SPT35351	SPT35543	0.23964
SPT35418	SPT35419	0.24666
SPT35418	SPT35566	0.24352
SPT35418	SPT35567	0.23037
SPT35418	SPT35420	0.23376
SPT35418	SPT35423	0.23516
SPT35418	SPT35564	0.2384
SPT35418	SPT35352	0.2391
SPT35418	SPT35424	0.23165
SPT35418	SPT35357	0.3035
SPT35418	SPT35437	0.22841
SPT35418	SPT35563	0.22745
SPT35418	SPT35308	0.24369
SPT35418	SPT35425	0.23196
SPT35418	SPT35440	0.23979
SPT35418	SPT35354	0.25049
SPT35418	SPT35309	0.24167
SPT35418	SPT35310	0.24069
SPT35418	SPT35355	0.23361
SPT35418	SPT35332	0.23498
SPT35418	SPT35333	0.22499
SPT35418	SPT35561	0.24525
SPT35418	SPT35363	0.23417
SPT35418	SPT35427	0.24345
SPT35418	SPT35752	0.23539
SPT35418	SPT35430	0.22895
SPT35418	SPT35431	0.2434
SPT35418	SPT35313	0.26938
SPT35418	SPT35780	0.23018
SPT35418	SPT35315	0.23465
SPT35418	SPT35316	0.24836
SPT35418	SPT35317	0.24348
SPT35418	SPT35334	0.2565
SPT35418	SPT35543	0.24931
SPT35419	SPT35566	0.31746
SPT35419	SPT35567	0.23394
SPT35419	SPT35420	0.22962
SPT35419	SPT35423	0.23653
SPT35419	SPT35564	0.23278
SPT35419	SPT35352	0.24725
SPT35419	SPT35424	0.22314
SPT35419	SPT35357	0.23757
SPT35419	SPT35437	0.23603
SPT35419	SPT35563	0.23295
SPT35419	SPT35308	0.22853
SPT35419	SPT35425	0.23604
SPT35419	SPT35440	0.23117
SPT35419	SPT35354	0.25605
SPT35419	SPT35309	0.23466
SPT35419	SPT35310	0.23195
SPT35419	SPT35355	0.24522
SPT35419	SPT35332	0.23941
SPT35419	SPT35333	0.22621
SPT35419	SPT35561	0.24181
SPT35419	SPT35363	0.23603
SPT35419	SPT35427	0.23224
SPT35419	SPT35752	0.23334
SPT35419	SPT35430	0.22548
SPT35419	SPT35431	0.23207
SPT35419	SPT35313	0.24107
SPT35419	SPT35780	0.23697
SPT35419	SPT35315	0.24432
SPT35419	SPT35316	0.23881
SPT35419	SPT35317	0.28256
SPT35419	SPT35334	0.27253
SPT35419	SPT35543	0.23571
SPT35566	SPT35567	0.23029
SPT35566	SPT35420	0.23697
SPT35566	SPT35423	0.23487
SPT35566	SPT35564	0.24624
SPT35566	SPT35352	0.25196
SPT35566	SPT35424	0.23702
SPT35566	SPT35357	0.24189
SPT35566	SPT35437	0.23785
SPT35566	SPT35563	0.22611
SPT35566	SPT35308	0.25138
SPT35566	SPT35425	0.25067
SPT35566	SPT35440	0.24944
SPT35566	SPT35354	0.25246
SPT35566	SPT35309	0.25293
SPT35566	SPT35310	0.25689
SPT35566	SPT35355	0.23127
SPT35566	SPT35332	0.23859
SPT35566	SPT35333	0.22709
SPT35566	SPT35561	0.24505
SPT35566	SPT35363	0.23992
SPT35566	SPT35427	0.25354
SPT35566	SPT35752	0.24261
SPT35566	SPT35430	0.2418
SPT35566	SPT35431	0.25008
SPT35566	SPT35313	0.25002
SPT35566	SPT35780	0.23376
SPT35566	SPT35315	0.26854
SPT35566	SPT35316	0.24306
SPT35566	SPT35317	0.26819
SPT35566	SPT35334	0.24522
SPT35566	SPT35543	0.25466
SPT35567	SPT35420	0.2299
SPT35567	SPT35423	0.22617
SPT35567	SPT35564	0.24318
SPT35567	SPT35352	0.23831
SPT35567	SPT35424	0.23217
SPT35567	SPT35357	0.22708
SPT35567	SPT35437	0.23536
SPT35567	SPT35563	0.81898
SPT35567	SPT35308	0.21686
SPT35567	SPT35425	0.25494
SPT35567	SPT35440	0.21987
SPT35567	SPT35354	0.23032
SPT35567	SPT35309	0.22714
SPT35567	SPT35310	0.22634
SPT35567	SPT35355	0.2241
SPT35567	SPT35332	0.24282
SPT35567	SPT35333	0.23182
SPT35567	SPT35561	0.23949
SPT35567	SPT35363	0.2365
SPT35567	SPT35427	0.23051
SPT35567	SPT35752	0.23315
SPT35567	SPT35430	0.24051
SPT35567	SPT35431	0.24027
SPT35567	SPT35313	0.22783
SPT35567	SPT35780	0.22547
SPT35567	SPT35315	0.23194
SPT35567	SPT35316	0.23686
SPT35567	SPT35317	0.23361
SPT35567	SPT35334	0.22598
SPT35567	SPT35543	0.25585
SPT35420	SPT35423	0.23169
SPT35420	SPT35564	0.24178
SPT35420	SPT35352	0.22379
SPT35420	SPT35424	0.23606
SPT35420	SPT35357	0.22116
SPT35420	SPT35437	0.22488
SPT35420	SPT35563	0.22918
SPT35420	SPT35308	0.23036
SPT35420	SPT35425	0.23478
SPT35420	SPT35440	0.22753
SPT35420	SPT35354	0.22833
SPT35420	SPT35309	0.22704
SPT35420	SPT35310	0.22857
SPT35420	SPT35355	0.22785
SPT35420	SPT35332	0.23
SPT35420	SPT35333	0.22423
SPT35420	SPT35561	0.22854
SPT35420	SPT35363	0.23041
SPT35420	SPT35427	0.22931000000000001
SPT35420	SPT35752	0.33478
SPT35420	SPT35430	0.23305
SPT35420	SPT35431	0.23327
SPT35420	SPT35313	0.22949
SPT35420	SPT35780	0.23916
SPT35420	SPT35315	0.23328
SPT35420	SPT35316	0.22901
SPT35420	SPT35317	0.22592
SPT35420	SPT35334	0.22589
SPT35420	SPT35543	0.22812
SPT35423	SPT35564	0.22472
SPT35423	SPT35352	0.23913
SPT35423	SPT35424	0.22439
SPT35423	SPT35357	0.2284
SPT35423	SPT35437	0.22768
SPT35423	SPT35563	0.22626
SPT35423	SPT35308	0.23571
SPT35423	SPT35425	0.2271
SPT35423	SPT35440	0.23156
SPT35423	SPT35354	0.23319
SPT35423	SPT35309	0.22423
SPT35423	SPT35310	0.22422
SPT35423	SPT35355	0.23185
SPT35423	SPT35332	0.22635
SPT35423	SPT35333	0.22504
SPT35423	SPT35561	0.22963
SPT35423	SPT35363	0.2375
SPT35423	SPT35427	0.23502
SPT35423	SPT35752	0.22497
SPT35423	SPT35430	0.22265
SPT35423	SPT35431	0.22556
SPT35423	SPT35313	0.2307
SPT35423	SPT35780	0.22988
SPT35423	SPT35315	0.22839
SPT35423	SPT35316	0.22814
SPT35423	SPT35317	0.23773
SPT35423	SPT35334	0.23924
SPT35423	SPT35543	0.22599
SPT35564	SPT35352	0.23964
SPT35564	SPT35424	0.22981
SPT35564	SPT35357	0.22239
SPT35564	SPT35437	0.24609
SPT35564	SPT35563	0.2399
SPT35564	SPT35308	0.23154
SPT35564	SPT35425	0.23575
SPT35564	SPT35440	0.23617
SPT35564	SPT35354	0.23979
SPT35564	SPT35309	0.22844
SPT35564	SPT35310	0.2281
SPT35564	SPT35355	0.22315
SPT35564	SPT35332	0.22257
SPT35564	SPT35333	0.22919
SPT35564	SPT35561	0.23693
SPT35564	SPT35363	0.23618
SPT35564	SPT35427	0.23692
SPT35564	SPT35752	0.23236
SPT35564	SPT35430	0.23909
SPT35564	SPT35431	0.23204
SPT35564	SPT35313	0.24187
SPT35564	SPT35780	0.23378
SPT35564	SPT35315	0.23264
SPT35564	SPT35316	0.22671
SPT35564	SPT35317	0.22952
SPT35564	SPT35334	0.24356
SPT35564	SPT35543	0.24911
SPT35352	SPT35424	0.23059
SPT35352	SPT35357	0.22897
SPT35352	SPT35437	0.24399
SPT35352	SPT35563	0.2373
SPT35352	SPT35308	0.24493
SPT35352	SPT35425	0.23567
SPT35352	SPT35440	0.22591
SPT35352	SPT35354	0.232
SPT35352	SPT35309	0.2331
SPT35352	SPT35310	0.23397
SPT35352	SPT35355	0.23684
SPT35352	SPT35332	0.2363
SPT35352	SPT35333	0.23787
SPT35352	SPT35561	0.24524
SPT35352	SPT35363	0.24763
SPT35352	SPT35427	0.23494
SPT35352	SPT35752	0.22844
SPT35352	SPT35430	0.22684000000000001
SPT35352	SPT35431	0.23908
SPT35352	SPT35313	0.22978
SPT35352	SPT35780	0.23348
SPT35352	SPT35315	0.23368
SPT35352	SPT35316	0.23743
SPT35352	SPT35317	0.23332
SPT35352	SPT35334	0.24761
SPT35352	SPT35543	0.2488
SPT35424	SPT35357	0.23088
SPT35424	SPT35437	0.23826
SPT35424	SPT35563	0.23066
SPT35424	SPT35308	0.23316
SPT35424	SPT35425	0.24086
SPT35424	SPT35440	0.22562
SPT35424	SPT35354	0.23448
SPT35424	SPT35309	0.22689
SPT35424	SPT35310	0.22583
SPT35424	SPT35355	0.23048
SPT35424	SPT35332	0.21677
SPT35424	SPT35333	0.22485
SPT35424	SPT35561	0.24745
SPT35424	SPT35363	0.24546
SPT35424	SPT35427	0.2392
SPT35424	SPT35752	0.23103
SPT35424	SPT35430	0.2294
SPT35424	SPT35431	0.23806
SPT35424	SPT35313	0.22822
SPT35424	SPT35780	0.23831
SPT35424	SPT35315	0.22411
SPT35424	SPT35316	0.22691
SPT35424	SPT35317	0.22932
SPT35424	SPT35334	0.23397
SPT35424	SPT35543	0.23814
SPT35357	SPT35437	0.2321
SPT35357	SPT35563	0.23165
SPT35357	SPT35308	0.23509
SPT35357	SPT35425	0.21048
SPT35357	SPT35440	0.23291
SPT35357	SPT35354	0.22825
SPT35357	SPT35309	0.23564
SPT35357	SPT35310	0.23435
SPT35357	SPT35355	0.30968
SPT35357	SPT35332	0.23186
SPT35357	SPT35333	0.23089
SPT35357	SPT35561	0.22676
SPT35357	SPT35363	0.2324
SPT35357	SPT35427	0.2367
SPT35357	SPT35752	0.23377
SPT35357	SPT35430	0.23475
SPT35357	SPT35431	0.23198
SPT35357	SPT35313	0.27498
SPT35357	SPT35780	0.23923
SPT35357	SPT35315	0.24057
SPT35357	SPT35316	0.24732
SPT35357	SPT35317	0.26569
SPT35357	SPT35334	0.25408
SPT35357	SPT35543	0.23662
SPT35437	SPT35563	0.23525
SPT35437	SPT35308	0.2353
SPT35437	SPT35425	0.23859
SPT35437	SPT35440	0.22664
SPT35437	SPT35354	0.23114
SPT35437	SPT35309	0.23144
SPT35437	SPT35310	0.23119
SPT35437	SPT35355	0.23036
SPT35437	SPT35332	0.22316
SPT35437	SPT35333	0.23177
SPT35437	SPT35561	0.26752
SPT35437	SPT35363	0.24178
SPT35437	SPT35427	0.23085
SPT35437	SPT35752	0.22957
SPT35437	SPT35430	0.22711
SPT35437	SPT35431	0.25373
SPT35437	SPT35313	0.2441
SPT35437	SPT35780	0.23278
SPT35437	SPT35315	0.21387
SPT35437	SPT35316	0.2361
SPT35437	SPT35317	0.23848
SPT35437	SPT35334	0.23424
SPT35437	SPT35543	0.22805
SPT35563	SPT35308	0.21617
SPT35563	SPT35425	0.25008
SPT35563	SPT35440	0.21603
SPT35563	SPT35354	0.23015
SPT35563	SPT35309	0.22622
SPT35563	SPT35310	0.22429
SPT35563	SPT35355	0.22613
SPT35563	SPT35332	0.24645
SPT35563	SPT35333	0.23085
SPT35563	SPT35561	0.2401
SPT35563	SPT35363	0.23745
SPT35563	SPT35427	0.22618
SPT35563	SPT35752	0.23054
SPT35563	SPT35430	0.23851
SPT35563	SPT35431	0.23493
SPT35563	SPT35313	0.22744
SPT35563	SPT35780	0.22214
SPT35563	SPT35315	0.23028
SPT35563	SPT35316	0.23681
SPT35563	SPT35317	0.23558
SPT35563	SPT35334	0.22699
SPT35563	SPT35543	0.24947
SPT35308	SPT35425	0.23785
SPT35308	SPT35440	0.24012
SPT35308	SPT35354	0.24605
SPT35308	SPT35309	0.25964
SPT35308	SPT35310	0.25487
SPT35308	SPT35355	0.24798
SPT35308	SPT35332	0.23649
SPT35308	SPT35333	0.25456
SPT35308	SPT35561	0.2434
SPT35308	SPT35363	0.22931000000000001
SPT35308	SPT35427	0.2435
SPT35308	SPT35752	0.21944
SPT35308	SPT35430	0.23706
SPT35308	SPT35431	0.24261
SPT35308	SPT35313	0.24385
SPT35308	SPT35780	0.22992
SPT35308	SPT35315	0.26152
SPT35308	SPT35316	0.24156
SPT35308	SPT35317	0.2361
SPT35308	SPT35334	0.23722
SPT35308	SPT35543	0.23438
SPT35425	SPT35440	0.241
SPT35425	SPT35354	0.2408
SPT35425	SPT35309	0.23595
SPT35425	SPT35310	0.24118
SPT35425	SPT35355	0.22353
SPT35425	SPT35332	0.24117
SPT35425	SPT35333	0.23516
SPT35425	SPT35561	0.24898
SPT35425	SPT35363	0.23906
SPT35425	SPT35427	0.25618
SPT35425	SPT35752	0.23126
SPT35425	SPT35430	0.24389
SPT35425	SPT35431	0.2668
SPT35425	SPT35313	0.22981
SPT35425	SPT35780	0.22987
SPT35425	SPT35315	0.22925
SPT35425	SPT35316	0.23431
SPT35425	SPT35317	0.23028
SPT35425	SPT35334	0.23313
SPT35425	SPT35543	0.25501
SPT35440	SPT35354	0.24171
SPT35440	SPT35309	0.23614
SPT35440	SPT35310	0.24356
SPT35440	SPT35355	0.23933
SPT35440	SPT35332	0.23064
SPT35440	SPT35333	0.23129
SPT35440	SPT35561	0.23599
SPT35440	SPT35363	0.22664
SPT35440	SPT35427	0.25819
SPT35440	SPT35752	0.23349
SPT35440	SPT35430	0.23464
SPT35440	SPT35431	0.23855
SPT35440	SPT35313	0.2284
SPT35440	SPT35780	0.24042
SPT35440	SPT35315	0.23034
SPT35440	SPT35316	0.23315
SPT35440	SPT35317	0.22635
SPT35440	SPT35334	0.23169
SPT35440	SPT35543	0.2724
SPT35354	SPT35309	0.23289
SPT35354	SPT35310	0.23091
SPT35354	SPT35355	0.24812
SPT35354	SPT35332	0.23308
SPT35354	SPT35333	0.23356
SPT35354	SPT35561	0.24369
SPT35354	SPT35363	0.2341
SPT35354	SPT35427	0.22479
SPT35354	SPT35752	0.2314
SPT35354	SPT35430	0.23612
SPT35354	SPT35431	0.24011
SPT35354	SPT35313	0.23282
SPT35354	SPT35780	0.23752
SPT35354	SPT35315	0.24295
SPT35354	SPT35316	0.41511
SPT35354	SPT35317	0.24455
SPT35354	SPT35334	0.26975
SPT35354	SPT35543	0.23914
SPT35309	SPT35310	0.80403
SPT35309	SPT35355	0.25091
SPT35309	SPT35332	0.22872
SPT35309	SPT35333	0.22238
SPT35309	SPT35561	0.23616
SPT35309	SPT35363	0.22792
SPT35309	SPT35427	0.23087
SPT35309	SPT35752	0.22873
SPT35309	SPT35430	0.24192
SPT35309	SPT35431	0.24036
SPT35309	SPT35313	0.23175
SPT35309	SPT35780	0.22843
SPT35309	SPT35315	0.26007
SPT35309	SPT35316	0.22878
SPT35309	SPT35317	0.23625
SPT35309	SPT35334	0.24163
SPT35309	SPT35543	0.23032
SPT35310	SPT35355	0.24616
SPT35310	SPT35332	0.22871
SPT35310	SPT35333	0.21896
SPT35310	SPT35561	0.23511
SPT35310	SPT35363	0.22582
SPT35310	SPT35427	0.23889
SPT35310	SPT35752	0.23227
SPT35310	SPT35430	0.24087
SPT35310	SPT35431	0.24235
SPT35310	SPT35313	0.23453
SPT35310	SPT35780	0.22738
SPT35310	SPT35315	0.26013
SPT35310	SPT35316	0.22846
SPT35310	SPT35317	0.23451
SPT35310	SPT35334	0.23843
SPT35310	SPT35543	0.23659
SPT35355	SPT35332	0.22277
SPT35355	SPT35333	0.22801
SPT35355	SPT35561	0.24285
SPT35355	SPT35363	0.22807
SPT35355	SPT35427	0.22529
SPT35355	SPT35752	0.23065
SPT35355	SPT35430	0.23363
SPT35355	SPT35431	0.23782
SPT35355	SPT35313	0.2319
SPT35355	SPT35780	0.22747
SPT35355	SPT35315	0.23523
SPT35355	SPT35316	0.23966
SPT35355	SPT35317	0.25158
SPT35355	SPT35334	0.23136
SPT35355	SPT35543	0.23407
SPT35332	SPT35333	0.23378
SPT35332	SPT35561	0.23319
SPT35332	SPT35363	0.22754
SPT35332	SPT35427	0.22682
SPT35332	SPT35752	0.22091
SPT35332	SPT35430	0.23864
SPT35332	SPT35431	0.23311
SPT35332	SPT35313	0.22786
SPT35332	SPT35780	0.22622
SPT35332	SPT35315	0.23245
SPT35332	SPT35316	0.23573
SPT35332	SPT35317	0.24004
SPT35332	SPT35334	0.23582
SPT35332	SPT35543	0.22922
SPT35333	SPT35561	0.2402
SPT35333	SPT35363	0.24257
SPT35333	SPT35427	0.22583
SPT35333	SPT35752	0.23411
SPT35333	SPT35430	0.23136
SPT35333	SPT35431	0.24863
SPT35333	SPT35313	0.23648
SPT35333	SPT35780	0.23511
SPT35333	SPT35315	0.23775
SPT35333	SPT35316	0.23432
SPT35333	SPT35317	0.23342
SPT35333	SPT35334	0.23352
SPT35333	SPT35543	0.22979
SPT35561	SPT35363	0.23625
SPT35561	SPT35427	0.23321
SPT35561	SPT35752	0.22505
SPT35561	SPT35430	0.23408
SPT35561	SPT35431	0.23958
SPT35561	SPT35313	0.23276
SPT35561	SPT35780	0.24254
SPT35561	SPT35315	0.22883
SPT35561	SPT35316	0.23737
SPT35561	SPT35317	0.23227
SPT35561	SPT35334	0.24686
SPT35561	SPT35543	0.3014
SPT35363	SPT35427	0.22575
SPT35363	SPT35752	0.23917
SPT35363	SPT35430	0.23862
SPT35363	SPT35431	0.23443
SPT35363	SPT35313	0.23282
SPT35363	SPT35780	0.22925
SPT35363	SPT35315	0.24167
SPT35363	SPT35316	0.2182
SPT35363	SPT35317	0.23598
SPT35363	SPT35334	0.23813
SPT35363	SPT35543	0.23538
SPT35427	SPT35752	0.23252
SPT35427	SPT35430	0.23729
SPT35427	SPT35431	0.24841
SPT35427	SPT35313	0.23717
SPT35427	SPT35780	0.23718
SPT35427	SPT35315	0.23308
SPT35427	SPT35316	0.23013
SPT35427	SPT35317	0.21986
SPT35427	SPT35334	0.22248
SPT35427	SPT35543	0.25508
SPT35752	SPT35430	0.23552
SPT35752	SPT35431	0.23375
SPT35752	SPT35313	0.2133
SPT35752	SPT35780	0.24312
SPT35752	SPT35315	0.24009
SPT35752	SPT35316	0.22964
SPT35752	SPT35317	0.23596
SPT35752	SPT35334	0.23129
SPT35752	SPT35543	0.24014
SPT35430	SPT35431	0.24301
SPT35430	SPT35313	0.23087
SPT35430	SPT35780	0.2292
SPT35430	SPT35315	0.2321
SPT35430	SPT35316	0.22808
SPT35430	SPT35317	0.23511
SPT35430	SPT35334	0.23203
SPT35430	SPT35543	0.24017
SPT35431	SPT35313	0.23547
SPT35431	SPT35780	0.24115
SPT35431	SPT35315	0.24333
SPT35431	SPT35316	0.23742
SPT35431	SPT35317	0.23511
SPT35431	SPT35334	0.23769
SPT35431	SPT35543	0.24143
SPT35313	SPT35780	0.23503
SPT35313	SPT35315	0.23783
SPT35313	SPT35316	0.25981
SPT35313	SPT35317	0.24152
SPT35313	SPT35334	0.23524
SPT35313	SPT35543	0.23433
SPT35780	SPT35315	0.23633
SPT35780	SPT35316	0.23027
SPT35780	SPT35317	0.23552
SPT35780	SPT35334	0.23
SPT35780	SPT35543	0.24002
SPT35315	SPT35316	0.24543
SPT35315	SPT35317	0.26093
SPT35315	SPT35334	0.26098
SPT35315	SPT35543	0.24107
SPT35316	SPT35317	0.24491
SPT35316	SPT35334	0.25984
SPT35316	SPT35543	0.2288
SPT35317	SPT35334	0.26834
SPT35317	SPT35543	0.22811
SPT35334	SPT35543	0.23195
