p1	p2	malecotf
SPT35443	SPT35447	0
SPT35443	SPT35444	0
SPT35443	SPT35446	0
SPT35443	SPT35503	0
SPT35443	SPT35302	0
SPT35443	SPT35508	0
SPT35443	SPT35365	0
SPT35443	SPT35449	0
SPT35443	SPT35523	0
SPT35443	SPT35338	0
SPT35443	SPT35339	0
SPT35443	SPT35372	0
SPT35443	SPT35373	0
SPT35443	SPT35587	0
SPT35443	SPT35303	0
SPT35443	SPT35356	0
SPT35443	SPT35448	0
SPT35443	SPT35364	0
SPT35443	SPT35366	0
SPT35443	SPT35524	0
SPT35443	SPT35321	0
SPT35443	SPT35374	0
SPT35443	SPT35318	0
SPT35443	SPT35453	0
SPT35443	SPT35509	0
SPT35443	SPT35450	0
SPT35443	SPT35525	0
SPT35443	SPT35510	0
SPT35443	SPT35340	0
SPT35443	SPT35583	0
SPT35443	SPT35584	0
SPT35443	SPT35585	0
SPT35443	SPT35458	0
SPT35443	SPT35500	0
SPT35443	SPT35322	0
SPT35443	SPT35377	0
SPT35443	SPT35511	0
SPT35443	SPT35323	0
SPT35443	SPT35461	0
SPT35443	SPT35462	0
SPT35443	SPT35463	0
SPT35443	SPT35341	0
SPT35443	SPT35368	0
SPT35443	SPT35378	0
SPT35443	SPT35552	0
SPT35443	SPT35551	0
SPT35443	SPT35459	0
SPT35443	SPT35474	0
SPT35443	SPT35514	0
SPT35443	SPT35519	0
SPT35443	SPT35526	0
SPT35443	SPT35501	0
SPT35443	SPT35681	0
SPT35443	SPT35467	0
SPT35443	SPT35469	0
SPT35443	SPT35470	0
SPT35443	SPT35468	0
SPT35443	SPT35471	0
SPT35443	SPT35379	0
SPT35443	SPT35472	0
SPT35443	SPT35529	0
SPT35443	SPT35517	0
SPT35443	SPT35516	0
SPT35443	SPT35360	0
SPT35443	SPT35515	0
SPT35443	SPT35518	0.02
SPT35443	SPT35475	0
SPT35443	SPT35520	0
SPT35443	SPT35324	0
SPT35443	SPT35476	0
SPT35443	SPT35485	0
SPT35443	SPT35389	0
SPT35443	SPT35487	0
SPT35443	SPT35369	0
SPT35443	SPT35370	0
SPT35443	SPT35382	0
SPT35443	SPT35521	0
SPT35443	SPT35553	0
SPT35443	SPT35532	0
SPT35443	SPT35384	0
SPT35443	SPT35522	0
SPT35443	SPT35361	0
SPT35443	SPT35342	0
SPT35443	SPT35556	0
SPT35443	SPT35557	0
SPT35443	SPT35328	0.02
SPT35443	SPT35592	0
SPT35443	SPT35435	0
SPT35443	SPT35304	0
SPT35443	SPT35390	0
SPT35443	SPT35436	0
SPT35443	SPT35580	0
SPT35443	SPT35538	0
SPT35443	SPT35537	0
SPT35443	SPT35320	0
SPT35443	SPT35541	0
SPT35443	SPT35673	0
SPT35443	SPT35502	0
SPT35443	SPT35330	0
SPT35443	SPT35546	0
SPT35443	SPT35547	0
SPT35443	SPT35544	0
SPT35443	SPT35362	0
SPT35443	SPT35499	0
SPT35443	SPT35336	0
SPT35443	SPT35577	0
SPT35443	SPT35325	0
SPT35443	SPT35331	0
SPT35443	SPT35337	0
SPT35443	SPT35306	0
SPT35443	SPT35407	0
SPT35443	SPT35346	0
SPT35443	SPT35405	0
SPT35443	SPT35410	0
SPT35443	SPT35575	0
SPT35443	SPT35576	0
SPT35443	SPT35766	0
SPT35443	SPT35347	0
SPT35443	SPT35412	0
SPT35443	SPT35414	0
SPT35443	SPT35348	0
SPT35443	SPT35417	0
SPT35443	SPT35571	0
SPT35443	SPT35349	0
SPT35443	SPT35351	0
SPT35443	SPT35418	0
SPT35443	SPT35419	0
SPT35443	SPT35566	0
SPT35443	SPT35567	0.02
SPT35443	SPT35420	0
SPT35443	SPT35423	0
SPT35443	SPT35564	0
SPT35443	SPT35352	0
SPT35443	SPT35424	0
SPT35443	SPT35357	0
SPT35443	SPT35437	0
SPT35443	SPT35563	0.02
SPT35443	SPT35308	0
SPT35443	SPT35425	0.02
SPT35443	SPT35440	0
SPT35443	SPT35354	0
SPT35443	SPT35309	0
SPT35443	SPT35310	0
SPT35443	SPT35355	0
SPT35443	SPT35332	0
SPT35443	SPT35333	0
SPT35443	SPT35561	0
SPT35443	SPT35363	0
SPT35443	SPT35427	0
SPT35443	SPT35752	0
SPT35443	SPT35430	0
SPT35443	SPT35431	0
SPT35443	SPT35313	0
SPT35443	SPT35780	0
SPT35443	SPT35315	0
SPT35443	SPT35316	0
SPT35443	SPT35317	0
SPT35443	SPT35334	0
SPT35443	SPT35543	0
SPT35447	SPT35444	0
SPT35447	SPT35446	0
SPT35447	SPT35503	0
SPT35447	SPT35302	0
SPT35447	SPT35508	0
SPT35447	SPT35365	0
SPT35447	SPT35449	0
SPT35447	SPT35523	0
SPT35447	SPT35338	0.02
SPT35447	SPT35339	0
SPT35447	SPT35372	0
SPT35447	SPT35373	0
SPT35447	SPT35587	0
SPT35447	SPT35303	0
SPT35447	SPT35356	0
SPT35447	SPT35448	0
SPT35447	SPT35364	0
SPT35447	SPT35366	0
SPT35447	SPT35524	0
SPT35447	SPT35321	0
SPT35447	SPT35374	0
SPT35447	SPT35318	0
SPT35447	SPT35453	0
SPT35447	SPT35509	0
SPT35447	SPT35450	0
SPT35447	SPT35525	0
SPT35447	SPT35510	0
SPT35447	SPT35340	0
SPT35447	SPT35583	0
SPT35447	SPT35584	0
SPT35447	SPT35585	0
SPT35447	SPT35458	0
SPT35447	SPT35500	0
SPT35447	SPT35322	0
SPT35447	SPT35377	0
SPT35447	SPT35511	0
SPT35447	SPT35323	0
SPT35447	SPT35461	0
SPT35447	SPT35462	0
SPT35447	SPT35463	0
SPT35447	SPT35341	0
SPT35447	SPT35368	0
SPT35447	SPT35378	0
SPT35447	SPT35552	0
SPT35447	SPT35551	0
SPT35447	SPT35459	0
SPT35447	SPT35474	0
SPT35447	SPT35514	0
SPT35447	SPT35519	0
SPT35447	SPT35526	0
SPT35447	SPT35501	0
SPT35447	SPT35681	0
SPT35447	SPT35467	0
SPT35447	SPT35469	0
SPT35447	SPT35470	0
SPT35447	SPT35468	0
SPT35447	SPT35471	0
SPT35447	SPT35379	0
SPT35447	SPT35472	0
SPT35447	SPT35529	0
SPT35447	SPT35517	0
SPT35447	SPT35516	0
SPT35447	SPT35360	0
SPT35447	SPT35515	0
SPT35447	SPT35518	0.03
SPT35447	SPT35475	0
SPT35447	SPT35520	0
SPT35447	SPT35324	0
SPT35447	SPT35476	0
SPT35447	SPT35485	0
SPT35447	SPT35389	0
SPT35447	SPT35487	0
SPT35447	SPT35369	0
SPT35447	SPT35370	0
SPT35447	SPT35382	0
SPT35447	SPT35521	0
SPT35447	SPT35553	0
SPT35447	SPT35532	0
SPT35447	SPT35384	0
SPT35447	SPT35522	0
SPT35447	SPT35361	0
SPT35447	SPT35342	0
SPT35447	SPT35556	0
SPT35447	SPT35557	0
SPT35447	SPT35328	0
SPT35447	SPT35592	0
SPT35447	SPT35435	0
SPT35447	SPT35304	0
SPT35447	SPT35390	0.02
SPT35447	SPT35436	0
SPT35447	SPT35580	0
SPT35447	SPT35538	0
SPT35447	SPT35537	0
SPT35447	SPT35320	0
SPT35447	SPT35541	0
SPT35447	SPT35673	0
SPT35447	SPT35502	0
SPT35447	SPT35330	0
SPT35447	SPT35546	0
SPT35447	SPT35547	0
SPT35447	SPT35544	0
SPT35447	SPT35362	0
SPT35447	SPT35499	0
SPT35447	SPT35336	0
SPT35447	SPT35577	0
SPT35447	SPT35325	0
SPT35447	SPT35331	0
SPT35447	SPT35337	0
SPT35447	SPT35306	0
SPT35447	SPT35407	0
SPT35447	SPT35346	0
SPT35447	SPT35405	0
SPT35447	SPT35410	0.03
SPT35447	SPT35575	0
SPT35447	SPT35576	0
SPT35447	SPT35766	0
SPT35447	SPT35347	0
SPT35447	SPT35412	0
SPT35447	SPT35414	0
SPT35447	SPT35348	0
SPT35447	SPT35417	0
SPT35447	SPT35571	0
SPT35447	SPT35349	0
SPT35447	SPT35351	0
SPT35447	SPT35418	0
SPT35447	SPT35419	0
SPT35447	SPT35566	0
SPT35447	SPT35567	0
SPT35447	SPT35420	0
SPT35447	SPT35423	0
SPT35447	SPT35564	0.02
SPT35447	SPT35352	0
SPT35447	SPT35424	0
SPT35447	SPT35357	0
SPT35447	SPT35437	0
SPT35447	SPT35563	0
SPT35447	SPT35308	0
SPT35447	SPT35425	0
SPT35447	SPT35440	0
SPT35447	SPT35354	0
SPT35447	SPT35309	0
SPT35447	SPT35310	0
SPT35447	SPT35355	0
SPT35447	SPT35332	0
SPT35447	SPT35333	0
SPT35447	SPT35561	0
SPT35447	SPT35363	0
SPT35447	SPT35427	0
SPT35447	SPT35752	0
SPT35447	SPT35430	0
SPT35447	SPT35431	0
SPT35447	SPT35313	0
SPT35447	SPT35780	0
SPT35447	SPT35315	0
SPT35447	SPT35316	0
SPT35447	SPT35317	0
SPT35447	SPT35334	0
SPT35447	SPT35543	0
SPT35444	SPT35446	0
SPT35444	SPT35503	0
SPT35444	SPT35302	0
SPT35444	SPT35508	0
SPT35444	SPT35365	0
SPT35444	SPT35449	0
SPT35444	SPT35523	0
SPT35444	SPT35338	0
SPT35444	SPT35339	0
SPT35444	SPT35372	0
SPT35444	SPT35373	0
SPT35444	SPT35587	0
SPT35444	SPT35303	0
SPT35444	SPT35356	0
SPT35444	SPT35448	0
SPT35444	SPT35364	0
SPT35444	SPT35366	0
SPT35444	SPT35524	0
SPT35444	SPT35321	0
SPT35444	SPT35374	0
SPT35444	SPT35318	0
SPT35444	SPT35453	0
SPT35444	SPT35509	0
SPT35444	SPT35450	0
SPT35444	SPT35525	0
SPT35444	SPT35510	0.02
SPT35444	SPT35340	0
SPT35444	SPT35583	0
SPT35444	SPT35584	0
SPT35444	SPT35585	0
SPT35444	SPT35458	0
SPT35444	SPT35500	0
SPT35444	SPT35322	0
SPT35444	SPT35377	0
SPT35444	SPT35511	0
SPT35444	SPT35323	0
SPT35444	SPT35461	0
SPT35444	SPT35462	0
SPT35444	SPT35463	0
SPT35444	SPT35341	0
SPT35444	SPT35368	0
SPT35444	SPT35378	0
SPT35444	SPT35552	0
SPT35444	SPT35551	0
SPT35444	SPT35459	0
SPT35444	SPT35474	0
SPT35444	SPT35514	0
SPT35444	SPT35519	0
SPT35444	SPT35526	0
SPT35444	SPT35501	0
SPT35444	SPT35681	0
SPT35444	SPT35467	0
SPT35444	SPT35469	0
SPT35444	SPT35470	0
SPT35444	SPT35468	0
SPT35444	SPT35471	0
SPT35444	SPT35379	0
SPT35444	SPT35472	0
SPT35444	SPT35529	0
SPT35444	SPT35517	0
SPT35444	SPT35516	0
SPT35444	SPT35360	0
SPT35444	SPT35515	0
SPT35444	SPT35518	0
SPT35444	SPT35475	0
SPT35444	SPT35520	0
SPT35444	SPT35324	0
SPT35444	SPT35476	0
SPT35444	SPT35485	0
SPT35444	SPT35389	0
SPT35444	SPT35487	0
SPT35444	SPT35369	0
SPT35444	SPT35370	0
SPT35444	SPT35382	0
SPT35444	SPT35521	0
SPT35444	SPT35553	0
SPT35444	SPT35532	0
SPT35444	SPT35384	0
SPT35444	SPT35522	0
SPT35444	SPT35361	0
SPT35444	SPT35342	0
SPT35444	SPT35556	0
SPT35444	SPT35557	0
SPT35444	SPT35328	0
SPT35444	SPT35592	0
SPT35444	SPT35435	0
SPT35444	SPT35304	0
SPT35444	SPT35390	0
SPT35444	SPT35436	0
SPT35444	SPT35580	0
SPT35444	SPT35538	0
SPT35444	SPT35537	0
SPT35444	SPT35320	0
SPT35444	SPT35541	0
SPT35444	SPT35673	0
SPT35444	SPT35502	0.95
SPT35444	SPT35330	0
SPT35444	SPT35546	0
SPT35444	SPT35547	0
SPT35444	SPT35544	0.02
SPT35444	SPT35362	0
SPT35444	SPT35499	0
SPT35444	SPT35336	0
SPT35444	SPT35577	0
SPT35444	SPT35325	0
SPT35444	SPT35331	0
SPT35444	SPT35337	0
SPT35444	SPT35306	0
SPT35444	SPT35407	0
SPT35444	SPT35346	0
SPT35444	SPT35405	0
SPT35444	SPT35410	0.02
SPT35444	SPT35575	0
SPT35444	SPT35576	0
SPT35444	SPT35766	0
SPT35444	SPT35347	0
SPT35444	SPT35412	0
SPT35444	SPT35414	0
SPT35444	SPT35348	0
SPT35444	SPT35417	0
SPT35444	SPT35571	0
SPT35444	SPT35349	0
SPT35444	SPT35351	0
SPT35444	SPT35418	0
SPT35444	SPT35419	0
SPT35444	SPT35566	0
SPT35444	SPT35567	0
SPT35444	SPT35420	0
SPT35444	SPT35423	0
SPT35444	SPT35564	0
SPT35444	SPT35352	0
SPT35444	SPT35424	0
SPT35444	SPT35357	0
SPT35444	SPT35437	0
SPT35444	SPT35563	0
SPT35444	SPT35308	0
SPT35444	SPT35425	0
SPT35444	SPT35440	0
SPT35444	SPT35354	0
SPT35444	SPT35309	0
SPT35444	SPT35310	0
SPT35444	SPT35355	0
SPT35444	SPT35332	0
SPT35444	SPT35333	0
SPT35444	SPT35561	0
SPT35444	SPT35363	0
SPT35444	SPT35427	0
SPT35444	SPT35752	0
SPT35444	SPT35430	0
SPT35444	SPT35431	0
SPT35444	SPT35313	0
SPT35444	SPT35780	0
SPT35444	SPT35315	0
SPT35444	SPT35316	0
SPT35444	SPT35317	0
SPT35444	SPT35334	0
SPT35444	SPT35543	0
SPT35446	SPT35503	0
SPT35446	SPT35302	0
SPT35446	SPT35508	0
SPT35446	SPT35365	0
SPT35446	SPT35449	0
SPT35446	SPT35523	0
SPT35446	SPT35338	0
SPT35446	SPT35339	0
SPT35446	SPT35372	0
SPT35446	SPT35373	0
SPT35446	SPT35587	0
SPT35446	SPT35303	0
SPT35446	SPT35356	0
SPT35446	SPT35448	0
SPT35446	SPT35364	0
SPT35446	SPT35366	0
SPT35446	SPT35524	0
SPT35446	SPT35321	0
SPT35446	SPT35374	0
SPT35446	SPT35318	0
SPT35446	SPT35453	0
SPT35446	SPT35509	0
SPT35446	SPT35450	0
SPT35446	SPT35525	0
SPT35446	SPT35510	0
SPT35446	SPT35340	0
SPT35446	SPT35583	0
SPT35446	SPT35584	0
SPT35446	SPT35585	0
SPT35446	SPT35458	0
SPT35446	SPT35500	0
SPT35446	SPT35322	0
SPT35446	SPT35377	0
SPT35446	SPT35511	0
SPT35446	SPT35323	0
SPT35446	SPT35461	0
SPT35446	SPT35462	0
SPT35446	SPT35463	0
SPT35446	SPT35341	0
SPT35446	SPT35368	0
SPT35446	SPT35378	0
SPT35446	SPT35552	0
SPT35446	SPT35551	0
SPT35446	SPT35459	0
SPT35446	SPT35474	0
SPT35446	SPT35514	0
SPT35446	SPT35519	0
SPT35446	SPT35526	0
SPT35446	SPT35501	0
SPT35446	SPT35681	0
SPT35446	SPT35467	0
SPT35446	SPT35469	0
SPT35446	SPT35470	0
SPT35446	SPT35468	0
SPT35446	SPT35471	0
SPT35446	SPT35379	0
SPT35446	SPT35472	0
SPT35446	SPT35529	0
SPT35446	SPT35517	0
SPT35446	SPT35516	0
SPT35446	SPT35360	0
SPT35446	SPT35515	0
SPT35446	SPT35518	0
SPT35446	SPT35475	0
SPT35446	SPT35520	0
SPT35446	SPT35324	0
SPT35446	SPT35476	0
SPT35446	SPT35485	0
SPT35446	SPT35389	0
SPT35446	SPT35487	0
SPT35446	SPT35369	0
SPT35446	SPT35370	0
SPT35446	SPT35382	0
SPT35446	SPT35521	0
SPT35446	SPT35553	0
SPT35446	SPT35532	0
SPT35446	SPT35384	0
SPT35446	SPT35522	0
SPT35446	SPT35361	0
SPT35446	SPT35342	0
SPT35446	SPT35556	0
SPT35446	SPT35557	0
SPT35446	SPT35328	0
SPT35446	SPT35592	0
SPT35446	SPT35435	0
SPT35446	SPT35304	0
SPT35446	SPT35390	0
SPT35446	SPT35436	0
SPT35446	SPT35580	0
SPT35446	SPT35538	0
SPT35446	SPT35537	0
SPT35446	SPT35320	0.02
SPT35446	SPT35541	0
SPT35446	SPT35673	0
SPT35446	SPT35502	0
SPT35446	SPT35330	0
SPT35446	SPT35546	0
SPT35446	SPT35547	0
SPT35446	SPT35544	0
SPT35446	SPT35362	0
SPT35446	SPT35499	0
SPT35446	SPT35336	0
SPT35446	SPT35577	0
SPT35446	SPT35325	0
SPT35446	SPT35331	0
SPT35446	SPT35337	0
SPT35446	SPT35306	0
SPT35446	SPT35407	0
SPT35446	SPT35346	0
SPT35446	SPT35405	0
SPT35446	SPT35410	0
SPT35446	SPT35575	0
SPT35446	SPT35576	0
SPT35446	SPT35766	0
SPT35446	SPT35347	0
SPT35446	SPT35412	0
SPT35446	SPT35414	0
SPT35446	SPT35348	0
SPT35446	SPT35417	0
SPT35446	SPT35571	0
SPT35446	SPT35349	0
SPT35446	SPT35351	0
SPT35446	SPT35418	0
SPT35446	SPT35419	0
SPT35446	SPT35566	0
SPT35446	SPT35567	0
SPT35446	SPT35420	0
SPT35446	SPT35423	0
SPT35446	SPT35564	0
SPT35446	SPT35352	0
SPT35446	SPT35424	0
SPT35446	SPT35357	0
SPT35446	SPT35437	0
SPT35446	SPT35563	0
SPT35446	SPT35308	0
SPT35446	SPT35425	0.02
SPT35446	SPT35440	0
SPT35446	SPT35354	0
SPT35446	SPT35309	0
SPT35446	SPT35310	0
SPT35446	SPT35355	0
SPT35446	SPT35332	0
SPT35446	SPT35333	0
SPT35446	SPT35561	0
SPT35446	SPT35363	0
SPT35446	SPT35427	0
SPT35446	SPT35752	0
SPT35446	SPT35430	0
SPT35446	SPT35431	0
SPT35446	SPT35313	0
SPT35446	SPT35780	0
SPT35446	SPT35315	0
SPT35446	SPT35316	0
SPT35446	SPT35317	0
SPT35446	SPT35334	0
SPT35446	SPT35543	0
SPT35503	SPT35302	0
SPT35503	SPT35508	0
SPT35503	SPT35365	0
SPT35503	SPT35449	0
SPT35503	SPT35523	0
SPT35503	SPT35338	0
SPT35503	SPT35339	0
SPT35503	SPT35372	0
SPT35503	SPT35373	0
SPT35503	SPT35587	0
SPT35503	SPT35303	0
SPT35503	SPT35356	0
SPT35503	SPT35448	0
SPT35503	SPT35364	0
SPT35503	SPT35366	0
SPT35503	SPT35524	0
SPT35503	SPT35321	0
SPT35503	SPT35374	0
SPT35503	SPT35318	0
SPT35503	SPT35453	0
SPT35503	SPT35509	0
SPT35503	SPT35450	0
SPT35503	SPT35525	0
SPT35503	SPT35510	0
SPT35503	SPT35340	0
SPT35503	SPT35583	0
SPT35503	SPT35584	0
SPT35503	SPT35585	0
SPT35503	SPT35458	0
SPT35503	SPT35500	0.51
SPT35503	SPT35322	0
SPT35503	SPT35377	0
SPT35503	SPT35511	0
SPT35503	SPT35323	0
SPT35503	SPT35461	0
SPT35503	SPT35462	0
SPT35503	SPT35463	0
SPT35503	SPT35341	0
SPT35503	SPT35368	0
SPT35503	SPT35378	0
SPT35503	SPT35552	0
SPT35503	SPT35551	0
SPT35503	SPT35459	0
SPT35503	SPT35474	0
SPT35503	SPT35514	0
SPT35503	SPT35519	0
SPT35503	SPT35526	0
SPT35503	SPT35501	0.35
SPT35503	SPT35681	0
SPT35503	SPT35467	0
SPT35503	SPT35469	0
SPT35503	SPT35470	0
SPT35503	SPT35468	0
SPT35503	SPT35471	0
SPT35503	SPT35379	0
SPT35503	SPT35472	0
SPT35503	SPT35529	0
SPT35503	SPT35517	0
SPT35503	SPT35516	0
SPT35503	SPT35360	0
SPT35503	SPT35515	0
SPT35503	SPT35518	0
SPT35503	SPT35475	0
SPT35503	SPT35520	0
SPT35503	SPT35324	0
SPT35503	SPT35476	0
SPT35503	SPT35485	0
SPT35503	SPT35389	0
SPT35503	SPT35487	0
SPT35503	SPT35369	0
SPT35503	SPT35370	0
SPT35503	SPT35382	0
SPT35503	SPT35521	0
SPT35503	SPT35553	0
SPT35503	SPT35532	0
SPT35503	SPT35384	0
SPT35503	SPT35522	0
SPT35503	SPT35361	0
SPT35503	SPT35342	0
SPT35503	SPT35556	0
SPT35503	SPT35557	0
SPT35503	SPT35328	0
SPT35503	SPT35592	0
SPT35503	SPT35435	0
SPT35503	SPT35304	0
SPT35503	SPT35390	0
SPT35503	SPT35436	0
SPT35503	SPT35580	0
SPT35503	SPT35538	0
SPT35503	SPT35537	0
SPT35503	SPT35320	0
SPT35503	SPT35541	0
SPT35503	SPT35673	0
SPT35503	SPT35502	0
SPT35503	SPT35330	0
SPT35503	SPT35546	0
SPT35503	SPT35547	0
SPT35503	SPT35544	0
SPT35503	SPT35362	0
SPT35503	SPT35499	0.79
SPT35503	SPT35336	0
SPT35503	SPT35577	0
SPT35503	SPT35325	0
SPT35503	SPT35331	0
SPT35503	SPT35337	0
SPT35503	SPT35306	0
SPT35503	SPT35407	0
SPT35503	SPT35346	0
SPT35503	SPT35405	0
SPT35503	SPT35410	0
SPT35503	SPT35575	0
SPT35503	SPT35576	0
SPT35503	SPT35766	0
SPT35503	SPT35347	0
SPT35503	SPT35412	0
SPT35503	SPT35414	0
SPT35503	SPT35348	0
SPT35503	SPT35417	0
SPT35503	SPT35571	0
SPT35503	SPT35349	0
SPT35503	SPT35351	0
SPT35503	SPT35418	0
SPT35503	SPT35419	0
SPT35503	SPT35566	0
SPT35503	SPT35567	0
SPT35503	SPT35420	0
SPT35503	SPT35423	0
SPT35503	SPT35564	0
SPT35503	SPT35352	0
SPT35503	SPT35424	0
SPT35503	SPT35357	0
SPT35503	SPT35437	0
SPT35503	SPT35563	0
SPT35503	SPT35308	0
SPT35503	SPT35425	0
SPT35503	SPT35440	0
SPT35503	SPT35354	0
SPT35503	SPT35309	0
SPT35503	SPT35310	0
SPT35503	SPT35355	0
SPT35503	SPT35332	0
SPT35503	SPT35333	0
SPT35503	SPT35561	0
SPT35503	SPT35363	0
SPT35503	SPT35427	0
SPT35503	SPT35752	0
SPT35503	SPT35430	0
SPT35503	SPT35431	0
SPT35503	SPT35313	0
SPT35503	SPT35780	0
SPT35503	SPT35315	0
SPT35503	SPT35316	0
SPT35503	SPT35317	0
SPT35503	SPT35334	0
SPT35503	SPT35543	0
SPT35302	SPT35508	0.24
SPT35302	SPT35365	0
SPT35302	SPT35449	0
SPT35302	SPT35523	0
SPT35302	SPT35338	0
SPT35302	SPT35339	0
SPT35302	SPT35372	0.04
SPT35302	SPT35373	0
SPT35302	SPT35587	0.6
SPT35302	SPT35303	0
SPT35302	SPT35356	0
SPT35302	SPT35448	0
SPT35302	SPT35364	0
SPT35302	SPT35366	0
SPT35302	SPT35524	0
SPT35302	SPT35321	0
SPT35302	SPT35374	0
SPT35302	SPT35318	0
SPT35302	SPT35453	0
SPT35302	SPT35509	0
SPT35302	SPT35450	0
SPT35302	SPT35525	0
SPT35302	SPT35510	0
SPT35302	SPT35340	0
SPT35302	SPT35583	0
SPT35302	SPT35584	0
SPT35302	SPT35585	0.68
SPT35302	SPT35458	0
SPT35302	SPT35500	0
SPT35302	SPT35322	0
SPT35302	SPT35377	0
SPT35302	SPT35511	0
SPT35302	SPT35323	0
SPT35302	SPT35461	0
SPT35302	SPT35462	0.43
SPT35302	SPT35463	0
SPT35302	SPT35341	0.06
SPT35302	SPT35368	0
SPT35302	SPT35378	0
SPT35302	SPT35552	0
SPT35302	SPT35551	0
SPT35302	SPT35459	0
SPT35302	SPT35474	0.38
SPT35302	SPT35514	0
SPT35302	SPT35519	0
SPT35302	SPT35526	0
SPT35302	SPT35501	0
SPT35302	SPT35681	0
SPT35302	SPT35467	0
SPT35302	SPT35469	0
SPT35302	SPT35470	0.43
SPT35302	SPT35468	0
SPT35302	SPT35471	0
SPT35302	SPT35379	0
SPT35302	SPT35472	0
SPT35302	SPT35529	0
SPT35302	SPT35517	0
SPT35302	SPT35516	0
SPT35302	SPT35360	0.11
SPT35302	SPT35515	0
SPT35302	SPT35518	0
SPT35302	SPT35475	0
SPT35302	SPT35520	0
SPT35302	SPT35324	0
SPT35302	SPT35476	0
SPT35302	SPT35485	0
SPT35302	SPT35389	0
SPT35302	SPT35487	0
SPT35302	SPT35369	0
SPT35302	SPT35370	0.02
SPT35302	SPT35382	0
SPT35302	SPT35521	0
SPT35302	SPT35553	0
SPT35302	SPT35532	0
SPT35302	SPT35384	0
SPT35302	SPT35522	0.11
SPT35302	SPT35361	0
SPT35302	SPT35342	0
SPT35302	SPT35556	0
SPT35302	SPT35557	0
SPT35302	SPT35328	0
SPT35302	SPT35592	0
SPT35302	SPT35435	0
SPT35302	SPT35304	0
SPT35302	SPT35390	0.12
SPT35302	SPT35436	0
SPT35302	SPT35580	0
SPT35302	SPT35538	0
SPT35302	SPT35537	0
SPT35302	SPT35320	0
SPT35302	SPT35541	0
SPT35302	SPT35673	0
SPT35302	SPT35502	0
SPT35302	SPT35330	0
SPT35302	SPT35546	0
SPT35302	SPT35547	0
SPT35302	SPT35544	0
SPT35302	SPT35362	0
SPT35302	SPT35499	0
SPT35302	SPT35336	0
SPT35302	SPT35577	0
SPT35302	SPT35325	0
SPT35302	SPT35331	0
SPT35302	SPT35337	0.05
SPT35302	SPT35306	0
SPT35302	SPT35407	0.88
SPT35302	SPT35346	0
SPT35302	SPT35405	0.88
SPT35302	SPT35410	0
SPT35302	SPT35575	0
SPT35302	SPT35576	0.39
SPT35302	SPT35766	0
SPT35302	SPT35347	0.11
SPT35302	SPT35412	0
SPT35302	SPT35414	0
SPT35302	SPT35348	0.05
SPT35302	SPT35417	0
SPT35302	SPT35571	0
SPT35302	SPT35349	0
SPT35302	SPT35351	0
SPT35302	SPT35418	0
SPT35302	SPT35419	0.39
SPT35302	SPT35566	0.11
SPT35302	SPT35567	0
SPT35302	SPT35420	0
SPT35302	SPT35423	0
SPT35302	SPT35564	0
SPT35302	SPT35352	0
SPT35302	SPT35424	0
SPT35302	SPT35357	0
SPT35302	SPT35437	0
SPT35302	SPT35563	0
SPT35302	SPT35308	0
SPT35302	SPT35425	0
SPT35302	SPT35440	0
SPT35302	SPT35354	0
SPT35302	SPT35309	0
SPT35302	SPT35310	0
SPT35302	SPT35355	0
SPT35302	SPT35332	0
SPT35302	SPT35333	0
SPT35302	SPT35561	0
SPT35302	SPT35363	0
SPT35302	SPT35427	0
SPT35302	SPT35752	0
SPT35302	SPT35430	0
SPT35302	SPT35431	0
SPT35302	SPT35313	0
SPT35302	SPT35780	0
SPT35302	SPT35315	0
SPT35302	SPT35316	0
SPT35302	SPT35317	0.05
SPT35302	SPT35334	0.03
SPT35302	SPT35543	0
SPT35508	SPT35365	0
SPT35508	SPT35449	0
SPT35508	SPT35523	0
SPT35508	SPT35338	0
SPT35508	SPT35339	0
SPT35508	SPT35372	0.04
SPT35508	SPT35373	0
SPT35508	SPT35587	0.28
SPT35508	SPT35303	0
SPT35508	SPT35356	0
SPT35508	SPT35448	0
SPT35508	SPT35364	0
SPT35508	SPT35366	0
SPT35508	SPT35524	0
SPT35508	SPT35321	0
SPT35508	SPT35374	0
SPT35508	SPT35318	0
SPT35508	SPT35453	0
SPT35508	SPT35509	0
SPT35508	SPT35450	0
SPT35508	SPT35525	0
SPT35508	SPT35510	0
SPT35508	SPT35340	0
SPT35508	SPT35583	0
SPT35508	SPT35584	0
SPT35508	SPT35585	0.34
SPT35508	SPT35458	0
SPT35508	SPT35500	0
SPT35508	SPT35322	0
SPT35508	SPT35377	0
SPT35508	SPT35511	0
SPT35508	SPT35323	0
SPT35508	SPT35461	0
SPT35508	SPT35462	0.38
SPT35508	SPT35463	0
SPT35508	SPT35341	0.03
SPT35508	SPT35368	0
SPT35508	SPT35378	0
SPT35508	SPT35552	0
SPT35508	SPT35551	0
SPT35508	SPT35459	0
SPT35508	SPT35474	0.56
SPT35508	SPT35514	0
SPT35508	SPT35519	0
SPT35508	SPT35526	0
SPT35508	SPT35501	0
SPT35508	SPT35681	0
SPT35508	SPT35467	0
SPT35508	SPT35469	0
SPT35508	SPT35470	0.58
SPT35508	SPT35468	0
SPT35508	SPT35471	0
SPT35508	SPT35379	0
SPT35508	SPT35472	0
SPT35508	SPT35529	0
SPT35508	SPT35517	0
SPT35508	SPT35516	0
SPT35508	SPT35360	0.06
SPT35508	SPT35515	0
SPT35508	SPT35518	0
SPT35508	SPT35475	0
SPT35508	SPT35520	0
SPT35508	SPT35324	0
SPT35508	SPT35476	0
SPT35508	SPT35485	0
SPT35508	SPT35389	0
SPT35508	SPT35487	0
SPT35508	SPT35369	0
SPT35508	SPT35370	0
SPT35508	SPT35382	0
SPT35508	SPT35521	0
SPT35508	SPT35553	0.02
SPT35508	SPT35532	0
SPT35508	SPT35384	0
SPT35508	SPT35522	0.21
SPT35508	SPT35361	0
SPT35508	SPT35342	0
SPT35508	SPT35556	0
SPT35508	SPT35557	0
SPT35508	SPT35328	0
SPT35508	SPT35592	0
SPT35508	SPT35435	0
SPT35508	SPT35304	0
SPT35508	SPT35390	0.02
SPT35508	SPT35436	0
SPT35508	SPT35580	0
SPT35508	SPT35538	0
SPT35508	SPT35537	0
SPT35508	SPT35320	0
SPT35508	SPT35541	0
SPT35508	SPT35673	0
SPT35508	SPT35502	0
SPT35508	SPT35330	0
SPT35508	SPT35546	0
SPT35508	SPT35547	0
SPT35508	SPT35544	0
SPT35508	SPT35362	0
SPT35508	SPT35499	0
SPT35508	SPT35336	0
SPT35508	SPT35577	0
SPT35508	SPT35325	0
SPT35508	SPT35331	0
SPT35508	SPT35337	0.03
SPT35508	SPT35306	0
SPT35508	SPT35407	0.28
SPT35508	SPT35346	0
SPT35508	SPT35405	0.22
SPT35508	SPT35410	0
SPT35508	SPT35575	0
SPT35508	SPT35576	0.13
SPT35508	SPT35766	0
SPT35508	SPT35347	0.06
SPT35508	SPT35412	0
SPT35508	SPT35414	0
SPT35508	SPT35348	0
SPT35508	SPT35417	0
SPT35508	SPT35571	0
SPT35508	SPT35349	0
SPT35508	SPT35351	0
SPT35508	SPT35418	0
SPT35508	SPT35419	0.13
SPT35508	SPT35566	0.07
SPT35508	SPT35567	0
SPT35508	SPT35420	0
SPT35508	SPT35423	0
SPT35508	SPT35564	0
SPT35508	SPT35352	0
SPT35508	SPT35424	0
SPT35508	SPT35357	0
SPT35508	SPT35437	0
SPT35508	SPT35563	0
SPT35508	SPT35308	0
SPT35508	SPT35425	0
SPT35508	SPT35440	0
SPT35508	SPT35354	0
SPT35508	SPT35309	0
SPT35508	SPT35310	0
SPT35508	SPT35355	0
SPT35508	SPT35332	0
SPT35508	SPT35333	0
SPT35508	SPT35561	0
SPT35508	SPT35363	0
SPT35508	SPT35427	0
SPT35508	SPT35752	0
SPT35508	SPT35430	0
SPT35508	SPT35431	0
SPT35508	SPT35313	0
SPT35508	SPT35780	0
SPT35508	SPT35315	0
SPT35508	SPT35316	0
SPT35508	SPT35317	0
SPT35508	SPT35334	0
SPT35508	SPT35543	0
SPT35365	SPT35449	0
SPT35365	SPT35523	0
SPT35365	SPT35338	0
SPT35365	SPT35339	0
SPT35365	SPT35372	0.02
SPT35365	SPT35373	0
SPT35365	SPT35587	0
SPT35365	SPT35303	0
SPT35365	SPT35356	0
SPT35365	SPT35448	0
SPT35365	SPT35364	0
SPT35365	SPT35366	0
SPT35365	SPT35524	0
SPT35365	SPT35321	0
SPT35365	SPT35374	0
SPT35365	SPT35318	0
SPT35365	SPT35453	0
SPT35365	SPT35509	0
SPT35365	SPT35450	0
SPT35365	SPT35525	0
SPT35365	SPT35510	0
SPT35365	SPT35340	0
SPT35365	SPT35583	0
SPT35365	SPT35584	0
SPT35365	SPT35585	0
SPT35365	SPT35458	0
SPT35365	SPT35500	0
SPT35365	SPT35322	0.03
SPT35365	SPT35377	0
SPT35365	SPT35511	0
SPT35365	SPT35323	0
SPT35365	SPT35461	0
SPT35365	SPT35462	0
SPT35365	SPT35463	0
SPT35365	SPT35341	0.03
SPT35365	SPT35368	0.08
SPT35365	SPT35378	0.03
SPT35365	SPT35552	0
SPT35365	SPT35551	0
SPT35365	SPT35459	0
SPT35365	SPT35474	0
SPT35365	SPT35514	0
SPT35365	SPT35519	0
SPT35365	SPT35526	0
SPT35365	SPT35501	0
SPT35365	SPT35681	0
SPT35365	SPT35467	0
SPT35365	SPT35469	0
SPT35365	SPT35470	0
SPT35365	SPT35468	0
SPT35365	SPT35471	0
SPT35365	SPT35379	0.03
SPT35365	SPT35472	0
SPT35365	SPT35529	0
SPT35365	SPT35517	0
SPT35365	SPT35516	0
SPT35365	SPT35360	0.05
SPT35365	SPT35515	0
SPT35365	SPT35518	0
SPT35365	SPT35475	0
SPT35365	SPT35520	0
SPT35365	SPT35324	0
SPT35365	SPT35476	0
SPT35365	SPT35485	0
SPT35365	SPT35389	0
SPT35365	SPT35487	0
SPT35365	SPT35369	0
SPT35365	SPT35370	0
SPT35365	SPT35382	0
SPT35365	SPT35521	0
SPT35365	SPT35553	0
SPT35365	SPT35532	0
SPT35365	SPT35384	0
SPT35365	SPT35522	0
SPT35365	SPT35361	0
SPT35365	SPT35342	0.02
SPT35365	SPT35556	0
SPT35365	SPT35557	0
SPT35365	SPT35328	0.02
SPT35365	SPT35592	0
SPT35365	SPT35435	0
SPT35365	SPT35304	0
SPT35365	SPT35390	0
SPT35365	SPT35436	0
SPT35365	SPT35580	0
SPT35365	SPT35538	0
SPT35365	SPT35537	0
SPT35365	SPT35320	0
SPT35365	SPT35541	0
SPT35365	SPT35673	0
SPT35365	SPT35502	0
SPT35365	SPT35330	0
SPT35365	SPT35546	0
SPT35365	SPT35547	0
SPT35365	SPT35544	0
SPT35365	SPT35362	0.02
SPT35365	SPT35499	0
SPT35365	SPT35336	0
SPT35365	SPT35577	0
SPT35365	SPT35325	0
SPT35365	SPT35331	0.03
SPT35365	SPT35337	0.03
SPT35365	SPT35306	0
SPT35365	SPT35407	0
SPT35365	SPT35346	0
SPT35365	SPT35405	0
SPT35365	SPT35410	0
SPT35365	SPT35575	0
SPT35365	SPT35576	0
SPT35365	SPT35766	0
SPT35365	SPT35347	0.05
SPT35365	SPT35412	0
SPT35365	SPT35414	0
SPT35365	SPT35348	0.05
SPT35365	SPT35417	0
SPT35365	SPT35571	0
SPT35365	SPT35349	0
SPT35365	SPT35351	0.02
SPT35365	SPT35418	0
SPT35365	SPT35419	0
SPT35365	SPT35566	0
SPT35365	SPT35567	0
SPT35365	SPT35420	0
SPT35365	SPT35423	0
SPT35365	SPT35564	0
SPT35365	SPT35352	0
SPT35365	SPT35424	0
SPT35365	SPT35357	0.03
SPT35365	SPT35437	0
SPT35365	SPT35563	0
SPT35365	SPT35308	0
SPT35365	SPT35425	0
SPT35365	SPT35440	0
SPT35365	SPT35354	0
SPT35365	SPT35309	0
SPT35365	SPT35310	0
SPT35365	SPT35355	0
SPT35365	SPT35332	0
SPT35365	SPT35333	0
SPT35365	SPT35561	0
SPT35365	SPT35363	0
SPT35365	SPT35427	0
SPT35365	SPT35752	0
SPT35365	SPT35430	0
SPT35365	SPT35431	0
SPT35365	SPT35313	0
SPT35365	SPT35780	0
SPT35365	SPT35315	0.04
SPT35365	SPT35316	0
SPT35365	SPT35317	0
SPT35365	SPT35334	0.03
SPT35365	SPT35543	0
SPT35449	SPT35523	0
SPT35449	SPT35338	0
SPT35449	SPT35339	0
SPT35449	SPT35372	0
SPT35449	SPT35373	0
SPT35449	SPT35587	0
SPT35449	SPT35303	0
SPT35449	SPT35356	0
SPT35449	SPT35448	0
SPT35449	SPT35364	0
SPT35449	SPT35366	0
SPT35449	SPT35524	0
SPT35449	SPT35321	0
SPT35449	SPT35374	0
SPT35449	SPT35318	0
SPT35449	SPT35453	0
SPT35449	SPT35509	0
SPT35449	SPT35450	0
SPT35449	SPT35525	0.93
SPT35449	SPT35510	0
SPT35449	SPT35340	0
SPT35449	SPT35583	0
SPT35449	SPT35584	0
SPT35449	SPT35585	0
SPT35449	SPT35458	0
SPT35449	SPT35500	0
SPT35449	SPT35322	0
SPT35449	SPT35377	0
SPT35449	SPT35511	0.93
SPT35449	SPT35323	0
SPT35449	SPT35461	0
SPT35449	SPT35462	0
SPT35449	SPT35463	0
SPT35449	SPT35341	0
SPT35449	SPT35368	0
SPT35449	SPT35378	0
SPT35449	SPT35552	0
SPT35449	SPT35551	0
SPT35449	SPT35459	0
SPT35449	SPT35474	0
SPT35449	SPT35514	0
SPT35449	SPT35519	0
SPT35449	SPT35526	0.93
SPT35449	SPT35501	0
SPT35449	SPT35681	0
SPT35449	SPT35467	0.93
SPT35449	SPT35469	0
SPT35449	SPT35470	0
SPT35449	SPT35468	0
SPT35449	SPT35471	0
SPT35449	SPT35379	0
SPT35449	SPT35472	0
SPT35449	SPT35529	0.92
SPT35449	SPT35517	0
SPT35449	SPT35516	0
SPT35449	SPT35360	0
SPT35449	SPT35515	0
SPT35449	SPT35518	0
SPT35449	SPT35475	0.93
SPT35449	SPT35520	0
SPT35449	SPT35324	0
SPT35449	SPT35476	0
SPT35449	SPT35485	0
SPT35449	SPT35389	0
SPT35449	SPT35487	0
SPT35449	SPT35369	0
SPT35449	SPT35370	0
SPT35449	SPT35382	0
SPT35449	SPT35521	0
SPT35449	SPT35553	0
SPT35449	SPT35532	0
SPT35449	SPT35384	0
SPT35449	SPT35522	0
SPT35449	SPT35361	0
SPT35449	SPT35342	0
SPT35449	SPT35556	0
SPT35449	SPT35557	0
SPT35449	SPT35328	0
SPT35449	SPT35592	0
SPT35449	SPT35435	0
SPT35449	SPT35304	0
SPT35449	SPT35390	0
SPT35449	SPT35436	0
SPT35449	SPT35580	0
SPT35449	SPT35538	0
SPT35449	SPT35537	0
SPT35449	SPT35320	0
SPT35449	SPT35541	0
SPT35449	SPT35673	0
SPT35449	SPT35502	0
SPT35449	SPT35330	0
SPT35449	SPT35546	0
SPT35449	SPT35547	0
SPT35449	SPT35544	0
SPT35449	SPT35362	0
SPT35449	SPT35499	0
SPT35449	SPT35336	0
SPT35449	SPT35577	0
SPT35449	SPT35325	0
SPT35449	SPT35331	0
SPT35449	SPT35337	0
SPT35449	SPT35306	0
SPT35449	SPT35407	0
SPT35449	SPT35346	0
SPT35449	SPT35405	0
SPT35449	SPT35410	0
SPT35449	SPT35575	0
SPT35449	SPT35576	0
SPT35449	SPT35766	0
SPT35449	SPT35347	0
SPT35449	SPT35412	0
SPT35449	SPT35414	0
SPT35449	SPT35348	0
SPT35449	SPT35417	0
SPT35449	SPT35571	0
SPT35449	SPT35349	0
SPT35449	SPT35351	0
SPT35449	SPT35418	0
SPT35449	SPT35419	0
SPT35449	SPT35566	0
SPT35449	SPT35567	0
SPT35449	SPT35420	0
SPT35449	SPT35423	0
SPT35449	SPT35564	0
SPT35449	SPT35352	0
SPT35449	SPT35424	0
SPT35449	SPT35357	0
SPT35449	SPT35437	0
SPT35449	SPT35563	0
SPT35449	SPT35308	0
SPT35449	SPT35425	0
SPT35449	SPT35440	0
SPT35449	SPT35354	0
SPT35449	SPT35309	0
SPT35449	SPT35310	0
SPT35449	SPT35355	0
SPT35449	SPT35332	0
SPT35449	SPT35333	0
SPT35449	SPT35561	0
SPT35449	SPT35363	0
SPT35449	SPT35427	0
SPT35449	SPT35752	0
SPT35449	SPT35430	0
SPT35449	SPT35431	0
SPT35449	SPT35313	0
SPT35449	SPT35780	0
SPT35449	SPT35315	0
SPT35449	SPT35316	0
SPT35449	SPT35317	0
SPT35449	SPT35334	0
SPT35449	SPT35543	0
SPT35523	SPT35338	0
SPT35523	SPT35339	0
SPT35523	SPT35372	0
SPT35523	SPT35373	0
SPT35523	SPT35587	0
SPT35523	SPT35303	0
SPT35523	SPT35356	0
SPT35523	SPT35448	0.45
SPT35523	SPT35364	0
SPT35523	SPT35366	0
SPT35523	SPT35524	0
SPT35523	SPT35321	0
SPT35523	SPT35374	0
SPT35523	SPT35318	0
SPT35523	SPT35453	0
SPT35523	SPT35509	0
SPT35523	SPT35450	0
SPT35523	SPT35525	0
SPT35523	SPT35510	0
SPT35523	SPT35340	0
SPT35523	SPT35583	0
SPT35523	SPT35584	0
SPT35523	SPT35585	0
SPT35523	SPT35458	0
SPT35523	SPT35500	0
SPT35523	SPT35322	0
SPT35523	SPT35377	0
SPT35523	SPT35511	0
SPT35523	SPT35323	0
SPT35523	SPT35461	0
SPT35523	SPT35462	0
SPT35523	SPT35463	0
SPT35523	SPT35341	0
SPT35523	SPT35368	0
SPT35523	SPT35378	0
SPT35523	SPT35552	0
SPT35523	SPT35551	0
SPT35523	SPT35459	0
SPT35523	SPT35474	0
SPT35523	SPT35514	0.44
SPT35523	SPT35519	0
SPT35523	SPT35526	0
SPT35523	SPT35501	0
SPT35523	SPT35681	0
SPT35523	SPT35467	0
SPT35523	SPT35469	0.49
SPT35523	SPT35470	0
SPT35523	SPT35468	0.52
SPT35523	SPT35471	0.42
SPT35523	SPT35379	0
SPT35523	SPT35472	0
SPT35523	SPT35529	0
SPT35523	SPT35517	0.44
SPT35523	SPT35516	0.52
SPT35523	SPT35360	0
SPT35523	SPT35515	0.26
SPT35523	SPT35518	0
SPT35523	SPT35475	0
SPT35523	SPT35520	0
SPT35523	SPT35324	0
SPT35523	SPT35476	0.46
SPT35523	SPT35485	0
SPT35523	SPT35389	0
SPT35523	SPT35487	0.48
SPT35523	SPT35369	0
SPT35523	SPT35370	0
SPT35523	SPT35382	0
SPT35523	SPT35521	0
SPT35523	SPT35553	0
SPT35523	SPT35532	0.54
SPT35523	SPT35384	0
SPT35523	SPT35522	0
SPT35523	SPT35361	0
SPT35523	SPT35342	0
SPT35523	SPT35556	0
SPT35523	SPT35557	0
SPT35523	SPT35328	0
SPT35523	SPT35592	0.02
SPT35523	SPT35435	0.51
SPT35523	SPT35304	0
SPT35523	SPT35390	0
SPT35523	SPT35436	0
SPT35523	SPT35580	0
SPT35523	SPT35538	0
SPT35523	SPT35537	0
SPT35523	SPT35320	0
SPT35523	SPT35541	0
SPT35523	SPT35673	0
SPT35523	SPT35502	0
SPT35523	SPT35330	0
SPT35523	SPT35546	0
SPT35523	SPT35547	0
SPT35523	SPT35544	0
SPT35523	SPT35362	0
SPT35523	SPT35499	0
SPT35523	SPT35336	0
SPT35523	SPT35577	0
SPT35523	SPT35325	0
SPT35523	SPT35331	0
SPT35523	SPT35337	0
SPT35523	SPT35306	0
SPT35523	SPT35407	0
SPT35523	SPT35346	0
SPT35523	SPT35405	0
SPT35523	SPT35410	0
SPT35523	SPT35575	0
SPT35523	SPT35576	0
SPT35523	SPT35766	0
SPT35523	SPT35347	0
SPT35523	SPT35412	0
SPT35523	SPT35414	0
SPT35523	SPT35348	0
SPT35523	SPT35417	0
SPT35523	SPT35571	0
SPT35523	SPT35349	0
SPT35523	SPT35351	0
SPT35523	SPT35418	0
SPT35523	SPT35419	0
SPT35523	SPT35566	0
SPT35523	SPT35567	0
SPT35523	SPT35420	0
SPT35523	SPT35423	0
SPT35523	SPT35564	0
SPT35523	SPT35352	0
SPT35523	SPT35424	0
SPT35523	SPT35357	0
SPT35523	SPT35437	0.16
SPT35523	SPT35563	0
SPT35523	SPT35308	0
SPT35523	SPT35425	0
SPT35523	SPT35440	0
SPT35523	SPT35354	0
SPT35523	SPT35309	0
SPT35523	SPT35310	0
SPT35523	SPT35355	0
SPT35523	SPT35332	0
SPT35523	SPT35333	0
SPT35523	SPT35561	0.02
SPT35523	SPT35363	0
SPT35523	SPT35427	0
SPT35523	SPT35752	0
SPT35523	SPT35430	0
SPT35523	SPT35431	0
SPT35523	SPT35313	0
SPT35523	SPT35780	0
SPT35523	SPT35315	0
SPT35523	SPT35316	0
SPT35523	SPT35317	0
SPT35523	SPT35334	0
SPT35523	SPT35543	0
SPT35338	SPT35339	0
SPT35338	SPT35372	0
SPT35338	SPT35373	0
SPT35338	SPT35587	0
SPT35338	SPT35303	0
SPT35338	SPT35356	0.05
SPT35338	SPT35448	0
SPT35338	SPT35364	0
SPT35338	SPT35366	0
SPT35338	SPT35524	0
SPT35338	SPT35321	0
SPT35338	SPT35374	0.02
SPT35338	SPT35318	0
SPT35338	SPT35453	0
SPT35338	SPT35509	0
SPT35338	SPT35450	0
SPT35338	SPT35525	0
SPT35338	SPT35510	0
SPT35338	SPT35340	0
SPT35338	SPT35583	0
SPT35338	SPT35584	0
SPT35338	SPT35585	0
SPT35338	SPT35458	0
SPT35338	SPT35500	0
SPT35338	SPT35322	0.02
SPT35338	SPT35377	0
SPT35338	SPT35511	0
SPT35338	SPT35323	0
SPT35338	SPT35461	0
SPT35338	SPT35462	0
SPT35338	SPT35463	0
SPT35338	SPT35341	0
SPT35338	SPT35368	0
SPT35338	SPT35378	0
SPT35338	SPT35552	0
SPT35338	SPT35551	0.02
SPT35338	SPT35459	0
SPT35338	SPT35474	0
SPT35338	SPT35514	0
SPT35338	SPT35519	0
SPT35338	SPT35526	0
SPT35338	SPT35501	0
SPT35338	SPT35681	0
SPT35338	SPT35467	0
SPT35338	SPT35469	0
SPT35338	SPT35470	0
SPT35338	SPT35468	0
SPT35338	SPT35471	0
SPT35338	SPT35379	0
SPT35338	SPT35472	0
SPT35338	SPT35529	0
SPT35338	SPT35517	0
SPT35338	SPT35516	0
SPT35338	SPT35360	0
SPT35338	SPT35515	0
SPT35338	SPT35518	0
SPT35338	SPT35475	0
SPT35338	SPT35520	0
SPT35338	SPT35324	0
SPT35338	SPT35476	0
SPT35338	SPT35485	0
SPT35338	SPT35389	0
SPT35338	SPT35487	0
SPT35338	SPT35369	0.03
SPT35338	SPT35370	0.17
SPT35338	SPT35382	0
SPT35338	SPT35521	0
SPT35338	SPT35553	0
SPT35338	SPT35532	0
SPT35338	SPT35384	0
SPT35338	SPT35522	0
SPT35338	SPT35361	0
SPT35338	SPT35342	0.03
SPT35338	SPT35556	0
SPT35338	SPT35557	0
SPT35338	SPT35328	0
SPT35338	SPT35592	0
SPT35338	SPT35435	0
SPT35338	SPT35304	0
SPT35338	SPT35390	0
SPT35338	SPT35436	0
SPT35338	SPT35580	0
SPT35338	SPT35538	0
SPT35338	SPT35537	0
SPT35338	SPT35320	0
SPT35338	SPT35541	0
SPT35338	SPT35673	0
SPT35338	SPT35502	0
SPT35338	SPT35330	0
SPT35338	SPT35546	0
SPT35338	SPT35547	0
SPT35338	SPT35544	0
SPT35338	SPT35362	0
SPT35338	SPT35499	0
SPT35338	SPT35336	0
SPT35338	SPT35577	0
SPT35338	SPT35325	0
SPT35338	SPT35331	0
SPT35338	SPT35337	0
SPT35338	SPT35306	0
SPT35338	SPT35407	0
SPT35338	SPT35346	0
SPT35338	SPT35405	0
SPT35338	SPT35410	0
SPT35338	SPT35575	0
SPT35338	SPT35576	0
SPT35338	SPT35766	0
SPT35338	SPT35347	0
SPT35338	SPT35412	0.02
SPT35338	SPT35414	0
SPT35338	SPT35348	0
SPT35338	SPT35417	0
SPT35338	SPT35571	0
SPT35338	SPT35349	0
SPT35338	SPT35351	0
SPT35338	SPT35418	0
SPT35338	SPT35419	0.08
SPT35338	SPT35566	0
SPT35338	SPT35567	0
SPT35338	SPT35420	0
SPT35338	SPT35423	0
SPT35338	SPT35564	0
SPT35338	SPT35352	0
SPT35338	SPT35424	0
SPT35338	SPT35357	0.02
SPT35338	SPT35437	0
SPT35338	SPT35563	0
SPT35338	SPT35308	0
SPT35338	SPT35425	0
SPT35338	SPT35440	0
SPT35338	SPT35354	0
SPT35338	SPT35309	0
SPT35338	SPT35310	0
SPT35338	SPT35355	0
SPT35338	SPT35332	0
SPT35338	SPT35333	0
SPT35338	SPT35561	0
SPT35338	SPT35363	0
SPT35338	SPT35427	0.03
SPT35338	SPT35752	0
SPT35338	SPT35430	0
SPT35338	SPT35431	0
SPT35338	SPT35313	0
SPT35338	SPT35780	0
SPT35338	SPT35315	0
SPT35338	SPT35316	0
SPT35338	SPT35317	0
SPT35338	SPT35334	0
SPT35338	SPT35543	0
SPT35339	SPT35372	0
SPT35339	SPT35373	0
SPT35339	SPT35587	0
SPT35339	SPT35303	0
SPT35339	SPT35356	0
SPT35339	SPT35448	0
SPT35339	SPT35364	0
SPT35339	SPT35366	0
SPT35339	SPT35524	0
SPT35339	SPT35321	0
SPT35339	SPT35374	0
SPT35339	SPT35318	0
SPT35339	SPT35453	0
SPT35339	SPT35509	0
SPT35339	SPT35450	0
SPT35339	SPT35525	0
SPT35339	SPT35510	0
SPT35339	SPT35340	0
SPT35339	SPT35583	0
SPT35339	SPT35584	0
SPT35339	SPT35585	0
SPT35339	SPT35458	0
SPT35339	SPT35500	0
SPT35339	SPT35322	0
SPT35339	SPT35377	0
SPT35339	SPT35511	0
SPT35339	SPT35323	0
SPT35339	SPT35461	0
SPT35339	SPT35462	0
SPT35339	SPT35463	0
SPT35339	SPT35341	0
SPT35339	SPT35368	0
SPT35339	SPT35378	0
SPT35339	SPT35552	0
SPT35339	SPT35551	0
SPT35339	SPT35459	0
SPT35339	SPT35474	0
SPT35339	SPT35514	0
SPT35339	SPT35519	0.02
SPT35339	SPT35526	0
SPT35339	SPT35501	0
SPT35339	SPT35681	0.02
SPT35339	SPT35467	0
SPT35339	SPT35469	0
SPT35339	SPT35470	0
SPT35339	SPT35468	0
SPT35339	SPT35471	0
SPT35339	SPT35379	0
SPT35339	SPT35472	0
SPT35339	SPT35529	0
SPT35339	SPT35517	0
SPT35339	SPT35516	0
SPT35339	SPT35360	0
SPT35339	SPT35515	0
SPT35339	SPT35518	0
SPT35339	SPT35475	0
SPT35339	SPT35520	0
SPT35339	SPT35324	0
SPT35339	SPT35476	0
SPT35339	SPT35485	0
SPT35339	SPT35389	0
SPT35339	SPT35487	0
SPT35339	SPT35369	0
SPT35339	SPT35370	0
SPT35339	SPT35382	0
SPT35339	SPT35521	0
SPT35339	SPT35553	0
SPT35339	SPT35532	0
SPT35339	SPT35384	0
SPT35339	SPT35522	0.02
SPT35339	SPT35361	0
SPT35339	SPT35342	0
SPT35339	SPT35556	0.02
SPT35339	SPT35557	0
SPT35339	SPT35328	0
SPT35339	SPT35592	0
SPT35339	SPT35435	0
SPT35339	SPT35304	0
SPT35339	SPT35390	0
SPT35339	SPT35436	0.03
SPT35339	SPT35580	0
SPT35339	SPT35538	0
SPT35339	SPT35537	0
SPT35339	SPT35320	0
SPT35339	SPT35541	0
SPT35339	SPT35673	0
SPT35339	SPT35502	0
SPT35339	SPT35330	0
SPT35339	SPT35546	0
SPT35339	SPT35547	0
SPT35339	SPT35544	0
SPT35339	SPT35362	0
SPT35339	SPT35499	0
SPT35339	SPT35336	0
SPT35339	SPT35577	0
SPT35339	SPT35325	0
SPT35339	SPT35331	0
SPT35339	SPT35337	0
SPT35339	SPT35306	0
SPT35339	SPT35407	0
SPT35339	SPT35346	0.02
SPT35339	SPT35405	0
SPT35339	SPT35410	0
SPT35339	SPT35575	0
SPT35339	SPT35576	0
SPT35339	SPT35766	0
SPT35339	SPT35347	0
SPT35339	SPT35412	0
SPT35339	SPT35414	0
SPT35339	SPT35348	0
SPT35339	SPT35417	0
SPT35339	SPT35571	0
SPT35339	SPT35349	0
SPT35339	SPT35351	0
SPT35339	SPT35418	0
SPT35339	SPT35419	0
SPT35339	SPT35566	0
SPT35339	SPT35567	0
SPT35339	SPT35420	0
SPT35339	SPT35423	0
SPT35339	SPT35564	0
SPT35339	SPT35352	0
SPT35339	SPT35424	0
SPT35339	SPT35357	0
SPT35339	SPT35437	0
SPT35339	SPT35563	0
SPT35339	SPT35308	0
SPT35339	SPT35425	0.02
SPT35339	SPT35440	0
SPT35339	SPT35354	0
SPT35339	SPT35309	0
SPT35339	SPT35310	0
SPT35339	SPT35355	0.08
SPT35339	SPT35332	0
SPT35339	SPT35333	0
SPT35339	SPT35561	0
SPT35339	SPT35363	0
SPT35339	SPT35427	0.02
SPT35339	SPT35752	0
SPT35339	SPT35430	0
SPT35339	SPT35431	0
SPT35339	SPT35313	0
SPT35339	SPT35780	0
SPT35339	SPT35315	0
SPT35339	SPT35316	0
SPT35339	SPT35317	0
SPT35339	SPT35334	0
SPT35339	SPT35543	0
SPT35372	SPT35373	0
SPT35372	SPT35587	0.07
SPT35372	SPT35303	0
SPT35372	SPT35356	0
SPT35372	SPT35448	0
SPT35372	SPT35364	0
SPT35372	SPT35366	0
SPT35372	SPT35524	0
SPT35372	SPT35321	0
SPT35372	SPT35374	0
SPT35372	SPT35318	0
SPT35372	SPT35453	0
SPT35372	SPT35509	0
SPT35372	SPT35450	0
SPT35372	SPT35525	0
SPT35372	SPT35510	0
SPT35372	SPT35340	0
SPT35372	SPT35583	0
SPT35372	SPT35584	0
SPT35372	SPT35585	0.08
SPT35372	SPT35458	0
SPT35372	SPT35500	0
SPT35372	SPT35322	0
SPT35372	SPT35377	0
SPT35372	SPT35511	0
SPT35372	SPT35323	0
SPT35372	SPT35461	0
SPT35372	SPT35462	0.04
SPT35372	SPT35463	0
SPT35372	SPT35341	0.03
SPT35372	SPT35368	0
SPT35372	SPT35378	0
SPT35372	SPT35552	0
SPT35372	SPT35551	0
SPT35372	SPT35459	0
SPT35372	SPT35474	0.04
SPT35372	SPT35514	0
SPT35372	SPT35519	0
SPT35372	SPT35526	0
SPT35372	SPT35501	0
SPT35372	SPT35681	0
SPT35372	SPT35467	0
SPT35372	SPT35469	0
SPT35372	SPT35470	0.07
SPT35372	SPT35468	0
SPT35372	SPT35471	0
SPT35372	SPT35379	0
SPT35372	SPT35472	0
SPT35372	SPT35529	0
SPT35372	SPT35517	0
SPT35372	SPT35516	0
SPT35372	SPT35360	0.02
SPT35372	SPT35515	0
SPT35372	SPT35518	0
SPT35372	SPT35475	0
SPT35372	SPT35520	0.03
SPT35372	SPT35324	0
SPT35372	SPT35476	0
SPT35372	SPT35485	0
SPT35372	SPT35389	0
SPT35372	SPT35487	0
SPT35372	SPT35369	0
SPT35372	SPT35370	0
SPT35372	SPT35382	0
SPT35372	SPT35521	0
SPT35372	SPT35553	0
SPT35372	SPT35532	0
SPT35372	SPT35384	0
SPT35372	SPT35522	0
SPT35372	SPT35361	0
SPT35372	SPT35342	0
SPT35372	SPT35556	0
SPT35372	SPT35557	0
SPT35372	SPT35328	0
SPT35372	SPT35592	0
SPT35372	SPT35435	0
SPT35372	SPT35304	0
SPT35372	SPT35390	0.03
SPT35372	SPT35436	0
SPT35372	SPT35580	0
SPT35372	SPT35538	0
SPT35372	SPT35537	0
SPT35372	SPT35320	0
SPT35372	SPT35541	0
SPT35372	SPT35673	0
SPT35372	SPT35502	0
SPT35372	SPT35330	0
SPT35372	SPT35546	0
SPT35372	SPT35547	0
SPT35372	SPT35544	0
SPT35372	SPT35362	0
SPT35372	SPT35499	0
SPT35372	SPT35336	0
SPT35372	SPT35577	0
SPT35372	SPT35325	0
SPT35372	SPT35331	0
SPT35372	SPT35337	0
SPT35372	SPT35306	0
SPT35372	SPT35407	0.05
SPT35372	SPT35346	0.03
SPT35372	SPT35405	0.06
SPT35372	SPT35410	0
SPT35372	SPT35575	0
SPT35372	SPT35576	0.04
SPT35372	SPT35766	0
SPT35372	SPT35347	0.02
SPT35372	SPT35412	0
SPT35372	SPT35414	0
SPT35372	SPT35348	0.03
SPT35372	SPT35417	0
SPT35372	SPT35571	0
SPT35372	SPT35349	0
SPT35372	SPT35351	0
SPT35372	SPT35418	0
SPT35372	SPT35419	0.05
SPT35372	SPT35566	0
SPT35372	SPT35567	0
SPT35372	SPT35420	0
SPT35372	SPT35423	0
SPT35372	SPT35564	0
SPT35372	SPT35352	0
SPT35372	SPT35424	0
SPT35372	SPT35357	0
SPT35372	SPT35437	0
SPT35372	SPT35563	0
SPT35372	SPT35308	0
SPT35372	SPT35425	0
SPT35372	SPT35440	0
SPT35372	SPT35354	0
SPT35372	SPT35309	0
SPT35372	SPT35310	0
SPT35372	SPT35355	0
SPT35372	SPT35332	0
SPT35372	SPT35333	0
SPT35372	SPT35561	0
SPT35372	SPT35363	0
SPT35372	SPT35427	0
SPT35372	SPT35752	0
SPT35372	SPT35430	0
SPT35372	SPT35431	0
SPT35372	SPT35313	0
SPT35372	SPT35780	0
SPT35372	SPT35315	0
SPT35372	SPT35316	0
SPT35372	SPT35317	0
SPT35372	SPT35334	0
SPT35372	SPT35543	0
SPT35373	SPT35587	0
SPT35373	SPT35303	0
SPT35373	SPT35356	0
SPT35373	SPT35448	0
SPT35373	SPT35364	0
SPT35373	SPT35366	0
SPT35373	SPT35524	0
SPT35373	SPT35321	0
SPT35373	SPT35374	0
SPT35373	SPT35318	0
SPT35373	SPT35453	0
SPT35373	SPT35509	0
SPT35373	SPT35450	0
SPT35373	SPT35525	0
SPT35373	SPT35510	0
SPT35373	SPT35340	0
SPT35373	SPT35583	0
SPT35373	SPT35584	0
SPT35373	SPT35585	0
SPT35373	SPT35458	0
SPT35373	SPT35500	0
SPT35373	SPT35322	0
SPT35373	SPT35377	0
SPT35373	SPT35511	0
SPT35373	SPT35323	0
SPT35373	SPT35461	0
SPT35373	SPT35462	0
SPT35373	SPT35463	0
SPT35373	SPT35341	0
SPT35373	SPT35368	0
SPT35373	SPT35378	0
SPT35373	SPT35552	0
SPT35373	SPT35551	0
SPT35373	SPT35459	0
SPT35373	SPT35474	0
SPT35373	SPT35514	0
SPT35373	SPT35519	0.02
SPT35373	SPT35526	0
SPT35373	SPT35501	0
SPT35373	SPT35681	0
SPT35373	SPT35467	0
SPT35373	SPT35469	0
SPT35373	SPT35470	0
SPT35373	SPT35468	0
SPT35373	SPT35471	0
SPT35373	SPT35379	0
SPT35373	SPT35472	0
SPT35373	SPT35529	0
SPT35373	SPT35517	0
SPT35373	SPT35516	0
SPT35373	SPT35360	0
SPT35373	SPT35515	0
SPT35373	SPT35518	0
SPT35373	SPT35475	0
SPT35373	SPT35520	0
SPT35373	SPT35324	0
SPT35373	SPT35476	0
SPT35373	SPT35485	0
SPT35373	SPT35389	0
SPT35373	SPT35487	0
SPT35373	SPT35369	0.02
SPT35373	SPT35370	0
SPT35373	SPT35382	0
SPT35373	SPT35521	0
SPT35373	SPT35553	0
SPT35373	SPT35532	0
SPT35373	SPT35384	0
SPT35373	SPT35522	0
SPT35373	SPT35361	0
SPT35373	SPT35342	0
SPT35373	SPT35556	0
SPT35373	SPT35557	0.02
SPT35373	SPT35328	0
SPT35373	SPT35592	0
SPT35373	SPT35435	0
SPT35373	SPT35304	0
SPT35373	SPT35390	0
SPT35373	SPT35436	0
SPT35373	SPT35580	0
SPT35373	SPT35538	0
SPT35373	SPT35537	0
SPT35373	SPT35320	0
SPT35373	SPT35541	0
SPT35373	SPT35673	0
SPT35373	SPT35502	0
SPT35373	SPT35330	0
SPT35373	SPT35546	0
SPT35373	SPT35547	0
SPT35373	SPT35544	0
SPT35373	SPT35362	0.04
SPT35373	SPT35499	0
SPT35373	SPT35336	0
SPT35373	SPT35577	0
SPT35373	SPT35325	0
SPT35373	SPT35331	0
SPT35373	SPT35337	0
SPT35373	SPT35306	0
SPT35373	SPT35407	0
SPT35373	SPT35346	0
SPT35373	SPT35405	0
SPT35373	SPT35410	0
SPT35373	SPT35575	0
SPT35373	SPT35576	0
SPT35373	SPT35766	0
SPT35373	SPT35347	0
SPT35373	SPT35412	0
SPT35373	SPT35414	0
SPT35373	SPT35348	0
SPT35373	SPT35417	0
SPT35373	SPT35571	0
SPT35373	SPT35349	0
SPT35373	SPT35351	0
SPT35373	SPT35418	0
SPT35373	SPT35419	0
SPT35373	SPT35566	0
SPT35373	SPT35567	0
SPT35373	SPT35420	0
SPT35373	SPT35423	0
SPT35373	SPT35564	0
SPT35373	SPT35352	0.02
SPT35373	SPT35424	0
SPT35373	SPT35357	0
SPT35373	SPT35437	0
SPT35373	SPT35563	0
SPT35373	SPT35308	0
SPT35373	SPT35425	0
SPT35373	SPT35440	0
SPT35373	SPT35354	0
SPT35373	SPT35309	0
SPT35373	SPT35310	0
SPT35373	SPT35355	0
SPT35373	SPT35332	0
SPT35373	SPT35333	0
SPT35373	SPT35561	0
SPT35373	SPT35363	0
SPT35373	SPT35427	0
SPT35373	SPT35752	0
SPT35373	SPT35430	0
SPT35373	SPT35431	0
SPT35373	SPT35313	0
SPT35373	SPT35780	0
SPT35373	SPT35315	0
SPT35373	SPT35316	0
SPT35373	SPT35317	0
SPT35373	SPT35334	0
SPT35373	SPT35543	0
SPT35587	SPT35303	0
SPT35587	SPT35356	0
SPT35587	SPT35448	0
SPT35587	SPT35364	0
SPT35587	SPT35366	0
SPT35587	SPT35524	0
SPT35587	SPT35321	0
SPT35587	SPT35374	0
SPT35587	SPT35318	0
SPT35587	SPT35453	0
SPT35587	SPT35509	0
SPT35587	SPT35450	0
SPT35587	SPT35525	0
SPT35587	SPT35510	0
SPT35587	SPT35340	0
SPT35587	SPT35583	0
SPT35587	SPT35584	0
SPT35587	SPT35585	0.86
SPT35587	SPT35458	0
SPT35587	SPT35500	0
SPT35587	SPT35322	0
SPT35587	SPT35377	0
SPT35587	SPT35511	0
SPT35587	SPT35323	0
SPT35587	SPT35461	0
SPT35587	SPT35462	0.47
SPT35587	SPT35463	0
SPT35587	SPT35341	0.02
SPT35587	SPT35368	0
SPT35587	SPT35378	0
SPT35587	SPT35552	0
SPT35587	SPT35551	0
SPT35587	SPT35459	0
SPT35587	SPT35474	0.45
SPT35587	SPT35514	0
SPT35587	SPT35519	0
SPT35587	SPT35526	0
SPT35587	SPT35501	0
SPT35587	SPT35681	0
SPT35587	SPT35467	0
SPT35587	SPT35469	0
SPT35587	SPT35470	0.51
SPT35587	SPT35468	0
SPT35587	SPT35471	0
SPT35587	SPT35379	0
SPT35587	SPT35472	0
SPT35587	SPT35529	0
SPT35587	SPT35517	0
SPT35587	SPT35516	0
SPT35587	SPT35360	0.16
SPT35587	SPT35515	0
SPT35587	SPT35518	0
SPT35587	SPT35475	0
SPT35587	SPT35520	0
SPT35587	SPT35324	0
SPT35587	SPT35476	0
SPT35587	SPT35485	0
SPT35587	SPT35389	0
SPT35587	SPT35487	0
SPT35587	SPT35369	0
SPT35587	SPT35370	0.02
SPT35587	SPT35382	0
SPT35587	SPT35521	0
SPT35587	SPT35553	0
SPT35587	SPT35532	0
SPT35587	SPT35384	0
SPT35587	SPT35522	0.13
SPT35587	SPT35361	0
SPT35587	SPT35342	0
SPT35587	SPT35556	0
SPT35587	SPT35557	0
SPT35587	SPT35328	0
SPT35587	SPT35592	0
SPT35587	SPT35435	0
SPT35587	SPT35304	0
SPT35587	SPT35390	0.11
SPT35587	SPT35436	0
SPT35587	SPT35580	0
SPT35587	SPT35538	0
SPT35587	SPT35537	0
SPT35587	SPT35320	0.08
SPT35587	SPT35541	0
SPT35587	SPT35673	0
SPT35587	SPT35502	0
SPT35587	SPT35330	0
SPT35587	SPT35546	0
SPT35587	SPT35547	0
SPT35587	SPT35544	0
SPT35587	SPT35362	0
SPT35587	SPT35499	0
SPT35587	SPT35336	0
SPT35587	SPT35577	0
SPT35587	SPT35325	0
SPT35587	SPT35331	0
SPT35587	SPT35337	0.06
SPT35587	SPT35306	0
SPT35587	SPT35407	0.65
SPT35587	SPT35346	0
SPT35587	SPT35405	0.59
SPT35587	SPT35410	0
SPT35587	SPT35575	0
SPT35587	SPT35576	0.47
SPT35587	SPT35766	0
SPT35587	SPT35347	0.16
SPT35587	SPT35412	0
SPT35587	SPT35414	0
SPT35587	SPT35348	0
SPT35587	SPT35417	0
SPT35587	SPT35571	0
SPT35587	SPT35349	0
SPT35587	SPT35351	0
SPT35587	SPT35418	0
SPT35587	SPT35419	0.45
SPT35587	SPT35566	0.2
SPT35587	SPT35567	0
SPT35587	SPT35420	0
SPT35587	SPT35423	0
SPT35587	SPT35564	0
SPT35587	SPT35352	0
SPT35587	SPT35424	0
SPT35587	SPT35357	0
SPT35587	SPT35437	0
SPT35587	SPT35563	0
SPT35587	SPT35308	0
SPT35587	SPT35425	0
SPT35587	SPT35440	0
SPT35587	SPT35354	0
SPT35587	SPT35309	0
SPT35587	SPT35310	0
SPT35587	SPT35355	0
SPT35587	SPT35332	0
SPT35587	SPT35333	0
SPT35587	SPT35561	0
SPT35587	SPT35363	0
SPT35587	SPT35427	0
SPT35587	SPT35752	0
SPT35587	SPT35430	0
SPT35587	SPT35431	0
SPT35587	SPT35313	0
SPT35587	SPT35780	0
SPT35587	SPT35315	0
SPT35587	SPT35316	0
SPT35587	SPT35317	0.04
SPT35587	SPT35334	0.02
SPT35587	SPT35543	0
SPT35303	SPT35356	0
SPT35303	SPT35448	0
SPT35303	SPT35364	0.58
SPT35303	SPT35366	0
SPT35303	SPT35524	0
SPT35303	SPT35321	0
SPT35303	SPT35374	0
SPT35303	SPT35318	0
SPT35303	SPT35453	0
SPT35303	SPT35509	0
SPT35303	SPT35450	0.03
SPT35303	SPT35525	0
SPT35303	SPT35510	0
SPT35303	SPT35340	0.02
SPT35303	SPT35583	0
SPT35303	SPT35584	0
SPT35303	SPT35585	0
SPT35303	SPT35458	0
SPT35303	SPT35500	0
SPT35303	SPT35322	0
SPT35303	SPT35377	0.02
SPT35303	SPT35511	0
SPT35303	SPT35323	0
SPT35303	SPT35461	0
SPT35303	SPT35462	0
SPT35303	SPT35463	0
SPT35303	SPT35341	0
SPT35303	SPT35368	0
SPT35303	SPT35378	0
SPT35303	SPT35552	0.03
SPT35303	SPT35551	0
SPT35303	SPT35459	0
SPT35303	SPT35474	0
SPT35303	SPT35514	0
SPT35303	SPT35519	0
SPT35303	SPT35526	0
SPT35303	SPT35501	0
SPT35303	SPT35681	0
SPT35303	SPT35467	0
SPT35303	SPT35469	0
SPT35303	SPT35470	0
SPT35303	SPT35468	0
SPT35303	SPT35471	0
SPT35303	SPT35379	0
SPT35303	SPT35472	0
SPT35303	SPT35529	0
SPT35303	SPT35517	0
SPT35303	SPT35516	0
SPT35303	SPT35360	0
SPT35303	SPT35515	0
SPT35303	SPT35518	0
SPT35303	SPT35475	0
SPT35303	SPT35520	0
SPT35303	SPT35324	0.03
SPT35303	SPT35476	0
SPT35303	SPT35485	0
SPT35303	SPT35389	0.02
SPT35303	SPT35487	0
SPT35303	SPT35369	0
SPT35303	SPT35370	0
SPT35303	SPT35382	0
SPT35303	SPT35521	0
SPT35303	SPT35553	0
SPT35303	SPT35532	0
SPT35303	SPT35384	0
SPT35303	SPT35522	0
SPT35303	SPT35361	0
SPT35303	SPT35342	0
SPT35303	SPT35556	0
SPT35303	SPT35557	0
SPT35303	SPT35328	0
SPT35303	SPT35592	0
SPT35303	SPT35435	0
SPT35303	SPT35304	0
SPT35303	SPT35390	0
SPT35303	SPT35436	0
SPT35303	SPT35580	0
SPT35303	SPT35538	0
SPT35303	SPT35537	0
SPT35303	SPT35320	0
SPT35303	SPT35541	0
SPT35303	SPT35673	0
SPT35303	SPT35502	0
SPT35303	SPT35330	0
SPT35303	SPT35546	0
SPT35303	SPT35547	0
SPT35303	SPT35544	0
SPT35303	SPT35362	0
SPT35303	SPT35499	0
SPT35303	SPT35336	0
SPT35303	SPT35577	0
SPT35303	SPT35325	0
SPT35303	SPT35331	0
SPT35303	SPT35337	0
SPT35303	SPT35306	0
SPT35303	SPT35407	0
SPT35303	SPT35346	0
SPT35303	SPT35405	0
SPT35303	SPT35410	0
SPT35303	SPT35575	0
SPT35303	SPT35576	0
SPT35303	SPT35766	0
SPT35303	SPT35347	0
SPT35303	SPT35412	0
SPT35303	SPT35414	0
SPT35303	SPT35348	0.02
SPT35303	SPT35417	0
SPT35303	SPT35571	0
SPT35303	SPT35349	0
SPT35303	SPT35351	0.02
SPT35303	SPT35418	0
SPT35303	SPT35419	0
SPT35303	SPT35566	0
SPT35303	SPT35567	0
SPT35303	SPT35420	0
SPT35303	SPT35423	0
SPT35303	SPT35564	0
SPT35303	SPT35352	0
SPT35303	SPT35424	0
SPT35303	SPT35357	0
SPT35303	SPT35437	0
SPT35303	SPT35563	0
SPT35303	SPT35308	0
SPT35303	SPT35425	0
SPT35303	SPT35440	0
SPT35303	SPT35354	0
SPT35303	SPT35309	0
SPT35303	SPT35310	0
SPT35303	SPT35355	0
SPT35303	SPT35332	0
SPT35303	SPT35333	0
SPT35303	SPT35561	0
SPT35303	SPT35363	0
SPT35303	SPT35427	0
SPT35303	SPT35752	0
SPT35303	SPT35430	0
SPT35303	SPT35431	0
SPT35303	SPT35313	0
SPT35303	SPT35780	0
SPT35303	SPT35315	0.02
SPT35303	SPT35316	0
SPT35303	SPT35317	0
SPT35303	SPT35334	0
SPT35303	SPT35543	0
SPT35356	SPT35448	0
SPT35356	SPT35364	0
SPT35356	SPT35366	0.11
SPT35356	SPT35524	0
SPT35356	SPT35321	0
SPT35356	SPT35374	0.02
SPT35356	SPT35318	0.15
SPT35356	SPT35453	0
SPT35356	SPT35509	0
SPT35356	SPT35450	0
SPT35356	SPT35525	0
SPT35356	SPT35510	0
SPT35356	SPT35340	0
SPT35356	SPT35583	0
SPT35356	SPT35584	0
SPT35356	SPT35585	0
SPT35356	SPT35458	0
SPT35356	SPT35500	0
SPT35356	SPT35322	0
SPT35356	SPT35377	0
SPT35356	SPT35511	0
SPT35356	SPT35323	0
SPT35356	SPT35461	0
SPT35356	SPT35462	0
SPT35356	SPT35463	0
SPT35356	SPT35341	0
SPT35356	SPT35368	0
SPT35356	SPT35378	0
SPT35356	SPT35552	0
SPT35356	SPT35551	0
SPT35356	SPT35459	0
SPT35356	SPT35474	0
SPT35356	SPT35514	0
SPT35356	SPT35519	0
SPT35356	SPT35526	0
SPT35356	SPT35501	0
SPT35356	SPT35681	0
SPT35356	SPT35467	0
SPT35356	SPT35469	0
SPT35356	SPT35470	0
SPT35356	SPT35468	0
SPT35356	SPT35471	0
SPT35356	SPT35379	0.03
SPT35356	SPT35472	0
SPT35356	SPT35529	0
SPT35356	SPT35517	0
SPT35356	SPT35516	0
SPT35356	SPT35360	0
SPT35356	SPT35515	0
SPT35356	SPT35518	0
SPT35356	SPT35475	0
SPT35356	SPT35520	0
SPT35356	SPT35324	0.03
SPT35356	SPT35476	0
SPT35356	SPT35485	0
SPT35356	SPT35389	0
SPT35356	SPT35487	0
SPT35356	SPT35369	0.02
SPT35356	SPT35370	0.05
SPT35356	SPT35382	0.21
SPT35356	SPT35521	0
SPT35356	SPT35553	0
SPT35356	SPT35532	0
SPT35356	SPT35384	0
SPT35356	SPT35522	0
SPT35356	SPT35361	0.03
SPT35356	SPT35342	0.08
SPT35356	SPT35556	0
SPT35356	SPT35557	0
SPT35356	SPT35328	0
SPT35356	SPT35592	0
SPT35356	SPT35435	0
SPT35356	SPT35304	0
SPT35356	SPT35390	0
SPT35356	SPT35436	0
SPT35356	SPT35580	0
SPT35356	SPT35538	0
SPT35356	SPT35537	0
SPT35356	SPT35320	0
SPT35356	SPT35541	0
SPT35356	SPT35673	0
SPT35356	SPT35502	0
SPT35356	SPT35330	0
SPT35356	SPT35546	0
SPT35356	SPT35547	0
SPT35356	SPT35544	0
SPT35356	SPT35362	0
SPT35356	SPT35499	0
SPT35356	SPT35336	0
SPT35356	SPT35577	0
SPT35356	SPT35325	0
SPT35356	SPT35331	0.03
SPT35356	SPT35337	0
SPT35356	SPT35306	0
SPT35356	SPT35407	0
SPT35356	SPT35346	0
SPT35356	SPT35405	0
SPT35356	SPT35410	0
SPT35356	SPT35575	0
SPT35356	SPT35576	0
SPT35356	SPT35766	0
SPT35356	SPT35347	0
SPT35356	SPT35412	0
SPT35356	SPT35414	0
SPT35356	SPT35348	0
SPT35356	SPT35417	0
SPT35356	SPT35571	0
SPT35356	SPT35349	0
SPT35356	SPT35351	0
SPT35356	SPT35418	0
SPT35356	SPT35419	0
SPT35356	SPT35566	0
SPT35356	SPT35567	0
SPT35356	SPT35420	0
SPT35356	SPT35423	0
SPT35356	SPT35564	0
SPT35356	SPT35352	0
SPT35356	SPT35424	0
SPT35356	SPT35357	0
SPT35356	SPT35437	0
SPT35356	SPT35563	0
SPT35356	SPT35308	0
SPT35356	SPT35425	0
SPT35356	SPT35440	0
SPT35356	SPT35354	0.15
SPT35356	SPT35309	0
SPT35356	SPT35310	0
SPT35356	SPT35355	0
SPT35356	SPT35332	0
SPT35356	SPT35333	0
SPT35356	SPT35561	0
SPT35356	SPT35363	0
SPT35356	SPT35427	0
SPT35356	SPT35752	0
SPT35356	SPT35430	0
SPT35356	SPT35431	0
SPT35356	SPT35313	0
SPT35356	SPT35780	0
SPT35356	SPT35315	0
SPT35356	SPT35316	0.11
SPT35356	SPT35317	0
SPT35356	SPT35334	0
SPT35356	SPT35543	0
SPT35448	SPT35364	0
SPT35448	SPT35366	0
SPT35448	SPT35524	0
SPT35448	SPT35321	0
SPT35448	SPT35374	0
SPT35448	SPT35318	0
SPT35448	SPT35453	0
SPT35448	SPT35509	0
SPT35448	SPT35450	0
SPT35448	SPT35525	0
SPT35448	SPT35510	0
SPT35448	SPT35340	0
SPT35448	SPT35583	0
SPT35448	SPT35584	0
SPT35448	SPT35585	0
SPT35448	SPT35458	0
SPT35448	SPT35500	0
SPT35448	SPT35322	0
SPT35448	SPT35377	0
SPT35448	SPT35511	0
SPT35448	SPT35323	0
SPT35448	SPT35461	0
SPT35448	SPT35462	0
SPT35448	SPT35463	0
SPT35448	SPT35341	0
SPT35448	SPT35368	0
SPT35448	SPT35378	0
SPT35448	SPT35552	0
SPT35448	SPT35551	0
SPT35448	SPT35459	0
SPT35448	SPT35474	0
SPT35448	SPT35514	0.4
SPT35448	SPT35519	0
SPT35448	SPT35526	0
SPT35448	SPT35501	0
SPT35448	SPT35681	0
SPT35448	SPT35467	0
SPT35448	SPT35469	0.46
SPT35448	SPT35470	0
SPT35448	SPT35468	0.35
SPT35448	SPT35471	0.4
SPT35448	SPT35379	0
SPT35448	SPT35472	0
SPT35448	SPT35529	0
SPT35448	SPT35517	0.35
SPT35448	SPT35516	0.45
SPT35448	SPT35360	0
SPT35448	SPT35515	0.32
SPT35448	SPT35518	0
SPT35448	SPT35475	0
SPT35448	SPT35520	0
SPT35448	SPT35324	0
SPT35448	SPT35476	0.39
SPT35448	SPT35485	0
SPT35448	SPT35389	0
SPT35448	SPT35487	0.48
SPT35448	SPT35369	0
SPT35448	SPT35370	0
SPT35448	SPT35382	0
SPT35448	SPT35521	0
SPT35448	SPT35553	0
SPT35448	SPT35532	0.41
SPT35448	SPT35384	0
SPT35448	SPT35522	0
SPT35448	SPT35361	0
SPT35448	SPT35342	0
SPT35448	SPT35556	0
SPT35448	SPT35557	0
SPT35448	SPT35328	0
SPT35448	SPT35592	0
SPT35448	SPT35435	0.22
SPT35448	SPT35304	0
SPT35448	SPT35390	0
SPT35448	SPT35436	0
SPT35448	SPT35580	0
SPT35448	SPT35538	0
SPT35448	SPT35537	0
SPT35448	SPT35320	0
SPT35448	SPT35541	0
SPT35448	SPT35673	0
SPT35448	SPT35502	0
SPT35448	SPT35330	0
SPT35448	SPT35546	0
SPT35448	SPT35547	0
SPT35448	SPT35544	0
SPT35448	SPT35362	0
SPT35448	SPT35499	0
SPT35448	SPT35336	0
SPT35448	SPT35577	0
SPT35448	SPT35325	0
SPT35448	SPT35331	0
SPT35448	SPT35337	0
SPT35448	SPT35306	0
SPT35448	SPT35407	0
SPT35448	SPT35346	0
SPT35448	SPT35405	0
SPT35448	SPT35410	0
SPT35448	SPT35575	0
SPT35448	SPT35576	0
SPT35448	SPT35766	0
SPT35448	SPT35347	0
SPT35448	SPT35412	0
SPT35448	SPT35414	0
SPT35448	SPT35348	0
SPT35448	SPT35417	0
SPT35448	SPT35571	0
SPT35448	SPT35349	0
SPT35448	SPT35351	0
SPT35448	SPT35418	0
SPT35448	SPT35419	0
SPT35448	SPT35566	0
SPT35448	SPT35567	0
SPT35448	SPT35420	0
SPT35448	SPT35423	0
SPT35448	SPT35564	0
SPT35448	SPT35352	0
SPT35448	SPT35424	0
SPT35448	SPT35357	0
SPT35448	SPT35437	0.11
SPT35448	SPT35563	0
SPT35448	SPT35308	0
SPT35448	SPT35425	0
SPT35448	SPT35440	0
SPT35448	SPT35354	0
SPT35448	SPT35309	0
SPT35448	SPT35310	0
SPT35448	SPT35355	0
SPT35448	SPT35332	0
SPT35448	SPT35333	0
SPT35448	SPT35561	0
SPT35448	SPT35363	0
SPT35448	SPT35427	0
SPT35448	SPT35752	0
SPT35448	SPT35430	0
SPT35448	SPT35431	0
SPT35448	SPT35313	0
SPT35448	SPT35780	0
SPT35448	SPT35315	0
SPT35448	SPT35316	0
SPT35448	SPT35317	0
SPT35448	SPT35334	0
SPT35448	SPT35543	0
SPT35364	SPT35366	0
SPT35364	SPT35524	0
SPT35364	SPT35321	0
SPT35364	SPT35374	0
SPT35364	SPT35318	0
SPT35364	SPT35453	0
SPT35364	SPT35509	0
SPT35364	SPT35450	0
SPT35364	SPT35525	0
SPT35364	SPT35510	0
SPT35364	SPT35340	0.03
SPT35364	SPT35583	0
SPT35364	SPT35584	0
SPT35364	SPT35585	0
SPT35364	SPT35458	0
SPT35364	SPT35500	0
SPT35364	SPT35322	0
SPT35364	SPT35377	0.03
SPT35364	SPT35511	0
SPT35364	SPT35323	0
SPT35364	SPT35461	0
SPT35364	SPT35462	0
SPT35364	SPT35463	0
SPT35364	SPT35341	0
SPT35364	SPT35368	0
SPT35364	SPT35378	0
SPT35364	SPT35552	0
SPT35364	SPT35551	0
SPT35364	SPT35459	0
SPT35364	SPT35474	0
SPT35364	SPT35514	0
SPT35364	SPT35519	0
SPT35364	SPT35526	0
SPT35364	SPT35501	0
SPT35364	SPT35681	0
SPT35364	SPT35467	0
SPT35364	SPT35469	0
SPT35364	SPT35470	0
SPT35364	SPT35468	0
SPT35364	SPT35471	0
SPT35364	SPT35379	0
SPT35364	SPT35472	0
SPT35364	SPT35529	0
SPT35364	SPT35517	0
SPT35364	SPT35516	0
SPT35364	SPT35360	0
SPT35364	SPT35515	0
SPT35364	SPT35518	0
SPT35364	SPT35475	0
SPT35364	SPT35520	0
SPT35364	SPT35324	0.04
SPT35364	SPT35476	0
SPT35364	SPT35485	0
SPT35364	SPT35389	0.03
SPT35364	SPT35487	0
SPT35364	SPT35369	0
SPT35364	SPT35370	0
SPT35364	SPT35382	0
SPT35364	SPT35521	0
SPT35364	SPT35553	0
SPT35364	SPT35532	0
SPT35364	SPT35384	0
SPT35364	SPT35522	0
SPT35364	SPT35361	0
SPT35364	SPT35342	0
SPT35364	SPT35556	0
SPT35364	SPT35557	0
SPT35364	SPT35328	0
SPT35364	SPT35592	0
SPT35364	SPT35435	0
SPT35364	SPT35304	0
SPT35364	SPT35390	0
SPT35364	SPT35436	0
SPT35364	SPT35580	0
SPT35364	SPT35538	0
SPT35364	SPT35537	0
SPT35364	SPT35320	0
SPT35364	SPT35541	0
SPT35364	SPT35673	0
SPT35364	SPT35502	0
SPT35364	SPT35330	0
SPT35364	SPT35546	0
SPT35364	SPT35547	0
SPT35364	SPT35544	0
SPT35364	SPT35362	0
SPT35364	SPT35499	0
SPT35364	SPT35336	0
SPT35364	SPT35577	0
SPT35364	SPT35325	0
SPT35364	SPT35331	0.02
SPT35364	SPT35337	0
SPT35364	SPT35306	0
SPT35364	SPT35407	0
SPT35364	SPT35346	0
SPT35364	SPT35405	0
SPT35364	SPT35410	0
SPT35364	SPT35575	0
SPT35364	SPT35576	0
SPT35364	SPT35766	0
SPT35364	SPT35347	0
SPT35364	SPT35412	0.02
SPT35364	SPT35414	0
SPT35364	SPT35348	0
SPT35364	SPT35417	0
SPT35364	SPT35571	0
SPT35364	SPT35349	0
SPT35364	SPT35351	0
SPT35364	SPT35418	0
SPT35364	SPT35419	0
SPT35364	SPT35566	0
SPT35364	SPT35567	0
SPT35364	SPT35420	0
SPT35364	SPT35423	0
SPT35364	SPT35564	0
SPT35364	SPT35352	0
SPT35364	SPT35424	0
SPT35364	SPT35357	0
SPT35364	SPT35437	0
SPT35364	SPT35563	0
SPT35364	SPT35308	0
SPT35364	SPT35425	0
SPT35364	SPT35440	0
SPT35364	SPT35354	0
SPT35364	SPT35309	0
SPT35364	SPT35310	0
SPT35364	SPT35355	0
SPT35364	SPT35332	0
SPT35364	SPT35333	0
SPT35364	SPT35561	0
SPT35364	SPT35363	0
SPT35364	SPT35427	0
SPT35364	SPT35752	0
SPT35364	SPT35430	0
SPT35364	SPT35431	0
SPT35364	SPT35313	0
SPT35364	SPT35780	0
SPT35364	SPT35315	0
SPT35364	SPT35316	0
SPT35364	SPT35317	0
SPT35364	SPT35334	0
SPT35364	SPT35543	0
SPT35366	SPT35524	0
SPT35366	SPT35321	0
SPT35366	SPT35374	0
SPT35366	SPT35318	0.3
SPT35366	SPT35453	0
SPT35366	SPT35509	0
SPT35366	SPT35450	0
SPT35366	SPT35525	0
SPT35366	SPT35510	0
SPT35366	SPT35340	0
SPT35366	SPT35583	0
SPT35366	SPT35584	0
SPT35366	SPT35585	0
SPT35366	SPT35458	0
SPT35366	SPT35500	0
SPT35366	SPT35322	0
SPT35366	SPT35377	0
SPT35366	SPT35511	0
SPT35366	SPT35323	0
SPT35366	SPT35461	0
SPT35366	SPT35462	0
SPT35366	SPT35463	0
SPT35366	SPT35341	0
SPT35366	SPT35368	0
SPT35366	SPT35378	0
SPT35366	SPT35552	0
SPT35366	SPT35551	0
SPT35366	SPT35459	0
SPT35366	SPT35474	0
SPT35366	SPT35514	0
SPT35366	SPT35519	0
SPT35366	SPT35526	0
SPT35366	SPT35501	0
SPT35366	SPT35681	0
SPT35366	SPT35467	0
SPT35366	SPT35469	0
SPT35366	SPT35470	0
SPT35366	SPT35468	0
SPT35366	SPT35471	0
SPT35366	SPT35379	0
SPT35366	SPT35472	0
SPT35366	SPT35529	0
SPT35366	SPT35517	0
SPT35366	SPT35516	0
SPT35366	SPT35360	0
SPT35366	SPT35515	0
SPT35366	SPT35518	0
SPT35366	SPT35475	0
SPT35366	SPT35520	0
SPT35366	SPT35324	0
SPT35366	SPT35476	0
SPT35366	SPT35485	0
SPT35366	SPT35389	0
SPT35366	SPT35487	0
SPT35366	SPT35369	0.02
SPT35366	SPT35370	0.14
SPT35366	SPT35382	0.47
SPT35366	SPT35521	0
SPT35366	SPT35553	0
SPT35366	SPT35532	0
SPT35366	SPT35384	0
SPT35366	SPT35522	0
SPT35366	SPT35361	0.08
SPT35366	SPT35342	0
SPT35366	SPT35556	0
SPT35366	SPT35557	0
SPT35366	SPT35328	0
SPT35366	SPT35592	0
SPT35366	SPT35435	0
SPT35366	SPT35304	0
SPT35366	SPT35390	0
SPT35366	SPT35436	0
SPT35366	SPT35580	0
SPT35366	SPT35538	0
SPT35366	SPT35537	0
SPT35366	SPT35320	0
SPT35366	SPT35541	0
SPT35366	SPT35673	0
SPT35366	SPT35502	0
SPT35366	SPT35330	0
SPT35366	SPT35546	0
SPT35366	SPT35547	0
SPT35366	SPT35544	0
SPT35366	SPT35362	0
SPT35366	SPT35499	0
SPT35366	SPT35336	0
SPT35366	SPT35577	0
SPT35366	SPT35325	0
SPT35366	SPT35331	0
SPT35366	SPT35337	0
SPT35366	SPT35306	0
SPT35366	SPT35407	0
SPT35366	SPT35346	0
SPT35366	SPT35405	0
SPT35366	SPT35410	0
SPT35366	SPT35575	0
SPT35366	SPT35576	0
SPT35366	SPT35766	0
SPT35366	SPT35347	0
SPT35366	SPT35412	0.02
SPT35366	SPT35414	0
SPT35366	SPT35348	0
SPT35366	SPT35417	0
SPT35366	SPT35571	0
SPT35366	SPT35349	0
SPT35366	SPT35351	0.02
SPT35366	SPT35418	0
SPT35366	SPT35419	0
SPT35366	SPT35566	0
SPT35366	SPT35567	0
SPT35366	SPT35420	0
SPT35366	SPT35423	0
SPT35366	SPT35564	0
SPT35366	SPT35352	0
SPT35366	SPT35424	0
SPT35366	SPT35357	0
SPT35366	SPT35437	0
SPT35366	SPT35563	0
SPT35366	SPT35308	0
SPT35366	SPT35425	0
SPT35366	SPT35440	0
SPT35366	SPT35354	0.31
SPT35366	SPT35309	0
SPT35366	SPT35310	0
SPT35366	SPT35355	0
SPT35366	SPT35332	0
SPT35366	SPT35333	0
SPT35366	SPT35561	0
SPT35366	SPT35363	0
SPT35366	SPT35427	0
SPT35366	SPT35752	0
SPT35366	SPT35430	0
SPT35366	SPT35431	0
SPT35366	SPT35313	0
SPT35366	SPT35780	0
SPT35366	SPT35315	0
SPT35366	SPT35316	0.2
SPT35366	SPT35317	0
SPT35366	SPT35334	0
SPT35366	SPT35543	0
SPT35524	SPT35321	0
SPT35524	SPT35374	0
SPT35524	SPT35318	0
SPT35524	SPT35453	0
SPT35524	SPT35509	0.18
SPT35524	SPT35450	0
SPT35524	SPT35525	0
SPT35524	SPT35510	0
SPT35524	SPT35340	0
SPT35524	SPT35583	0
SPT35524	SPT35584	0
SPT35524	SPT35585	0
SPT35524	SPT35458	0
SPT35524	SPT35500	0
SPT35524	SPT35322	0
SPT35524	SPT35377	0
SPT35524	SPT35511	0
SPT35524	SPT35323	0
SPT35524	SPT35461	0
SPT35524	SPT35462	0
SPT35524	SPT35463	0
SPT35524	SPT35341	0
SPT35524	SPT35368	0
SPT35524	SPT35378	0
SPT35524	SPT35552	0.02
SPT35524	SPT35551	0
SPT35524	SPT35459	0
SPT35524	SPT35474	0
SPT35524	SPT35514	0
SPT35524	SPT35519	0
SPT35524	SPT35526	0
SPT35524	SPT35501	0
SPT35524	SPT35681	0
SPT35524	SPT35467	0
SPT35524	SPT35469	0
SPT35524	SPT35470	0
SPT35524	SPT35468	0
SPT35524	SPT35471	0
SPT35524	SPT35379	0
SPT35524	SPT35472	0
SPT35524	SPT35529	0
SPT35524	SPT35517	0
SPT35524	SPT35516	0
SPT35524	SPT35360	0
SPT35524	SPT35515	0
SPT35524	SPT35518	0
SPT35524	SPT35475	0
SPT35524	SPT35520	0
SPT35524	SPT35324	0
SPT35524	SPT35476	0
SPT35524	SPT35485	0
SPT35524	SPT35389	0
SPT35524	SPT35487	0
SPT35524	SPT35369	0
SPT35524	SPT35370	0
SPT35524	SPT35382	0
SPT35524	SPT35521	0
SPT35524	SPT35553	0
SPT35524	SPT35532	0
SPT35524	SPT35384	0
SPT35524	SPT35522	0
SPT35524	SPT35361	0
SPT35524	SPT35342	0
SPT35524	SPT35556	0
SPT35524	SPT35557	0
SPT35524	SPT35328	0
SPT35524	SPT35592	0
SPT35524	SPT35435	0
SPT35524	SPT35304	0
SPT35524	SPT35390	0
SPT35524	SPT35436	0
SPT35524	SPT35580	0
SPT35524	SPT35538	0
SPT35524	SPT35537	0
SPT35524	SPT35320	0
SPT35524	SPT35541	0
SPT35524	SPT35673	0.04
SPT35524	SPT35502	0
SPT35524	SPT35330	0
SPT35524	SPT35546	0
SPT35524	SPT35547	0
SPT35524	SPT35544	0
SPT35524	SPT35362	0
SPT35524	SPT35499	0
SPT35524	SPT35336	0
SPT35524	SPT35577	0
SPT35524	SPT35325	0
SPT35524	SPT35331	0
SPT35524	SPT35337	0
SPT35524	SPT35306	0
SPT35524	SPT35407	0
SPT35524	SPT35346	0
SPT35524	SPT35405	0
SPT35524	SPT35410	0
SPT35524	SPT35575	0
SPT35524	SPT35576	0
SPT35524	SPT35766	0
SPT35524	SPT35347	0
SPT35524	SPT35412	0
SPT35524	SPT35414	0
SPT35524	SPT35348	0
SPT35524	SPT35417	0
SPT35524	SPT35571	0
SPT35524	SPT35349	0
SPT35524	SPT35351	0
SPT35524	SPT35418	0
SPT35524	SPT35419	0
SPT35524	SPT35566	0
SPT35524	SPT35567	0
SPT35524	SPT35420	0
SPT35524	SPT35423	0
SPT35524	SPT35564	0
SPT35524	SPT35352	0
SPT35524	SPT35424	0
SPT35524	SPT35357	0
SPT35524	SPT35437	0
SPT35524	SPT35563	0
SPT35524	SPT35308	0
SPT35524	SPT35425	0
SPT35524	SPT35440	0
SPT35524	SPT35354	0
SPT35524	SPT35309	0
SPT35524	SPT35310	0
SPT35524	SPT35355	0
SPT35524	SPT35332	0
SPT35524	SPT35333	0
SPT35524	SPT35561	0
SPT35524	SPT35363	0
SPT35524	SPT35427	0.02
SPT35524	SPT35752	0
SPT35524	SPT35430	0
SPT35524	SPT35431	0
SPT35524	SPT35313	0
SPT35524	SPT35780	0.02
SPT35524	SPT35315	0
SPT35524	SPT35316	0
SPT35524	SPT35317	0
SPT35524	SPT35334	0
SPT35524	SPT35543	0
SPT35321	SPT35374	0
SPT35321	SPT35318	0
SPT35321	SPT35453	0
SPT35321	SPT35509	0
SPT35321	SPT35450	0
SPT35321	SPT35525	0
SPT35321	SPT35510	0
SPT35321	SPT35340	0
SPT35321	SPT35583	0
SPT35321	SPT35584	0
SPT35321	SPT35585	0
SPT35321	SPT35458	0
SPT35321	SPT35500	0
SPT35321	SPT35322	0
SPT35321	SPT35377	0
SPT35321	SPT35511	0
SPT35321	SPT35323	0.36
SPT35321	SPT35461	0
SPT35321	SPT35462	0
SPT35321	SPT35463	0
SPT35321	SPT35341	0
SPT35321	SPT35368	0
SPT35321	SPT35378	0
SPT35321	SPT35552	0
SPT35321	SPT35551	0
SPT35321	SPT35459	0
SPT35321	SPT35474	0
SPT35321	SPT35514	0
SPT35321	SPT35519	0.02
SPT35321	SPT35526	0
SPT35321	SPT35501	0
SPT35321	SPT35681	0
SPT35321	SPT35467	0
SPT35321	SPT35469	0
SPT35321	SPT35470	0
SPT35321	SPT35468	0
SPT35321	SPT35471	0
SPT35321	SPT35379	0
SPT35321	SPT35472	0
SPT35321	SPT35529	0
SPT35321	SPT35517	0
SPT35321	SPT35516	0
SPT35321	SPT35360	0
SPT35321	SPT35515	0
SPT35321	SPT35518	0
SPT35321	SPT35475	0
SPT35321	SPT35520	0
SPT35321	SPT35324	0
SPT35321	SPT35476	0
SPT35321	SPT35485	0
SPT35321	SPT35389	0
SPT35321	SPT35487	0
SPT35321	SPT35369	0
SPT35321	SPT35370	0
SPT35321	SPT35382	0
SPT35321	SPT35521	0
SPT35321	SPT35553	0
SPT35321	SPT35532	0
SPT35321	SPT35384	0
SPT35321	SPT35522	0
SPT35321	SPT35361	0
SPT35321	SPT35342	0.04
SPT35321	SPT35556	0
SPT35321	SPT35557	0
SPT35321	SPT35328	0
SPT35321	SPT35592	0
SPT35321	SPT35435	0
SPT35321	SPT35304	0
SPT35321	SPT35390	0
SPT35321	SPT35436	0
SPT35321	SPT35580	0
SPT35321	SPT35538	0
SPT35321	SPT35537	0
SPT35321	SPT35320	0
SPT35321	SPT35541	0
SPT35321	SPT35673	0
SPT35321	SPT35502	0
SPT35321	SPT35330	0.33
SPT35321	SPT35546	0
SPT35321	SPT35547	0
SPT35321	SPT35544	0
SPT35321	SPT35362	0
SPT35321	SPT35499	0
SPT35321	SPT35336	0
SPT35321	SPT35577	0
SPT35321	SPT35325	0
SPT35321	SPT35331	0
SPT35321	SPT35337	0
SPT35321	SPT35306	0
SPT35321	SPT35407	0
SPT35321	SPT35346	0.13
SPT35321	SPT35405	0
SPT35321	SPT35410	0
SPT35321	SPT35575	0
SPT35321	SPT35576	0
SPT35321	SPT35766	0
SPT35321	SPT35347	0
SPT35321	SPT35412	0
SPT35321	SPT35414	0
SPT35321	SPT35348	0
SPT35321	SPT35417	0
SPT35321	SPT35571	0
SPT35321	SPT35349	0
SPT35321	SPT35351	0
SPT35321	SPT35418	0.03
SPT35321	SPT35419	0
SPT35321	SPT35566	0
SPT35321	SPT35567	0
SPT35321	SPT35420	0
SPT35321	SPT35423	0
SPT35321	SPT35564	0
SPT35321	SPT35352	0
SPT35321	SPT35424	0
SPT35321	SPT35357	0
SPT35321	SPT35437	0
SPT35321	SPT35563	0
SPT35321	SPT35308	0
SPT35321	SPT35425	0
SPT35321	SPT35440	0
SPT35321	SPT35354	0
SPT35321	SPT35309	0
SPT35321	SPT35310	0
SPT35321	SPT35355	0
SPT35321	SPT35332	0
SPT35321	SPT35333	0
SPT35321	SPT35561	0
SPT35321	SPT35363	0
SPT35321	SPT35427	0
SPT35321	SPT35752	0
SPT35321	SPT35430	0
SPT35321	SPT35431	0
SPT35321	SPT35313	0.36
SPT35321	SPT35780	0
SPT35321	SPT35315	0
SPT35321	SPT35316	0
SPT35321	SPT35317	0
SPT35321	SPT35334	0
SPT35321	SPT35543	0
SPT35374	SPT35318	0
SPT35374	SPT35453	0
SPT35374	SPT35509	0
SPT35374	SPT35450	0
SPT35374	SPT35525	0
SPT35374	SPT35510	0
SPT35374	SPT35340	0
SPT35374	SPT35583	0
SPT35374	SPT35584	0
SPT35374	SPT35585	0
SPT35374	SPT35458	0
SPT35374	SPT35500	0
SPT35374	SPT35322	0
SPT35374	SPT35377	0
SPT35374	SPT35511	0
SPT35374	SPT35323	0
SPT35374	SPT35461	0
SPT35374	SPT35462	0
SPT35374	SPT35463	0
SPT35374	SPT35341	0
SPT35374	SPT35368	0
SPT35374	SPT35378	0
SPT35374	SPT35552	0
SPT35374	SPT35551	0
SPT35374	SPT35459	0
SPT35374	SPT35474	0
SPT35374	SPT35514	0
SPT35374	SPT35519	0
SPT35374	SPT35526	0
SPT35374	SPT35501	0
SPT35374	SPT35681	0
SPT35374	SPT35467	0
SPT35374	SPT35469	0
SPT35374	SPT35470	0
SPT35374	SPT35468	0
SPT35374	SPT35471	0
SPT35374	SPT35379	0
SPT35374	SPT35472	0
SPT35374	SPT35529	0
SPT35374	SPT35517	0
SPT35374	SPT35516	0
SPT35374	SPT35360	0
SPT35374	SPT35515	0
SPT35374	SPT35518	0
SPT35374	SPT35475	0
SPT35374	SPT35520	0
SPT35374	SPT35324	0
SPT35374	SPT35476	0
SPT35374	SPT35485	0
SPT35374	SPT35389	0
SPT35374	SPT35487	0
SPT35374	SPT35369	0.02
SPT35374	SPT35370	0
SPT35374	SPT35382	0
SPT35374	SPT35521	0
SPT35374	SPT35553	0
SPT35374	SPT35532	0
SPT35374	SPT35384	0
SPT35374	SPT35522	0
SPT35374	SPT35361	0
SPT35374	SPT35342	0
SPT35374	SPT35556	0
SPT35374	SPT35557	0
SPT35374	SPT35328	0
SPT35374	SPT35592	0
SPT35374	SPT35435	0
SPT35374	SPT35304	0
SPT35374	SPT35390	0
SPT35374	SPT35436	0
SPT35374	SPT35580	0
SPT35374	SPT35538	0
SPT35374	SPT35537	0
SPT35374	SPT35320	0
SPT35374	SPT35541	0
SPT35374	SPT35673	0
SPT35374	SPT35502	0
SPT35374	SPT35330	0
SPT35374	SPT35546	0
SPT35374	SPT35547	0
SPT35374	SPT35544	0
SPT35374	SPT35362	0
SPT35374	SPT35499	0
SPT35374	SPT35336	0
SPT35374	SPT35577	0
SPT35374	SPT35325	0
SPT35374	SPT35331	0
SPT35374	SPT35337	0
SPT35374	SPT35306	0
SPT35374	SPT35407	0
SPT35374	SPT35346	0
SPT35374	SPT35405	0
SPT35374	SPT35410	0
SPT35374	SPT35575	0
SPT35374	SPT35576	0
SPT35374	SPT35766	0
SPT35374	SPT35347	0
SPT35374	SPT35412	0
SPT35374	SPT35414	0
SPT35374	SPT35348	0
SPT35374	SPT35417	0
SPT35374	SPT35571	0
SPT35374	SPT35349	0.02
SPT35374	SPT35351	0
SPT35374	SPT35418	0
SPT35374	SPT35419	0
SPT35374	SPT35566	0
SPT35374	SPT35567	0
SPT35374	SPT35420	0
SPT35374	SPT35423	0.02
SPT35374	SPT35564	0
SPT35374	SPT35352	0
SPT35374	SPT35424	0
SPT35374	SPT35357	0
SPT35374	SPT35437	0
SPT35374	SPT35563	0
SPT35374	SPT35308	0
SPT35374	SPT35425	0
SPT35374	SPT35440	0
SPT35374	SPT35354	0
SPT35374	SPT35309	0
SPT35374	SPT35310	0
SPT35374	SPT35355	0
SPT35374	SPT35332	0
SPT35374	SPT35333	0
SPT35374	SPT35561	0
SPT35374	SPT35363	0
SPT35374	SPT35427	0.02
SPT35374	SPT35752	0
SPT35374	SPT35430	0
SPT35374	SPT35431	0
SPT35374	SPT35313	0
SPT35374	SPT35780	0
SPT35374	SPT35315	0
SPT35374	SPT35316	0
SPT35374	SPT35317	0
SPT35374	SPT35334	0
SPT35374	SPT35543	0
SPT35318	SPT35453	0
SPT35318	SPT35509	0
SPT35318	SPT35450	0
SPT35318	SPT35525	0
SPT35318	SPT35510	0
SPT35318	SPT35340	0
SPT35318	SPT35583	0
SPT35318	SPT35584	0
SPT35318	SPT35585	0
SPT35318	SPT35458	0
SPT35318	SPT35500	0
SPT35318	SPT35322	0
SPT35318	SPT35377	0
SPT35318	SPT35511	0
SPT35318	SPT35323	0
SPT35318	SPT35461	0
SPT35318	SPT35462	0
SPT35318	SPT35463	0
SPT35318	SPT35341	0
SPT35318	SPT35368	0
SPT35318	SPT35378	0
SPT35318	SPT35552	0
SPT35318	SPT35551	0
SPT35318	SPT35459	0
SPT35318	SPT35474	0
SPT35318	SPT35514	0
SPT35318	SPT35519	0
SPT35318	SPT35526	0
SPT35318	SPT35501	0
SPT35318	SPT35681	0
SPT35318	SPT35467	0
SPT35318	SPT35469	0
SPT35318	SPT35470	0
SPT35318	SPT35468	0
SPT35318	SPT35471	0
SPT35318	SPT35379	0
SPT35318	SPT35472	0
SPT35318	SPT35529	0
SPT35318	SPT35517	0
SPT35318	SPT35516	0
SPT35318	SPT35360	0
SPT35318	SPT35515	0
SPT35318	SPT35518	0
SPT35318	SPT35475	0
SPT35318	SPT35520	0
SPT35318	SPT35324	0
SPT35318	SPT35476	0
SPT35318	SPT35485	0
SPT35318	SPT35389	0
SPT35318	SPT35487	0
SPT35318	SPT35369	0
SPT35318	SPT35370	0.23
SPT35318	SPT35382	0.61
SPT35318	SPT35521	0
SPT35318	SPT35553	0
SPT35318	SPT35532	0
SPT35318	SPT35384	0
SPT35318	SPT35522	0
SPT35318	SPT35361	0.07
SPT35318	SPT35342	0
SPT35318	SPT35556	0
SPT35318	SPT35557	0
SPT35318	SPT35328	0
SPT35318	SPT35592	0
SPT35318	SPT35435	0
SPT35318	SPT35304	0
SPT35318	SPT35390	0
SPT35318	SPT35436	0
SPT35318	SPT35580	0
SPT35318	SPT35538	0
SPT35318	SPT35537	0
SPT35318	SPT35320	0
SPT35318	SPT35541	0
SPT35318	SPT35673	0
SPT35318	SPT35502	0
SPT35318	SPT35330	0
SPT35318	SPT35546	0
SPT35318	SPT35547	0
SPT35318	SPT35544	0
SPT35318	SPT35362	0
SPT35318	SPT35499	0
SPT35318	SPT35336	0
SPT35318	SPT35577	0
SPT35318	SPT35325	0
SPT35318	SPT35331	0
SPT35318	SPT35337	0.02
SPT35318	SPT35306	0
SPT35318	SPT35407	0
SPT35318	SPT35346	0.03
SPT35318	SPT35405	0
SPT35318	SPT35410	0
SPT35318	SPT35575	0
SPT35318	SPT35576	0
SPT35318	SPT35766	0
SPT35318	SPT35347	0
SPT35318	SPT35412	0
SPT35318	SPT35414	0
SPT35318	SPT35348	0
SPT35318	SPT35417	0
SPT35318	SPT35571	0
SPT35318	SPT35349	0
SPT35318	SPT35351	0
SPT35318	SPT35418	0
SPT35318	SPT35419	0
SPT35318	SPT35566	0
SPT35318	SPT35567	0
SPT35318	SPT35420	0
SPT35318	SPT35423	0
SPT35318	SPT35564	0
SPT35318	SPT35352	0
SPT35318	SPT35424	0
SPT35318	SPT35357	0
SPT35318	SPT35437	0
SPT35318	SPT35563	0
SPT35318	SPT35308	0
SPT35318	SPT35425	0
SPT35318	SPT35440	0
SPT35318	SPT35354	0.67
SPT35318	SPT35309	0
SPT35318	SPT35310	0
SPT35318	SPT35355	0
SPT35318	SPT35332	0
SPT35318	SPT35333	0
SPT35318	SPT35561	0
SPT35318	SPT35363	0
SPT35318	SPT35427	0
SPT35318	SPT35752	0
SPT35318	SPT35430	0
SPT35318	SPT35431	0
SPT35318	SPT35313	0
SPT35318	SPT35780	0
SPT35318	SPT35315	0
SPT35318	SPT35316	0.34
SPT35318	SPT35317	0
SPT35318	SPT35334	0.02
SPT35318	SPT35543	0
SPT35453	SPT35509	0
SPT35453	SPT35450	0
SPT35453	SPT35525	0
SPT35453	SPT35510	0
SPT35453	SPT35340	0
SPT35453	SPT35583	0
SPT35453	SPT35584	0
SPT35453	SPT35585	0
SPT35453	SPT35458	0
SPT35453	SPT35500	0
SPT35453	SPT35322	0
SPT35453	SPT35377	0
SPT35453	SPT35511	0
SPT35453	SPT35323	0
SPT35453	SPT35461	0
SPT35453	SPT35462	0
SPT35453	SPT35463	0.02
SPT35453	SPT35341	0
SPT35453	SPT35368	0
SPT35453	SPT35378	0
SPT35453	SPT35552	0.02
SPT35453	SPT35551	0
SPT35453	SPT35459	0
SPT35453	SPT35474	0
SPT35453	SPT35514	0
SPT35453	SPT35519	0
SPT35453	SPT35526	0
SPT35453	SPT35501	0
SPT35453	SPT35681	0
SPT35453	SPT35467	0
SPT35453	SPT35469	0
SPT35453	SPT35470	0
SPT35453	SPT35468	0
SPT35453	SPT35471	0
SPT35453	SPT35379	0
SPT35453	SPT35472	0.02
SPT35453	SPT35529	0
SPT35453	SPT35517	0
SPT35453	SPT35516	0
SPT35453	SPT35360	0
SPT35453	SPT35515	0
SPT35453	SPT35518	0
SPT35453	SPT35475	0
SPT35453	SPT35520	0
SPT35453	SPT35324	0
SPT35453	SPT35476	0
SPT35453	SPT35485	0
SPT35453	SPT35389	0
SPT35453	SPT35487	0
SPT35453	SPT35369	0
SPT35453	SPT35370	0
SPT35453	SPT35382	0
SPT35453	SPT35521	0
SPT35453	SPT35553	0
SPT35453	SPT35532	0
SPT35453	SPT35384	0
SPT35453	SPT35522	0
SPT35453	SPT35361	0
SPT35453	SPT35342	0
SPT35453	SPT35556	0
SPT35453	SPT35557	0
SPT35453	SPT35328	0
SPT35453	SPT35592	0
SPT35453	SPT35435	0
SPT35453	SPT35304	0
SPT35453	SPT35390	0
SPT35453	SPT35436	0.03
SPT35453	SPT35580	0.02
SPT35453	SPT35538	0
SPT35453	SPT35537	0
SPT35453	SPT35320	0
SPT35453	SPT35541	0
SPT35453	SPT35673	0
SPT35453	SPT35502	0
SPT35453	SPT35330	0
SPT35453	SPT35546	0
SPT35453	SPT35547	0
SPT35453	SPT35544	0
SPT35453	SPT35362	0
SPT35453	SPT35499	0
SPT35453	SPT35336	0
SPT35453	SPT35577	0
SPT35453	SPT35325	0
SPT35453	SPT35331	0
SPT35453	SPT35337	0
SPT35453	SPT35306	0
SPT35453	SPT35407	0
SPT35453	SPT35346	0
SPT35453	SPT35405	0
SPT35453	SPT35410	0
SPT35453	SPT35575	0
SPT35453	SPT35576	0
SPT35453	SPT35766	0
SPT35453	SPT35347	0
SPT35453	SPT35412	0
SPT35453	SPT35414	0
SPT35453	SPT35348	0.03
SPT35453	SPT35417	0
SPT35453	SPT35571	0
SPT35453	SPT35349	0
SPT35453	SPT35351	0
SPT35453	SPT35418	0
SPT35453	SPT35419	0
SPT35453	SPT35566	0
SPT35453	SPT35567	0
SPT35453	SPT35420	0.06
SPT35453	SPT35423	0
SPT35453	SPT35564	0.02
SPT35453	SPT35352	0
SPT35453	SPT35424	0
SPT35453	SPT35357	0
SPT35453	SPT35437	0
SPT35453	SPT35563	0
SPT35453	SPT35308	0
SPT35453	SPT35425	0
SPT35453	SPT35440	0.02
SPT35453	SPT35354	0
SPT35453	SPT35309	0
SPT35453	SPT35310	0
SPT35453	SPT35355	0
SPT35453	SPT35332	0
SPT35453	SPT35333	0
SPT35453	SPT35561	0
SPT35453	SPT35363	0
SPT35453	SPT35427	0
SPT35453	SPT35752	0.02
SPT35453	SPT35430	0.02
SPT35453	SPT35431	0
SPT35453	SPT35313	0
SPT35453	SPT35780	0
SPT35453	SPT35315	0
SPT35453	SPT35316	0
SPT35453	SPT35317	0
SPT35453	SPT35334	0
SPT35453	SPT35543	0
SPT35509	SPT35450	0
SPT35509	SPT35525	0
SPT35509	SPT35510	0
SPT35509	SPT35340	0
SPT35509	SPT35583	0
SPT35509	SPT35584	0
SPT35509	SPT35585	0
SPT35509	SPT35458	0
SPT35509	SPT35500	0
SPT35509	SPT35322	0
SPT35509	SPT35377	0
SPT35509	SPT35511	0
SPT35509	SPT35323	0
SPT35509	SPT35461	0
SPT35509	SPT35462	0
SPT35509	SPT35463	0
SPT35509	SPT35341	0
SPT35509	SPT35368	0
SPT35509	SPT35378	0
SPT35509	SPT35552	0
SPT35509	SPT35551	0
SPT35509	SPT35459	0
SPT35509	SPT35474	0
SPT35509	SPT35514	0
SPT35509	SPT35519	0.02
SPT35509	SPT35526	0
SPT35509	SPT35501	0
SPT35509	SPT35681	0
SPT35509	SPT35467	0
SPT35509	SPT35469	0
SPT35509	SPT35470	0
SPT35509	SPT35468	0
SPT35509	SPT35471	0
SPT35509	SPT35379	0
SPT35509	SPT35472	0
SPT35509	SPT35529	0
SPT35509	SPT35517	0
SPT35509	SPT35516	0
SPT35509	SPT35360	0
SPT35509	SPT35515	0
SPT35509	SPT35518	0
SPT35509	SPT35475	0
SPT35509	SPT35520	0
SPT35509	SPT35324	0
SPT35509	SPT35476	0
SPT35509	SPT35485	0
SPT35509	SPT35389	0
SPT35509	SPT35487	0
SPT35509	SPT35369	0
SPT35509	SPT35370	0
SPT35509	SPT35382	0
SPT35509	SPT35521	0
SPT35509	SPT35553	0
SPT35509	SPT35532	0
SPT35509	SPT35384	0
SPT35509	SPT35522	0
SPT35509	SPT35361	0
SPT35509	SPT35342	0
SPT35509	SPT35556	0
SPT35509	SPT35557	0
SPT35509	SPT35328	0
SPT35509	SPT35592	0
SPT35509	SPT35435	0
SPT35509	SPT35304	0
SPT35509	SPT35390	0
SPT35509	SPT35436	0
SPT35509	SPT35580	0
SPT35509	SPT35538	0
SPT35509	SPT35537	0
SPT35509	SPT35320	0
SPT35509	SPT35541	0
SPT35509	SPT35673	0
SPT35509	SPT35502	0
SPT35509	SPT35330	0
SPT35509	SPT35546	0
SPT35509	SPT35547	0
SPT35509	SPT35544	0
SPT35509	SPT35362	0
SPT35509	SPT35499	0
SPT35509	SPT35336	0
SPT35509	SPT35577	0
SPT35509	SPT35325	0
SPT35509	SPT35331	0
SPT35509	SPT35337	0
SPT35509	SPT35306	0
SPT35509	SPT35407	0
SPT35509	SPT35346	0
SPT35509	SPT35405	0
SPT35509	SPT35410	0
SPT35509	SPT35575	0
SPT35509	SPT35576	0
SPT35509	SPT35766	0
SPT35509	SPT35347	0
SPT35509	SPT35412	0
SPT35509	SPT35414	0
SPT35509	SPT35348	0
SPT35509	SPT35417	0
SPT35509	SPT35571	0
SPT35509	SPT35349	0
SPT35509	SPT35351	0
SPT35509	SPT35418	0
SPT35509	SPT35419	0
SPT35509	SPT35566	0
SPT35509	SPT35567	0
SPT35509	SPT35420	0
SPT35509	SPT35423	0
SPT35509	SPT35564	0
SPT35509	SPT35352	0
SPT35509	SPT35424	0
SPT35509	SPT35357	0
SPT35509	SPT35437	0.2
SPT35509	SPT35563	0
SPT35509	SPT35308	0
SPT35509	SPT35425	0
SPT35509	SPT35440	0
SPT35509	SPT35354	0
SPT35509	SPT35309	0
SPT35509	SPT35310	0
SPT35509	SPT35355	0
SPT35509	SPT35332	0
SPT35509	SPT35333	0
SPT35509	SPT35561	0
SPT35509	SPT35363	0
SPT35509	SPT35427	0
SPT35509	SPT35752	0
SPT35509	SPT35430	0
SPT35509	SPT35431	0
SPT35509	SPT35313	0
SPT35509	SPT35780	0
SPT35509	SPT35315	0
SPT35509	SPT35316	0
SPT35509	SPT35317	0
SPT35509	SPT35334	0
SPT35509	SPT35543	0
SPT35450	SPT35525	0
SPT35450	SPT35510	0
SPT35450	SPT35340	0
SPT35450	SPT35583	0
SPT35450	SPT35584	0
SPT35450	SPT35585	0
SPT35450	SPT35458	0
SPT35450	SPT35500	0
SPT35450	SPT35322	0
SPT35450	SPT35377	0
SPT35450	SPT35511	0
SPT35450	SPT35323	0
SPT35450	SPT35461	0
SPT35450	SPT35462	0
SPT35450	SPT35463	0
SPT35450	SPT35341	0
SPT35450	SPT35368	0
SPT35450	SPT35378	0
SPT35450	SPT35552	0
SPT35450	SPT35551	0
SPT35450	SPT35459	0
SPT35450	SPT35474	0
SPT35450	SPT35514	0
SPT35450	SPT35519	0
SPT35450	SPT35526	0
SPT35450	SPT35501	0
SPT35450	SPT35681	0
SPT35450	SPT35467	0
SPT35450	SPT35469	0
SPT35450	SPT35470	0
SPT35450	SPT35468	0
SPT35450	SPT35471	0
SPT35450	SPT35379	0
SPT35450	SPT35472	0
SPT35450	SPT35529	0
SPT35450	SPT35517	0
SPT35450	SPT35516	0
SPT35450	SPT35360	0
SPT35450	SPT35515	0
SPT35450	SPT35518	0
SPT35450	SPT35475	0
SPT35450	SPT35520	0
SPT35450	SPT35324	0.02
SPT35450	SPT35476	0
SPT35450	SPT35485	0
SPT35450	SPT35389	0
SPT35450	SPT35487	0
SPT35450	SPT35369	0
SPT35450	SPT35370	0
SPT35450	SPT35382	0
SPT35450	SPT35521	0
SPT35450	SPT35553	0
SPT35450	SPT35532	0
SPT35450	SPT35384	0
SPT35450	SPT35522	0
SPT35450	SPT35361	0
SPT35450	SPT35342	0
SPT35450	SPT35556	0
SPT35450	SPT35557	0
SPT35450	SPT35328	0
SPT35450	SPT35592	0
SPT35450	SPT35435	0
SPT35450	SPT35304	0.9
SPT35450	SPT35390	0
SPT35450	SPT35436	0
SPT35450	SPT35580	0
SPT35450	SPT35538	0
SPT35450	SPT35537	0
SPT35450	SPT35320	0
SPT35450	SPT35541	0
SPT35450	SPT35673	0
SPT35450	SPT35502	0
SPT35450	SPT35330	0
SPT35450	SPT35546	0
SPT35450	SPT35547	0
SPT35450	SPT35544	0
SPT35450	SPT35362	0
SPT35450	SPT35499	0
SPT35450	SPT35336	0
SPT35450	SPT35577	0
SPT35450	SPT35325	0
SPT35450	SPT35331	0
SPT35450	SPT35337	0
SPT35450	SPT35306	0
SPT35450	SPT35407	0
SPT35450	SPT35346	0
SPT35450	SPT35405	0
SPT35450	SPT35410	0
SPT35450	SPT35575	0
SPT35450	SPT35576	0
SPT35450	SPT35766	0
SPT35450	SPT35347	0
SPT35450	SPT35412	0
SPT35450	SPT35414	0
SPT35450	SPT35348	0
SPT35450	SPT35417	0
SPT35450	SPT35571	0
SPT35450	SPT35349	0
SPT35450	SPT35351	0.04
SPT35450	SPT35418	0
SPT35450	SPT35419	0
SPT35450	SPT35566	0
SPT35450	SPT35567	0
SPT35450	SPT35420	0
SPT35450	SPT35423	0
SPT35450	SPT35564	0
SPT35450	SPT35352	0
SPT35450	SPT35424	0
SPT35450	SPT35357	0
SPT35450	SPT35437	0
SPT35450	SPT35563	0
SPT35450	SPT35308	0.89
SPT35450	SPT35425	0
SPT35450	SPT35440	0
SPT35450	SPT35354	0
SPT35450	SPT35309	0.02
SPT35450	SPT35310	0.03
SPT35450	SPT35355	0
SPT35450	SPT35332	0
SPT35450	SPT35333	0
SPT35450	SPT35561	0
SPT35450	SPT35363	0
SPT35450	SPT35427	0
SPT35450	SPT35752	0
SPT35450	SPT35430	0
SPT35450	SPT35431	0
SPT35450	SPT35313	0
SPT35450	SPT35780	0
SPT35450	SPT35315	0
SPT35450	SPT35316	0
SPT35450	SPT35317	0
SPT35450	SPT35334	0
SPT35450	SPT35543	0
SPT35525	SPT35510	0
SPT35525	SPT35340	0
SPT35525	SPT35583	0
SPT35525	SPT35584	0
SPT35525	SPT35585	0
SPT35525	SPT35458	0
SPT35525	SPT35500	0
SPT35525	SPT35322	0
SPT35525	SPT35377	0
SPT35525	SPT35511	0.97
SPT35525	SPT35323	0
SPT35525	SPT35461	0
SPT35525	SPT35462	0
SPT35525	SPT35463	0
SPT35525	SPT35341	0
SPT35525	SPT35368	0
SPT35525	SPT35378	0
SPT35525	SPT35552	0
SPT35525	SPT35551	0
SPT35525	SPT35459	0
SPT35525	SPT35474	0
SPT35525	SPT35514	0
SPT35525	SPT35519	0
SPT35525	SPT35526	0.97
SPT35525	SPT35501	0
SPT35525	SPT35681	0
SPT35525	SPT35467	0.97
SPT35525	SPT35469	0
SPT35525	SPT35470	0
SPT35525	SPT35468	0
SPT35525	SPT35471	0
SPT35525	SPT35379	0
SPT35525	SPT35472	0
SPT35525	SPT35529	0.96
SPT35525	SPT35517	0
SPT35525	SPT35516	0
SPT35525	SPT35360	0
SPT35525	SPT35515	0
SPT35525	SPT35518	0
SPT35525	SPT35475	0.96
SPT35525	SPT35520	0
SPT35525	SPT35324	0
SPT35525	SPT35476	0
SPT35525	SPT35485	0
SPT35525	SPT35389	0
SPT35525	SPT35487	0
SPT35525	SPT35369	0
SPT35525	SPT35370	0
SPT35525	SPT35382	0
SPT35525	SPT35521	0
SPT35525	SPT35553	0
SPT35525	SPT35532	0
SPT35525	SPT35384	0
SPT35525	SPT35522	0
SPT35525	SPT35361	0
SPT35525	SPT35342	0
SPT35525	SPT35556	0
SPT35525	SPT35557	0
SPT35525	SPT35328	0
SPT35525	SPT35592	0
SPT35525	SPT35435	0
SPT35525	SPT35304	0
SPT35525	SPT35390	0
SPT35525	SPT35436	0
SPT35525	SPT35580	0
SPT35525	SPT35538	0
SPT35525	SPT35537	0
SPT35525	SPT35320	0
SPT35525	SPT35541	0
SPT35525	SPT35673	0
SPT35525	SPT35502	0
SPT35525	SPT35330	0
SPT35525	SPT35546	0
SPT35525	SPT35547	0
SPT35525	SPT35544	0
SPT35525	SPT35362	0
SPT35525	SPT35499	0
SPT35525	SPT35336	0
SPT35525	SPT35577	0
SPT35525	SPT35325	0
SPT35525	SPT35331	0
SPT35525	SPT35337	0
SPT35525	SPT35306	0
SPT35525	SPT35407	0
SPT35525	SPT35346	0
SPT35525	SPT35405	0
SPT35525	SPT35410	0
SPT35525	SPT35575	0
SPT35525	SPT35576	0
SPT35525	SPT35766	0
SPT35525	SPT35347	0
SPT35525	SPT35412	0
SPT35525	SPT35414	0
SPT35525	SPT35348	0
SPT35525	SPT35417	0
SPT35525	SPT35571	0
SPT35525	SPT35349	0
SPT35525	SPT35351	0
SPT35525	SPT35418	0
SPT35525	SPT35419	0
SPT35525	SPT35566	0
SPT35525	SPT35567	0
SPT35525	SPT35420	0
SPT35525	SPT35423	0
SPT35525	SPT35564	0
SPT35525	SPT35352	0
SPT35525	SPT35424	0
SPT35525	SPT35357	0
SPT35525	SPT35437	0
SPT35525	SPT35563	0
SPT35525	SPT35308	0
SPT35525	SPT35425	0
SPT35525	SPT35440	0
SPT35525	SPT35354	0
SPT35525	SPT35309	0
SPT35525	SPT35310	0
SPT35525	SPT35355	0
SPT35525	SPT35332	0
SPT35525	SPT35333	0
SPT35525	SPT35561	0
SPT35525	SPT35363	0
SPT35525	SPT35427	0
SPT35525	SPT35752	0
SPT35525	SPT35430	0
SPT35525	SPT35431	0
SPT35525	SPT35313	0
SPT35525	SPT35780	0
SPT35525	SPT35315	0
SPT35525	SPT35316	0
SPT35525	SPT35317	0
SPT35525	SPT35334	0
SPT35525	SPT35543	0
SPT35510	SPT35340	0
SPT35510	SPT35583	0
SPT35510	SPT35584	0
SPT35510	SPT35585	0
SPT35510	SPT35458	0.02
SPT35510	SPT35500	0
SPT35510	SPT35322	0
SPT35510	SPT35377	0
SPT35510	SPT35511	0
SPT35510	SPT35323	0
SPT35510	SPT35461	0
SPT35510	SPT35462	0
SPT35510	SPT35463	0
SPT35510	SPT35341	0
SPT35510	SPT35368	0
SPT35510	SPT35378	0
SPT35510	SPT35552	0
SPT35510	SPT35551	0
SPT35510	SPT35459	0
SPT35510	SPT35474	0
SPT35510	SPT35514	0
SPT35510	SPT35519	0
SPT35510	SPT35526	0
SPT35510	SPT35501	0
SPT35510	SPT35681	0
SPT35510	SPT35467	0
SPT35510	SPT35469	0
SPT35510	SPT35470	0
SPT35510	SPT35468	0
SPT35510	SPT35471	0
SPT35510	SPT35379	0
SPT35510	SPT35472	0
SPT35510	SPT35529	0
SPT35510	SPT35517	0
SPT35510	SPT35516	0
SPT35510	SPT35360	0
SPT35510	SPT35515	0
SPT35510	SPT35518	0
SPT35510	SPT35475	0
SPT35510	SPT35520	0
SPT35510	SPT35324	0
SPT35510	SPT35476	0
SPT35510	SPT35485	0
SPT35510	SPT35389	0
SPT35510	SPT35487	0
SPT35510	SPT35369	0
SPT35510	SPT35370	0
SPT35510	SPT35382	0
SPT35510	SPT35521	0
SPT35510	SPT35553	0
SPT35510	SPT35532	0
SPT35510	SPT35384	0
SPT35510	SPT35522	0
SPT35510	SPT35361	0
SPT35510	SPT35342	0
SPT35510	SPT35556	0
SPT35510	SPT35557	0
SPT35510	SPT35328	0
SPT35510	SPT35592	0.05
SPT35510	SPT35435	0
SPT35510	SPT35304	0
SPT35510	SPT35390	0
SPT35510	SPT35436	0
SPT35510	SPT35580	0
SPT35510	SPT35538	0
SPT35510	SPT35537	0
SPT35510	SPT35320	0
SPT35510	SPT35541	0
SPT35510	SPT35673	0.08
SPT35510	SPT35502	0.03
SPT35510	SPT35330	0
SPT35510	SPT35546	0
SPT35510	SPT35547	0
SPT35510	SPT35544	0
SPT35510	SPT35362	0
SPT35510	SPT35499	0
SPT35510	SPT35336	0
SPT35510	SPT35577	0
SPT35510	SPT35325	0
SPT35510	SPT35331	0
SPT35510	SPT35337	0
SPT35510	SPT35306	0
SPT35510	SPT35407	0
SPT35510	SPT35346	0
SPT35510	SPT35405	0
SPT35510	SPT35410	0.02
SPT35510	SPT35575	0
SPT35510	SPT35576	0
SPT35510	SPT35766	0
SPT35510	SPT35347	0
SPT35510	SPT35412	0
SPT35510	SPT35414	0
SPT35510	SPT35348	0
SPT35510	SPT35417	0
SPT35510	SPT35571	0
SPT35510	SPT35349	0
SPT35510	SPT35351	0
SPT35510	SPT35418	0
SPT35510	SPT35419	0
SPT35510	SPT35566	0
SPT35510	SPT35567	0
SPT35510	SPT35420	0
SPT35510	SPT35423	0
SPT35510	SPT35564	0
SPT35510	SPT35352	0
SPT35510	SPT35424	0
SPT35510	SPT35357	0
SPT35510	SPT35437	0
SPT35510	SPT35563	0
SPT35510	SPT35308	0
SPT35510	SPT35425	0
SPT35510	SPT35440	0
SPT35510	SPT35354	0
SPT35510	SPT35309	0
SPT35510	SPT35310	0
SPT35510	SPT35355	0
SPT35510	SPT35332	0
SPT35510	SPT35333	0
SPT35510	SPT35561	0.04
SPT35510	SPT35363	0
SPT35510	SPT35427	0
SPT35510	SPT35752	0
SPT35510	SPT35430	0
SPT35510	SPT35431	0
SPT35510	SPT35313	0
SPT35510	SPT35780	0.02
SPT35510	SPT35315	0
SPT35510	SPT35316	0
SPT35510	SPT35317	0
SPT35510	SPT35334	0
SPT35510	SPT35543	0
SPT35340	SPT35583	0
SPT35340	SPT35584	0
SPT35340	SPT35585	0
SPT35340	SPT35458	0
SPT35340	SPT35500	0
SPT35340	SPT35322	0
SPT35340	SPT35377	0.99
SPT35340	SPT35511	0
SPT35340	SPT35323	0
SPT35340	SPT35461	0
SPT35340	SPT35462	0
SPT35340	SPT35463	0
SPT35340	SPT35341	0
SPT35340	SPT35368	0
SPT35340	SPT35378	0
SPT35340	SPT35552	0
SPT35340	SPT35551	0
SPT35340	SPT35459	0
SPT35340	SPT35474	0
SPT35340	SPT35514	0
SPT35340	SPT35519	0
SPT35340	SPT35526	0
SPT35340	SPT35501	0
SPT35340	SPT35681	0
SPT35340	SPT35467	0
SPT35340	SPT35469	0
SPT35340	SPT35470	0
SPT35340	SPT35468	0
SPT35340	SPT35471	0
SPT35340	SPT35379	0
SPT35340	SPT35472	0
SPT35340	SPT35529	0
SPT35340	SPT35517	0
SPT35340	SPT35516	0
SPT35340	SPT35360	0
SPT35340	SPT35515	0
SPT35340	SPT35518	0
SPT35340	SPT35475	0
SPT35340	SPT35520	0
SPT35340	SPT35324	0.08
SPT35340	SPT35476	0
SPT35340	SPT35485	0
SPT35340	SPT35389	0.99
SPT35340	SPT35487	0
SPT35340	SPT35369	0
SPT35340	SPT35370	0
SPT35340	SPT35382	0
SPT35340	SPT35521	0
SPT35340	SPT35553	0
SPT35340	SPT35532	0
SPT35340	SPT35384	0
SPT35340	SPT35522	0
SPT35340	SPT35361	0
SPT35340	SPT35342	0
SPT35340	SPT35556	0
SPT35340	SPT35557	0
SPT35340	SPT35328	0
SPT35340	SPT35592	0
SPT35340	SPT35435	0
SPT35340	SPT35304	0
SPT35340	SPT35390	0
SPT35340	SPT35436	0
SPT35340	SPT35580	0
SPT35340	SPT35538	0
SPT35340	SPT35537	0
SPT35340	SPT35320	0
SPT35340	SPT35541	0
SPT35340	SPT35673	0
SPT35340	SPT35502	0
SPT35340	SPT35330	0
SPT35340	SPT35546	0
SPT35340	SPT35547	0
SPT35340	SPT35544	0
SPT35340	SPT35362	0
SPT35340	SPT35499	0
SPT35340	SPT35336	0
SPT35340	SPT35577	0
SPT35340	SPT35325	0
SPT35340	SPT35331	0
SPT35340	SPT35337	0
SPT35340	SPT35306	0
SPT35340	SPT35407	0
SPT35340	SPT35346	0
SPT35340	SPT35405	0
SPT35340	SPT35410	0
SPT35340	SPT35575	0
SPT35340	SPT35576	0
SPT35340	SPT35766	0
SPT35340	SPT35347	0
SPT35340	SPT35412	0
SPT35340	SPT35414	0
SPT35340	SPT35348	0
SPT35340	SPT35417	0
SPT35340	SPT35571	0
SPT35340	SPT35349	0
SPT35340	SPT35351	0
SPT35340	SPT35418	0
SPT35340	SPT35419	0
SPT35340	SPT35566	0
SPT35340	SPT35567	0
SPT35340	SPT35420	0
SPT35340	SPT35423	0
SPT35340	SPT35564	0
SPT35340	SPT35352	0
SPT35340	SPT35424	0
SPT35340	SPT35357	0
SPT35340	SPT35437	0
SPT35340	SPT35563	0
SPT35340	SPT35308	0
SPT35340	SPT35425	0
SPT35340	SPT35440	0
SPT35340	SPT35354	0
SPT35340	SPT35309	0.02
SPT35340	SPT35310	0.02
SPT35340	SPT35355	0
SPT35340	SPT35332	0
SPT35340	SPT35333	0
SPT35340	SPT35561	0
SPT35340	SPT35363	0
SPT35340	SPT35427	0
SPT35340	SPT35752	0
SPT35340	SPT35430	0
SPT35340	SPT35431	0
SPT35340	SPT35313	0
SPT35340	SPT35780	0
SPT35340	SPT35315	0
SPT35340	SPT35316	0
SPT35340	SPT35317	0
SPT35340	SPT35334	0
SPT35340	SPT35543	0
SPT35583	SPT35584	0
SPT35583	SPT35585	0
SPT35583	SPT35458	0.02
SPT35583	SPT35500	0
SPT35583	SPT35322	0
SPT35583	SPT35377	0
SPT35583	SPT35511	0
SPT35583	SPT35323	0
SPT35583	SPT35461	0
SPT35583	SPT35462	0
SPT35583	SPT35463	0.02
SPT35583	SPT35341	0
SPT35583	SPT35368	0
SPT35583	SPT35378	0
SPT35583	SPT35552	0
SPT35583	SPT35551	0
SPT35583	SPT35459	0
SPT35583	SPT35474	0
SPT35583	SPT35514	0
SPT35583	SPT35519	0
SPT35583	SPT35526	0
SPT35583	SPT35501	0
SPT35583	SPT35681	0
SPT35583	SPT35467	0
SPT35583	SPT35469	0
SPT35583	SPT35470	0
SPT35583	SPT35468	0
SPT35583	SPT35471	0
SPT35583	SPT35379	0
SPT35583	SPT35472	0
SPT35583	SPT35529	0
SPT35583	SPT35517	0
SPT35583	SPT35516	0
SPT35583	SPT35360	0
SPT35583	SPT35515	0
SPT35583	SPT35518	0
SPT35583	SPT35475	0
SPT35583	SPT35520	0.02
SPT35583	SPT35324	0
SPT35583	SPT35476	0
SPT35583	SPT35485	0
SPT35583	SPT35389	0
SPT35583	SPT35487	0
SPT35583	SPT35369	0
SPT35583	SPT35370	0
SPT35583	SPT35382	0.02
SPT35583	SPT35521	0
SPT35583	SPT35553	0
SPT35583	SPT35532	0
SPT35583	SPT35384	0
SPT35583	SPT35522	0
SPT35583	SPT35361	0
SPT35583	SPT35342	0
SPT35583	SPT35556	0
SPT35583	SPT35557	0
SPT35583	SPT35328	0
SPT35583	SPT35592	0
SPT35583	SPT35435	0
SPT35583	SPT35304	0
SPT35583	SPT35390	0
SPT35583	SPT35436	0
SPT35583	SPT35580	0.02
SPT35583	SPT35538	0
SPT35583	SPT35537	0
SPT35583	SPT35320	0
SPT35583	SPT35541	0
SPT35583	SPT35673	0
SPT35583	SPT35502	0
SPT35583	SPT35330	0
SPT35583	SPT35546	0
SPT35583	SPT35547	0
SPT35583	SPT35544	0
SPT35583	SPT35362	0
SPT35583	SPT35499	0
SPT35583	SPT35336	0
SPT35583	SPT35577	0
SPT35583	SPT35325	0
SPT35583	SPT35331	0
SPT35583	SPT35337	0
SPT35583	SPT35306	0
SPT35583	SPT35407	0
SPT35583	SPT35346	0
SPT35583	SPT35405	0
SPT35583	SPT35410	0.02
SPT35583	SPT35575	0
SPT35583	SPT35576	0
SPT35583	SPT35766	0
SPT35583	SPT35347	0
SPT35583	SPT35412	0
SPT35583	SPT35414	0
SPT35583	SPT35348	0
SPT35583	SPT35417	0
SPT35583	SPT35571	0
SPT35583	SPT35349	0
SPT35583	SPT35351	0
SPT35583	SPT35418	0
SPT35583	SPT35419	0
SPT35583	SPT35566	0
SPT35583	SPT35567	0
SPT35583	SPT35420	0
SPT35583	SPT35423	0
SPT35583	SPT35564	0
SPT35583	SPT35352	0
SPT35583	SPT35424	0
SPT35583	SPT35357	0
SPT35583	SPT35437	0
SPT35583	SPT35563	0
SPT35583	SPT35308	0
SPT35583	SPT35425	0
SPT35583	SPT35440	0
SPT35583	SPT35354	0.02
SPT35583	SPT35309	0
SPT35583	SPT35310	0
SPT35583	SPT35355	0
SPT35583	SPT35332	0
SPT35583	SPT35333	0
SPT35583	SPT35561	0
SPT35583	SPT35363	0.02
SPT35583	SPT35427	0
SPT35583	SPT35752	0
SPT35583	SPT35430	0
SPT35583	SPT35431	0
SPT35583	SPT35313	0
SPT35583	SPT35780	0
SPT35583	SPT35315	0
SPT35583	SPT35316	0
SPT35583	SPT35317	0
SPT35583	SPT35334	0
SPT35583	SPT35543	0
SPT35584	SPT35585	0
SPT35584	SPT35458	0
SPT35584	SPT35500	0
SPT35584	SPT35322	0
SPT35584	SPT35377	0
SPT35584	SPT35511	0
SPT35584	SPT35323	0
SPT35584	SPT35461	0
SPT35584	SPT35462	0
SPT35584	SPT35463	0
SPT35584	SPT35341	0
SPT35584	SPT35368	0
SPT35584	SPT35378	0
SPT35584	SPT35552	0
SPT35584	SPT35551	0.26
SPT35584	SPT35459	0
SPT35584	SPT35474	0
SPT35584	SPT35514	0
SPT35584	SPT35519	0
SPT35584	SPT35526	0
SPT35584	SPT35501	0
SPT35584	SPT35681	0
SPT35584	SPT35467	0
SPT35584	SPT35469	0
SPT35584	SPT35470	0
SPT35584	SPT35468	0
SPT35584	SPT35471	0
SPT35584	SPT35379	0
SPT35584	SPT35472	0
SPT35584	SPT35529	0
SPT35584	SPT35517	0
SPT35584	SPT35516	0
SPT35584	SPT35360	0
SPT35584	SPT35515	0
SPT35584	SPT35518	0
SPT35584	SPT35475	0
SPT35584	SPT35520	0
SPT35584	SPT35324	0
SPT35584	SPT35476	0
SPT35584	SPT35485	0
SPT35584	SPT35389	0
SPT35584	SPT35487	0
SPT35584	SPT35369	0
SPT35584	SPT35370	0
SPT35584	SPT35382	0
SPT35584	SPT35521	0
SPT35584	SPT35553	0
SPT35584	SPT35532	0
SPT35584	SPT35384	0
SPT35584	SPT35522	0
SPT35584	SPT35361	0
SPT35584	SPT35342	0
SPT35584	SPT35556	0
SPT35584	SPT35557	0
SPT35584	SPT35328	0
SPT35584	SPT35592	0
SPT35584	SPT35435	0
SPT35584	SPT35304	0
SPT35584	SPT35390	0
SPT35584	SPT35436	0
SPT35584	SPT35580	0
SPT35584	SPT35538	0
SPT35584	SPT35537	0
SPT35584	SPT35320	0
SPT35584	SPT35541	0.02
SPT35584	SPT35673	0
SPT35584	SPT35502	0
SPT35584	SPT35330	0
SPT35584	SPT35546	0.93
SPT35584	SPT35547	0.99
SPT35584	SPT35544	0
SPT35584	SPT35362	0
SPT35584	SPT35499	0
SPT35584	SPT35336	0
SPT35584	SPT35577	0.42
SPT35584	SPT35325	0
SPT35584	SPT35331	0
SPT35584	SPT35337	0
SPT35584	SPT35306	0
SPT35584	SPT35407	0
SPT35584	SPT35346	0
SPT35584	SPT35405	0
SPT35584	SPT35410	0
SPT35584	SPT35575	0
SPT35584	SPT35576	0
SPT35584	SPT35766	0
SPT35584	SPT35347	0
SPT35584	SPT35412	0
SPT35584	SPT35414	0
SPT35584	SPT35348	0
SPT35584	SPT35417	0
SPT35584	SPT35571	0.26
SPT35584	SPT35349	0
SPT35584	SPT35351	0
SPT35584	SPT35418	0
SPT35584	SPT35419	0
SPT35584	SPT35566	0
SPT35584	SPT35567	0
SPT35584	SPT35420	0
SPT35584	SPT35423	0
SPT35584	SPT35564	0
SPT35584	SPT35352	0
SPT35584	SPT35424	0
SPT35584	SPT35357	0
SPT35584	SPT35437	0
SPT35584	SPT35563	0
SPT35584	SPT35308	0
SPT35584	SPT35425	0
SPT35584	SPT35440	0
SPT35584	SPT35354	0
SPT35584	SPT35309	0
SPT35584	SPT35310	0
SPT35584	SPT35355	0
SPT35584	SPT35332	0
SPT35584	SPT35333	0
SPT35584	SPT35561	0
SPT35584	SPT35363	0
SPT35584	SPT35427	0
SPT35584	SPT35752	0
SPT35584	SPT35430	0
SPT35584	SPT35431	0.02
SPT35584	SPT35313	0
SPT35584	SPT35780	0
SPT35584	SPT35315	0
SPT35584	SPT35316	0
SPT35584	SPT35317	0
SPT35584	SPT35334	0
SPT35584	SPT35543	0
SPT35585	SPT35458	0
SPT35585	SPT35500	0
SPT35585	SPT35322	0
SPT35585	SPT35377	0
SPT35585	SPT35511	0
SPT35585	SPT35323	0
SPT35585	SPT35461	0
SPT35585	SPT35462	0.51
SPT35585	SPT35463	0
SPT35585	SPT35341	0.03
SPT35585	SPT35368	0
SPT35585	SPT35378	0
SPT35585	SPT35552	0
SPT35585	SPT35551	0
SPT35585	SPT35459	0
SPT35585	SPT35474	0.52
SPT35585	SPT35514	0
SPT35585	SPT35519	0
SPT35585	SPT35526	0
SPT35585	SPT35501	0
SPT35585	SPT35681	0
SPT35585	SPT35467	0
SPT35585	SPT35469	0
SPT35585	SPT35470	0.58
SPT35585	SPT35468	0
SPT35585	SPT35471	0
SPT35585	SPT35379	0
SPT35585	SPT35472	0
SPT35585	SPT35529	0
SPT35585	SPT35517	0
SPT35585	SPT35516	0
SPT35585	SPT35360	0.18
SPT35585	SPT35515	0
SPT35585	SPT35518	0
SPT35585	SPT35475	0
SPT35585	SPT35520	0
SPT35585	SPT35324	0
SPT35585	SPT35476	0
SPT35585	SPT35485	0
SPT35585	SPT35389	0
SPT35585	SPT35487	0
SPT35585	SPT35369	0
SPT35585	SPT35370	0.04
SPT35585	SPT35382	0
SPT35585	SPT35521	0
SPT35585	SPT35553	0
SPT35585	SPT35532	0
SPT35585	SPT35384	0
SPT35585	SPT35522	0.15
SPT35585	SPT35361	0
SPT35585	SPT35342	0
SPT35585	SPT35556	0
SPT35585	SPT35557	0
SPT35585	SPT35328	0
SPT35585	SPT35592	0
SPT35585	SPT35435	0
SPT35585	SPT35304	0
SPT35585	SPT35390	0.12
SPT35585	SPT35436	0
SPT35585	SPT35580	0
SPT35585	SPT35538	0
SPT35585	SPT35537	0
SPT35585	SPT35320	0.07
SPT35585	SPT35541	0
SPT35585	SPT35673	0
SPT35585	SPT35502	0
SPT35585	SPT35330	0
SPT35585	SPT35546	0
SPT35585	SPT35547	0
SPT35585	SPT35544	0
SPT35585	SPT35362	0
SPT35585	SPT35499	0
SPT35585	SPT35336	0
SPT35585	SPT35577	0
SPT35585	SPT35325	0
SPT35585	SPT35331	0
SPT35585	SPT35337	0.08
SPT35585	SPT35306	0
SPT35585	SPT35407	0.72
SPT35585	SPT35346	0
SPT35585	SPT35405	0.67
SPT35585	SPT35410	0
SPT35585	SPT35575	0
SPT35585	SPT35576	0.52
SPT35585	SPT35766	0
SPT35585	SPT35347	0.18
SPT35585	SPT35412	0
SPT35585	SPT35414	0
SPT35585	SPT35348	0
SPT35585	SPT35417	0
SPT35585	SPT35571	0
SPT35585	SPT35349	0
SPT35585	SPT35351	0
SPT35585	SPT35418	0
SPT35585	SPT35419	0.51
SPT35585	SPT35566	0.22
SPT35585	SPT35567	0
SPT35585	SPT35420	0
SPT35585	SPT35423	0
SPT35585	SPT35564	0
SPT35585	SPT35352	0
SPT35585	SPT35424	0
SPT35585	SPT35357	0
SPT35585	SPT35437	0
SPT35585	SPT35563	0
SPT35585	SPT35308	0
SPT35585	SPT35425	0
SPT35585	SPT35440	0
SPT35585	SPT35354	0
SPT35585	SPT35309	0
SPT35585	SPT35310	0
SPT35585	SPT35355	0
SPT35585	SPT35332	0
SPT35585	SPT35333	0
SPT35585	SPT35561	0
SPT35585	SPT35363	0
SPT35585	SPT35427	0
SPT35585	SPT35752	0
SPT35585	SPT35430	0
SPT35585	SPT35431	0
SPT35585	SPT35313	0
SPT35585	SPT35780	0
SPT35585	SPT35315	0
SPT35585	SPT35316	0
SPT35585	SPT35317	0.07
SPT35585	SPT35334	0.05
SPT35585	SPT35543	0
SPT35458	SPT35500	0
SPT35458	SPT35322	0
SPT35458	SPT35377	0
SPT35458	SPT35511	0
SPT35458	SPT35323	0
SPT35458	SPT35461	0.34
SPT35458	SPT35462	0
SPT35458	SPT35463	0
SPT35458	SPT35341	0
SPT35458	SPT35368	0
SPT35458	SPT35378	0
SPT35458	SPT35552	0
SPT35458	SPT35551	0
SPT35458	SPT35459	0.41
SPT35458	SPT35474	0
SPT35458	SPT35514	0
SPT35458	SPT35519	0
SPT35458	SPT35526	0
SPT35458	SPT35501	0
SPT35458	SPT35681	0
SPT35458	SPT35467	0
SPT35458	SPT35469	0
SPT35458	SPT35470	0
SPT35458	SPT35468	0
SPT35458	SPT35471	0
SPT35458	SPT35379	0
SPT35458	SPT35472	0
SPT35458	SPT35529	0
SPT35458	SPT35517	0
SPT35458	SPT35516	0
SPT35458	SPT35360	0
SPT35458	SPT35515	0
SPT35458	SPT35518	0
SPT35458	SPT35475	0
SPT35458	SPT35520	0.02
SPT35458	SPT35324	0
SPT35458	SPT35476	0
SPT35458	SPT35485	0.02
SPT35458	SPT35389	0
SPT35458	SPT35487	0
SPT35458	SPT35369	0
SPT35458	SPT35370	0
SPT35458	SPT35382	0
SPT35458	SPT35521	0.02
SPT35458	SPT35553	0
SPT35458	SPT35532	0
SPT35458	SPT35384	0
SPT35458	SPT35522	0
SPT35458	SPT35361	0
SPT35458	SPT35342	0
SPT35458	SPT35556	0
SPT35458	SPT35557	0
SPT35458	SPT35328	0
SPT35458	SPT35592	0
SPT35458	SPT35435	0
SPT35458	SPT35304	0
SPT35458	SPT35390	0
SPT35458	SPT35436	0
SPT35458	SPT35580	0.02
SPT35458	SPT35538	0
SPT35458	SPT35537	0
SPT35458	SPT35320	0
SPT35458	SPT35541	0
SPT35458	SPT35673	0
SPT35458	SPT35502	0
SPT35458	SPT35330	0
SPT35458	SPT35546	0
SPT35458	SPT35547	0
SPT35458	SPT35544	0.02
SPT35458	SPT35362	0
SPT35458	SPT35499	0
SPT35458	SPT35336	0
SPT35458	SPT35577	0
SPT35458	SPT35325	0
SPT35458	SPT35331	0
SPT35458	SPT35337	0
SPT35458	SPT35306	0
SPT35458	SPT35407	0
SPT35458	SPT35346	0
SPT35458	SPT35405	0
SPT35458	SPT35410	0
SPT35458	SPT35575	0
SPT35458	SPT35576	0
SPT35458	SPT35766	0
SPT35458	SPT35347	0
SPT35458	SPT35412	0
SPT35458	SPT35414	0
SPT35458	SPT35348	0
SPT35458	SPT35417	0
SPT35458	SPT35571	0
SPT35458	SPT35349	0
SPT35458	SPT35351	0
SPT35458	SPT35418	0
SPT35458	SPT35419	0
SPT35458	SPT35566	0
SPT35458	SPT35567	0
SPT35458	SPT35420	0
SPT35458	SPT35423	0
SPT35458	SPT35564	0
SPT35458	SPT35352	0
SPT35458	SPT35424	0
SPT35458	SPT35357	0
SPT35458	SPT35437	0
SPT35458	SPT35563	0
SPT35458	SPT35308	0
SPT35458	SPT35425	0
SPT35458	SPT35440	0
SPT35458	SPT35354	0
SPT35458	SPT35309	0
SPT35458	SPT35310	0
SPT35458	SPT35355	0
SPT35458	SPT35332	0
SPT35458	SPT35333	0
SPT35458	SPT35561	0
SPT35458	SPT35363	0.02
SPT35458	SPT35427	0
SPT35458	SPT35752	0
SPT35458	SPT35430	0
SPT35458	SPT35431	0
SPT35458	SPT35313	0
SPT35458	SPT35780	0
SPT35458	SPT35315	0
SPT35458	SPT35316	0
SPT35458	SPT35317	0
SPT35458	SPT35334	0
SPT35458	SPT35543	0
SPT35500	SPT35322	0
SPT35500	SPT35377	0
SPT35500	SPT35511	0
SPT35500	SPT35323	0
SPT35500	SPT35461	0
SPT35500	SPT35462	0
SPT35500	SPT35463	0
SPT35500	SPT35341	0
SPT35500	SPT35368	0
SPT35500	SPT35378	0
SPT35500	SPT35552	0
SPT35500	SPT35551	0
SPT35500	SPT35459	0
SPT35500	SPT35474	0
SPT35500	SPT35514	0
SPT35500	SPT35519	0
SPT35500	SPT35526	0
SPT35500	SPT35501	0.36
SPT35500	SPT35681	0
SPT35500	SPT35467	0
SPT35500	SPT35469	0
SPT35500	SPT35470	0
SPT35500	SPT35468	0
SPT35500	SPT35471	0
SPT35500	SPT35379	0
SPT35500	SPT35472	0
SPT35500	SPT35529	0
SPT35500	SPT35517	0
SPT35500	SPT35516	0
SPT35500	SPT35360	0
SPT35500	SPT35515	0
SPT35500	SPT35518	0
SPT35500	SPT35475	0
SPT35500	SPT35520	0
SPT35500	SPT35324	0
SPT35500	SPT35476	0
SPT35500	SPT35485	0
SPT35500	SPT35389	0
SPT35500	SPT35487	0
SPT35500	SPT35369	0
SPT35500	SPT35370	0
SPT35500	SPT35382	0
SPT35500	SPT35521	0
SPT35500	SPT35553	0
SPT35500	SPT35532	0
SPT35500	SPT35384	0
SPT35500	SPT35522	0
SPT35500	SPT35361	0
SPT35500	SPT35342	0
SPT35500	SPT35556	0
SPT35500	SPT35557	0
SPT35500	SPT35328	0
SPT35500	SPT35592	0
SPT35500	SPT35435	0
SPT35500	SPT35304	0
SPT35500	SPT35390	0
SPT35500	SPT35436	0
SPT35500	SPT35580	0
SPT35500	SPT35538	0
SPT35500	SPT35537	0
SPT35500	SPT35320	0
SPT35500	SPT35541	0
SPT35500	SPT35673	0
SPT35500	SPT35502	0
SPT35500	SPT35330	0
SPT35500	SPT35546	0
SPT35500	SPT35547	0
SPT35500	SPT35544	0
SPT35500	SPT35362	0
SPT35500	SPT35499	0.49
SPT35500	SPT35336	0
SPT35500	SPT35577	0
SPT35500	SPT35325	0
SPT35500	SPT35331	0
SPT35500	SPT35337	0
SPT35500	SPT35306	0
SPT35500	SPT35407	0
SPT35500	SPT35346	0
SPT35500	SPT35405	0
SPT35500	SPT35410	0
SPT35500	SPT35575	0
SPT35500	SPT35576	0
SPT35500	SPT35766	0
SPT35500	SPT35347	0
SPT35500	SPT35412	0
SPT35500	SPT35414	0
SPT35500	SPT35348	0
SPT35500	SPT35417	0
SPT35500	SPT35571	0
SPT35500	SPT35349	0
SPT35500	SPT35351	0
SPT35500	SPT35418	0
SPT35500	SPT35419	0
SPT35500	SPT35566	0
SPT35500	SPT35567	0
SPT35500	SPT35420	0
SPT35500	SPT35423	0
SPT35500	SPT35564	0
SPT35500	SPT35352	0
SPT35500	SPT35424	0
SPT35500	SPT35357	0
SPT35500	SPT35437	0
SPT35500	SPT35563	0
SPT35500	SPT35308	0
SPT35500	SPT35425	0
SPT35500	SPT35440	0
SPT35500	SPT35354	0
SPT35500	SPT35309	0
SPT35500	SPT35310	0
SPT35500	SPT35355	0
SPT35500	SPT35332	0
SPT35500	SPT35333	0
SPT35500	SPT35561	0
SPT35500	SPT35363	0
SPT35500	SPT35427	0
SPT35500	SPT35752	0
SPT35500	SPT35430	0
SPT35500	SPT35431	0
SPT35500	SPT35313	0
SPT35500	SPT35780	0
SPT35500	SPT35315	0
SPT35500	SPT35316	0
SPT35500	SPT35317	0
SPT35500	SPT35334	0
SPT35500	SPT35543	0
SPT35322	SPT35377	0
SPT35322	SPT35511	0
SPT35322	SPT35323	0.06
SPT35322	SPT35461	0
SPT35322	SPT35462	0
SPT35322	SPT35463	0
SPT35322	SPT35341	0
SPT35322	SPT35368	0
SPT35322	SPT35378	0
SPT35322	SPT35552	0
SPT35322	SPT35551	0
SPT35322	SPT35459	0
SPT35322	SPT35474	0
SPT35322	SPT35514	0
SPT35322	SPT35519	0
SPT35322	SPT35526	0
SPT35322	SPT35501	0
SPT35322	SPT35681	0
SPT35322	SPT35467	0
SPT35322	SPT35469	0
SPT35322	SPT35470	0
SPT35322	SPT35468	0
SPT35322	SPT35471	0
SPT35322	SPT35379	0
SPT35322	SPT35472	0
SPT35322	SPT35529	0
SPT35322	SPT35517	0
SPT35322	SPT35516	0
SPT35322	SPT35360	0
SPT35322	SPT35515	0
SPT35322	SPT35518	0
SPT35322	SPT35475	0
SPT35322	SPT35520	0
SPT35322	SPT35324	0
SPT35322	SPT35476	0
SPT35322	SPT35485	0
SPT35322	SPT35389	0
SPT35322	SPT35487	0
SPT35322	SPT35369	0
SPT35322	SPT35370	0
SPT35322	SPT35382	0
SPT35322	SPT35521	0
SPT35322	SPT35553	0
SPT35322	SPT35532	0
SPT35322	SPT35384	0
SPT35322	SPT35522	0
SPT35322	SPT35361	0
SPT35322	SPT35342	0
SPT35322	SPT35556	0
SPT35322	SPT35557	0
SPT35322	SPT35328	0.02
SPT35322	SPT35592	0
SPT35322	SPT35435	0
SPT35322	SPT35304	0
SPT35322	SPT35390	0
SPT35322	SPT35436	0
SPT35322	SPT35580	0
SPT35322	SPT35538	0
SPT35322	SPT35537	0
SPT35322	SPT35320	0
SPT35322	SPT35541	0
SPT35322	SPT35673	0
SPT35322	SPT35502	0
SPT35322	SPT35330	0.04
SPT35322	SPT35546	0
SPT35322	SPT35547	0
SPT35322	SPT35544	0
SPT35322	SPT35362	0.02
SPT35322	SPT35499	0
SPT35322	SPT35336	0
SPT35322	SPT35577	0
SPT35322	SPT35325	0
SPT35322	SPT35331	0
SPT35322	SPT35337	0.02
SPT35322	SPT35306	0.06
SPT35322	SPT35407	0
SPT35322	SPT35346	0.18
SPT35322	SPT35405	0
SPT35322	SPT35410	0
SPT35322	SPT35575	0
SPT35322	SPT35576	0
SPT35322	SPT35766	0
SPT35322	SPT35347	0
SPT35322	SPT35412	0
SPT35322	SPT35414	0
SPT35322	SPT35348	0
SPT35322	SPT35417	0
SPT35322	SPT35571	0
SPT35322	SPT35349	0
SPT35322	SPT35351	0
SPT35322	SPT35418	0.13
SPT35322	SPT35419	0
SPT35322	SPT35566	0
SPT35322	SPT35567	0
SPT35322	SPT35420	0
SPT35322	SPT35423	0
SPT35322	SPT35564	0
SPT35322	SPT35352	0
SPT35322	SPT35424	0
SPT35322	SPT35357	0.99
SPT35322	SPT35437	0
SPT35322	SPT35563	0
SPT35322	SPT35308	0
SPT35322	SPT35425	0
SPT35322	SPT35440	0
SPT35322	SPT35354	0
SPT35322	SPT35309	0
SPT35322	SPT35310	0
SPT35322	SPT35355	0.11
SPT35322	SPT35332	0
SPT35322	SPT35333	0
SPT35322	SPT35561	0
SPT35322	SPT35363	0
SPT35322	SPT35427	0
SPT35322	SPT35752	0
SPT35322	SPT35430	0
SPT35322	SPT35431	0
SPT35322	SPT35313	0.06
SPT35322	SPT35780	0
SPT35322	SPT35315	0
SPT35322	SPT35316	0
SPT35322	SPT35317	0.05
SPT35322	SPT35334	0
SPT35322	SPT35543	0
SPT35377	SPT35511	0
SPT35377	SPT35323	0
SPT35377	SPT35461	0
SPT35377	SPT35462	0
SPT35377	SPT35463	0
SPT35377	SPT35341	0
SPT35377	SPT35368	0
SPT35377	SPT35378	0
SPT35377	SPT35552	0
SPT35377	SPT35551	0
SPT35377	SPT35459	0
SPT35377	SPT35474	0
SPT35377	SPT35514	0
SPT35377	SPT35519	0
SPT35377	SPT35526	0
SPT35377	SPT35501	0
SPT35377	SPT35681	0
SPT35377	SPT35467	0
SPT35377	SPT35469	0
SPT35377	SPT35470	0
SPT35377	SPT35468	0
SPT35377	SPT35471	0
SPT35377	SPT35379	0
SPT35377	SPT35472	0
SPT35377	SPT35529	0
SPT35377	SPT35517	0
SPT35377	SPT35516	0
SPT35377	SPT35360	0
SPT35377	SPT35515	0
SPT35377	SPT35518	0
SPT35377	SPT35475	0
SPT35377	SPT35520	0
SPT35377	SPT35324	0.07
SPT35377	SPT35476	0
SPT35377	SPT35485	0
SPT35377	SPT35389	0.99
SPT35377	SPT35487	0
SPT35377	SPT35369	0
SPT35377	SPT35370	0
SPT35377	SPT35382	0
SPT35377	SPT35521	0
SPT35377	SPT35553	0
SPT35377	SPT35532	0
SPT35377	SPT35384	0
SPT35377	SPT35522	0
SPT35377	SPT35361	0
SPT35377	SPT35342	0
SPT35377	SPT35556	0
SPT35377	SPT35557	0
SPT35377	SPT35328	0
SPT35377	SPT35592	0
SPT35377	SPT35435	0
SPT35377	SPT35304	0
SPT35377	SPT35390	0
SPT35377	SPT35436	0
SPT35377	SPT35580	0
SPT35377	SPT35538	0
SPT35377	SPT35537	0
SPT35377	SPT35320	0
SPT35377	SPT35541	0
SPT35377	SPT35673	0
SPT35377	SPT35502	0
SPT35377	SPT35330	0
SPT35377	SPT35546	0
SPT35377	SPT35547	0
SPT35377	SPT35544	0
SPT35377	SPT35362	0
SPT35377	SPT35499	0
SPT35377	SPT35336	0
SPT35377	SPT35577	0
SPT35377	SPT35325	0
SPT35377	SPT35331	0
SPT35377	SPT35337	0
SPT35377	SPT35306	0
SPT35377	SPT35407	0
SPT35377	SPT35346	0
SPT35377	SPT35405	0
SPT35377	SPT35410	0
SPT35377	SPT35575	0
SPT35377	SPT35576	0
SPT35377	SPT35766	0
SPT35377	SPT35347	0
SPT35377	SPT35412	0
SPT35377	SPT35414	0
SPT35377	SPT35348	0
SPT35377	SPT35417	0
SPT35377	SPT35571	0
SPT35377	SPT35349	0
SPT35377	SPT35351	0
SPT35377	SPT35418	0
SPT35377	SPT35419	0
SPT35377	SPT35566	0
SPT35377	SPT35567	0
SPT35377	SPT35420	0
SPT35377	SPT35423	0
SPT35377	SPT35564	0
SPT35377	SPT35352	0
SPT35377	SPT35424	0
SPT35377	SPT35357	0
SPT35377	SPT35437	0
SPT35377	SPT35563	0
SPT35377	SPT35308	0
SPT35377	SPT35425	0
SPT35377	SPT35440	0
SPT35377	SPT35354	0
SPT35377	SPT35309	0.02
SPT35377	SPT35310	0.02
SPT35377	SPT35355	0
SPT35377	SPT35332	0
SPT35377	SPT35333	0
SPT35377	SPT35561	0
SPT35377	SPT35363	0
SPT35377	SPT35427	0
SPT35377	SPT35752	0
SPT35377	SPT35430	0
SPT35377	SPT35431	0
SPT35377	SPT35313	0
SPT35377	SPT35780	0
SPT35377	SPT35315	0
SPT35377	SPT35316	0
SPT35377	SPT35317	0
SPT35377	SPT35334	0
SPT35377	SPT35543	0
SPT35511	SPT35323	0
SPT35511	SPT35461	0
SPT35511	SPT35462	0
SPT35511	SPT35463	0
SPT35511	SPT35341	0
SPT35511	SPT35368	0
SPT35511	SPT35378	0
SPT35511	SPT35552	0
SPT35511	SPT35551	0
SPT35511	SPT35459	0
SPT35511	SPT35474	0
SPT35511	SPT35514	0
SPT35511	SPT35519	0
SPT35511	SPT35526	0.99
SPT35511	SPT35501	0
SPT35511	SPT35681	0
SPT35511	SPT35467	0.99
SPT35511	SPT35469	0
SPT35511	SPT35470	0
SPT35511	SPT35468	0
SPT35511	SPT35471	0
SPT35511	SPT35379	0
SPT35511	SPT35472	0
SPT35511	SPT35529	0.98
SPT35511	SPT35517	0
SPT35511	SPT35516	0
SPT35511	SPT35360	0
SPT35511	SPT35515	0
SPT35511	SPT35518	0
SPT35511	SPT35475	0.98
SPT35511	SPT35520	0
SPT35511	SPT35324	0
SPT35511	SPT35476	0
SPT35511	SPT35485	0
SPT35511	SPT35389	0
SPT35511	SPT35487	0
SPT35511	SPT35369	0
SPT35511	SPT35370	0
SPT35511	SPT35382	0
SPT35511	SPT35521	0
SPT35511	SPT35553	0
SPT35511	SPT35532	0
SPT35511	SPT35384	0
SPT35511	SPT35522	0
SPT35511	SPT35361	0
SPT35511	SPT35342	0
SPT35511	SPT35556	0
SPT35511	SPT35557	0
SPT35511	SPT35328	0
SPT35511	SPT35592	0
SPT35511	SPT35435	0
SPT35511	SPT35304	0
SPT35511	SPT35390	0
SPT35511	SPT35436	0
SPT35511	SPT35580	0
SPT35511	SPT35538	0
SPT35511	SPT35537	0
SPT35511	SPT35320	0
SPT35511	SPT35541	0
SPT35511	SPT35673	0
SPT35511	SPT35502	0
SPT35511	SPT35330	0
SPT35511	SPT35546	0
SPT35511	SPT35547	0
SPT35511	SPT35544	0
SPT35511	SPT35362	0
SPT35511	SPT35499	0
SPT35511	SPT35336	0
SPT35511	SPT35577	0
SPT35511	SPT35325	0
SPT35511	SPT35331	0
SPT35511	SPT35337	0
SPT35511	SPT35306	0
SPT35511	SPT35407	0
SPT35511	SPT35346	0
SPT35511	SPT35405	0
SPT35511	SPT35410	0
SPT35511	SPT35575	0
SPT35511	SPT35576	0
SPT35511	SPT35766	0
SPT35511	SPT35347	0
SPT35511	SPT35412	0
SPT35511	SPT35414	0
SPT35511	SPT35348	0
SPT35511	SPT35417	0
SPT35511	SPT35571	0
SPT35511	SPT35349	0
SPT35511	SPT35351	0
SPT35511	SPT35418	0
SPT35511	SPT35419	0
SPT35511	SPT35566	0
SPT35511	SPT35567	0
SPT35511	SPT35420	0
SPT35511	SPT35423	0
SPT35511	SPT35564	0
SPT35511	SPT35352	0
SPT35511	SPT35424	0
SPT35511	SPT35357	0
SPT35511	SPT35437	0
SPT35511	SPT35563	0
SPT35511	SPT35308	0
SPT35511	SPT35425	0
SPT35511	SPT35440	0
SPT35511	SPT35354	0
SPT35511	SPT35309	0
SPT35511	SPT35310	0
SPT35511	SPT35355	0
SPT35511	SPT35332	0
SPT35511	SPT35333	0
SPT35511	SPT35561	0
SPT35511	SPT35363	0
SPT35511	SPT35427	0
SPT35511	SPT35752	0
SPT35511	SPT35430	0
SPT35511	SPT35431	0
SPT35511	SPT35313	0
SPT35511	SPT35780	0
SPT35511	SPT35315	0
SPT35511	SPT35316	0
SPT35511	SPT35317	0
SPT35511	SPT35334	0
SPT35511	SPT35543	0
SPT35323	SPT35461	0
SPT35323	SPT35462	0
SPT35323	SPT35463	0
SPT35323	SPT35341	0
SPT35323	SPT35368	0
SPT35323	SPT35378	0
SPT35323	SPT35552	0
SPT35323	SPT35551	0
SPT35323	SPT35459	0
SPT35323	SPT35474	0
SPT35323	SPT35514	0
SPT35323	SPT35519	0
SPT35323	SPT35526	0
SPT35323	SPT35501	0
SPT35323	SPT35681	0
SPT35323	SPT35467	0
SPT35323	SPT35469	0
SPT35323	SPT35470	0
SPT35323	SPT35468	0
SPT35323	SPT35471	0
SPT35323	SPT35379	0
SPT35323	SPT35472	0
SPT35323	SPT35529	0
SPT35323	SPT35517	0
SPT35323	SPT35516	0
SPT35323	SPT35360	0
SPT35323	SPT35515	0
SPT35323	SPT35518	0
SPT35323	SPT35475	0
SPT35323	SPT35520	0
SPT35323	SPT35324	0
SPT35323	SPT35476	0
SPT35323	SPT35485	0
SPT35323	SPT35389	0
SPT35323	SPT35487	0
SPT35323	SPT35369	0
SPT35323	SPT35370	0
SPT35323	SPT35382	0
SPT35323	SPT35521	0
SPT35323	SPT35553	0
SPT35323	SPT35532	0
SPT35323	SPT35384	0
SPT35323	SPT35522	0
SPT35323	SPT35361	0
SPT35323	SPT35342	0
SPT35323	SPT35556	0
SPT35323	SPT35557	0
SPT35323	SPT35328	0.03
SPT35323	SPT35592	0
SPT35323	SPT35435	0
SPT35323	SPT35304	0
SPT35323	SPT35390	0.02
SPT35323	SPT35436	0
SPT35323	SPT35580	0
SPT35323	SPT35538	0
SPT35323	SPT35537	0
SPT35323	SPT35320	0
SPT35323	SPT35541	0
SPT35323	SPT35673	0
SPT35323	SPT35502	0
SPT35323	SPT35330	0.9
SPT35323	SPT35546	0
SPT35323	SPT35547	0
SPT35323	SPT35544	0
SPT35323	SPT35362	0
SPT35323	SPT35499	0
SPT35323	SPT35336	0
SPT35323	SPT35577	0
SPT35323	SPT35325	0
SPT35323	SPT35331	0
SPT35323	SPT35337	0
SPT35323	SPT35306	0
SPT35323	SPT35407	0
SPT35323	SPT35346	0.26
SPT35323	SPT35405	0
SPT35323	SPT35410	0
SPT35323	SPT35575	0
SPT35323	SPT35576	0
SPT35323	SPT35766	0
SPT35323	SPT35347	0
SPT35323	SPT35412	0
SPT35323	SPT35414	0
SPT35323	SPT35348	0
SPT35323	SPT35417	0
SPT35323	SPT35571	0
SPT35323	SPT35349	0
SPT35323	SPT35351	0
SPT35323	SPT35418	0.05
SPT35323	SPT35419	0
SPT35323	SPT35566	0
SPT35323	SPT35567	0
SPT35323	SPT35420	0
SPT35323	SPT35423	0
SPT35323	SPT35564	0
SPT35323	SPT35352	0
SPT35323	SPT35424	0
SPT35323	SPT35357	0.06
SPT35323	SPT35437	0
SPT35323	SPT35563	0
SPT35323	SPT35308	0
SPT35323	SPT35425	0
SPT35323	SPT35440	0
SPT35323	SPT35354	0
SPT35323	SPT35309	0
SPT35323	SPT35310	0
SPT35323	SPT35355	0
SPT35323	SPT35332	0
SPT35323	SPT35333	0
SPT35323	SPT35561	0
SPT35323	SPT35363	0
SPT35323	SPT35427	0
SPT35323	SPT35752	0
SPT35323	SPT35430	0
SPT35323	SPT35431	0
SPT35323	SPT35313	0.99
SPT35323	SPT35780	0
SPT35323	SPT35315	0
SPT35323	SPT35316	0.02
SPT35323	SPT35317	0
SPT35323	SPT35334	0
SPT35323	SPT35543	0
SPT35461	SPT35462	0
SPT35461	SPT35463	0
SPT35461	SPT35341	0
SPT35461	SPT35368	0
SPT35461	SPT35378	0
SPT35461	SPT35552	0
SPT35461	SPT35551	0
SPT35461	SPT35459	0.74
SPT35461	SPT35474	0
SPT35461	SPT35514	0
SPT35461	SPT35519	0
SPT35461	SPT35526	0
SPT35461	SPT35501	0
SPT35461	SPT35681	0
SPT35461	SPT35467	0
SPT35461	SPT35469	0
SPT35461	SPT35470	0
SPT35461	SPT35468	0
SPT35461	SPT35471	0
SPT35461	SPT35379	0
SPT35461	SPT35472	0
SPT35461	SPT35529	0
SPT35461	SPT35517	0
SPT35461	SPT35516	0
SPT35461	SPT35360	0
SPT35461	SPT35515	0
SPT35461	SPT35518	0.03
SPT35461	SPT35475	0
SPT35461	SPT35520	0
SPT35461	SPT35324	0
SPT35461	SPT35476	0
SPT35461	SPT35485	0.02
SPT35461	SPT35389	0
SPT35461	SPT35487	0
SPT35461	SPT35369	0
SPT35461	SPT35370	0
SPT35461	SPT35382	0
SPT35461	SPT35521	0
SPT35461	SPT35553	0
SPT35461	SPT35532	0
SPT35461	SPT35384	0
SPT35461	SPT35522	0
SPT35461	SPT35361	0
SPT35461	SPT35342	0
SPT35461	SPT35556	0
SPT35461	SPT35557	0
SPT35461	SPT35328	0
SPT35461	SPT35592	0
SPT35461	SPT35435	0
SPT35461	SPT35304	0
SPT35461	SPT35390	0
SPT35461	SPT35436	0
SPT35461	SPT35580	0
SPT35461	SPT35538	0
SPT35461	SPT35537	0
SPT35461	SPT35320	0
SPT35461	SPT35541	0
SPT35461	SPT35673	0
SPT35461	SPT35502	0
SPT35461	SPT35330	0
SPT35461	SPT35546	0
SPT35461	SPT35547	0
SPT35461	SPT35544	0
SPT35461	SPT35362	0
SPT35461	SPT35499	0
SPT35461	SPT35336	0
SPT35461	SPT35577	0
SPT35461	SPT35325	0
SPT35461	SPT35331	0
SPT35461	SPT35337	0
SPT35461	SPT35306	0
SPT35461	SPT35407	0
SPT35461	SPT35346	0
SPT35461	SPT35405	0
SPT35461	SPT35410	0
SPT35461	SPT35575	0
SPT35461	SPT35576	0
SPT35461	SPT35766	0
SPT35461	SPT35347	0
SPT35461	SPT35412	0
SPT35461	SPT35414	0
SPT35461	SPT35348	0
SPT35461	SPT35417	0
SPT35461	SPT35571	0
SPT35461	SPT35349	0
SPT35461	SPT35351	0
SPT35461	SPT35418	0
SPT35461	SPT35419	0
SPT35461	SPT35566	0
SPT35461	SPT35567	0
SPT35461	SPT35420	0
SPT35461	SPT35423	0
SPT35461	SPT35564	0
SPT35461	SPT35352	0
SPT35461	SPT35424	0
SPT35461	SPT35357	0
SPT35461	SPT35437	0
SPT35461	SPT35563	0
SPT35461	SPT35308	0
SPT35461	SPT35425	0
SPT35461	SPT35440	0
SPT35461	SPT35354	0
SPT35461	SPT35309	0
SPT35461	SPT35310	0
SPT35461	SPT35355	0
SPT35461	SPT35332	0
SPT35461	SPT35333	0
SPT35461	SPT35561	0
SPT35461	SPT35363	0
SPT35461	SPT35427	0
SPT35461	SPT35752	0
SPT35461	SPT35430	0
SPT35461	SPT35431	0
SPT35461	SPT35313	0
SPT35461	SPT35780	0
SPT35461	SPT35315	0
SPT35461	SPT35316	0
SPT35461	SPT35317	0
SPT35461	SPT35334	0
SPT35461	SPT35543	0
SPT35462	SPT35463	0
SPT35462	SPT35341	0.04
SPT35462	SPT35368	0
SPT35462	SPT35378	0
SPT35462	SPT35552	0
SPT35462	SPT35551	0
SPT35462	SPT35459	0
SPT35462	SPT35474	0.56
SPT35462	SPT35514	0
SPT35462	SPT35519	0
SPT35462	SPT35526	0
SPT35462	SPT35501	0
SPT35462	SPT35681	0
SPT35462	SPT35467	0
SPT35462	SPT35469	0
SPT35462	SPT35470	0.65
SPT35462	SPT35468	0
SPT35462	SPT35471	0
SPT35462	SPT35379	0
SPT35462	SPT35472	0
SPT35462	SPT35529	0
SPT35462	SPT35517	0
SPT35462	SPT35516	0
SPT35462	SPT35360	0.08
SPT35462	SPT35515	0
SPT35462	SPT35518	0
SPT35462	SPT35475	0
SPT35462	SPT35520	0
SPT35462	SPT35324	0.11
SPT35462	SPT35476	0
SPT35462	SPT35485	0
SPT35462	SPT35389	0
SPT35462	SPT35487	0
SPT35462	SPT35369	0
SPT35462	SPT35370	0
SPT35462	SPT35382	0
SPT35462	SPT35521	0
SPT35462	SPT35553	0
SPT35462	SPT35532	0
SPT35462	SPT35384	0
SPT35462	SPT35522	0.03
SPT35462	SPT35361	0
SPT35462	SPT35342	0
SPT35462	SPT35556	0
SPT35462	SPT35557	0
SPT35462	SPT35328	0
SPT35462	SPT35592	0
SPT35462	SPT35435	0
SPT35462	SPT35304	0
SPT35462	SPT35390	0.06
SPT35462	SPT35436	0
SPT35462	SPT35580	0
SPT35462	SPT35538	0
SPT35462	SPT35537	0
SPT35462	SPT35320	0
SPT35462	SPT35541	0
SPT35462	SPT35673	0
SPT35462	SPT35502	0
SPT35462	SPT35330	0
SPT35462	SPT35546	0
SPT35462	SPT35547	0
SPT35462	SPT35544	0
SPT35462	SPT35362	0
SPT35462	SPT35499	0
SPT35462	SPT35336	0
SPT35462	SPT35577	0
SPT35462	SPT35325	0
SPT35462	SPT35331	0
SPT35462	SPT35337	0.03
SPT35462	SPT35306	0
SPT35462	SPT35407	0.48
SPT35462	SPT35346	0
SPT35462	SPT35405	0.42
SPT35462	SPT35410	0
SPT35462	SPT35575	0
SPT35462	SPT35576	0.21
SPT35462	SPT35766	0
SPT35462	SPT35347	0.08
SPT35462	SPT35412	0
SPT35462	SPT35414	0
SPT35462	SPT35348	0
SPT35462	SPT35417	0
SPT35462	SPT35571	0
SPT35462	SPT35349	0
SPT35462	SPT35351	0
SPT35462	SPT35418	0
SPT35462	SPT35419	0.21
SPT35462	SPT35566	0.09
SPT35462	SPT35567	0
SPT35462	SPT35420	0
SPT35462	SPT35423	0
SPT35462	SPT35564	0
SPT35462	SPT35352	0
SPT35462	SPT35424	0
SPT35462	SPT35357	0
SPT35462	SPT35437	0
SPT35462	SPT35563	0
SPT35462	SPT35308	0
SPT35462	SPT35425	0
SPT35462	SPT35440	0
SPT35462	SPT35354	0
SPT35462	SPT35309	0
SPT35462	SPT35310	0
SPT35462	SPT35355	0
SPT35462	SPT35332	0
SPT35462	SPT35333	0
SPT35462	SPT35561	0
SPT35462	SPT35363	0
SPT35462	SPT35427	0
SPT35462	SPT35752	0
SPT35462	SPT35430	0
SPT35462	SPT35431	0
SPT35462	SPT35313	0
SPT35462	SPT35780	0
SPT35462	SPT35315	0
SPT35462	SPT35316	0
SPT35462	SPT35317	0.04
SPT35462	SPT35334	0
SPT35462	SPT35543	0
SPT35463	SPT35341	0
SPT35463	SPT35368	0
SPT35463	SPT35378	0
SPT35463	SPT35552	0
SPT35463	SPT35551	0
SPT35463	SPT35459	0
SPT35463	SPT35474	0
SPT35463	SPT35514	0
SPT35463	SPT35519	0
SPT35463	SPT35526	0
SPT35463	SPT35501	0
SPT35463	SPT35681	0
SPT35463	SPT35467	0
SPT35463	SPT35469	0
SPT35463	SPT35470	0
SPT35463	SPT35468	0
SPT35463	SPT35471	0
SPT35463	SPT35379	0
SPT35463	SPT35472	0
SPT35463	SPT35529	0
SPT35463	SPT35517	0
SPT35463	SPT35516	0
SPT35463	SPT35360	0
SPT35463	SPT35515	0
SPT35463	SPT35518	0
SPT35463	SPT35475	0
SPT35463	SPT35520	0
SPT35463	SPT35324	0
SPT35463	SPT35476	0
SPT35463	SPT35485	0
SPT35463	SPT35389	0
SPT35463	SPT35487	0
SPT35463	SPT35369	0
SPT35463	SPT35370	0
SPT35463	SPT35382	0
SPT35463	SPT35521	0
SPT35463	SPT35553	0
SPT35463	SPT35532	0
SPT35463	SPT35384	0
SPT35463	SPT35522	0
SPT35463	SPT35361	0
SPT35463	SPT35342	0
SPT35463	SPT35556	0
SPT35463	SPT35557	0.02
SPT35463	SPT35328	0
SPT35463	SPT35592	0
SPT35463	SPT35435	0
SPT35463	SPT35304	0
SPT35463	SPT35390	0
SPT35463	SPT35436	0
SPT35463	SPT35580	0
SPT35463	SPT35538	0.02
SPT35463	SPT35537	0
SPT35463	SPT35320	0
SPT35463	SPT35541	0
SPT35463	SPT35673	0
SPT35463	SPT35502	0
SPT35463	SPT35330	0
SPT35463	SPT35546	0
SPT35463	SPT35547	0
SPT35463	SPT35544	0
SPT35463	SPT35362	0
SPT35463	SPT35499	0
SPT35463	SPT35336	0
SPT35463	SPT35577	0
SPT35463	SPT35325	0.02
SPT35463	SPT35331	0
SPT35463	SPT35337	0
SPT35463	SPT35306	0
SPT35463	SPT35407	0
SPT35463	SPT35346	0
SPT35463	SPT35405	0
SPT35463	SPT35410	0
SPT35463	SPT35575	0.02
SPT35463	SPT35576	0
SPT35463	SPT35766	0.08
SPT35463	SPT35347	0
SPT35463	SPT35412	0
SPT35463	SPT35414	0
SPT35463	SPT35348	0
SPT35463	SPT35417	0
SPT35463	SPT35571	0
SPT35463	SPT35349	0
SPT35463	SPT35351	0
SPT35463	SPT35418	0
SPT35463	SPT35419	0
SPT35463	SPT35566	0
SPT35463	SPT35567	0
SPT35463	SPT35420	0
SPT35463	SPT35423	0
SPT35463	SPT35564	0
SPT35463	SPT35352	0
SPT35463	SPT35424	0
SPT35463	SPT35357	0
SPT35463	SPT35437	0
SPT35463	SPT35563	0
SPT35463	SPT35308	0
SPT35463	SPT35425	0
SPT35463	SPT35440	0
SPT35463	SPT35354	0
SPT35463	SPT35309	0
SPT35463	SPT35310	0
SPT35463	SPT35355	0
SPT35463	SPT35332	0.02
SPT35463	SPT35333	0
SPT35463	SPT35561	0
SPT35463	SPT35363	0
SPT35463	SPT35427	0
SPT35463	SPT35752	0
SPT35463	SPT35430	0
SPT35463	SPT35431	0
SPT35463	SPT35313	0
SPT35463	SPT35780	0
SPT35463	SPT35315	0
SPT35463	SPT35316	0
SPT35463	SPT35317	0
SPT35463	SPT35334	0
SPT35463	SPT35543	0
SPT35341	SPT35368	0
SPT35341	SPT35378	0
SPT35341	SPT35552	0
SPT35341	SPT35551	0
SPT35341	SPT35459	0
SPT35341	SPT35474	0.02
SPT35341	SPT35514	0
SPT35341	SPT35519	0
SPT35341	SPT35526	0
SPT35341	SPT35501	0
SPT35341	SPT35681	0
SPT35341	SPT35467	0
SPT35341	SPT35469	0
SPT35341	SPT35470	0.02
SPT35341	SPT35468	0
SPT35341	SPT35471	0
SPT35341	SPT35379	0.02
SPT35341	SPT35472	0
SPT35341	SPT35529	0
SPT35341	SPT35517	0
SPT35341	SPT35516	0
SPT35341	SPT35360	0.18
SPT35341	SPT35515	0
SPT35341	SPT35518	0
SPT35341	SPT35475	0
SPT35341	SPT35520	0
SPT35341	SPT35324	0.04
SPT35341	SPT35476	0
SPT35341	SPT35485	0
SPT35341	SPT35389	0
SPT35341	SPT35487	0
SPT35341	SPT35369	0
SPT35341	SPT35370	0.02
SPT35341	SPT35382	0
SPT35341	SPT35521	0
SPT35341	SPT35553	0
SPT35341	SPT35532	0
SPT35341	SPT35384	0
SPT35341	SPT35522	0
SPT35341	SPT35361	0
SPT35341	SPT35342	0
SPT35341	SPT35556	0
SPT35341	SPT35557	0
SPT35341	SPT35328	0
SPT35341	SPT35592	0
SPT35341	SPT35435	0
SPT35341	SPT35304	0
SPT35341	SPT35390	0.02
SPT35341	SPT35436	0
SPT35341	SPT35580	0
SPT35341	SPT35538	0
SPT35341	SPT35537	0
SPT35341	SPT35320	0
SPT35341	SPT35541	0
SPT35341	SPT35673	0
SPT35341	SPT35502	0
SPT35341	SPT35330	0
SPT35341	SPT35546	0
SPT35341	SPT35547	0
SPT35341	SPT35544	0
SPT35341	SPT35362	0
SPT35341	SPT35499	0
SPT35341	SPT35336	0
SPT35341	SPT35577	0
SPT35341	SPT35325	0
SPT35341	SPT35331	0
SPT35341	SPT35337	0.04
SPT35341	SPT35306	0
SPT35341	SPT35407	0.03
SPT35341	SPT35346	0
SPT35341	SPT35405	0.03
SPT35341	SPT35410	0
SPT35341	SPT35575	0
SPT35341	SPT35576	0
SPT35341	SPT35766	0
SPT35341	SPT35347	0.18
SPT35341	SPT35412	0
SPT35341	SPT35414	0
SPT35341	SPT35348	0.02
SPT35341	SPT35417	0
SPT35341	SPT35571	0
SPT35341	SPT35349	0
SPT35341	SPT35351	0.25
SPT35341	SPT35418	0
SPT35341	SPT35419	0
SPT35341	SPT35566	0
SPT35341	SPT35567	0
SPT35341	SPT35420	0
SPT35341	SPT35423	0
SPT35341	SPT35564	0
SPT35341	SPT35352	0.02
SPT35341	SPT35424	0
SPT35341	SPT35357	0
SPT35341	SPT35437	0
SPT35341	SPT35563	0
SPT35341	SPT35308	0
SPT35341	SPT35425	0
SPT35341	SPT35440	0
SPT35341	SPT35354	0
SPT35341	SPT35309	0
SPT35341	SPT35310	0
SPT35341	SPT35355	0
SPT35341	SPT35332	0
SPT35341	SPT35333	0
SPT35341	SPT35561	0
SPT35341	SPT35363	0
SPT35341	SPT35427	0
SPT35341	SPT35752	0
SPT35341	SPT35430	0
SPT35341	SPT35431	0
SPT35341	SPT35313	0
SPT35341	SPT35780	0
SPT35341	SPT35315	0
SPT35341	SPT35316	0
SPT35341	SPT35317	0
SPT35341	SPT35334	0.06
SPT35341	SPT35543	0
SPT35368	SPT35378	0
SPT35368	SPT35552	0
SPT35368	SPT35551	0
SPT35368	SPT35459	0
SPT35368	SPT35474	0
SPT35368	SPT35514	0
SPT35368	SPT35519	0
SPT35368	SPT35526	0
SPT35368	SPT35501	0
SPT35368	SPT35681	0
SPT35368	SPT35467	0
SPT35368	SPT35469	0
SPT35368	SPT35470	0
SPT35368	SPT35468	0
SPT35368	SPT35471	0
SPT35368	SPT35379	0.05
SPT35368	SPT35472	0
SPT35368	SPT35529	0
SPT35368	SPT35517	0
SPT35368	SPT35516	0
SPT35368	SPT35360	0
SPT35368	SPT35515	0
SPT35368	SPT35518	0
SPT35368	SPT35475	0
SPT35368	SPT35520	0
SPT35368	SPT35324	0
SPT35368	SPT35476	0
SPT35368	SPT35485	0
SPT35368	SPT35389	0
SPT35368	SPT35487	0
SPT35368	SPT35369	0
SPT35368	SPT35370	0
SPT35368	SPT35382	0
SPT35368	SPT35521	0
SPT35368	SPT35553	0
SPT35368	SPT35532	0
SPT35368	SPT35384	0
SPT35368	SPT35522	0
SPT35368	SPT35361	0
SPT35368	SPT35342	0
SPT35368	SPT35556	0
SPT35368	SPT35557	0
SPT35368	SPT35328	0
SPT35368	SPT35592	0
SPT35368	SPT35435	0
SPT35368	SPT35304	0
SPT35368	SPT35390	0
SPT35368	SPT35436	0
SPT35368	SPT35580	0
SPT35368	SPT35538	0
SPT35368	SPT35537	0
SPT35368	SPT35320	0
SPT35368	SPT35541	0
SPT35368	SPT35673	0
SPT35368	SPT35502	0
SPT35368	SPT35330	0
SPT35368	SPT35546	0
SPT35368	SPT35547	0
SPT35368	SPT35544	0
SPT35368	SPT35362	0.06
SPT35368	SPT35499	0
SPT35368	SPT35336	0
SPT35368	SPT35577	0
SPT35368	SPT35325	0
SPT35368	SPT35331	0.06
SPT35368	SPT35337	0
SPT35368	SPT35306	0
SPT35368	SPT35407	0
SPT35368	SPT35346	0
SPT35368	SPT35405	0
SPT35368	SPT35410	0
SPT35368	SPT35575	0
SPT35368	SPT35576	0
SPT35368	SPT35766	0
SPT35368	SPT35347	0
SPT35368	SPT35412	0
SPT35368	SPT35414	0
SPT35368	SPT35348	0
SPT35368	SPT35417	0
SPT35368	SPT35571	0
SPT35368	SPT35349	0
SPT35368	SPT35351	0
SPT35368	SPT35418	0
SPT35368	SPT35419	0
SPT35368	SPT35566	0
SPT35368	SPT35567	0
SPT35368	SPT35420	0
SPT35368	SPT35423	0
SPT35368	SPT35564	0
SPT35368	SPT35352	0.03
SPT35368	SPT35424	0
SPT35368	SPT35357	0
SPT35368	SPT35437	0
SPT35368	SPT35563	0
SPT35368	SPT35308	0
SPT35368	SPT35425	0
SPT35368	SPT35440	0
SPT35368	SPT35354	0
SPT35368	SPT35309	0
SPT35368	SPT35310	0
SPT35368	SPT35355	0
SPT35368	SPT35332	0
SPT35368	SPT35333	0
SPT35368	SPT35561	0
SPT35368	SPT35363	0
SPT35368	SPT35427	0
SPT35368	SPT35752	0
SPT35368	SPT35430	0
SPT35368	SPT35431	0
SPT35368	SPT35313	0
SPT35368	SPT35780	0
SPT35368	SPT35315	0
SPT35368	SPT35316	0
SPT35368	SPT35317	0
SPT35368	SPT35334	0
SPT35368	SPT35543	0
SPT35378	SPT35552	0
SPT35378	SPT35551	0
SPT35378	SPT35459	0
SPT35378	SPT35474	0
SPT35378	SPT35514	0
SPT35378	SPT35519	0
SPT35378	SPT35526	0
SPT35378	SPT35501	0
SPT35378	SPT35681	0
SPT35378	SPT35467	0
SPT35378	SPT35469	0
SPT35378	SPT35470	0
SPT35378	SPT35468	0
SPT35378	SPT35471	0
SPT35378	SPT35379	0
SPT35378	SPT35472	0
SPT35378	SPT35529	0
SPT35378	SPT35517	0
SPT35378	SPT35516	0
SPT35378	SPT35360	0
SPT35378	SPT35515	0
SPT35378	SPT35518	0
SPT35378	SPT35475	0
SPT35378	SPT35520	0
SPT35378	SPT35324	0
SPT35378	SPT35476	0
SPT35378	SPT35485	0
SPT35378	SPT35389	0
SPT35378	SPT35487	0
SPT35378	SPT35369	0
SPT35378	SPT35370	0
SPT35378	SPT35382	0
SPT35378	SPT35521	0
SPT35378	SPT35553	0
SPT35378	SPT35532	0
SPT35378	SPT35384	0.02
SPT35378	SPT35522	0
SPT35378	SPT35361	0
SPT35378	SPT35342	0.03
SPT35378	SPT35556	0
SPT35378	SPT35557	0
SPT35378	SPT35328	0.04
SPT35378	SPT35592	0
SPT35378	SPT35435	0
SPT35378	SPT35304	0
SPT35378	SPT35390	0
SPT35378	SPT35436	0
SPT35378	SPT35580	0
SPT35378	SPT35538	0
SPT35378	SPT35537	0
SPT35378	SPT35320	0
SPT35378	SPT35541	0
SPT35378	SPT35673	0
SPT35378	SPT35502	0
SPT35378	SPT35330	0
SPT35378	SPT35546	0
SPT35378	SPT35547	0
SPT35378	SPT35544	0
SPT35378	SPT35362	0
SPT35378	SPT35499	0
SPT35378	SPT35336	0.02
SPT35378	SPT35577	0
SPT35378	SPT35325	0
SPT35378	SPT35331	0
SPT35378	SPT35337	0
SPT35378	SPT35306	0
SPT35378	SPT35407	0
SPT35378	SPT35346	0.06
SPT35378	SPT35405	0
SPT35378	SPT35410	0.02
SPT35378	SPT35575	0
SPT35378	SPT35576	0
SPT35378	SPT35766	0
SPT35378	SPT35347	0
SPT35378	SPT35412	0
SPT35378	SPT35414	0
SPT35378	SPT35348	0
SPT35378	SPT35417	0
SPT35378	SPT35571	0
SPT35378	SPT35349	0
SPT35378	SPT35351	0
SPT35378	SPT35418	0
SPT35378	SPT35419	0
SPT35378	SPT35566	0
SPT35378	SPT35567	0
SPT35378	SPT35420	0
SPT35378	SPT35423	0
SPT35378	SPT35564	0
SPT35378	SPT35352	0
SPT35378	SPT35424	0
SPT35378	SPT35357	0
SPT35378	SPT35437	0
SPT35378	SPT35563	0
SPT35378	SPT35308	0
SPT35378	SPT35425	0
SPT35378	SPT35440	0.03
SPT35378	SPT35354	0
SPT35378	SPT35309	0
SPT35378	SPT35310	0
SPT35378	SPT35355	0.02
SPT35378	SPT35332	0
SPT35378	SPT35333	0
SPT35378	SPT35561	0
SPT35378	SPT35363	0
SPT35378	SPT35427	0
SPT35378	SPT35752	0
SPT35378	SPT35430	0
SPT35378	SPT35431	0
SPT35378	SPT35313	0
SPT35378	SPT35780	0
SPT35378	SPT35315	0.09
SPT35378	SPT35316	0
SPT35378	SPT35317	0
SPT35378	SPT35334	0
SPT35378	SPT35543	0
SPT35552	SPT35551	0
SPT35552	SPT35459	0
SPT35552	SPT35474	0
SPT35552	SPT35514	0
SPT35552	SPT35519	0
SPT35552	SPT35526	0
SPT35552	SPT35501	0
SPT35552	SPT35681	0
SPT35552	SPT35467	0
SPT35552	SPT35469	0
SPT35552	SPT35470	0
SPT35552	SPT35468	0
SPT35552	SPT35471	0
SPT35552	SPT35379	0
SPT35552	SPT35472	0
SPT35552	SPT35529	0
SPT35552	SPT35517	0
SPT35552	SPT35516	0
SPT35552	SPT35360	0
SPT35552	SPT35515	0
SPT35552	SPT35518	0
SPT35552	SPT35475	0
SPT35552	SPT35520	0
SPT35552	SPT35324	0
SPT35552	SPT35476	0
SPT35552	SPT35485	0
SPT35552	SPT35389	0
SPT35552	SPT35487	0
SPT35552	SPT35369	0
SPT35552	SPT35370	0
SPT35552	SPT35382	0
SPT35552	SPT35521	0
SPT35552	SPT35553	0
SPT35552	SPT35532	0
SPT35552	SPT35384	0
SPT35552	SPT35522	0
SPT35552	SPT35361	0
SPT35552	SPT35342	0
SPT35552	SPT35556	0
SPT35552	SPT35557	0
SPT35552	SPT35328	0
SPT35552	SPT35592	0
SPT35552	SPT35435	0
SPT35552	SPT35304	0
SPT35552	SPT35390	0
SPT35552	SPT35436	0
SPT35552	SPT35580	0
SPT35552	SPT35538	0
SPT35552	SPT35537	0
SPT35552	SPT35320	0
SPT35552	SPT35541	0.02
SPT35552	SPT35673	0
SPT35552	SPT35502	0
SPT35552	SPT35330	0.02
SPT35552	SPT35546	0
SPT35552	SPT35547	0
SPT35552	SPT35544	0
SPT35552	SPT35362	0
SPT35552	SPT35499	0
SPT35552	SPT35336	0
SPT35552	SPT35577	0
SPT35552	SPT35325	0
SPT35552	SPT35331	0
SPT35552	SPT35337	0
SPT35552	SPT35306	0
SPT35552	SPT35407	0
SPT35552	SPT35346	0
SPT35552	SPT35405	0
SPT35552	SPT35410	0
SPT35552	SPT35575	0
SPT35552	SPT35576	0
SPT35552	SPT35766	0
SPT35552	SPT35347	0
SPT35552	SPT35412	0.02
SPT35552	SPT35414	0.02
SPT35552	SPT35348	0
SPT35552	SPT35417	0.02
SPT35552	SPT35571	0
SPT35552	SPT35349	0
SPT35552	SPT35351	0
SPT35552	SPT35418	0
SPT35552	SPT35419	0
SPT35552	SPT35566	0.03
SPT35552	SPT35567	0
SPT35552	SPT35420	0
SPT35552	SPT35423	0
SPT35552	SPT35564	0
SPT35552	SPT35352	0
SPT35552	SPT35424	0
SPT35552	SPT35357	0
SPT35552	SPT35437	0
SPT35552	SPT35563	0
SPT35552	SPT35308	0
SPT35552	SPT35425	0
SPT35552	SPT35440	0
SPT35552	SPT35354	0
SPT35552	SPT35309	0
SPT35552	SPT35310	0
SPT35552	SPT35355	0
SPT35552	SPT35332	0
SPT35552	SPT35333	0
SPT35552	SPT35561	0
SPT35552	SPT35363	0
SPT35552	SPT35427	0
SPT35552	SPT35752	0
SPT35552	SPT35430	0
SPT35552	SPT35431	0
SPT35552	SPT35313	0
SPT35552	SPT35780	0
SPT35552	SPT35315	0
SPT35552	SPT35316	0
SPT35552	SPT35317	0
SPT35552	SPT35334	0
SPT35552	SPT35543	0
SPT35551	SPT35459	0
SPT35551	SPT35474	0
SPT35551	SPT35514	0
SPT35551	SPT35519	0
SPT35551	SPT35526	0
SPT35551	SPT35501	0
SPT35551	SPT35681	0
SPT35551	SPT35467	0
SPT35551	SPT35469	0
SPT35551	SPT35470	0
SPT35551	SPT35468	0
SPT35551	SPT35471	0
SPT35551	SPT35379	0
SPT35551	SPT35472	0
SPT35551	SPT35529	0
SPT35551	SPT35517	0
SPT35551	SPT35516	0
SPT35551	SPT35360	0
SPT35551	SPT35515	0
SPT35551	SPT35518	0
SPT35551	SPT35475	0
SPT35551	SPT35520	0
SPT35551	SPT35324	0
SPT35551	SPT35476	0
SPT35551	SPT35485	0
SPT35551	SPT35389	0
SPT35551	SPT35487	0
SPT35551	SPT35369	0
SPT35551	SPT35370	0
SPT35551	SPT35382	0
SPT35551	SPT35521	0
SPT35551	SPT35553	0
SPT35551	SPT35532	0
SPT35551	SPT35384	0
SPT35551	SPT35522	0
SPT35551	SPT35361	0
SPT35551	SPT35342	0
SPT35551	SPT35556	0
SPT35551	SPT35557	0
SPT35551	SPT35328	0
SPT35551	SPT35592	0
SPT35551	SPT35435	0
SPT35551	SPT35304	0
SPT35551	SPT35390	0
SPT35551	SPT35436	0
SPT35551	SPT35580	0
SPT35551	SPT35538	0
SPT35551	SPT35537	0
SPT35551	SPT35320	0
SPT35551	SPT35541	0
SPT35551	SPT35673	0.02
SPT35551	SPT35502	0
SPT35551	SPT35330	0
SPT35551	SPT35546	0.26
SPT35551	SPT35547	0.25
SPT35551	SPT35544	0
SPT35551	SPT35362	0
SPT35551	SPT35499	0
SPT35551	SPT35336	0
SPT35551	SPT35577	0.07
SPT35551	SPT35325	0
SPT35551	SPT35331	0
SPT35551	SPT35337	0
SPT35551	SPT35306	0
SPT35551	SPT35407	0
SPT35551	SPT35346	0
SPT35551	SPT35405	0
SPT35551	SPT35410	0
SPT35551	SPT35575	0
SPT35551	SPT35576	0
SPT35551	SPT35766	0
SPT35551	SPT35347	0
SPT35551	SPT35412	0
SPT35551	SPT35414	0
SPT35551	SPT35348	0
SPT35551	SPT35417	0
SPT35551	SPT35571	0.94
SPT35551	SPT35349	0
SPT35551	SPT35351	0
SPT35551	SPT35418	0
SPT35551	SPT35419	0
SPT35551	SPT35566	0
SPT35551	SPT35567	0
SPT35551	SPT35420	0
SPT35551	SPT35423	0
SPT35551	SPT35564	0
SPT35551	SPT35352	0
SPT35551	SPT35424	0
SPT35551	SPT35357	0
SPT35551	SPT35437	0
SPT35551	SPT35563	0
SPT35551	SPT35308	0
SPT35551	SPT35425	0
SPT35551	SPT35440	0
SPT35551	SPT35354	0
SPT35551	SPT35309	0
SPT35551	SPT35310	0
SPT35551	SPT35355	0
SPT35551	SPT35332	0
SPT35551	SPT35333	0
SPT35551	SPT35561	0
SPT35551	SPT35363	0
SPT35551	SPT35427	0
SPT35551	SPT35752	0
SPT35551	SPT35430	0
SPT35551	SPT35431	0
SPT35551	SPT35313	0
SPT35551	SPT35780	0
SPT35551	SPT35315	0
SPT35551	SPT35316	0
SPT35551	SPT35317	0
SPT35551	SPT35334	0
SPT35551	SPT35543	0
SPT35459	SPT35474	0
SPT35459	SPT35514	0
SPT35459	SPT35519	0
SPT35459	SPT35526	0
SPT35459	SPT35501	0
SPT35459	SPT35681	0
SPT35459	SPT35467	0
SPT35459	SPT35469	0
SPT35459	SPT35470	0
SPT35459	SPT35468	0
SPT35459	SPT35471	0
SPT35459	SPT35379	0
SPT35459	SPT35472	0
SPT35459	SPT35529	0
SPT35459	SPT35517	0
SPT35459	SPT35516	0
SPT35459	SPT35360	0
SPT35459	SPT35515	0
SPT35459	SPT35518	0.02
SPT35459	SPT35475	0
SPT35459	SPT35520	0
SPT35459	SPT35324	0
SPT35459	SPT35476	0
SPT35459	SPT35485	0.02
SPT35459	SPT35389	0
SPT35459	SPT35487	0
SPT35459	SPT35369	0
SPT35459	SPT35370	0
SPT35459	SPT35382	0
SPT35459	SPT35521	0.02
SPT35459	SPT35553	0
SPT35459	SPT35532	0
SPT35459	SPT35384	0
SPT35459	SPT35522	0
SPT35459	SPT35361	0
SPT35459	SPT35342	0
SPT35459	SPT35556	0
SPT35459	SPT35557	0
SPT35459	SPT35328	0
SPT35459	SPT35592	0
SPT35459	SPT35435	0
SPT35459	SPT35304	0
SPT35459	SPT35390	0
SPT35459	SPT35436	0
SPT35459	SPT35580	0
SPT35459	SPT35538	0
SPT35459	SPT35537	0
SPT35459	SPT35320	0
SPT35459	SPT35541	0
SPT35459	SPT35673	0
SPT35459	SPT35502	0
SPT35459	SPT35330	0
SPT35459	SPT35546	0
SPT35459	SPT35547	0
SPT35459	SPT35544	0
SPT35459	SPT35362	0
SPT35459	SPT35499	0
SPT35459	SPT35336	0
SPT35459	SPT35577	0
SPT35459	SPT35325	0
SPT35459	SPT35331	0
SPT35459	SPT35337	0
SPT35459	SPT35306	0
SPT35459	SPT35407	0
SPT35459	SPT35346	0
SPT35459	SPT35405	0
SPT35459	SPT35410	0
SPT35459	SPT35575	0
SPT35459	SPT35576	0
SPT35459	SPT35766	0
SPT35459	SPT35347	0
SPT35459	SPT35412	0
SPT35459	SPT35414	0
SPT35459	SPT35348	0
SPT35459	SPT35417	0
SPT35459	SPT35571	0
SPT35459	SPT35349	0
SPT35459	SPT35351	0
SPT35459	SPT35418	0
SPT35459	SPT35419	0
SPT35459	SPT35566	0
SPT35459	SPT35567	0
SPT35459	SPT35420	0
SPT35459	SPT35423	0
SPT35459	SPT35564	0
SPT35459	SPT35352	0
SPT35459	SPT35424	0
SPT35459	SPT35357	0
SPT35459	SPT35437	0
SPT35459	SPT35563	0
SPT35459	SPT35308	0
SPT35459	SPT35425	0
SPT35459	SPT35440	0
SPT35459	SPT35354	0
SPT35459	SPT35309	0
SPT35459	SPT35310	0
SPT35459	SPT35355	0
SPT35459	SPT35332	0
SPT35459	SPT35333	0
SPT35459	SPT35561	0
SPT35459	SPT35363	0
SPT35459	SPT35427	0
SPT35459	SPT35752	0
SPT35459	SPT35430	0
SPT35459	SPT35431	0
SPT35459	SPT35313	0
SPT35459	SPT35780	0
SPT35459	SPT35315	0
SPT35459	SPT35316	0
SPT35459	SPT35317	0
SPT35459	SPT35334	0
SPT35459	SPT35543	0
SPT35474	SPT35514	0
SPT35474	SPT35519	0
SPT35474	SPT35526	0
SPT35474	SPT35501	0
SPT35474	SPT35681	0
SPT35474	SPT35467	0
SPT35474	SPT35469	0
SPT35474	SPT35470	0.87
SPT35474	SPT35468	0
SPT35474	SPT35471	0
SPT35474	SPT35379	0
SPT35474	SPT35472	0
SPT35474	SPT35529	0
SPT35474	SPT35517	0
SPT35474	SPT35516	0
SPT35474	SPT35360	0.09
SPT35474	SPT35515	0
SPT35474	SPT35518	0
SPT35474	SPT35475	0
SPT35474	SPT35520	0
SPT35474	SPT35324	0.05
SPT35474	SPT35476	0
SPT35474	SPT35485	0
SPT35474	SPT35389	0
SPT35474	SPT35487	0
SPT35474	SPT35369	0
SPT35474	SPT35370	0
SPT35474	SPT35382	0
SPT35474	SPT35521	0
SPT35474	SPT35553	0
SPT35474	SPT35532	0
SPT35474	SPT35384	0
SPT35474	SPT35522	0.08
SPT35474	SPT35361	0
SPT35474	SPT35342	0
SPT35474	SPT35556	0
SPT35474	SPT35557	0
SPT35474	SPT35328	0
SPT35474	SPT35592	0
SPT35474	SPT35435	0
SPT35474	SPT35304	0
SPT35474	SPT35390	0.04
SPT35474	SPT35436	0
SPT35474	SPT35580	0
SPT35474	SPT35538	0
SPT35474	SPT35537	0
SPT35474	SPT35320	0.03
SPT35474	SPT35541	0
SPT35474	SPT35673	0
SPT35474	SPT35502	0
SPT35474	SPT35330	0
SPT35474	SPT35546	0
SPT35474	SPT35547	0
SPT35474	SPT35544	0
SPT35474	SPT35362	0
SPT35474	SPT35499	0
SPT35474	SPT35336	0
SPT35474	SPT35577	0
SPT35474	SPT35325	0
SPT35474	SPT35331	0
SPT35474	SPT35337	0.05
SPT35474	SPT35306	0
SPT35474	SPT35407	0.43
SPT35474	SPT35346	0
SPT35474	SPT35405	0.36
SPT35474	SPT35410	0
SPT35474	SPT35575	0
SPT35474	SPT35576	0.24
SPT35474	SPT35766	0
SPT35474	SPT35347	0.09
SPT35474	SPT35412	0
SPT35474	SPT35414	0
SPT35474	SPT35348	0
SPT35474	SPT35417	0
SPT35474	SPT35571	0
SPT35474	SPT35349	0
SPT35474	SPT35351	0
SPT35474	SPT35418	0
SPT35474	SPT35419	0.23
SPT35474	SPT35566	0.11
SPT35474	SPT35567	0
SPT35474	SPT35420	0
SPT35474	SPT35423	0
SPT35474	SPT35564	0
SPT35474	SPT35352	0
SPT35474	SPT35424	0
SPT35474	SPT35357	0
SPT35474	SPT35437	0
SPT35474	SPT35563	0
SPT35474	SPT35308	0
SPT35474	SPT35425	0
SPT35474	SPT35440	0
SPT35474	SPT35354	0
SPT35474	SPT35309	0
SPT35474	SPT35310	0
SPT35474	SPT35355	0
SPT35474	SPT35332	0
SPT35474	SPT35333	0
SPT35474	SPT35561	0
SPT35474	SPT35363	0
SPT35474	SPT35427	0
SPT35474	SPT35752	0
SPT35474	SPT35430	0
SPT35474	SPT35431	0
SPT35474	SPT35313	0
SPT35474	SPT35780	0
SPT35474	SPT35315	0
SPT35474	SPT35316	0
SPT35474	SPT35317	0.02
SPT35474	SPT35334	0.04
SPT35474	SPT35543	0
SPT35514	SPT35519	0
SPT35514	SPT35526	0
SPT35514	SPT35501	0
SPT35514	SPT35681	0
SPT35514	SPT35467	0
SPT35514	SPT35469	0.41
SPT35514	SPT35470	0
SPT35514	SPT35468	0.54
SPT35514	SPT35471	0.42
SPT35514	SPT35379	0
SPT35514	SPT35472	0
SPT35514	SPT35529	0
SPT35514	SPT35517	0.48
SPT35514	SPT35516	0.38
SPT35514	SPT35360	0
SPT35514	SPT35515	0.4
SPT35514	SPT35518	0
SPT35514	SPT35475	0
SPT35514	SPT35520	0
SPT35514	SPT35324	0
SPT35514	SPT35476	0.8
SPT35514	SPT35485	0
SPT35514	SPT35389	0
SPT35514	SPT35487	0.34
SPT35514	SPT35369	0
SPT35514	SPT35370	0
SPT35514	SPT35382	0
SPT35514	SPT35521	0
SPT35514	SPT35553	0
SPT35514	SPT35532	0.43
SPT35514	SPT35384	0
SPT35514	SPT35522	0
SPT35514	SPT35361	0
SPT35514	SPT35342	0
SPT35514	SPT35556	0
SPT35514	SPT35557	0
SPT35514	SPT35328	0
SPT35514	SPT35592	0
SPT35514	SPT35435	0.42
SPT35514	SPT35304	0
SPT35514	SPT35390	0
SPT35514	SPT35436	0
SPT35514	SPT35580	0
SPT35514	SPT35538	0
SPT35514	SPT35537	0
SPT35514	SPT35320	0
SPT35514	SPT35541	0
SPT35514	SPT35673	0
SPT35514	SPT35502	0
SPT35514	SPT35330	0
SPT35514	SPT35546	0
SPT35514	SPT35547	0
SPT35514	SPT35544	0
SPT35514	SPT35362	0
SPT35514	SPT35499	0
SPT35514	SPT35336	0
SPT35514	SPT35577	0
SPT35514	SPT35325	0
SPT35514	SPT35331	0
SPT35514	SPT35337	0
SPT35514	SPT35306	0
SPT35514	SPT35407	0
SPT35514	SPT35346	0
SPT35514	SPT35405	0
SPT35514	SPT35410	0
SPT35514	SPT35575	0
SPT35514	SPT35576	0
SPT35514	SPT35766	0
SPT35514	SPT35347	0
SPT35514	SPT35412	0
SPT35514	SPT35414	0
SPT35514	SPT35348	0
SPT35514	SPT35417	0
SPT35514	SPT35571	0
SPT35514	SPT35349	0
SPT35514	SPT35351	0
SPT35514	SPT35418	0
SPT35514	SPT35419	0
SPT35514	SPT35566	0
SPT35514	SPT35567	0
SPT35514	SPT35420	0
SPT35514	SPT35423	0
SPT35514	SPT35564	0
SPT35514	SPT35352	0
SPT35514	SPT35424	0
SPT35514	SPT35357	0
SPT35514	SPT35437	0.25
SPT35514	SPT35563	0
SPT35514	SPT35308	0
SPT35514	SPT35425	0
SPT35514	SPT35440	0
SPT35514	SPT35354	0
SPT35514	SPT35309	0
SPT35514	SPT35310	0
SPT35514	SPT35355	0
SPT35514	SPT35332	0
SPT35514	SPT35333	0
SPT35514	SPT35561	0.02
SPT35514	SPT35363	0
SPT35514	SPT35427	0
SPT35514	SPT35752	0
SPT35514	SPT35430	0
SPT35514	SPT35431	0
SPT35514	SPT35313	0
SPT35514	SPT35780	0
SPT35514	SPT35315	0
SPT35514	SPT35316	0
SPT35514	SPT35317	0
SPT35514	SPT35334	0
SPT35514	SPT35543	0
SPT35519	SPT35526	0
SPT35519	SPT35501	0
SPT35519	SPT35681	0
SPT35519	SPT35467	0
SPT35519	SPT35469	0
SPT35519	SPT35470	0
SPT35519	SPT35468	0
SPT35519	SPT35471	0
SPT35519	SPT35379	0
SPT35519	SPT35472	0.02
SPT35519	SPT35529	0
SPT35519	SPT35517	0
SPT35519	SPT35516	0
SPT35519	SPT35360	0
SPT35519	SPT35515	0
SPT35519	SPT35518	0
SPT35519	SPT35475	0
SPT35519	SPT35520	0
SPT35519	SPT35324	0
SPT35519	SPT35476	0
SPT35519	SPT35485	0
SPT35519	SPT35389	0
SPT35519	SPT35487	0
SPT35519	SPT35369	0
SPT35519	SPT35370	0
SPT35519	SPT35382	0
SPT35519	SPT35521	0
SPT35519	SPT35553	0
SPT35519	SPT35532	0
SPT35519	SPT35384	0
SPT35519	SPT35522	0
SPT35519	SPT35361	0
SPT35519	SPT35342	0
SPT35519	SPT35556	0
SPT35519	SPT35557	0
SPT35519	SPT35328	0
SPT35519	SPT35592	0
SPT35519	SPT35435	0
SPT35519	SPT35304	0
SPT35519	SPT35390	0
SPT35519	SPT35436	0
SPT35519	SPT35580	0
SPT35519	SPT35538	0
SPT35519	SPT35537	0
SPT35519	SPT35320	0
SPT35519	SPT35541	0
SPT35519	SPT35673	0
SPT35519	SPT35502	0
SPT35519	SPT35330	0
SPT35519	SPT35546	0
SPT35519	SPT35547	0
SPT35519	SPT35544	0
SPT35519	SPT35362	0
SPT35519	SPT35499	0
SPT35519	SPT35336	0
SPT35519	SPT35577	0
SPT35519	SPT35325	0
SPT35519	SPT35331	0
SPT35519	SPT35337	0
SPT35519	SPT35306	0
SPT35519	SPT35407	0
SPT35519	SPT35346	0
SPT35519	SPT35405	0
SPT35519	SPT35410	0
SPT35519	SPT35575	0
SPT35519	SPT35576	0
SPT35519	SPT35766	0
SPT35519	SPT35347	0
SPT35519	SPT35412	0
SPT35519	SPT35414	0
SPT35519	SPT35348	0
SPT35519	SPT35417	0
SPT35519	SPT35571	0
SPT35519	SPT35349	0
SPT35519	SPT35351	0
SPT35519	SPT35418	0
SPT35519	SPT35419	0
SPT35519	SPT35566	0
SPT35519	SPT35567	0
SPT35519	SPT35420	0
SPT35519	SPT35423	0
SPT35519	SPT35564	0
SPT35519	SPT35352	0
SPT35519	SPT35424	0
SPT35519	SPT35357	0
SPT35519	SPT35437	0
SPT35519	SPT35563	0
SPT35519	SPT35308	0
SPT35519	SPT35425	0
SPT35519	SPT35440	0
SPT35519	SPT35354	0
SPT35519	SPT35309	0
SPT35519	SPT35310	0
SPT35519	SPT35355	0
SPT35519	SPT35332	0
SPT35519	SPT35333	0
SPT35519	SPT35561	0
SPT35519	SPT35363	0
SPT35519	SPT35427	0
SPT35519	SPT35752	0
SPT35519	SPT35430	0
SPT35519	SPT35431	0.02
SPT35519	SPT35313	0
SPT35519	SPT35780	0
SPT35519	SPT35315	0
SPT35519	SPT35316	0
SPT35519	SPT35317	0
SPT35519	SPT35334	0
SPT35519	SPT35543	0.03
SPT35526	SPT35501	0
SPT35526	SPT35681	0
SPT35526	SPT35467	0.99
SPT35526	SPT35469	0
SPT35526	SPT35470	0
SPT35526	SPT35468	0
SPT35526	SPT35471	0
SPT35526	SPT35379	0
SPT35526	SPT35472	0
SPT35526	SPT35529	0.98
SPT35526	SPT35517	0
SPT35526	SPT35516	0
SPT35526	SPT35360	0
SPT35526	SPT35515	0
SPT35526	SPT35518	0
SPT35526	SPT35475	0.99
SPT35526	SPT35520	0
SPT35526	SPT35324	0
SPT35526	SPT35476	0
SPT35526	SPT35485	0
SPT35526	SPT35389	0
SPT35526	SPT35487	0
SPT35526	SPT35369	0
SPT35526	SPT35370	0
SPT35526	SPT35382	0
SPT35526	SPT35521	0
SPT35526	SPT35553	0
SPT35526	SPT35532	0
SPT35526	SPT35384	0
SPT35526	SPT35522	0
SPT35526	SPT35361	0
SPT35526	SPT35342	0
SPT35526	SPT35556	0
SPT35526	SPT35557	0
SPT35526	SPT35328	0
SPT35526	SPT35592	0
SPT35526	SPT35435	0
SPT35526	SPT35304	0
SPT35526	SPT35390	0
SPT35526	SPT35436	0
SPT35526	SPT35580	0
SPT35526	SPT35538	0
SPT35526	SPT35537	0
SPT35526	SPT35320	0
SPT35526	SPT35541	0
SPT35526	SPT35673	0
SPT35526	SPT35502	0
SPT35526	SPT35330	0
SPT35526	SPT35546	0
SPT35526	SPT35547	0
SPT35526	SPT35544	0
SPT35526	SPT35362	0
SPT35526	SPT35499	0
SPT35526	SPT35336	0
SPT35526	SPT35577	0
SPT35526	SPT35325	0
SPT35526	SPT35331	0
SPT35526	SPT35337	0
SPT35526	SPT35306	0
SPT35526	SPT35407	0
SPT35526	SPT35346	0
SPT35526	SPT35405	0
SPT35526	SPT35410	0
SPT35526	SPT35575	0
SPT35526	SPT35576	0
SPT35526	SPT35766	0
SPT35526	SPT35347	0
SPT35526	SPT35412	0
SPT35526	SPT35414	0
SPT35526	SPT35348	0
SPT35526	SPT35417	0
SPT35526	SPT35571	0
SPT35526	SPT35349	0
SPT35526	SPT35351	0
SPT35526	SPT35418	0
SPT35526	SPT35419	0
SPT35526	SPT35566	0
SPT35526	SPT35567	0
SPT35526	SPT35420	0
SPT35526	SPT35423	0
SPT35526	SPT35564	0
SPT35526	SPT35352	0
SPT35526	SPT35424	0
SPT35526	SPT35357	0
SPT35526	SPT35437	0
SPT35526	SPT35563	0
SPT35526	SPT35308	0
SPT35526	SPT35425	0
SPT35526	SPT35440	0
SPT35526	SPT35354	0
SPT35526	SPT35309	0
SPT35526	SPT35310	0
SPT35526	SPT35355	0
SPT35526	SPT35332	0
SPT35526	SPT35333	0
SPT35526	SPT35561	0
SPT35526	SPT35363	0
SPT35526	SPT35427	0
SPT35526	SPT35752	0
SPT35526	SPT35430	0
SPT35526	SPT35431	0
SPT35526	SPT35313	0
SPT35526	SPT35780	0
SPT35526	SPT35315	0
SPT35526	SPT35316	0
SPT35526	SPT35317	0
SPT35526	SPT35334	0
SPT35526	SPT35543	0
SPT35501	SPT35681	0
SPT35501	SPT35467	0
SPT35501	SPT35469	0
SPT35501	SPT35470	0
SPT35501	SPT35468	0
SPT35501	SPT35471	0
SPT35501	SPT35379	0
SPT35501	SPT35472	0
SPT35501	SPT35529	0
SPT35501	SPT35517	0
SPT35501	SPT35516	0
SPT35501	SPT35360	0
SPT35501	SPT35515	0
SPT35501	SPT35518	0
SPT35501	SPT35475	0
SPT35501	SPT35520	0
SPT35501	SPT35324	0
SPT35501	SPT35476	0
SPT35501	SPT35485	0
SPT35501	SPT35389	0
SPT35501	SPT35487	0
SPT35501	SPT35369	0
SPT35501	SPT35370	0
SPT35501	SPT35382	0
SPT35501	SPT35521	0
SPT35501	SPT35553	0
SPT35501	SPT35532	0
SPT35501	SPT35384	0
SPT35501	SPT35522	0
SPT35501	SPT35361	0
SPT35501	SPT35342	0
SPT35501	SPT35556	0
SPT35501	SPT35557	0
SPT35501	SPT35328	0
SPT35501	SPT35592	0
SPT35501	SPT35435	0
SPT35501	SPT35304	0
SPT35501	SPT35390	0
SPT35501	SPT35436	0
SPT35501	SPT35580	0
SPT35501	SPT35538	0
SPT35501	SPT35537	0
SPT35501	SPT35320	0
SPT35501	SPT35541	0
SPT35501	SPT35673	0
SPT35501	SPT35502	0
SPT35501	SPT35330	0
SPT35501	SPT35546	0
SPT35501	SPT35547	0
SPT35501	SPT35544	0
SPT35501	SPT35362	0
SPT35501	SPT35499	0.34
SPT35501	SPT35336	0
SPT35501	SPT35577	0
SPT35501	SPT35325	0
SPT35501	SPT35331	0
SPT35501	SPT35337	0
SPT35501	SPT35306	0
SPT35501	SPT35407	0
SPT35501	SPT35346	0
SPT35501	SPT35405	0
SPT35501	SPT35410	0
SPT35501	SPT35575	0
SPT35501	SPT35576	0
SPT35501	SPT35766	0
SPT35501	SPT35347	0
SPT35501	SPT35412	0
SPT35501	SPT35414	0
SPT35501	SPT35348	0
SPT35501	SPT35417	0
SPT35501	SPT35571	0
SPT35501	SPT35349	0
SPT35501	SPT35351	0
SPT35501	SPT35418	0
SPT35501	SPT35419	0
SPT35501	SPT35566	0
SPT35501	SPT35567	0
SPT35501	SPT35420	0
SPT35501	SPT35423	0
SPT35501	SPT35564	0
SPT35501	SPT35352	0
SPT35501	SPT35424	0
SPT35501	SPT35357	0
SPT35501	SPT35437	0
SPT35501	SPT35563	0
SPT35501	SPT35308	0
SPT35501	SPT35425	0
SPT35501	SPT35440	0
SPT35501	SPT35354	0
SPT35501	SPT35309	0
SPT35501	SPT35310	0
SPT35501	SPT35355	0
SPT35501	SPT35332	0
SPT35501	SPT35333	0
SPT35501	SPT35561	0
SPT35501	SPT35363	0
SPT35501	SPT35427	0
SPT35501	SPT35752	0
SPT35501	SPT35430	0
SPT35501	SPT35431	0
SPT35501	SPT35313	0
SPT35501	SPT35780	0
SPT35501	SPT35315	0
SPT35501	SPT35316	0
SPT35501	SPT35317	0
SPT35501	SPT35334	0
SPT35501	SPT35543	0
SPT35681	SPT35467	0
SPT35681	SPT35469	0
SPT35681	SPT35470	0
SPT35681	SPT35468	0
SPT35681	SPT35471	0
SPT35681	SPT35379	0
SPT35681	SPT35472	0
SPT35681	SPT35529	0
SPT35681	SPT35517	0
SPT35681	SPT35516	0
SPT35681	SPT35360	0
SPT35681	SPT35515	0
SPT35681	SPT35518	0.03
SPT35681	SPT35475	0
SPT35681	SPT35520	0
SPT35681	SPT35324	0
SPT35681	SPT35476	0
SPT35681	SPT35485	0
SPT35681	SPT35389	0
SPT35681	SPT35487	0
SPT35681	SPT35369	0
SPT35681	SPT35370	0
SPT35681	SPT35382	0
SPT35681	SPT35521	0
SPT35681	SPT35553	0
SPT35681	SPT35532	0
SPT35681	SPT35384	0
SPT35681	SPT35522	0
SPT35681	SPT35361	0
SPT35681	SPT35342	0
SPT35681	SPT35556	0
SPT35681	SPT35557	0
SPT35681	SPT35328	0
SPT35681	SPT35592	0
SPT35681	SPT35435	0
SPT35681	SPT35304	0
SPT35681	SPT35390	0
SPT35681	SPT35436	0
SPT35681	SPT35580	0
SPT35681	SPT35538	0
SPT35681	SPT35537	0
SPT35681	SPT35320	0
SPT35681	SPT35541	0
SPT35681	SPT35673	0
SPT35681	SPT35502	0
SPT35681	SPT35330	0
SPT35681	SPT35546	0
SPT35681	SPT35547	0
SPT35681	SPT35544	0
SPT35681	SPT35362	0
SPT35681	SPT35499	0
SPT35681	SPT35336	0
SPT35681	SPT35577	0
SPT35681	SPT35325	0
SPT35681	SPT35331	0
SPT35681	SPT35337	0
SPT35681	SPT35306	0
SPT35681	SPT35407	0
SPT35681	SPT35346	0
SPT35681	SPT35405	0
SPT35681	SPT35410	0
SPT35681	SPT35575	0
SPT35681	SPT35576	0
SPT35681	SPT35766	0
SPT35681	SPT35347	0
SPT35681	SPT35412	0
SPT35681	SPT35414	0
SPT35681	SPT35348	0
SPT35681	SPT35417	0
SPT35681	SPT35571	0
SPT35681	SPT35349	0
SPT35681	SPT35351	0
SPT35681	SPT35418	0
SPT35681	SPT35419	0
SPT35681	SPT35566	0
SPT35681	SPT35567	0
SPT35681	SPT35420	0
SPT35681	SPT35423	0
SPT35681	SPT35564	0
SPT35681	SPT35352	0
SPT35681	SPT35424	0
SPT35681	SPT35357	0
SPT35681	SPT35437	0
SPT35681	SPT35563	0
SPT35681	SPT35308	0
SPT35681	SPT35425	0
SPT35681	SPT35440	0
SPT35681	SPT35354	0
SPT35681	SPT35309	0
SPT35681	SPT35310	0
SPT35681	SPT35355	0
SPT35681	SPT35332	0
SPT35681	SPT35333	0
SPT35681	SPT35561	0
SPT35681	SPT35363	0
SPT35681	SPT35427	0
SPT35681	SPT35752	0
SPT35681	SPT35430	0
SPT35681	SPT35431	0
SPT35681	SPT35313	0
SPT35681	SPT35780	0.02
SPT35681	SPT35315	0
SPT35681	SPT35316	0
SPT35681	SPT35317	0
SPT35681	SPT35334	0
SPT35681	SPT35543	0
SPT35467	SPT35469	0
SPT35467	SPT35470	0
SPT35467	SPT35468	0
SPT35467	SPT35471	0
SPT35467	SPT35379	0
SPT35467	SPT35472	0
SPT35467	SPT35529	0.99
SPT35467	SPT35517	0
SPT35467	SPT35516	0
SPT35467	SPT35360	0
SPT35467	SPT35515	0
SPT35467	SPT35518	0
SPT35467	SPT35475	0.99
SPT35467	SPT35520	0
SPT35467	SPT35324	0
SPT35467	SPT35476	0
SPT35467	SPT35485	0
SPT35467	SPT35389	0
SPT35467	SPT35487	0
SPT35467	SPT35369	0
SPT35467	SPT35370	0
SPT35467	SPT35382	0
SPT35467	SPT35521	0
SPT35467	SPT35553	0
SPT35467	SPT35532	0
SPT35467	SPT35384	0
SPT35467	SPT35522	0
SPT35467	SPT35361	0
SPT35467	SPT35342	0
SPT35467	SPT35556	0
SPT35467	SPT35557	0
SPT35467	SPT35328	0
SPT35467	SPT35592	0
SPT35467	SPT35435	0
SPT35467	SPT35304	0
SPT35467	SPT35390	0
SPT35467	SPT35436	0
SPT35467	SPT35580	0
SPT35467	SPT35538	0
SPT35467	SPT35537	0
SPT35467	SPT35320	0
SPT35467	SPT35541	0
SPT35467	SPT35673	0
SPT35467	SPT35502	0
SPT35467	SPT35330	0
SPT35467	SPT35546	0
SPT35467	SPT35547	0
SPT35467	SPT35544	0
SPT35467	SPT35362	0
SPT35467	SPT35499	0
SPT35467	SPT35336	0
SPT35467	SPT35577	0
SPT35467	SPT35325	0
SPT35467	SPT35331	0
SPT35467	SPT35337	0
SPT35467	SPT35306	0
SPT35467	SPT35407	0
SPT35467	SPT35346	0
SPT35467	SPT35405	0
SPT35467	SPT35410	0
SPT35467	SPT35575	0
SPT35467	SPT35576	0
SPT35467	SPT35766	0
SPT35467	SPT35347	0
SPT35467	SPT35412	0
SPT35467	SPT35414	0
SPT35467	SPT35348	0
SPT35467	SPT35417	0
SPT35467	SPT35571	0
SPT35467	SPT35349	0
SPT35467	SPT35351	0
SPT35467	SPT35418	0
SPT35467	SPT35419	0
SPT35467	SPT35566	0
SPT35467	SPT35567	0
SPT35467	SPT35420	0
SPT35467	SPT35423	0
SPT35467	SPT35564	0
SPT35467	SPT35352	0
SPT35467	SPT35424	0
SPT35467	SPT35357	0
SPT35467	SPT35437	0
SPT35467	SPT35563	0
SPT35467	SPT35308	0
SPT35467	SPT35425	0
SPT35467	SPT35440	0
SPT35467	SPT35354	0
SPT35467	SPT35309	0
SPT35467	SPT35310	0
SPT35467	SPT35355	0
SPT35467	SPT35332	0
SPT35467	SPT35333	0
SPT35467	SPT35561	0
SPT35467	SPT35363	0
SPT35467	SPT35427	0
SPT35467	SPT35752	0
SPT35467	SPT35430	0
SPT35467	SPT35431	0
SPT35467	SPT35313	0
SPT35467	SPT35780	0
SPT35467	SPT35315	0
SPT35467	SPT35316	0
SPT35467	SPT35317	0
SPT35467	SPT35334	0
SPT35467	SPT35543	0
SPT35469	SPT35470	0
SPT35469	SPT35468	0.41
SPT35469	SPT35471	0.42
SPT35469	SPT35379	0
SPT35469	SPT35472	0
SPT35469	SPT35529	0
SPT35469	SPT35517	0.44
SPT35469	SPT35516	0.46
SPT35469	SPT35360	0
SPT35469	SPT35515	0.45
SPT35469	SPT35518	0
SPT35469	SPT35475	0
SPT35469	SPT35520	0
SPT35469	SPT35324	0
SPT35469	SPT35476	0.46
SPT35469	SPT35485	0
SPT35469	SPT35389	0
SPT35469	SPT35487	0.47
SPT35469	SPT35369	0
SPT35469	SPT35370	0
SPT35469	SPT35382	0
SPT35469	SPT35521	0
SPT35469	SPT35553	0
SPT35469	SPT35532	0.45
SPT35469	SPT35384	0
SPT35469	SPT35522	0
SPT35469	SPT35361	0
SPT35469	SPT35342	0
SPT35469	SPT35556	0
SPT35469	SPT35557	0
SPT35469	SPT35328	0
SPT35469	SPT35592	0
SPT35469	SPT35435	0.46
SPT35469	SPT35304	0
SPT35469	SPT35390	0
SPT35469	SPT35436	0
SPT35469	SPT35580	0
SPT35469	SPT35538	0
SPT35469	SPT35537	0
SPT35469	SPT35320	0
SPT35469	SPT35541	0
SPT35469	SPT35673	0
SPT35469	SPT35502	0
SPT35469	SPT35330	0
SPT35469	SPT35546	0
SPT35469	SPT35547	0
SPT35469	SPT35544	0
SPT35469	SPT35362	0
SPT35469	SPT35499	0
SPT35469	SPT35336	0
SPT35469	SPT35577	0
SPT35469	SPT35325	0
SPT35469	SPT35331	0
SPT35469	SPT35337	0
SPT35469	SPT35306	0
SPT35469	SPT35407	0
SPT35469	SPT35346	0
SPT35469	SPT35405	0
SPT35469	SPT35410	0
SPT35469	SPT35575	0
SPT35469	SPT35576	0
SPT35469	SPT35766	0
SPT35469	SPT35347	0
SPT35469	SPT35412	0
SPT35469	SPT35414	0
SPT35469	SPT35348	0
SPT35469	SPT35417	0
SPT35469	SPT35571	0
SPT35469	SPT35349	0
SPT35469	SPT35351	0
SPT35469	SPT35418	0
SPT35469	SPT35419	0
SPT35469	SPT35566	0
SPT35469	SPT35567	0
SPT35469	SPT35420	0
SPT35469	SPT35423	0
SPT35469	SPT35564	0
SPT35469	SPT35352	0
SPT35469	SPT35424	0
SPT35469	SPT35357	0
SPT35469	SPT35437	0.19
SPT35469	SPT35563	0
SPT35469	SPT35308	0
SPT35469	SPT35425	0
SPT35469	SPT35440	0
SPT35469	SPT35354	0
SPT35469	SPT35309	0
SPT35469	SPT35310	0
SPT35469	SPT35355	0
SPT35469	SPT35332	0
SPT35469	SPT35333	0
SPT35469	SPT35561	0
SPT35469	SPT35363	0
SPT35469	SPT35427	0
SPT35469	SPT35752	0
SPT35469	SPT35430	0
SPT35469	SPT35431	0
SPT35469	SPT35313	0
SPT35469	SPT35780	0
SPT35469	SPT35315	0
SPT35469	SPT35316	0
SPT35469	SPT35317	0
SPT35469	SPT35334	0
SPT35469	SPT35543	0
SPT35470	SPT35468	0
SPT35470	SPT35471	0
SPT35470	SPT35379	0
SPT35470	SPT35472	0
SPT35470	SPT35529	0
SPT35470	SPT35517	0
SPT35470	SPT35516	0
SPT35470	SPT35360	0.1
SPT35470	SPT35515	0
SPT35470	SPT35518	0
SPT35470	SPT35475	0
SPT35470	SPT35520	0
SPT35470	SPT35324	0.06
SPT35470	SPT35476	0
SPT35470	SPT35485	0
SPT35470	SPT35389	0
SPT35470	SPT35487	0
SPT35470	SPT35369	0
SPT35470	SPT35370	0
SPT35470	SPT35382	0
SPT35470	SPT35521	0
SPT35470	SPT35553	0
SPT35470	SPT35532	0
SPT35470	SPT35384	0
SPT35470	SPT35522	0.06
SPT35470	SPT35361	0
SPT35470	SPT35342	0
SPT35470	SPT35556	0
SPT35470	SPT35557	0
SPT35470	SPT35328	0
SPT35470	SPT35592	0
SPT35470	SPT35435	0
SPT35470	SPT35304	0
SPT35470	SPT35390	0.06
SPT35470	SPT35436	0
SPT35470	SPT35580	0
SPT35470	SPT35538	0
SPT35470	SPT35537	0
SPT35470	SPT35320	0.03
SPT35470	SPT35541	0
SPT35470	SPT35673	0
SPT35470	SPT35502	0
SPT35470	SPT35330	0
SPT35470	SPT35546	0
SPT35470	SPT35547	0
SPT35470	SPT35544	0
SPT35470	SPT35362	0
SPT35470	SPT35499	0
SPT35470	SPT35336	0
SPT35470	SPT35577	0
SPT35470	SPT35325	0
SPT35470	SPT35331	0
SPT35470	SPT35337	0.04
SPT35470	SPT35306	0
SPT35470	SPT35407	0.49
SPT35470	SPT35346	0
SPT35470	SPT35405	0.41
SPT35470	SPT35410	0
SPT35470	SPT35575	0
SPT35470	SPT35576	0.29
SPT35470	SPT35766	0
SPT35470	SPT35347	0.11
SPT35470	SPT35412	0
SPT35470	SPT35414	0
SPT35470	SPT35348	0
SPT35470	SPT35417	0
SPT35470	SPT35571	0
SPT35470	SPT35349	0
SPT35470	SPT35351	0
SPT35470	SPT35418	0
SPT35470	SPT35419	0.29
SPT35470	SPT35566	0.14
SPT35470	SPT35567	0
SPT35470	SPT35420	0
SPT35470	SPT35423	0
SPT35470	SPT35564	0
SPT35470	SPT35352	0
SPT35470	SPT35424	0
SPT35470	SPT35357	0
SPT35470	SPT35437	0
SPT35470	SPT35563	0
SPT35470	SPT35308	0
SPT35470	SPT35425	0
SPT35470	SPT35440	0
SPT35470	SPT35354	0
SPT35470	SPT35309	0
SPT35470	SPT35310	0
SPT35470	SPT35355	0
SPT35470	SPT35332	0
SPT35470	SPT35333	0
SPT35470	SPT35561	0
SPT35470	SPT35363	0
SPT35470	SPT35427	0
SPT35470	SPT35752	0
SPT35470	SPT35430	0
SPT35470	SPT35431	0
SPT35470	SPT35313	0
SPT35470	SPT35780	0
SPT35470	SPT35315	0
SPT35470	SPT35316	0
SPT35470	SPT35317	0.02
SPT35470	SPT35334	0.03
SPT35470	SPT35543	0
SPT35468	SPT35471	0.38
SPT35468	SPT35379	0
SPT35468	SPT35472	0
SPT35468	SPT35529	0
SPT35468	SPT35517	0.47
SPT35468	SPT35516	0.37
SPT35468	SPT35360	0
SPT35468	SPT35515	0.4
SPT35468	SPT35518	0
SPT35468	SPT35475	0
SPT35468	SPT35520	0
SPT35468	SPT35324	0
SPT35468	SPT35476	0.63
SPT35468	SPT35485	0
SPT35468	SPT35389	0
SPT35468	SPT35487	0.4
SPT35468	SPT35369	0
SPT35468	SPT35370	0
SPT35468	SPT35382	0
SPT35468	SPT35521	0
SPT35468	SPT35553	0
SPT35468	SPT35532	0.53
SPT35468	SPT35384	0
SPT35468	SPT35522	0
SPT35468	SPT35361	0
SPT35468	SPT35342	0
SPT35468	SPT35556	0
SPT35468	SPT35557	0
SPT35468	SPT35328	0
SPT35468	SPT35592	0
SPT35468	SPT35435	0.44
SPT35468	SPT35304	0
SPT35468	SPT35390	0
SPT35468	SPT35436	0
SPT35468	SPT35580	0
SPT35468	SPT35538	0
SPT35468	SPT35537	0
SPT35468	SPT35320	0
SPT35468	SPT35541	0
SPT35468	SPT35673	0
SPT35468	SPT35502	0
SPT35468	SPT35330	0
SPT35468	SPT35546	0
SPT35468	SPT35547	0
SPT35468	SPT35544	0
SPT35468	SPT35362	0
SPT35468	SPT35499	0
SPT35468	SPT35336	0
SPT35468	SPT35577	0
SPT35468	SPT35325	0
SPT35468	SPT35331	0
SPT35468	SPT35337	0
SPT35468	SPT35306	0
SPT35468	SPT35407	0
SPT35468	SPT35346	0
SPT35468	SPT35405	0
SPT35468	SPT35410	0
SPT35468	SPT35575	0
SPT35468	SPT35576	0
SPT35468	SPT35766	0
SPT35468	SPT35347	0
SPT35468	SPT35412	0
SPT35468	SPT35414	0
SPT35468	SPT35348	0
SPT35468	SPT35417	0
SPT35468	SPT35571	0
SPT35468	SPT35349	0
SPT35468	SPT35351	0
SPT35468	SPT35418	0
SPT35468	SPT35419	0
SPT35468	SPT35566	0
SPT35468	SPT35567	0
SPT35468	SPT35420	0
SPT35468	SPT35423	0
SPT35468	SPT35564	0
SPT35468	SPT35352	0
SPT35468	SPT35424	0
SPT35468	SPT35357	0
SPT35468	SPT35437	0.24
SPT35468	SPT35563	0
SPT35468	SPT35308	0
SPT35468	SPT35425	0
SPT35468	SPT35440	0
SPT35468	SPT35354	0
SPT35468	SPT35309	0
SPT35468	SPT35310	0
SPT35468	SPT35355	0
SPT35468	SPT35332	0
SPT35468	SPT35333	0
SPT35468	SPT35561	0.02
SPT35468	SPT35363	0
SPT35468	SPT35427	0
SPT35468	SPT35752	0
SPT35468	SPT35430	0
SPT35468	SPT35431	0
SPT35468	SPT35313	0
SPT35468	SPT35780	0
SPT35468	SPT35315	0
SPT35468	SPT35316	0
SPT35468	SPT35317	0
SPT35468	SPT35334	0
SPT35468	SPT35543	0
SPT35471	SPT35379	0
SPT35471	SPT35472	0
SPT35471	SPT35529	0
SPT35471	SPT35517	0.51
SPT35471	SPT35516	0.47
SPT35471	SPT35360	0
SPT35471	SPT35515	0.62
SPT35471	SPT35518	0
SPT35471	SPT35475	0
SPT35471	SPT35520	0
SPT35471	SPT35324	0
SPT35471	SPT35476	0.45
SPT35471	SPT35485	0
SPT35471	SPT35389	0
SPT35471	SPT35487	0.49
SPT35471	SPT35369	0
SPT35471	SPT35370	0
SPT35471	SPT35382	0
SPT35471	SPT35521	0
SPT35471	SPT35553	0
SPT35471	SPT35532	0.47
SPT35471	SPT35384	0
SPT35471	SPT35522	0
SPT35471	SPT35361	0
SPT35471	SPT35342	0
SPT35471	SPT35556	0
SPT35471	SPT35557	0
SPT35471	SPT35328	0
SPT35471	SPT35592	0
SPT35471	SPT35435	0.48
SPT35471	SPT35304	0
SPT35471	SPT35390	0
SPT35471	SPT35436	0
SPT35471	SPT35580	0
SPT35471	SPT35538	0
SPT35471	SPT35537	0
SPT35471	SPT35320	0
SPT35471	SPT35541	0
SPT35471	SPT35673	0
SPT35471	SPT35502	0
SPT35471	SPT35330	0
SPT35471	SPT35546	0
SPT35471	SPT35547	0
SPT35471	SPT35544	0
SPT35471	SPT35362	0
SPT35471	SPT35499	0
SPT35471	SPT35336	0
SPT35471	SPT35577	0
SPT35471	SPT35325	0
SPT35471	SPT35331	0
SPT35471	SPT35337	0
SPT35471	SPT35306	0
SPT35471	SPT35407	0
SPT35471	SPT35346	0
SPT35471	SPT35405	0
SPT35471	SPT35410	0
SPT35471	SPT35575	0
SPT35471	SPT35576	0
SPT35471	SPT35766	0
SPT35471	SPT35347	0
SPT35471	SPT35412	0
SPT35471	SPT35414	0
SPT35471	SPT35348	0
SPT35471	SPT35417	0
SPT35471	SPT35571	0
SPT35471	SPT35349	0
SPT35471	SPT35351	0
SPT35471	SPT35418	0
SPT35471	SPT35419	0
SPT35471	SPT35566	0
SPT35471	SPT35567	0
SPT35471	SPT35420	0
SPT35471	SPT35423	0
SPT35471	SPT35564	0
SPT35471	SPT35352	0
SPT35471	SPT35424	0
SPT35471	SPT35357	0
SPT35471	SPT35437	0.19
SPT35471	SPT35563	0
SPT35471	SPT35308	0
SPT35471	SPT35425	0
SPT35471	SPT35440	0
SPT35471	SPT35354	0
SPT35471	SPT35309	0
SPT35471	SPT35310	0
SPT35471	SPT35355	0
SPT35471	SPT35332	0
SPT35471	SPT35333	0
SPT35471	SPT35561	0
SPT35471	SPT35363	0
SPT35471	SPT35427	0
SPT35471	SPT35752	0
SPT35471	SPT35430	0
SPT35471	SPT35431	0
SPT35471	SPT35313	0
SPT35471	SPT35780	0
SPT35471	SPT35315	0
SPT35471	SPT35316	0
SPT35471	SPT35317	0
SPT35471	SPT35334	0
SPT35471	SPT35543	0
SPT35379	SPT35472	0
SPT35379	SPT35529	0
SPT35379	SPT35517	0
SPT35379	SPT35516	0
SPT35379	SPT35360	0
SPT35379	SPT35515	0
SPT35379	SPT35518	0
SPT35379	SPT35475	0
SPT35379	SPT35520	0
SPT35379	SPT35324	0
SPT35379	SPT35476	0
SPT35379	SPT35485	0
SPT35379	SPT35389	0
SPT35379	SPT35487	0
SPT35379	SPT35369	0
SPT35379	SPT35370	0
SPT35379	SPT35382	0
SPT35379	SPT35521	0
SPT35379	SPT35553	0
SPT35379	SPT35532	0
SPT35379	SPT35384	0
SPT35379	SPT35522	0
SPT35379	SPT35361	0
SPT35379	SPT35342	0
SPT35379	SPT35556	0
SPT35379	SPT35557	0
SPT35379	SPT35328	0.07
SPT35379	SPT35592	0
SPT35379	SPT35435	0
SPT35379	SPT35304	0
SPT35379	SPT35390	0
SPT35379	SPT35436	0
SPT35379	SPT35580	0
SPT35379	SPT35538	0
SPT35379	SPT35537	0
SPT35379	SPT35320	0
SPT35379	SPT35541	0
SPT35379	SPT35673	0
SPT35379	SPT35502	0
SPT35379	SPT35330	0.02
SPT35379	SPT35546	0
SPT35379	SPT35547	0
SPT35379	SPT35544	0
SPT35379	SPT35362	0
SPT35379	SPT35499	0
SPT35379	SPT35336	0
SPT35379	SPT35577	0
SPT35379	SPT35325	0
SPT35379	SPT35331	0.93
SPT35379	SPT35337	0
SPT35379	SPT35306	0.02
SPT35379	SPT35407	0
SPT35379	SPT35346	0
SPT35379	SPT35405	0
SPT35379	SPT35410	0
SPT35379	SPT35575	0
SPT35379	SPT35576	0
SPT35379	SPT35766	0
SPT35379	SPT35347	0
SPT35379	SPT35412	0
SPT35379	SPT35414	0
SPT35379	SPT35348	0
SPT35379	SPT35417	0
SPT35379	SPT35571	0
SPT35379	SPT35349	0
SPT35379	SPT35351	0
SPT35379	SPT35418	0
SPT35379	SPT35419	0
SPT35379	SPT35566	0
SPT35379	SPT35567	0
SPT35379	SPT35420	0
SPT35379	SPT35423	0
SPT35379	SPT35564	0
SPT35379	SPT35352	0.03
SPT35379	SPT35424	0
SPT35379	SPT35357	0
SPT35379	SPT35437	0
SPT35379	SPT35563	0
SPT35379	SPT35308	0
SPT35379	SPT35425	0
SPT35379	SPT35440	0
SPT35379	SPT35354	0
SPT35379	SPT35309	0
SPT35379	SPT35310	0
SPT35379	SPT35355	0.05
SPT35379	SPT35332	0
SPT35379	SPT35333	0
SPT35379	SPT35561	0
SPT35379	SPT35363	0
SPT35379	SPT35427	0
SPT35379	SPT35752	0
SPT35379	SPT35430	0
SPT35379	SPT35431	0
SPT35379	SPT35313	0
SPT35379	SPT35780	0
SPT35379	SPT35315	0
SPT35379	SPT35316	0
SPT35379	SPT35317	0
SPT35379	SPT35334	0
SPT35379	SPT35543	0
SPT35472	SPT35529	0
SPT35472	SPT35517	0
SPT35472	SPT35516	0
SPT35472	SPT35360	0
SPT35472	SPT35515	0
SPT35472	SPT35518	0
SPT35472	SPT35475	0
SPT35472	SPT35520	0
SPT35472	SPT35324	0
SPT35472	SPT35476	0
SPT35472	SPT35485	0
SPT35472	SPT35389	0
SPT35472	SPT35487	0
SPT35472	SPT35369	0
SPT35472	SPT35370	0
SPT35472	SPT35382	0
SPT35472	SPT35521	0
SPT35472	SPT35553	0
SPT35472	SPT35532	0
SPT35472	SPT35384	0
SPT35472	SPT35522	0
SPT35472	SPT35361	0
SPT35472	SPT35342	0
SPT35472	SPT35556	0
SPT35472	SPT35557	0
SPT35472	SPT35328	0
SPT35472	SPT35592	0
SPT35472	SPT35435	0
SPT35472	SPT35304	0
SPT35472	SPT35390	0
SPT35472	SPT35436	0
SPT35472	SPT35580	0
SPT35472	SPT35538	0
SPT35472	SPT35537	0
SPT35472	SPT35320	0
SPT35472	SPT35541	0
SPT35472	SPT35673	0
SPT35472	SPT35502	0
SPT35472	SPT35330	0
SPT35472	SPT35546	0
SPT35472	SPT35547	0
SPT35472	SPT35544	0
SPT35472	SPT35362	0
SPT35472	SPT35499	0
SPT35472	SPT35336	0
SPT35472	SPT35577	0
SPT35472	SPT35325	0
SPT35472	SPT35331	0
SPT35472	SPT35337	0
SPT35472	SPT35306	0
SPT35472	SPT35407	0
SPT35472	SPT35346	0
SPT35472	SPT35405	0
SPT35472	SPT35410	0
SPT35472	SPT35575	0
SPT35472	SPT35576	0
SPT35472	SPT35766	0
SPT35472	SPT35347	0
SPT35472	SPT35412	0.02
SPT35472	SPT35414	0
SPT35472	SPT35348	0
SPT35472	SPT35417	0
SPT35472	SPT35571	0
SPT35472	SPT35349	0
SPT35472	SPT35351	0
SPT35472	SPT35418	0
SPT35472	SPT35419	0
SPT35472	SPT35566	0
SPT35472	SPT35567	0
SPT35472	SPT35420	0
SPT35472	SPT35423	0.02
SPT35472	SPT35564	0
SPT35472	SPT35352	0
SPT35472	SPT35424	0
SPT35472	SPT35357	0
SPT35472	SPT35437	0
SPT35472	SPT35563	0
SPT35472	SPT35308	0
SPT35472	SPT35425	0
SPT35472	SPT35440	0
SPT35472	SPT35354	0
SPT35472	SPT35309	0
SPT35472	SPT35310	0
SPT35472	SPT35355	0
SPT35472	SPT35332	0
SPT35472	SPT35333	0
SPT35472	SPT35561	0
SPT35472	SPT35363	0.02
SPT35472	SPT35427	0
SPT35472	SPT35752	0.02
SPT35472	SPT35430	0
SPT35472	SPT35431	0
SPT35472	SPT35313	0
SPT35472	SPT35780	0
SPT35472	SPT35315	0
SPT35472	SPT35316	0
SPT35472	SPT35317	0
SPT35472	SPT35334	0
SPT35472	SPT35543	0
SPT35529	SPT35517	0
SPT35529	SPT35516	0
SPT35529	SPT35360	0
SPT35529	SPT35515	0
SPT35529	SPT35518	0
SPT35529	SPT35475	0.98
SPT35529	SPT35520	0
SPT35529	SPT35324	0
SPT35529	SPT35476	0
SPT35529	SPT35485	0
SPT35529	SPT35389	0
SPT35529	SPT35487	0
SPT35529	SPT35369	0
SPT35529	SPT35370	0
SPT35529	SPT35382	0
SPT35529	SPT35521	0
SPT35529	SPT35553	0
SPT35529	SPT35532	0
SPT35529	SPT35384	0
SPT35529	SPT35522	0
SPT35529	SPT35361	0
SPT35529	SPT35342	0
SPT35529	SPT35556	0
SPT35529	SPT35557	0
SPT35529	SPT35328	0
SPT35529	SPT35592	0
SPT35529	SPT35435	0
SPT35529	SPT35304	0
SPT35529	SPT35390	0
SPT35529	SPT35436	0
SPT35529	SPT35580	0
SPT35529	SPT35538	0
SPT35529	SPT35537	0
SPT35529	SPT35320	0
SPT35529	SPT35541	0
SPT35529	SPT35673	0
SPT35529	SPT35502	0
SPT35529	SPT35330	0
SPT35529	SPT35546	0
SPT35529	SPT35547	0
SPT35529	SPT35544	0
SPT35529	SPT35362	0
SPT35529	SPT35499	0
SPT35529	SPT35336	0
SPT35529	SPT35577	0
SPT35529	SPT35325	0
SPT35529	SPT35331	0
SPT35529	SPT35337	0
SPT35529	SPT35306	0
SPT35529	SPT35407	0
SPT35529	SPT35346	0
SPT35529	SPT35405	0
SPT35529	SPT35410	0
SPT35529	SPT35575	0
SPT35529	SPT35576	0
SPT35529	SPT35766	0
SPT35529	SPT35347	0
SPT35529	SPT35412	0
SPT35529	SPT35414	0
SPT35529	SPT35348	0
SPT35529	SPT35417	0
SPT35529	SPT35571	0
SPT35529	SPT35349	0
SPT35529	SPT35351	0
SPT35529	SPT35418	0
SPT35529	SPT35419	0
SPT35529	SPT35566	0
SPT35529	SPT35567	0
SPT35529	SPT35420	0
SPT35529	SPT35423	0
SPT35529	SPT35564	0
SPT35529	SPT35352	0
SPT35529	SPT35424	0
SPT35529	SPT35357	0
SPT35529	SPT35437	0
SPT35529	SPT35563	0
SPT35529	SPT35308	0
SPT35529	SPT35425	0
SPT35529	SPT35440	0
SPT35529	SPT35354	0
SPT35529	SPT35309	0
SPT35529	SPT35310	0
SPT35529	SPT35355	0
SPT35529	SPT35332	0
SPT35529	SPT35333	0
SPT35529	SPT35561	0
SPT35529	SPT35363	0
SPT35529	SPT35427	0
SPT35529	SPT35752	0
SPT35529	SPT35430	0
SPT35529	SPT35431	0
SPT35529	SPT35313	0
SPT35529	SPT35780	0
SPT35529	SPT35315	0
SPT35529	SPT35316	0
SPT35529	SPT35317	0
SPT35529	SPT35334	0
SPT35529	SPT35543	0
SPT35517	SPT35516	0.43
SPT35517	SPT35360	0
SPT35517	SPT35515	0.5
SPT35517	SPT35518	0
SPT35517	SPT35475	0
SPT35517	SPT35520	0
SPT35517	SPT35324	0
SPT35517	SPT35476	0.55
SPT35517	SPT35485	0
SPT35517	SPT35389	0
SPT35517	SPT35487	0.51
SPT35517	SPT35369	0
SPT35517	SPT35370	0
SPT35517	SPT35382	0
SPT35517	SPT35521	0
SPT35517	SPT35553	0
SPT35517	SPT35532	0.48
SPT35517	SPT35384	0
SPT35517	SPT35522	0
SPT35517	SPT35361	0
SPT35517	SPT35342	0
SPT35517	SPT35556	0
SPT35517	SPT35557	0
SPT35517	SPT35328	0
SPT35517	SPT35592	0
SPT35517	SPT35435	0.42
SPT35517	SPT35304	0
SPT35517	SPT35390	0
SPT35517	SPT35436	0
SPT35517	SPT35580	0
SPT35517	SPT35538	0
SPT35517	SPT35537	0
SPT35517	SPT35320	0
SPT35517	SPT35541	0
SPT35517	SPT35673	0
SPT35517	SPT35502	0
SPT35517	SPT35330	0
SPT35517	SPT35546	0
SPT35517	SPT35547	0
SPT35517	SPT35544	0
SPT35517	SPT35362	0
SPT35517	SPT35499	0
SPT35517	SPT35336	0
SPT35517	SPT35577	0
SPT35517	SPT35325	0
SPT35517	SPT35331	0
SPT35517	SPT35337	0
SPT35517	SPT35306	0
SPT35517	SPT35407	0
SPT35517	SPT35346	0
SPT35517	SPT35405	0
SPT35517	SPT35410	0
SPT35517	SPT35575	0
SPT35517	SPT35576	0
SPT35517	SPT35766	0
SPT35517	SPT35347	0
SPT35517	SPT35412	0
SPT35517	SPT35414	0
SPT35517	SPT35348	0
SPT35517	SPT35417	0
SPT35517	SPT35571	0
SPT35517	SPT35349	0
SPT35517	SPT35351	0
SPT35517	SPT35418	0
SPT35517	SPT35419	0
SPT35517	SPT35566	0
SPT35517	SPT35567	0
SPT35517	SPT35420	0
SPT35517	SPT35423	0
SPT35517	SPT35564	0
SPT35517	SPT35352	0
SPT35517	SPT35424	0
SPT35517	SPT35357	0
SPT35517	SPT35437	0.24
SPT35517	SPT35563	0
SPT35517	SPT35308	0
SPT35517	SPT35425	0
SPT35517	SPT35440	0
SPT35517	SPT35354	0
SPT35517	SPT35309	0
SPT35517	SPT35310	0
SPT35517	SPT35355	0
SPT35517	SPT35332	0
SPT35517	SPT35333	0
SPT35517	SPT35561	0
SPT35517	SPT35363	0
SPT35517	SPT35427	0
SPT35517	SPT35752	0
SPT35517	SPT35430	0
SPT35517	SPT35431	0
SPT35517	SPT35313	0
SPT35517	SPT35780	0
SPT35517	SPT35315	0
SPT35517	SPT35316	0
SPT35517	SPT35317	0
SPT35517	SPT35334	0
SPT35517	SPT35543	0
SPT35516	SPT35360	0
SPT35516	SPT35515	0.44
SPT35516	SPT35518	0
SPT35516	SPT35475	0
SPT35516	SPT35520	0
SPT35516	SPT35324	0
SPT35516	SPT35476	0.26
SPT35516	SPT35485	0
SPT35516	SPT35389	0
SPT35516	SPT35487	0.52
SPT35516	SPT35369	0
SPT35516	SPT35370	0
SPT35516	SPT35382	0
SPT35516	SPT35521	0
SPT35516	SPT35553	0
SPT35516	SPT35532	0.41
SPT35516	SPT35384	0
SPT35516	SPT35522	0
SPT35516	SPT35361	0
SPT35516	SPT35342	0
SPT35516	SPT35556	0
SPT35516	SPT35557	0
SPT35516	SPT35328	0
SPT35516	SPT35592	0.02
SPT35516	SPT35435	0.61
SPT35516	SPT35304	0
SPT35516	SPT35390	0
SPT35516	SPT35436	0
SPT35516	SPT35580	0
SPT35516	SPT35538	0
SPT35516	SPT35537	0
SPT35516	SPT35320	0
SPT35516	SPT35541	0
SPT35516	SPT35673	0
SPT35516	SPT35502	0
SPT35516	SPT35330	0
SPT35516	SPT35546	0
SPT35516	SPT35547	0
SPT35516	SPT35544	0
SPT35516	SPT35362	0
SPT35516	SPT35499	0
SPT35516	SPT35336	0
SPT35516	SPT35577	0
SPT35516	SPT35325	0
SPT35516	SPT35331	0
SPT35516	SPT35337	0
SPT35516	SPT35306	0
SPT35516	SPT35407	0
SPT35516	SPT35346	0
SPT35516	SPT35405	0
SPT35516	SPT35410	0
SPT35516	SPT35575	0
SPT35516	SPT35576	0
SPT35516	SPT35766	0
SPT35516	SPT35347	0
SPT35516	SPT35412	0
SPT35516	SPT35414	0
SPT35516	SPT35348	0
SPT35516	SPT35417	0
SPT35516	SPT35571	0
SPT35516	SPT35349	0
SPT35516	SPT35351	0
SPT35516	SPT35418	0
SPT35516	SPT35419	0
SPT35516	SPT35566	0
SPT35516	SPT35567	0
SPT35516	SPT35420	0
SPT35516	SPT35423	0
SPT35516	SPT35564	0
SPT35516	SPT35352	0
SPT35516	SPT35424	0
SPT35516	SPT35357	0
SPT35516	SPT35437	0.17
SPT35516	SPT35563	0
SPT35516	SPT35308	0
SPT35516	SPT35425	0
SPT35516	SPT35440	0
SPT35516	SPT35354	0
SPT35516	SPT35309	0
SPT35516	SPT35310	0
SPT35516	SPT35355	0
SPT35516	SPT35332	0
SPT35516	SPT35333	0
SPT35516	SPT35561	0.03
SPT35516	SPT35363	0
SPT35516	SPT35427	0
SPT35516	SPT35752	0
SPT35516	SPT35430	0
SPT35516	SPT35431	0
SPT35516	SPT35313	0
SPT35516	SPT35780	0
SPT35516	SPT35315	0
SPT35516	SPT35316	0
SPT35516	SPT35317	0
SPT35516	SPT35334	0
SPT35516	SPT35543	0
SPT35360	SPT35515	0
SPT35360	SPT35518	0
SPT35360	SPT35475	0
SPT35360	SPT35520	0
SPT35360	SPT35324	0
SPT35360	SPT35476	0
SPT35360	SPT35485	0
SPT35360	SPT35389	0
SPT35360	SPT35487	0
SPT35360	SPT35369	0
SPT35360	SPT35370	0
SPT35360	SPT35382	0
SPT35360	SPT35521	0
SPT35360	SPT35553	0
SPT35360	SPT35532	0
SPT35360	SPT35384	0
SPT35360	SPT35522	0
SPT35360	SPT35361	0
SPT35360	SPT35342	0
SPT35360	SPT35556	0
SPT35360	SPT35557	0
SPT35360	SPT35328	0
SPT35360	SPT35592	0
SPT35360	SPT35435	0
SPT35360	SPT35304	0
SPT35360	SPT35390	0
SPT35360	SPT35436	0
SPT35360	SPT35580	0
SPT35360	SPT35538	0
SPT35360	SPT35537	0
SPT35360	SPT35320	0
SPT35360	SPT35541	0
SPT35360	SPT35673	0
SPT35360	SPT35502	0
SPT35360	SPT35330	0
SPT35360	SPT35546	0
SPT35360	SPT35547	0
SPT35360	SPT35544	0
SPT35360	SPT35362	0
SPT35360	SPT35499	0
SPT35360	SPT35336	0
SPT35360	SPT35577	0
SPT35360	SPT35325	0
SPT35360	SPT35331	0
SPT35360	SPT35337	0
SPT35360	SPT35306	0
SPT35360	SPT35407	0.09
SPT35360	SPT35346	0
SPT35360	SPT35405	0.09
SPT35360	SPT35410	0
SPT35360	SPT35575	0
SPT35360	SPT35576	0.09
SPT35360	SPT35766	0
SPT35360	SPT35347	0.99
SPT35360	SPT35412	0
SPT35360	SPT35414	0
SPT35360	SPT35348	0
SPT35360	SPT35417	0
SPT35360	SPT35571	0
SPT35360	SPT35349	0
SPT35360	SPT35351	0
SPT35360	SPT35418	0
SPT35360	SPT35419	0.09
SPT35360	SPT35566	0.05
SPT35360	SPT35567	0
SPT35360	SPT35420	0
SPT35360	SPT35423	0
SPT35360	SPT35564	0
SPT35360	SPT35352	0
SPT35360	SPT35424	0
SPT35360	SPT35357	0
SPT35360	SPT35437	0
SPT35360	SPT35563	0
SPT35360	SPT35308	0
SPT35360	SPT35425	0
SPT35360	SPT35440	0
SPT35360	SPT35354	0
SPT35360	SPT35309	0
SPT35360	SPT35310	0
SPT35360	SPT35355	0
SPT35360	SPT35332	0
SPT35360	SPT35333	0
SPT35360	SPT35561	0
SPT35360	SPT35363	0
SPT35360	SPT35427	0
SPT35360	SPT35752	0
SPT35360	SPT35430	0
SPT35360	SPT35431	0
SPT35360	SPT35313	0
SPT35360	SPT35780	0
SPT35360	SPT35315	0
SPT35360	SPT35316	0
SPT35360	SPT35317	0.03
SPT35360	SPT35334	0
SPT35360	SPT35543	0
SPT35515	SPT35518	0
SPT35515	SPT35475	0
SPT35515	SPT35520	0
SPT35515	SPT35324	0
SPT35515	SPT35476	0.44
SPT35515	SPT35485	0
SPT35515	SPT35389	0
SPT35515	SPT35487	0.49
SPT35515	SPT35369	0
SPT35515	SPT35370	0
SPT35515	SPT35382	0
SPT35515	SPT35521	0
SPT35515	SPT35553	0
SPT35515	SPT35532	0.45
SPT35515	SPT35384	0
SPT35515	SPT35522	0
SPT35515	SPT35361	0
SPT35515	SPT35342	0
SPT35515	SPT35556	0
SPT35515	SPT35557	0
SPT35515	SPT35328	0
SPT35515	SPT35592	0.03
SPT35515	SPT35435	0.52
SPT35515	SPT35304	0
SPT35515	SPT35390	0
SPT35515	SPT35436	0
SPT35515	SPT35580	0
SPT35515	SPT35538	0
SPT35515	SPT35537	0
SPT35515	SPT35320	0
SPT35515	SPT35541	0
SPT35515	SPT35673	0
SPT35515	SPT35502	0
SPT35515	SPT35330	0
SPT35515	SPT35546	0
SPT35515	SPT35547	0
SPT35515	SPT35544	0
SPT35515	SPT35362	0
SPT35515	SPT35499	0
SPT35515	SPT35336	0
SPT35515	SPT35577	0
SPT35515	SPT35325	0
SPT35515	SPT35331	0
SPT35515	SPT35337	0
SPT35515	SPT35306	0
SPT35515	SPT35407	0
SPT35515	SPT35346	0
SPT35515	SPT35405	0
SPT35515	SPT35410	0
SPT35515	SPT35575	0
SPT35515	SPT35576	0
SPT35515	SPT35766	0
SPT35515	SPT35347	0
SPT35515	SPT35412	0
SPT35515	SPT35414	0
SPT35515	SPT35348	0
SPT35515	SPT35417	0
SPT35515	SPT35571	0
SPT35515	SPT35349	0
SPT35515	SPT35351	0
SPT35515	SPT35418	0
SPT35515	SPT35419	0
SPT35515	SPT35566	0
SPT35515	SPT35567	0
SPT35515	SPT35420	0
SPT35515	SPT35423	0
SPT35515	SPT35564	0
SPT35515	SPT35352	0
SPT35515	SPT35424	0
SPT35515	SPT35357	0
SPT35515	SPT35437	0.21
SPT35515	SPT35563	0
SPT35515	SPT35308	0
SPT35515	SPT35425	0
SPT35515	SPT35440	0
SPT35515	SPT35354	0
SPT35515	SPT35309	0
SPT35515	SPT35310	0
SPT35515	SPT35355	0
SPT35515	SPT35332	0
SPT35515	SPT35333	0
SPT35515	SPT35561	0.03
SPT35515	SPT35363	0
SPT35515	SPT35427	0
SPT35515	SPT35752	0
SPT35515	SPT35430	0
SPT35515	SPT35431	0
SPT35515	SPT35313	0
SPT35515	SPT35780	0
SPT35515	SPT35315	0
SPT35515	SPT35316	0
SPT35515	SPT35317	0
SPT35515	SPT35334	0
SPT35515	SPT35543	0
SPT35518	SPT35475	0
SPT35518	SPT35520	0
SPT35518	SPT35324	0
SPT35518	SPT35476	0
SPT35518	SPT35485	0
SPT35518	SPT35389	0
SPT35518	SPT35487	0
SPT35518	SPT35369	0
SPT35518	SPT35370	0
SPT35518	SPT35382	0
SPT35518	SPT35521	0
SPT35518	SPT35553	0
SPT35518	SPT35532	0
SPT35518	SPT35384	0
SPT35518	SPT35522	0
SPT35518	SPT35361	0
SPT35518	SPT35342	0
SPT35518	SPT35556	0
SPT35518	SPT35557	0
SPT35518	SPT35328	0
SPT35518	SPT35592	0
SPT35518	SPT35435	0
SPT35518	SPT35304	0
SPT35518	SPT35390	0
SPT35518	SPT35436	0
SPT35518	SPT35580	0
SPT35518	SPT35538	0
SPT35518	SPT35537	0
SPT35518	SPT35320	0
SPT35518	SPT35541	0
SPT35518	SPT35673	0
SPT35518	SPT35502	0
SPT35518	SPT35330	0
SPT35518	SPT35546	0
SPT35518	SPT35547	0
SPT35518	SPT35544	0
SPT35518	SPT35362	0
SPT35518	SPT35499	0
SPT35518	SPT35336	0
SPT35518	SPT35577	0
SPT35518	SPT35325	0
SPT35518	SPT35331	0
SPT35518	SPT35337	0
SPT35518	SPT35306	0
SPT35518	SPT35407	0
SPT35518	SPT35346	0
SPT35518	SPT35405	0
SPT35518	SPT35410	0
SPT35518	SPT35575	0
SPT35518	SPT35576	0
SPT35518	SPT35766	0
SPT35518	SPT35347	0
SPT35518	SPT35412	0
SPT35518	SPT35414	0
SPT35518	SPT35348	0
SPT35518	SPT35417	0
SPT35518	SPT35571	0
SPT35518	SPT35349	0
SPT35518	SPT35351	0
SPT35518	SPT35418	0
SPT35518	SPT35419	0
SPT35518	SPT35566	0
SPT35518	SPT35567	0
SPT35518	SPT35420	0
SPT35518	SPT35423	0
SPT35518	SPT35564	0
SPT35518	SPT35352	0
SPT35518	SPT35424	0
SPT35518	SPT35357	0
SPT35518	SPT35437	0
SPT35518	SPT35563	0
SPT35518	SPT35308	0
SPT35518	SPT35425	0
SPT35518	SPT35440	0
SPT35518	SPT35354	0
SPT35518	SPT35309	0
SPT35518	SPT35310	0
SPT35518	SPT35355	0
SPT35518	SPT35332	0
SPT35518	SPT35333	0
SPT35518	SPT35561	0
SPT35518	SPT35363	0.02
SPT35518	SPT35427	0
SPT35518	SPT35752	0
SPT35518	SPT35430	0
SPT35518	SPT35431	0
SPT35518	SPT35313	0
SPT35518	SPT35780	0
SPT35518	SPT35315	0
SPT35518	SPT35316	0
SPT35518	SPT35317	0
SPT35518	SPT35334	0
SPT35518	SPT35543	0
SPT35475	SPT35520	0
SPT35475	SPT35324	0
SPT35475	SPT35476	0
SPT35475	SPT35485	0
SPT35475	SPT35389	0
SPT35475	SPT35487	0
SPT35475	SPT35369	0
SPT35475	SPT35370	0
SPT35475	SPT35382	0
SPT35475	SPT35521	0
SPT35475	SPT35553	0
SPT35475	SPT35532	0
SPT35475	SPT35384	0
SPT35475	SPT35522	0
SPT35475	SPT35361	0
SPT35475	SPT35342	0
SPT35475	SPT35556	0
SPT35475	SPT35557	0
SPT35475	SPT35328	0
SPT35475	SPT35592	0
SPT35475	SPT35435	0
SPT35475	SPT35304	0
SPT35475	SPT35390	0
SPT35475	SPT35436	0
SPT35475	SPT35580	0
SPT35475	SPT35538	0
SPT35475	SPT35537	0
SPT35475	SPT35320	0
SPT35475	SPT35541	0
SPT35475	SPT35673	0
SPT35475	SPT35502	0
SPT35475	SPT35330	0
SPT35475	SPT35546	0
SPT35475	SPT35547	0
SPT35475	SPT35544	0
SPT35475	SPT35362	0
SPT35475	SPT35499	0
SPT35475	SPT35336	0
SPT35475	SPT35577	0
SPT35475	SPT35325	0
SPT35475	SPT35331	0
SPT35475	SPT35337	0
SPT35475	SPT35306	0
SPT35475	SPT35407	0
SPT35475	SPT35346	0
SPT35475	SPT35405	0
SPT35475	SPT35410	0
SPT35475	SPT35575	0
SPT35475	SPT35576	0
SPT35475	SPT35766	0
SPT35475	SPT35347	0
SPT35475	SPT35412	0
SPT35475	SPT35414	0
SPT35475	SPT35348	0
SPT35475	SPT35417	0
SPT35475	SPT35571	0
SPT35475	SPT35349	0
SPT35475	SPT35351	0
SPT35475	SPT35418	0
SPT35475	SPT35419	0
SPT35475	SPT35566	0
SPT35475	SPT35567	0
SPT35475	SPT35420	0
SPT35475	SPT35423	0
SPT35475	SPT35564	0
SPT35475	SPT35352	0
SPT35475	SPT35424	0
SPT35475	SPT35357	0
SPT35475	SPT35437	0
SPT35475	SPT35563	0
SPT35475	SPT35308	0
SPT35475	SPT35425	0
SPT35475	SPT35440	0
SPT35475	SPT35354	0
SPT35475	SPT35309	0
SPT35475	SPT35310	0
SPT35475	SPT35355	0
SPT35475	SPT35332	0
SPT35475	SPT35333	0
SPT35475	SPT35561	0
SPT35475	SPT35363	0
SPT35475	SPT35427	0
SPT35475	SPT35752	0
SPT35475	SPT35430	0
SPT35475	SPT35431	0
SPT35475	SPT35313	0
SPT35475	SPT35780	0
SPT35475	SPT35315	0
SPT35475	SPT35316	0
SPT35475	SPT35317	0
SPT35475	SPT35334	0
SPT35475	SPT35543	0
SPT35520	SPT35324	0
SPT35520	SPT35476	0
SPT35520	SPT35485	0
SPT35520	SPT35389	0
SPT35520	SPT35487	0
SPT35520	SPT35369	0
SPT35520	SPT35370	0
SPT35520	SPT35382	0
SPT35520	SPT35521	0
SPT35520	SPT35553	0
SPT35520	SPT35532	0
SPT35520	SPT35384	0
SPT35520	SPT35522	0
SPT35520	SPT35361	0
SPT35520	SPT35342	0
SPT35520	SPT35556	0
SPT35520	SPT35557	0
SPT35520	SPT35328	0
SPT35520	SPT35592	0
SPT35520	SPT35435	0
SPT35520	SPT35304	0
SPT35520	SPT35390	0
SPT35520	SPT35436	0
SPT35520	SPT35580	0
SPT35520	SPT35538	0
SPT35520	SPT35537	0
SPT35520	SPT35320	0
SPT35520	SPT35541	0.02
SPT35520	SPT35673	0
SPT35520	SPT35502	0
SPT35520	SPT35330	0
SPT35520	SPT35546	0
SPT35520	SPT35547	0
SPT35520	SPT35544	0
SPT35520	SPT35362	0
SPT35520	SPT35499	0
SPT35520	SPT35336	0
SPT35520	SPT35577	0
SPT35520	SPT35325	0
SPT35520	SPT35331	0
SPT35520	SPT35337	0
SPT35520	SPT35306	0
SPT35520	SPT35407	0
SPT35520	SPT35346	0
SPT35520	SPT35405	0
SPT35520	SPT35410	0
SPT35520	SPT35575	0
SPT35520	SPT35576	0
SPT35520	SPT35766	0
SPT35520	SPT35347	0
SPT35520	SPT35412	0
SPT35520	SPT35414	0
SPT35520	SPT35348	0
SPT35520	SPT35417	0
SPT35520	SPT35571	0
SPT35520	SPT35349	0
SPT35520	SPT35351	0
SPT35520	SPT35418	0
SPT35520	SPT35419	0
SPT35520	SPT35566	0
SPT35520	SPT35567	0
SPT35520	SPT35420	0
SPT35520	SPT35423	0.02
SPT35520	SPT35564	0
SPT35520	SPT35352	0.02
SPT35520	SPT35424	0
SPT35520	SPT35357	0
SPT35520	SPT35437	0
SPT35520	SPT35563	0
SPT35520	SPT35308	0
SPT35520	SPT35425	0
SPT35520	SPT35440	0
SPT35520	SPT35354	0
SPT35520	SPT35309	0
SPT35520	SPT35310	0
SPT35520	SPT35355	0
SPT35520	SPT35332	0
SPT35520	SPT35333	0
SPT35520	SPT35561	0
SPT35520	SPT35363	0
SPT35520	SPT35427	0
SPT35520	SPT35752	0
SPT35520	SPT35430	0
SPT35520	SPT35431	0
SPT35520	SPT35313	0
SPT35520	SPT35780	0
SPT35520	SPT35315	0
SPT35520	SPT35316	0
SPT35520	SPT35317	0
SPT35520	SPT35334	0
SPT35520	SPT35543	0
SPT35324	SPT35476	0
SPT35324	SPT35485	0
SPT35324	SPT35389	0.07
SPT35324	SPT35487	0
SPT35324	SPT35369	0
SPT35324	SPT35370	0
SPT35324	SPT35382	0.02
SPT35324	SPT35521	0
SPT35324	SPT35553	0
SPT35324	SPT35532	0
SPT35324	SPT35384	0.02
SPT35324	SPT35522	0
SPT35324	SPT35361	0
SPT35324	SPT35342	0
SPT35324	SPT35556	0
SPT35324	SPT35557	0
SPT35324	SPT35328	0
SPT35324	SPT35592	0
SPT35324	SPT35435	0
SPT35324	SPT35304	0.04
SPT35324	SPT35390	0
SPT35324	SPT35436	0
SPT35324	SPT35580	0
SPT35324	SPT35538	0
SPT35324	SPT35537	0
SPT35324	SPT35320	0
SPT35324	SPT35541	0
SPT35324	SPT35673	0
SPT35324	SPT35502	0
SPT35324	SPT35330	0
SPT35324	SPT35546	0
SPT35324	SPT35547	0
SPT35324	SPT35544	0
SPT35324	SPT35362	0
SPT35324	SPT35499	0
SPT35324	SPT35336	0
SPT35324	SPT35577	0
SPT35324	SPT35325	0
SPT35324	SPT35331	0
SPT35324	SPT35337	0
SPT35324	SPT35306	0
SPT35324	SPT35407	0
SPT35324	SPT35346	0
SPT35324	SPT35405	0
SPT35324	SPT35410	0
SPT35324	SPT35575	0
SPT35324	SPT35576	0
SPT35324	SPT35766	0
SPT35324	SPT35347	0
SPT35324	SPT35412	0
SPT35324	SPT35414	0
SPT35324	SPT35348	0
SPT35324	SPT35417	0
SPT35324	SPT35571	0
SPT35324	SPT35349	0
SPT35324	SPT35351	0.05
SPT35324	SPT35418	0
SPT35324	SPT35419	0
SPT35324	SPT35566	0
SPT35324	SPT35567	0
SPT35324	SPT35420	0
SPT35324	SPT35423	0
SPT35324	SPT35564	0
SPT35324	SPT35352	0
SPT35324	SPT35424	0
SPT35324	SPT35357	0
SPT35324	SPT35437	0
SPT35324	SPT35563	0
SPT35324	SPT35308	0.04
SPT35324	SPT35425	0
SPT35324	SPT35440	0
SPT35324	SPT35354	0.02
SPT35324	SPT35309	0
SPT35324	SPT35310	0
SPT35324	SPT35355	0
SPT35324	SPT35332	0
SPT35324	SPT35333	0
SPT35324	SPT35561	0
SPT35324	SPT35363	0
SPT35324	SPT35427	0
SPT35324	SPT35752	0
SPT35324	SPT35430	0
SPT35324	SPT35431	0
SPT35324	SPT35313	0
SPT35324	SPT35780	0
SPT35324	SPT35315	0.05
SPT35324	SPT35316	0
SPT35324	SPT35317	0
SPT35324	SPT35334	0
SPT35324	SPT35543	0
SPT35476	SPT35485	0
SPT35476	SPT35389	0
SPT35476	SPT35487	0.33
SPT35476	SPT35369	0
SPT35476	SPT35370	0
SPT35476	SPT35382	0
SPT35476	SPT35521	0
SPT35476	SPT35553	0
SPT35476	SPT35532	0.48
SPT35476	SPT35384	0
SPT35476	SPT35522	0
SPT35476	SPT35361	0
SPT35476	SPT35342	0
SPT35476	SPT35556	0
SPT35476	SPT35557	0
SPT35476	SPT35328	0
SPT35476	SPT35592	0
SPT35476	SPT35435	0.41
SPT35476	SPT35304	0
SPT35476	SPT35390	0
SPT35476	SPT35436	0
SPT35476	SPT35580	0
SPT35476	SPT35538	0
SPT35476	SPT35537	0
SPT35476	SPT35320	0
SPT35476	SPT35541	0
SPT35476	SPT35673	0
SPT35476	SPT35502	0
SPT35476	SPT35330	0
SPT35476	SPT35546	0
SPT35476	SPT35547	0
SPT35476	SPT35544	0
SPT35476	SPT35362	0
SPT35476	SPT35499	0
SPT35476	SPT35336	0
SPT35476	SPT35577	0
SPT35476	SPT35325	0
SPT35476	SPT35331	0
SPT35476	SPT35337	0
SPT35476	SPT35306	0
SPT35476	SPT35407	0
SPT35476	SPT35346	0
SPT35476	SPT35405	0
SPT35476	SPT35410	0
SPT35476	SPT35575	0
SPT35476	SPT35576	0
SPT35476	SPT35766	0
SPT35476	SPT35347	0
SPT35476	SPT35412	0
SPT35476	SPT35414	0
SPT35476	SPT35348	0
SPT35476	SPT35417	0
SPT35476	SPT35571	0
SPT35476	SPT35349	0
SPT35476	SPT35351	0
SPT35476	SPT35418	0
SPT35476	SPT35419	0
SPT35476	SPT35566	0
SPT35476	SPT35567	0
SPT35476	SPT35420	0
SPT35476	SPT35423	0
SPT35476	SPT35564	0
SPT35476	SPT35352	0
SPT35476	SPT35424	0
SPT35476	SPT35357	0
SPT35476	SPT35437	0.28
SPT35476	SPT35563	0
SPT35476	SPT35308	0
SPT35476	SPT35425	0
SPT35476	SPT35440	0
SPT35476	SPT35354	0
SPT35476	SPT35309	0
SPT35476	SPT35310	0
SPT35476	SPT35355	0
SPT35476	SPT35332	0
SPT35476	SPT35333	0
SPT35476	SPT35561	0
SPT35476	SPT35363	0
SPT35476	SPT35427	0
SPT35476	SPT35752	0
SPT35476	SPT35430	0
SPT35476	SPT35431	0
SPT35476	SPT35313	0
SPT35476	SPT35780	0
SPT35476	SPT35315	0
SPT35476	SPT35316	0
SPT35476	SPT35317	0
SPT35476	SPT35334	0
SPT35476	SPT35543	0
SPT35485	SPT35389	0
SPT35485	SPT35487	0
SPT35485	SPT35369	0
SPT35485	SPT35370	0
SPT35485	SPT35382	0
SPT35485	SPT35521	0.93
SPT35485	SPT35553	0
SPT35485	SPT35532	0
SPT35485	SPT35384	0
SPT35485	SPT35522	0
SPT35485	SPT35361	0
SPT35485	SPT35342	0
SPT35485	SPT35556	0
SPT35485	SPT35557	0
SPT35485	SPT35328	0
SPT35485	SPT35592	0
SPT35485	SPT35435	0
SPT35485	SPT35304	0
SPT35485	SPT35390	0
SPT35485	SPT35436	0
SPT35485	SPT35580	0
SPT35485	SPT35538	0
SPT35485	SPT35537	0
SPT35485	SPT35320	0
SPT35485	SPT35541	0
SPT35485	SPT35673	0
SPT35485	SPT35502	0
SPT35485	SPT35330	0
SPT35485	SPT35546	0
SPT35485	SPT35547	0
SPT35485	SPT35544	0
SPT35485	SPT35362	0
SPT35485	SPT35499	0
SPT35485	SPT35336	0
SPT35485	SPT35577	0
SPT35485	SPT35325	0
SPT35485	SPT35331	0
SPT35485	SPT35337	0
SPT35485	SPT35306	0
SPT35485	SPT35407	0
SPT35485	SPT35346	0
SPT35485	SPT35405	0
SPT35485	SPT35410	0
SPT35485	SPT35575	0
SPT35485	SPT35576	0
SPT35485	SPT35766	0
SPT35485	SPT35347	0
SPT35485	SPT35412	0
SPT35485	SPT35414	0
SPT35485	SPT35348	0
SPT35485	SPT35417	0
SPT35485	SPT35571	0
SPT35485	SPT35349	0
SPT35485	SPT35351	0
SPT35485	SPT35418	0
SPT35485	SPT35419	0
SPT35485	SPT35566	0
SPT35485	SPT35567	0
SPT35485	SPT35420	0
SPT35485	SPT35423	0
SPT35485	SPT35564	0
SPT35485	SPT35352	0
SPT35485	SPT35424	0
SPT35485	SPT35357	0
SPT35485	SPT35437	0
SPT35485	SPT35563	0
SPT35485	SPT35308	0
SPT35485	SPT35425	0.02
SPT35485	SPT35440	0
SPT35485	SPT35354	0
SPT35485	SPT35309	0
SPT35485	SPT35310	0
SPT35485	SPT35355	0
SPT35485	SPT35332	0
SPT35485	SPT35333	0
SPT35485	SPT35561	0
SPT35485	SPT35363	0
SPT35485	SPT35427	0
SPT35485	SPT35752	0
SPT35485	SPT35430	0
SPT35485	SPT35431	0
SPT35485	SPT35313	0
SPT35485	SPT35780	0
SPT35485	SPT35315	0
SPT35485	SPT35316	0
SPT35485	SPT35317	0
SPT35485	SPT35334	0
SPT35485	SPT35543	0
SPT35389	SPT35487	0
SPT35389	SPT35369	0
SPT35389	SPT35370	0
SPT35389	SPT35382	0
SPT35389	SPT35521	0
SPT35389	SPT35553	0
SPT35389	SPT35532	0
SPT35389	SPT35384	0
SPT35389	SPT35522	0
SPT35389	SPT35361	0
SPT35389	SPT35342	0
SPT35389	SPT35556	0
SPT35389	SPT35557	0
SPT35389	SPT35328	0
SPT35389	SPT35592	0
SPT35389	SPT35435	0
SPT35389	SPT35304	0
SPT35389	SPT35390	0
SPT35389	SPT35436	0
SPT35389	SPT35580	0
SPT35389	SPT35538	0
SPT35389	SPT35537	0
SPT35389	SPT35320	0
SPT35389	SPT35541	0
SPT35389	SPT35673	0
SPT35389	SPT35502	0
SPT35389	SPT35330	0
SPT35389	SPT35546	0
SPT35389	SPT35547	0
SPT35389	SPT35544	0
SPT35389	SPT35362	0
SPT35389	SPT35499	0
SPT35389	SPT35336	0
SPT35389	SPT35577	0
SPT35389	SPT35325	0
SPT35389	SPT35331	0
SPT35389	SPT35337	0
SPT35389	SPT35306	0
SPT35389	SPT35407	0
SPT35389	SPT35346	0
SPT35389	SPT35405	0
SPT35389	SPT35410	0
SPT35389	SPT35575	0
SPT35389	SPT35576	0
SPT35389	SPT35766	0
SPT35389	SPT35347	0
SPT35389	SPT35412	0
SPT35389	SPT35414	0
SPT35389	SPT35348	0
SPT35389	SPT35417	0
SPT35389	SPT35571	0
SPT35389	SPT35349	0
SPT35389	SPT35351	0
SPT35389	SPT35418	0
SPT35389	SPT35419	0
SPT35389	SPT35566	0
SPT35389	SPT35567	0
SPT35389	SPT35420	0
SPT35389	SPT35423	0
SPT35389	SPT35564	0
SPT35389	SPT35352	0
SPT35389	SPT35424	0
SPT35389	SPT35357	0
SPT35389	SPT35437	0
SPT35389	SPT35563	0
SPT35389	SPT35308	0
SPT35389	SPT35425	0
SPT35389	SPT35440	0
SPT35389	SPT35354	0
SPT35389	SPT35309	0.02
SPT35389	SPT35310	0.02
SPT35389	SPT35355	0
SPT35389	SPT35332	0
SPT35389	SPT35333	0
SPT35389	SPT35561	0
SPT35389	SPT35363	0
SPT35389	SPT35427	0
SPT35389	SPT35752	0
SPT35389	SPT35430	0
SPT35389	SPT35431	0
SPT35389	SPT35313	0
SPT35389	SPT35780	0
SPT35389	SPT35315	0
SPT35389	SPT35316	0
SPT35389	SPT35317	0
SPT35389	SPT35334	0
SPT35389	SPT35543	0
SPT35487	SPT35369	0
SPT35487	SPT35370	0
SPT35487	SPT35382	0
SPT35487	SPT35521	0
SPT35487	SPT35553	0
SPT35487	SPT35532	0.48
SPT35487	SPT35384	0
SPT35487	SPT35522	0
SPT35487	SPT35361	0
SPT35487	SPT35342	0
SPT35487	SPT35556	0
SPT35487	SPT35557	0
SPT35487	SPT35328	0
SPT35487	SPT35592	0
SPT35487	SPT35435	0.41
SPT35487	SPT35304	0
SPT35487	SPT35390	0
SPT35487	SPT35436	0
SPT35487	SPT35580	0
SPT35487	SPT35538	0
SPT35487	SPT35537	0
SPT35487	SPT35320	0
SPT35487	SPT35541	0
SPT35487	SPT35673	0
SPT35487	SPT35502	0
SPT35487	SPT35330	0
SPT35487	SPT35546	0
SPT35487	SPT35547	0
SPT35487	SPT35544	0
SPT35487	SPT35362	0
SPT35487	SPT35499	0
SPT35487	SPT35336	0
SPT35487	SPT35577	0
SPT35487	SPT35325	0
SPT35487	SPT35331	0
SPT35487	SPT35337	0
SPT35487	SPT35306	0
SPT35487	SPT35407	0
SPT35487	SPT35346	0
SPT35487	SPT35405	0
SPT35487	SPT35410	0
SPT35487	SPT35575	0
SPT35487	SPT35576	0
SPT35487	SPT35766	0
SPT35487	SPT35347	0
SPT35487	SPT35412	0
SPT35487	SPT35414	0
SPT35487	SPT35348	0
SPT35487	SPT35417	0
SPT35487	SPT35571	0
SPT35487	SPT35349	0
SPT35487	SPT35351	0
SPT35487	SPT35418	0
SPT35487	SPT35419	0
SPT35487	SPT35566	0
SPT35487	SPT35567	0
SPT35487	SPT35420	0
SPT35487	SPT35423	0
SPT35487	SPT35564	0
SPT35487	SPT35352	0
SPT35487	SPT35424	0
SPT35487	SPT35357	0
SPT35487	SPT35437	0.04
SPT35487	SPT35563	0
SPT35487	SPT35308	0
SPT35487	SPT35425	0
SPT35487	SPT35440	0
SPT35487	SPT35354	0
SPT35487	SPT35309	0
SPT35487	SPT35310	0
SPT35487	SPT35355	0
SPT35487	SPT35332	0
SPT35487	SPT35333	0
SPT35487	SPT35561	0
SPT35487	SPT35363	0
SPT35487	SPT35427	0
SPT35487	SPT35752	0
SPT35487	SPT35430	0
SPT35487	SPT35431	0
SPT35487	SPT35313	0
SPT35487	SPT35780	0
SPT35487	SPT35315	0
SPT35487	SPT35316	0
SPT35487	SPT35317	0
SPT35487	SPT35334	0
SPT35487	SPT35543	0
SPT35369	SPT35370	0.17
SPT35369	SPT35382	0
SPT35369	SPT35521	0
SPT35369	SPT35553	0
SPT35369	SPT35532	0
SPT35369	SPT35384	0
SPT35369	SPT35522	0
SPT35369	SPT35361	0
SPT35369	SPT35342	0
SPT35369	SPT35556	0
SPT35369	SPT35557	0
SPT35369	SPT35328	0
SPT35369	SPT35592	0
SPT35369	SPT35435	0
SPT35369	SPT35304	0
SPT35369	SPT35390	0
SPT35369	SPT35436	0
SPT35369	SPT35580	0
SPT35369	SPT35538	0
SPT35369	SPT35537	0
SPT35369	SPT35320	0.02
SPT35369	SPT35541	0
SPT35369	SPT35673	0
SPT35369	SPT35502	0
SPT35369	SPT35330	0
SPT35369	SPT35546	0
SPT35369	SPT35547	0
SPT35369	SPT35544	0
SPT35369	SPT35362	0
SPT35369	SPT35499	0
SPT35369	SPT35336	0
SPT35369	SPT35577	0
SPT35369	SPT35325	0
SPT35369	SPT35331	0
SPT35369	SPT35337	0.02
SPT35369	SPT35306	0
SPT35369	SPT35407	0
SPT35369	SPT35346	0
SPT35369	SPT35405	0
SPT35369	SPT35410	0
SPT35369	SPT35575	0
SPT35369	SPT35576	0
SPT35369	SPT35766	0
SPT35369	SPT35347	0
SPT35369	SPT35412	0
SPT35369	SPT35414	0
SPT35369	SPT35348	0
SPT35369	SPT35417	0
SPT35369	SPT35571	0
SPT35369	SPT35349	0
SPT35369	SPT35351	0
SPT35369	SPT35418	0.02
SPT35369	SPT35419	0.11
SPT35369	SPT35566	0
SPT35369	SPT35567	0
SPT35369	SPT35420	0
SPT35369	SPT35423	0
SPT35369	SPT35564	0
SPT35369	SPT35352	0
SPT35369	SPT35424	0
SPT35369	SPT35357	0
SPT35369	SPT35437	0
SPT35369	SPT35563	0
SPT35369	SPT35308	0
SPT35369	SPT35425	0
SPT35369	SPT35440	0
SPT35369	SPT35354	0
SPT35369	SPT35309	0
SPT35369	SPT35310	0
SPT35369	SPT35355	0
SPT35369	SPT35332	0
SPT35369	SPT35333	0
SPT35369	SPT35561	0
SPT35369	SPT35363	0
SPT35369	SPT35427	0
SPT35369	SPT35752	0
SPT35369	SPT35430	0
SPT35369	SPT35431	0
SPT35369	SPT35313	0
SPT35369	SPT35780	0
SPT35369	SPT35315	0.02
SPT35369	SPT35316	0
SPT35369	SPT35317	0
SPT35369	SPT35334	0.02
SPT35369	SPT35543	0
SPT35370	SPT35382	0.34
SPT35370	SPT35521	0
SPT35370	SPT35553	0
SPT35370	SPT35532	0
SPT35370	SPT35384	0
SPT35370	SPT35522	0
SPT35370	SPT35361	0.03
SPT35370	SPT35342	0.03
SPT35370	SPT35556	0
SPT35370	SPT35557	0
SPT35370	SPT35328	0
SPT35370	SPT35592	0
SPT35370	SPT35435	0
SPT35370	SPT35304	0
SPT35370	SPT35390	0
SPT35370	SPT35436	0
SPT35370	SPT35580	0
SPT35370	SPT35538	0
SPT35370	SPT35537	0
SPT35370	SPT35320	0
SPT35370	SPT35541	0
SPT35370	SPT35673	0
SPT35370	SPT35502	0
SPT35370	SPT35330	0
SPT35370	SPT35546	0
SPT35370	SPT35547	0
SPT35370	SPT35544	0
SPT35370	SPT35362	0
SPT35370	SPT35499	0
SPT35370	SPT35336	0
SPT35370	SPT35577	0
SPT35370	SPT35325	0
SPT35370	SPT35331	0
SPT35370	SPT35337	0
SPT35370	SPT35306	0
SPT35370	SPT35407	0.04
SPT35370	SPT35346	0
SPT35370	SPT35405	0
SPT35370	SPT35410	0
SPT35370	SPT35575	0
SPT35370	SPT35576	0
SPT35370	SPT35766	0
SPT35370	SPT35347	0
SPT35370	SPT35412	0
SPT35370	SPT35414	0
SPT35370	SPT35348	0
SPT35370	SPT35417	0
SPT35370	SPT35571	0
SPT35370	SPT35349	0
SPT35370	SPT35351	0
SPT35370	SPT35418	0
SPT35370	SPT35419	0.21
SPT35370	SPT35566	0
SPT35370	SPT35567	0
SPT35370	SPT35420	0
SPT35370	SPT35423	0
SPT35370	SPT35564	0
SPT35370	SPT35352	0
SPT35370	SPT35424	0
SPT35370	SPT35357	0
SPT35370	SPT35437	0
SPT35370	SPT35563	0
SPT35370	SPT35308	0
SPT35370	SPT35425	0
SPT35370	SPT35440	0
SPT35370	SPT35354	0.2
SPT35370	SPT35309	0
SPT35370	SPT35310	0
SPT35370	SPT35355	0
SPT35370	SPT35332	0
SPT35370	SPT35333	0
SPT35370	SPT35561	0
SPT35370	SPT35363	0
SPT35370	SPT35427	0
SPT35370	SPT35752	0
SPT35370	SPT35430	0
SPT35370	SPT35431	0
SPT35370	SPT35313	0
SPT35370	SPT35780	0
SPT35370	SPT35315	0
SPT35370	SPT35316	0.16
SPT35370	SPT35317	0
SPT35370	SPT35334	0
SPT35370	SPT35543	0
SPT35382	SPT35521	0
SPT35382	SPT35553	0
SPT35382	SPT35532	0
SPT35382	SPT35384	0
SPT35382	SPT35522	0
SPT35382	SPT35361	0.18
SPT35382	SPT35342	0
SPT35382	SPT35556	0
SPT35382	SPT35557	0
SPT35382	SPT35328	0
SPT35382	SPT35592	0
SPT35382	SPT35435	0
SPT35382	SPT35304	0
SPT35382	SPT35390	0
SPT35382	SPT35436	0
SPT35382	SPT35580	0
SPT35382	SPT35538	0
SPT35382	SPT35537	0
SPT35382	SPT35320	0
SPT35382	SPT35541	0
SPT35382	SPT35673	0
SPT35382	SPT35502	0
SPT35382	SPT35330	0
SPT35382	SPT35546	0
SPT35382	SPT35547	0
SPT35382	SPT35544	0
SPT35382	SPT35362	0
SPT35382	SPT35499	0
SPT35382	SPT35336	0
SPT35382	SPT35577	0
SPT35382	SPT35325	0
SPT35382	SPT35331	0
SPT35382	SPT35337	0
SPT35382	SPT35306	0
SPT35382	SPT35407	0
SPT35382	SPT35346	0
SPT35382	SPT35405	0
SPT35382	SPT35410	0
SPT35382	SPT35575	0
SPT35382	SPT35576	0
SPT35382	SPT35766	0
SPT35382	SPT35347	0
SPT35382	SPT35412	0
SPT35382	SPT35414	0
SPT35382	SPT35348	0
SPT35382	SPT35417	0
SPT35382	SPT35571	0
SPT35382	SPT35349	0
SPT35382	SPT35351	0
SPT35382	SPT35418	0
SPT35382	SPT35419	0
SPT35382	SPT35566	0
SPT35382	SPT35567	0
SPT35382	SPT35420	0
SPT35382	SPT35423	0
SPT35382	SPT35564	0
SPT35382	SPT35352	0
SPT35382	SPT35424	0
SPT35382	SPT35357	0
SPT35382	SPT35437	0
SPT35382	SPT35563	0
SPT35382	SPT35308	0
SPT35382	SPT35425	0
SPT35382	SPT35440	0
SPT35382	SPT35354	0.6
SPT35382	SPT35309	0
SPT35382	SPT35310	0
SPT35382	SPT35355	0
SPT35382	SPT35332	0
SPT35382	SPT35333	0
SPT35382	SPT35561	0
SPT35382	SPT35363	0
SPT35382	SPT35427	0
SPT35382	SPT35752	0
SPT35382	SPT35430	0
SPT35382	SPT35431	0
SPT35382	SPT35313	0
SPT35382	SPT35780	0
SPT35382	SPT35315	0
SPT35382	SPT35316	0.51
SPT35382	SPT35317	0
SPT35382	SPT35334	0
SPT35382	SPT35543	0
SPT35521	SPT35553	0
SPT35521	SPT35532	0
SPT35521	SPT35384	0
SPT35521	SPT35522	0
SPT35521	SPT35361	0
SPT35521	SPT35342	0
SPT35521	SPT35556	0
SPT35521	SPT35557	0
SPT35521	SPT35328	0
SPT35521	SPT35592	0
SPT35521	SPT35435	0
SPT35521	SPT35304	0
SPT35521	SPT35390	0
SPT35521	SPT35436	0
SPT35521	SPT35580	0
SPT35521	SPT35538	0
SPT35521	SPT35537	0
SPT35521	SPT35320	0
SPT35521	SPT35541	0
SPT35521	SPT35673	0
SPT35521	SPT35502	0
SPT35521	SPT35330	0
SPT35521	SPT35546	0
SPT35521	SPT35547	0
SPT35521	SPT35544	0
SPT35521	SPT35362	0
SPT35521	SPT35499	0
SPT35521	SPT35336	0
SPT35521	SPT35577	0
SPT35521	SPT35325	0
SPT35521	SPT35331	0
SPT35521	SPT35337	0
SPT35521	SPT35306	0
SPT35521	SPT35407	0
SPT35521	SPT35346	0
SPT35521	SPT35405	0
SPT35521	SPT35410	0
SPT35521	SPT35575	0
SPT35521	SPT35576	0
SPT35521	SPT35766	0
SPT35521	SPT35347	0
SPT35521	SPT35412	0
SPT35521	SPT35414	0
SPT35521	SPT35348	0
SPT35521	SPT35417	0
SPT35521	SPT35571	0
SPT35521	SPT35349	0
SPT35521	SPT35351	0
SPT35521	SPT35418	0
SPT35521	SPT35419	0
SPT35521	SPT35566	0
SPT35521	SPT35567	0
SPT35521	SPT35420	0
SPT35521	SPT35423	0
SPT35521	SPT35564	0
SPT35521	SPT35352	0
SPT35521	SPT35424	0
SPT35521	SPT35357	0
SPT35521	SPT35437	0
SPT35521	SPT35563	0
SPT35521	SPT35308	0
SPT35521	SPT35425	0.02
SPT35521	SPT35440	0
SPT35521	SPT35354	0
SPT35521	SPT35309	0
SPT35521	SPT35310	0
SPT35521	SPT35355	0
SPT35521	SPT35332	0
SPT35521	SPT35333	0
SPT35521	SPT35561	0
SPT35521	SPT35363	0
SPT35521	SPT35427	0
SPT35521	SPT35752	0
SPT35521	SPT35430	0
SPT35521	SPT35431	0
SPT35521	SPT35313	0
SPT35521	SPT35780	0
SPT35521	SPT35315	0
SPT35521	SPT35316	0
SPT35521	SPT35317	0
SPT35521	SPT35334	0
SPT35521	SPT35543	0
SPT35553	SPT35532	0
SPT35553	SPT35384	0
SPT35553	SPT35522	0
SPT35553	SPT35361	0
SPT35553	SPT35342	0
SPT35553	SPT35556	0
SPT35553	SPT35557	0
SPT35553	SPT35328	0
SPT35553	SPT35592	0
SPT35553	SPT35435	0
SPT35553	SPT35304	0
SPT35553	SPT35390	0
SPT35553	SPT35436	0
SPT35553	SPT35580	0
SPT35553	SPT35538	0
SPT35553	SPT35537	0
SPT35553	SPT35320	0
SPT35553	SPT35541	0
SPT35553	SPT35673	0
SPT35553	SPT35502	0
SPT35553	SPT35330	0
SPT35553	SPT35546	0
SPT35553	SPT35547	0
SPT35553	SPT35544	0
SPT35553	SPT35362	0
SPT35553	SPT35499	0
SPT35553	SPT35336	0
SPT35553	SPT35577	0
SPT35553	SPT35325	0
SPT35553	SPT35331	0
SPT35553	SPT35337	0
SPT35553	SPT35306	0
SPT35553	SPT35407	0
SPT35553	SPT35346	0
SPT35553	SPT35405	0
SPT35553	SPT35410	0
SPT35553	SPT35575	0
SPT35553	SPT35576	0
SPT35553	SPT35766	0
SPT35553	SPT35347	0
SPT35553	SPT35412	0
SPT35553	SPT35414	0
SPT35553	SPT35348	0.02
SPT35553	SPT35417	0
SPT35553	SPT35571	0
SPT35553	SPT35349	0
SPT35553	SPT35351	0
SPT35553	SPT35418	0
SPT35553	SPT35419	0
SPT35553	SPT35566	0
SPT35553	SPT35567	0
SPT35553	SPT35420	0
SPT35553	SPT35423	0
SPT35553	SPT35564	0
SPT35553	SPT35352	0
SPT35553	SPT35424	0
SPT35553	SPT35357	0
SPT35553	SPT35437	0
SPT35553	SPT35563	0.02
SPT35553	SPT35308	0
SPT35553	SPT35425	0
SPT35553	SPT35440	0
SPT35553	SPT35354	0
SPT35553	SPT35309	0
SPT35553	SPT35310	0
SPT35553	SPT35355	0
SPT35553	SPT35332	0
SPT35553	SPT35333	0
SPT35553	SPT35561	0
SPT35553	SPT35363	0
SPT35553	SPT35427	0
SPT35553	SPT35752	0
SPT35553	SPT35430	0
SPT35553	SPT35431	0
SPT35553	SPT35313	0
SPT35553	SPT35780	0
SPT35553	SPT35315	0
SPT35553	SPT35316	0
SPT35553	SPT35317	0
SPT35553	SPT35334	0
SPT35553	SPT35543	0
SPT35532	SPT35384	0
SPT35532	SPT35522	0
SPT35532	SPT35361	0
SPT35532	SPT35342	0
SPT35532	SPT35556	0
SPT35532	SPT35557	0
SPT35532	SPT35328	0
SPT35532	SPT35592	0
SPT35532	SPT35435	0.46
SPT35532	SPT35304	0
SPT35532	SPT35390	0
SPT35532	SPT35436	0
SPT35532	SPT35580	0
SPT35532	SPT35538	0
SPT35532	SPT35537	0
SPT35532	SPT35320	0
SPT35532	SPT35541	0
SPT35532	SPT35673	0
SPT35532	SPT35502	0
SPT35532	SPT35330	0
SPT35532	SPT35546	0
SPT35532	SPT35547	0
SPT35532	SPT35544	0
SPT35532	SPT35362	0
SPT35532	SPT35499	0
SPT35532	SPT35336	0
SPT35532	SPT35577	0
SPT35532	SPT35325	0
SPT35532	SPT35331	0
SPT35532	SPT35337	0
SPT35532	SPT35306	0
SPT35532	SPT35407	0
SPT35532	SPT35346	0
SPT35532	SPT35405	0
SPT35532	SPT35410	0
SPT35532	SPT35575	0
SPT35532	SPT35576	0
SPT35532	SPT35766	0
SPT35532	SPT35347	0
SPT35532	SPT35412	0
SPT35532	SPT35414	0
SPT35532	SPT35348	0
SPT35532	SPT35417	0
SPT35532	SPT35571	0
SPT35532	SPT35349	0
SPT35532	SPT35351	0
SPT35532	SPT35418	0
SPT35532	SPT35419	0
SPT35532	SPT35566	0
SPT35532	SPT35567	0
SPT35532	SPT35420	0
SPT35532	SPT35423	0
SPT35532	SPT35564	0
SPT35532	SPT35352	0
SPT35532	SPT35424	0
SPT35532	SPT35357	0
SPT35532	SPT35437	0.23
SPT35532	SPT35563	0
SPT35532	SPT35308	0
SPT35532	SPT35425	0
SPT35532	SPT35440	0
SPT35532	SPT35354	0
SPT35532	SPT35309	0
SPT35532	SPT35310	0
SPT35532	SPT35355	0
SPT35532	SPT35332	0
SPT35532	SPT35333	0
SPT35532	SPT35561	0
SPT35532	SPT35363	0
SPT35532	SPT35427	0
SPT35532	SPT35752	0
SPT35532	SPT35430	0
SPT35532	SPT35431	0
SPT35532	SPT35313	0
SPT35532	SPT35780	0
SPT35532	SPT35315	0
SPT35532	SPT35316	0
SPT35532	SPT35317	0
SPT35532	SPT35334	0
SPT35532	SPT35543	0
SPT35384	SPT35522	0
SPT35384	SPT35361	0
SPT35384	SPT35342	0
SPT35384	SPT35556	0
SPT35384	SPT35557	0
SPT35384	SPT35328	0.02
SPT35384	SPT35592	0
SPT35384	SPT35435	0
SPT35384	SPT35304	0
SPT35384	SPT35390	0
SPT35384	SPT35436	0
SPT35384	SPT35580	0
SPT35384	SPT35538	0
SPT35384	SPT35537	0
SPT35384	SPT35320	0
SPT35384	SPT35541	0
SPT35384	SPT35673	0
SPT35384	SPT35502	0
SPT35384	SPT35330	0
SPT35384	SPT35546	0
SPT35384	SPT35547	0
SPT35384	SPT35544	0
SPT35384	SPT35362	0
SPT35384	SPT35499	0
SPT35384	SPT35336	0.98
SPT35384	SPT35577	0
SPT35384	SPT35325	0
SPT35384	SPT35331	0
SPT35384	SPT35337	0.03
SPT35384	SPT35306	0
SPT35384	SPT35407	0
SPT35384	SPT35346	0
SPT35384	SPT35405	0
SPT35384	SPT35410	0
SPT35384	SPT35575	0
SPT35384	SPT35576	0
SPT35384	SPT35766	0
SPT35384	SPT35347	0
SPT35384	SPT35412	0
SPT35384	SPT35414	0
SPT35384	SPT35348	0.02
SPT35384	SPT35417	0
SPT35384	SPT35571	0
SPT35384	SPT35349	0
SPT35384	SPT35351	0.02
SPT35384	SPT35418	0
SPT35384	SPT35419	0
SPT35384	SPT35566	0
SPT35384	SPT35567	0
SPT35384	SPT35420	0
SPT35384	SPT35423	0
SPT35384	SPT35564	0
SPT35384	SPT35352	0
SPT35384	SPT35424	0
SPT35384	SPT35357	0
SPT35384	SPT35437	0
SPT35384	SPT35563	0
SPT35384	SPT35308	0
SPT35384	SPT35425	0
SPT35384	SPT35440	0
SPT35384	SPT35354	0
SPT35384	SPT35309	0
SPT35384	SPT35310	0
SPT35384	SPT35355	0
SPT35384	SPT35332	0
SPT35384	SPT35333	0
SPT35384	SPT35561	0
SPT35384	SPT35363	0
SPT35384	SPT35427	0
SPT35384	SPT35752	0
SPT35384	SPT35430	0
SPT35384	SPT35431	0
SPT35384	SPT35313	0
SPT35384	SPT35780	0
SPT35384	SPT35315	0.03
SPT35384	SPT35316	0
SPT35384	SPT35317	0
SPT35384	SPT35334	0.02
SPT35384	SPT35543	0
SPT35522	SPT35361	0
SPT35522	SPT35342	0
SPT35522	SPT35556	0
SPT35522	SPT35557	0
SPT35522	SPT35328	0
SPT35522	SPT35592	0
SPT35522	SPT35435	0
SPT35522	SPT35304	0
SPT35522	SPT35390	0
SPT35522	SPT35436	0
SPT35522	SPT35580	0
SPT35522	SPT35538	0
SPT35522	SPT35537	0
SPT35522	SPT35320	0
SPT35522	SPT35541	0
SPT35522	SPT35673	0
SPT35522	SPT35502	0
SPT35522	SPT35330	0
SPT35522	SPT35546	0
SPT35522	SPT35547	0
SPT35522	SPT35544	0
SPT35522	SPT35362	0
SPT35522	SPT35499	0
SPT35522	SPT35336	0
SPT35522	SPT35577	0
SPT35522	SPT35325	0
SPT35522	SPT35331	0
SPT35522	SPT35337	0.05
SPT35522	SPT35306	0
SPT35522	SPT35407	0.11
SPT35522	SPT35346	0
SPT35522	SPT35405	0.11
SPT35522	SPT35410	0
SPT35522	SPT35575	0
SPT35522	SPT35576	0.11
SPT35522	SPT35766	0
SPT35522	SPT35347	0
SPT35522	SPT35412	0
SPT35522	SPT35414	0
SPT35522	SPT35348	0
SPT35522	SPT35417	0
SPT35522	SPT35571	0
SPT35522	SPT35349	0
SPT35522	SPT35351	0
SPT35522	SPT35418	0
SPT35522	SPT35419	0.08
SPT35522	SPT35566	0
SPT35522	SPT35567	0
SPT35522	SPT35420	0
SPT35522	SPT35423	0
SPT35522	SPT35564	0
SPT35522	SPT35352	0
SPT35522	SPT35424	0
SPT35522	SPT35357	0
SPT35522	SPT35437	0
SPT35522	SPT35563	0
SPT35522	SPT35308	0
SPT35522	SPT35425	0
SPT35522	SPT35440	0
SPT35522	SPT35354	0
SPT35522	SPT35309	0
SPT35522	SPT35310	0
SPT35522	SPT35355	0
SPT35522	SPT35332	0
SPT35522	SPT35333	0
SPT35522	SPT35561	0
SPT35522	SPT35363	0
SPT35522	SPT35427	0
SPT35522	SPT35752	0
SPT35522	SPT35430	0
SPT35522	SPT35431	0
SPT35522	SPT35313	0
SPT35522	SPT35780	0
SPT35522	SPT35315	0
SPT35522	SPT35316	0
SPT35522	SPT35317	0
SPT35522	SPT35334	0.04
SPT35522	SPT35543	0
SPT35361	SPT35342	0
SPT35361	SPT35556	0
SPT35361	SPT35557	0
SPT35361	SPT35328	0.07
SPT35361	SPT35592	0
SPT35361	SPT35435	0
SPT35361	SPT35304	0
SPT35361	SPT35390	0
SPT35361	SPT35436	0
SPT35361	SPT35580	0
SPT35361	SPT35538	0
SPT35361	SPT35537	0
SPT35361	SPT35320	0
SPT35361	SPT35541	0
SPT35361	SPT35673	0
SPT35361	SPT35502	0
SPT35361	SPT35330	0
SPT35361	SPT35546	0
SPT35361	SPT35547	0
SPT35361	SPT35544	0
SPT35361	SPT35362	0
SPT35361	SPT35499	0
SPT35361	SPT35336	0
SPT35361	SPT35577	0
SPT35361	SPT35325	0
SPT35361	SPT35331	0
SPT35361	SPT35337	0
SPT35361	SPT35306	0
SPT35361	SPT35407	0
SPT35361	SPT35346	0
SPT35361	SPT35405	0
SPT35361	SPT35410	0
SPT35361	SPT35575	0
SPT35361	SPT35576	0
SPT35361	SPT35766	0
SPT35361	SPT35347	0
SPT35361	SPT35412	0
SPT35361	SPT35414	0
SPT35361	SPT35348	0
SPT35361	SPT35417	0
SPT35361	SPT35571	0
SPT35361	SPT35349	0
SPT35361	SPT35351	0
SPT35361	SPT35418	0.02
SPT35361	SPT35419	0
SPT35361	SPT35566	0.03
SPT35361	SPT35567	0
SPT35361	SPT35420	0
SPT35361	SPT35423	0
SPT35361	SPT35564	0
SPT35361	SPT35352	0
SPT35361	SPT35424	0
SPT35361	SPT35357	0
SPT35361	SPT35437	0
SPT35361	SPT35563	0
SPT35361	SPT35308	0
SPT35361	SPT35425	0
SPT35361	SPT35440	0
SPT35361	SPT35354	0.09
SPT35361	SPT35309	0
SPT35361	SPT35310	0
SPT35361	SPT35355	0
SPT35361	SPT35332	0
SPT35361	SPT35333	0
SPT35361	SPT35561	0
SPT35361	SPT35363	0
SPT35361	SPT35427	0
SPT35361	SPT35752	0
SPT35361	SPT35430	0
SPT35361	SPT35431	0
SPT35361	SPT35313	0
SPT35361	SPT35780	0
SPT35361	SPT35315	0
SPT35361	SPT35316	0.04
SPT35361	SPT35317	0
SPT35361	SPT35334	0
SPT35361	SPT35543	0
SPT35342	SPT35556	0
SPT35342	SPT35557	0
SPT35342	SPT35328	0
SPT35342	SPT35592	0
SPT35342	SPT35435	0
SPT35342	SPT35304	0
SPT35342	SPT35390	0
SPT35342	SPT35436	0.02
SPT35342	SPT35580	0
SPT35342	SPT35538	0
SPT35342	SPT35537	0
SPT35342	SPT35320	0
SPT35342	SPT35541	0
SPT35342	SPT35673	0
SPT35342	SPT35502	0
SPT35342	SPT35330	0
SPT35342	SPT35546	0
SPT35342	SPT35547	0
SPT35342	SPT35544	0
SPT35342	SPT35362	0
SPT35342	SPT35499	0
SPT35342	SPT35336	0
SPT35342	SPT35577	0
SPT35342	SPT35325	0
SPT35342	SPT35331	0
SPT35342	SPT35337	0.02
SPT35342	SPT35306	0
SPT35342	SPT35407	0
SPT35342	SPT35346	0
SPT35342	SPT35405	0
SPT35342	SPT35410	0
SPT35342	SPT35575	0
SPT35342	SPT35576	0
SPT35342	SPT35766	0
SPT35342	SPT35347	0
SPT35342	SPT35412	0
SPT35342	SPT35414	0
SPT35342	SPT35348	0
SPT35342	SPT35417	0
SPT35342	SPT35571	0
SPT35342	SPT35349	0
SPT35342	SPT35351	0
SPT35342	SPT35418	0
SPT35342	SPT35419	0
SPT35342	SPT35566	0
SPT35342	SPT35567	0
SPT35342	SPT35420	0
SPT35342	SPT35423	0
SPT35342	SPT35564	0
SPT35342	SPT35352	0
SPT35342	SPT35424	0
SPT35342	SPT35357	0
SPT35342	SPT35437	0
SPT35342	SPT35563	0
SPT35342	SPT35308	0
SPT35342	SPT35425	0
SPT35342	SPT35440	0
SPT35342	SPT35354	0
SPT35342	SPT35309	0
SPT35342	SPT35310	0
SPT35342	SPT35355	0
SPT35342	SPT35332	0
SPT35342	SPT35333	0
SPT35342	SPT35561	0
SPT35342	SPT35363	0
SPT35342	SPT35427	0
SPT35342	SPT35752	0
SPT35342	SPT35430	0
SPT35342	SPT35431	0
SPT35342	SPT35313	0
SPT35342	SPT35780	0
SPT35342	SPT35315	0.02
SPT35342	SPT35316	0
SPT35342	SPT35317	0
SPT35342	SPT35334	0.05
SPT35342	SPT35543	0
SPT35556	SPT35557	0
SPT35556	SPT35328	0
SPT35556	SPT35592	0.07
SPT35556	SPT35435	0
SPT35556	SPT35304	0
SPT35556	SPT35390	0
SPT35556	SPT35436	0
SPT35556	SPT35580	0
SPT35556	SPT35538	0
SPT35556	SPT35537	0
SPT35556	SPT35320	0
SPT35556	SPT35541	0
SPT35556	SPT35673	0
SPT35556	SPT35502	0
SPT35556	SPT35330	0
SPT35556	SPT35546	0
SPT35556	SPT35547	0
SPT35556	SPT35544	0
SPT35556	SPT35362	0
SPT35556	SPT35499	0
SPT35556	SPT35336	0
SPT35556	SPT35577	0
SPT35556	SPT35325	0
SPT35556	SPT35331	0
SPT35556	SPT35337	0
SPT35556	SPT35306	0
SPT35556	SPT35407	0
SPT35556	SPT35346	0
SPT35556	SPT35405	0
SPT35556	SPT35410	0
SPT35556	SPT35575	0
SPT35556	SPT35576	0
SPT35556	SPT35766	0
SPT35556	SPT35347	0
SPT35556	SPT35412	0
SPT35556	SPT35414	0
SPT35556	SPT35348	0
SPT35556	SPT35417	0
SPT35556	SPT35571	0
SPT35556	SPT35349	0
SPT35556	SPT35351	0
SPT35556	SPT35418	0
SPT35556	SPT35419	0
SPT35556	SPT35566	0
SPT35556	SPT35567	0
SPT35556	SPT35420	0
SPT35556	SPT35423	0
SPT35556	SPT35564	0
SPT35556	SPT35352	0
SPT35556	SPT35424	0.02
SPT35556	SPT35357	0
SPT35556	SPT35437	0
SPT35556	SPT35563	0
SPT35556	SPT35308	0
SPT35556	SPT35425	0
SPT35556	SPT35440	0.02
SPT35556	SPT35354	0
SPT35556	SPT35309	0
SPT35556	SPT35310	0
SPT35556	SPT35355	0
SPT35556	SPT35332	0
SPT35556	SPT35333	0
SPT35556	SPT35561	0.02
SPT35556	SPT35363	0
SPT35556	SPT35427	0
SPT35556	SPT35752	0
SPT35556	SPT35430	0
SPT35556	SPT35431	0
SPT35556	SPT35313	0
SPT35556	SPT35780	0.02
SPT35556	SPT35315	0
SPT35556	SPT35316	0
SPT35556	SPT35317	0
SPT35556	SPT35334	0
SPT35556	SPT35543	0
SPT35557	SPT35328	0
SPT35557	SPT35592	0
SPT35557	SPT35435	0
SPT35557	SPT35304	0
SPT35557	SPT35390	0
SPT35557	SPT35436	0
SPT35557	SPT35580	0
SPT35557	SPT35538	0
SPT35557	SPT35537	0
SPT35557	SPT35320	0
SPT35557	SPT35541	0
SPT35557	SPT35673	0
SPT35557	SPT35502	0
SPT35557	SPT35330	0
SPT35557	SPT35546	0
SPT35557	SPT35547	0
SPT35557	SPT35544	0
SPT35557	SPT35362	0
SPT35557	SPT35499	0
SPT35557	SPT35336	0
SPT35557	SPT35577	0
SPT35557	SPT35325	0
SPT35557	SPT35331	0
SPT35557	SPT35337	0
SPT35557	SPT35306	0
SPT35557	SPT35407	0
SPT35557	SPT35346	0
SPT35557	SPT35405	0
SPT35557	SPT35410	0
SPT35557	SPT35575	0
SPT35557	SPT35576	0
SPT35557	SPT35766	0
SPT35557	SPT35347	0
SPT35557	SPT35412	0
SPT35557	SPT35414	0
SPT35557	SPT35348	0
SPT35557	SPT35417	0
SPT35557	SPT35571	0
SPT35557	SPT35349	0
SPT35557	SPT35351	0
SPT35557	SPT35418	0
SPT35557	SPT35419	0
SPT35557	SPT35566	0
SPT35557	SPT35567	0
SPT35557	SPT35420	0
SPT35557	SPT35423	0
SPT35557	SPT35564	0
SPT35557	SPT35352	0
SPT35557	SPT35424	0
SPT35557	SPT35357	0
SPT35557	SPT35437	0
SPT35557	SPT35563	0
SPT35557	SPT35308	0
SPT35557	SPT35425	0.03
SPT35557	SPT35440	0
SPT35557	SPT35354	0
SPT35557	SPT35309	0
SPT35557	SPT35310	0
SPT35557	SPT35355	0
SPT35557	SPT35332	0
SPT35557	SPT35333	0
SPT35557	SPT35561	0
SPT35557	SPT35363	0
SPT35557	SPT35427	0
SPT35557	SPT35752	0
SPT35557	SPT35430	0
SPT35557	SPT35431	0
SPT35557	SPT35313	0
SPT35557	SPT35780	0
SPT35557	SPT35315	0
SPT35557	SPT35316	0
SPT35557	SPT35317	0
SPT35557	SPT35334	0
SPT35557	SPT35543	0
SPT35328	SPT35592	0
SPT35328	SPT35435	0
SPT35328	SPT35304	0
SPT35328	SPT35390	0.03
SPT35328	SPT35436	0
SPT35328	SPT35580	0
SPT35328	SPT35538	0
SPT35328	SPT35537	0
SPT35328	SPT35320	0
SPT35328	SPT35541	0
SPT35328	SPT35673	0
SPT35328	SPT35502	0
SPT35328	SPT35330	0.03
SPT35328	SPT35546	0
SPT35328	SPT35547	0
SPT35328	SPT35544	0
SPT35328	SPT35362	0
SPT35328	SPT35499	0
SPT35328	SPT35336	0.02
SPT35328	SPT35577	0
SPT35328	SPT35325	0
SPT35328	SPT35331	0.07
SPT35328	SPT35337	0
SPT35328	SPT35306	0.02
SPT35328	SPT35407	0
SPT35328	SPT35346	0
SPT35328	SPT35405	0
SPT35328	SPT35410	0.02
SPT35328	SPT35575	0
SPT35328	SPT35576	0
SPT35328	SPT35766	0
SPT35328	SPT35347	0.02
SPT35328	SPT35412	0
SPT35328	SPT35414	0
SPT35328	SPT35348	0
SPT35328	SPT35417	0
SPT35328	SPT35571	0
SPT35328	SPT35349	0
SPT35328	SPT35351	0
SPT35328	SPT35418	0
SPT35328	SPT35419	0
SPT35328	SPT35566	0
SPT35328	SPT35567	0
SPT35328	SPT35420	0
SPT35328	SPT35423	0
SPT35328	SPT35564	0
SPT35328	SPT35352	0
SPT35328	SPT35424	0
SPT35328	SPT35357	0.02
SPT35328	SPT35437	0
SPT35328	SPT35563	0
SPT35328	SPT35308	0
SPT35328	SPT35425	0
SPT35328	SPT35440	0
SPT35328	SPT35354	0
SPT35328	SPT35309	0.05
SPT35328	SPT35310	0.05
SPT35328	SPT35355	0.1
SPT35328	SPT35332	0
SPT35328	SPT35333	0
SPT35328	SPT35561	0
SPT35328	SPT35363	0
SPT35328	SPT35427	0
SPT35328	SPT35752	0
SPT35328	SPT35430	0
SPT35328	SPT35431	0
SPT35328	SPT35313	0.03
SPT35328	SPT35780	0
SPT35328	SPT35315	0
SPT35328	SPT35316	0
SPT35328	SPT35317	0
SPT35328	SPT35334	0
SPT35328	SPT35543	0
SPT35592	SPT35435	0.05
SPT35592	SPT35304	0
SPT35592	SPT35390	0
SPT35592	SPT35436	0
SPT35592	SPT35580	0
SPT35592	SPT35538	0
SPT35592	SPT35537	0
SPT35592	SPT35320	0
SPT35592	SPT35541	0
SPT35592	SPT35673	0.02
SPT35592	SPT35502	0
SPT35592	SPT35330	0
SPT35592	SPT35546	0
SPT35592	SPT35547	0
SPT35592	SPT35544	0
SPT35592	SPT35362	0
SPT35592	SPT35499	0
SPT35592	SPT35336	0
SPT35592	SPT35577	0
SPT35592	SPT35325	0
SPT35592	SPT35331	0
SPT35592	SPT35337	0
SPT35592	SPT35306	0
SPT35592	SPT35407	0
SPT35592	SPT35346	0
SPT35592	SPT35405	0
SPT35592	SPT35410	0
SPT35592	SPT35575	0
SPT35592	SPT35576	0
SPT35592	SPT35766	0
SPT35592	SPT35347	0
SPT35592	SPT35412	0
SPT35592	SPT35414	0
SPT35592	SPT35348	0
SPT35592	SPT35417	0
SPT35592	SPT35571	0
SPT35592	SPT35349	0
SPT35592	SPT35351	0
SPT35592	SPT35418	0
SPT35592	SPT35419	0
SPT35592	SPT35566	0
SPT35592	SPT35567	0
SPT35592	SPT35420	0
SPT35592	SPT35423	0
SPT35592	SPT35564	0
SPT35592	SPT35352	0
SPT35592	SPT35424	0
SPT35592	SPT35357	0
SPT35592	SPT35437	0.04
SPT35592	SPT35563	0
SPT35592	SPT35308	0
SPT35592	SPT35425	0
SPT35592	SPT35440	0
SPT35592	SPT35354	0
SPT35592	SPT35309	0
SPT35592	SPT35310	0
SPT35592	SPT35355	0
SPT35592	SPT35332	0
SPT35592	SPT35333	0
SPT35592	SPT35561	0.82
SPT35592	SPT35363	0
SPT35592	SPT35427	0
SPT35592	SPT35752	0
SPT35592	SPT35430	0
SPT35592	SPT35431	0
SPT35592	SPT35313	0
SPT35592	SPT35780	0
SPT35592	SPT35315	0
SPT35592	SPT35316	0
SPT35592	SPT35317	0
SPT35592	SPT35334	0
SPT35592	SPT35543	0.06
SPT35435	SPT35304	0
SPT35435	SPT35390	0
SPT35435	SPT35436	0
SPT35435	SPT35580	0
SPT35435	SPT35538	0
SPT35435	SPT35537	0
SPT35435	SPT35320	0
SPT35435	SPT35541	0
SPT35435	SPT35673	0
SPT35435	SPT35502	0
SPT35435	SPT35330	0
SPT35435	SPT35546	0
SPT35435	SPT35547	0
SPT35435	SPT35544	0
SPT35435	SPT35362	0
SPT35435	SPT35499	0
SPT35435	SPT35336	0
SPT35435	SPT35577	0
SPT35435	SPT35325	0
SPT35435	SPT35331	0
SPT35435	SPT35337	0
SPT35435	SPT35306	0
SPT35435	SPT35407	0
SPT35435	SPT35346	0
SPT35435	SPT35405	0
SPT35435	SPT35410	0
SPT35435	SPT35575	0
SPT35435	SPT35576	0
SPT35435	SPT35766	0
SPT35435	SPT35347	0
SPT35435	SPT35412	0
SPT35435	SPT35414	0
SPT35435	SPT35348	0
SPT35435	SPT35417	0
SPT35435	SPT35571	0
SPT35435	SPT35349	0
SPT35435	SPT35351	0
SPT35435	SPT35418	0
SPT35435	SPT35419	0
SPT35435	SPT35566	0
SPT35435	SPT35567	0
SPT35435	SPT35420	0
SPT35435	SPT35423	0
SPT35435	SPT35564	0
SPT35435	SPT35352	0
SPT35435	SPT35424	0
SPT35435	SPT35357	0
SPT35435	SPT35437	0.25
SPT35435	SPT35563	0
SPT35435	SPT35308	0
SPT35435	SPT35425	0
SPT35435	SPT35440	0
SPT35435	SPT35354	0
SPT35435	SPT35309	0
SPT35435	SPT35310	0
SPT35435	SPT35355	0
SPT35435	SPT35332	0
SPT35435	SPT35333	0
SPT35435	SPT35561	0.04
SPT35435	SPT35363	0
SPT35435	SPT35427	0
SPT35435	SPT35752	0
SPT35435	SPT35430	0
SPT35435	SPT35431	0
SPT35435	SPT35313	0
SPT35435	SPT35780	0
SPT35435	SPT35315	0
SPT35435	SPT35316	0
SPT35435	SPT35317	0
SPT35435	SPT35334	0
SPT35435	SPT35543	0
SPT35304	SPT35390	0
SPT35304	SPT35436	0
SPT35304	SPT35580	0
SPT35304	SPT35538	0
SPT35304	SPT35537	0
SPT35304	SPT35320	0
SPT35304	SPT35541	0
SPT35304	SPT35673	0
SPT35304	SPT35502	0
SPT35304	SPT35330	0
SPT35304	SPT35546	0
SPT35304	SPT35547	0
SPT35304	SPT35544	0
SPT35304	SPT35362	0
SPT35304	SPT35499	0
SPT35304	SPT35336	0
SPT35304	SPT35577	0
SPT35304	SPT35325	0
SPT35304	SPT35331	0
SPT35304	SPT35337	0
SPT35304	SPT35306	0
SPT35304	SPT35407	0
SPT35304	SPT35346	0
SPT35304	SPT35405	0
SPT35304	SPT35410	0
SPT35304	SPT35575	0
SPT35304	SPT35576	0
SPT35304	SPT35766	0
SPT35304	SPT35347	0
SPT35304	SPT35412	0
SPT35304	SPT35414	0
SPT35304	SPT35348	0
SPT35304	SPT35417	0
SPT35304	SPT35571	0
SPT35304	SPT35349	0
SPT35304	SPT35351	0.03
SPT35304	SPT35418	0
SPT35304	SPT35419	0
SPT35304	SPT35566	0
SPT35304	SPT35567	0
SPT35304	SPT35420	0
SPT35304	SPT35423	0
SPT35304	SPT35564	0
SPT35304	SPT35352	0
SPT35304	SPT35424	0
SPT35304	SPT35357	0
SPT35304	SPT35437	0
SPT35304	SPT35563	0
SPT35304	SPT35308	0.98
SPT35304	SPT35425	0
SPT35304	SPT35440	0
SPT35304	SPT35354	0
SPT35304	SPT35309	0.02
SPT35304	SPT35310	0
SPT35304	SPT35355	0
SPT35304	SPT35332	0
SPT35304	SPT35333	0
SPT35304	SPT35561	0
SPT35304	SPT35363	0
SPT35304	SPT35427	0
SPT35304	SPT35752	0
SPT35304	SPT35430	0
SPT35304	SPT35431	0
SPT35304	SPT35313	0
SPT35304	SPT35780	0
SPT35304	SPT35315	0.02
SPT35304	SPT35316	0
SPT35304	SPT35317	0
SPT35304	SPT35334	0
SPT35304	SPT35543	0
SPT35390	SPT35436	0
SPT35390	SPT35580	0
SPT35390	SPT35538	0
SPT35390	SPT35537	0
SPT35390	SPT35320	0.04
SPT35390	SPT35541	0
SPT35390	SPT35673	0
SPT35390	SPT35502	0
SPT35390	SPT35330	0
SPT35390	SPT35546	0
SPT35390	SPT35547	0
SPT35390	SPT35544	0
SPT35390	SPT35362	0
SPT35390	SPT35499	0
SPT35390	SPT35336	0
SPT35390	SPT35577	0
SPT35390	SPT35325	0
SPT35390	SPT35331	0
SPT35390	SPT35337	0
SPT35390	SPT35306	0.02
SPT35390	SPT35407	0.11
SPT35390	SPT35346	0
SPT35390	SPT35405	0.1
SPT35390	SPT35410	0
SPT35390	SPT35575	0
SPT35390	SPT35576	0.06
SPT35390	SPT35766	0
SPT35390	SPT35347	0
SPT35390	SPT35412	0
SPT35390	SPT35414	0
SPT35390	SPT35348	0
SPT35390	SPT35417	0
SPT35390	SPT35571	0
SPT35390	SPT35349	0
SPT35390	SPT35351	0
SPT35390	SPT35418	0
SPT35390	SPT35419	0.04
SPT35390	SPT35566	0.02
SPT35390	SPT35567	0
SPT35390	SPT35420	0
SPT35390	SPT35423	0
SPT35390	SPT35564	0
SPT35390	SPT35352	0
SPT35390	SPT35424	0
SPT35390	SPT35357	0
SPT35390	SPT35437	0
SPT35390	SPT35563	0
SPT35390	SPT35308	0
SPT35390	SPT35425	0
SPT35390	SPT35440	0
SPT35390	SPT35354	0.02
SPT35390	SPT35309	0
SPT35390	SPT35310	0
SPT35390	SPT35355	0
SPT35390	SPT35332	0
SPT35390	SPT35333	0
SPT35390	SPT35561	0
SPT35390	SPT35363	0
SPT35390	SPT35427	0
SPT35390	SPT35752	0
SPT35390	SPT35430	0
SPT35390	SPT35431	0
SPT35390	SPT35313	0.02
SPT35390	SPT35780	0
SPT35390	SPT35315	0
SPT35390	SPT35316	0
SPT35390	SPT35317	0.02
SPT35390	SPT35334	0
SPT35390	SPT35543	0
SPT35436	SPT35580	0
SPT35436	SPT35538	0
SPT35436	SPT35537	0
SPT35436	SPT35320	0
SPT35436	SPT35541	0
SPT35436	SPT35673	0
SPT35436	SPT35502	0
SPT35436	SPT35330	0
SPT35436	SPT35546	0
SPT35436	SPT35547	0
SPT35436	SPT35544	0.02
SPT35436	SPT35362	0
SPT35436	SPT35499	0
SPT35436	SPT35336	0
SPT35436	SPT35577	0
SPT35436	SPT35325	0
SPT35436	SPT35331	0
SPT35436	SPT35337	0
SPT35436	SPT35306	0
SPT35436	SPT35407	0
SPT35436	SPT35346	0
SPT35436	SPT35405	0
SPT35436	SPT35410	0
SPT35436	SPT35575	0
SPT35436	SPT35576	0
SPT35436	SPT35766	0
SPT35436	SPT35347	0
SPT35436	SPT35412	0
SPT35436	SPT35414	0
SPT35436	SPT35348	0
SPT35436	SPT35417	0
SPT35436	SPT35571	0
SPT35436	SPT35349	0
SPT35436	SPT35351	0
SPT35436	SPT35418	0
SPT35436	SPT35419	0
SPT35436	SPT35566	0
SPT35436	SPT35567	0
SPT35436	SPT35420	0.03
SPT35436	SPT35423	0
SPT35436	SPT35564	0
SPT35436	SPT35352	0
SPT35436	SPT35424	0
SPT35436	SPT35357	0
SPT35436	SPT35437	0
SPT35436	SPT35563	0
SPT35436	SPT35308	0
SPT35436	SPT35425	0
SPT35436	SPT35440	0
SPT35436	SPT35354	0
SPT35436	SPT35309	0
SPT35436	SPT35310	0
SPT35436	SPT35355	0
SPT35436	SPT35332	0
SPT35436	SPT35333	0
SPT35436	SPT35561	0
SPT35436	SPT35363	0
SPT35436	SPT35427	0
SPT35436	SPT35752	0.03
SPT35436	SPT35430	0
SPT35436	SPT35431	0
SPT35436	SPT35313	0
SPT35436	SPT35780	0
SPT35436	SPT35315	0
SPT35436	SPT35316	0
SPT35436	SPT35317	0
SPT35436	SPT35334	0
SPT35436	SPT35543	0
SPT35580	SPT35538	0
SPT35580	SPT35537	0
SPT35580	SPT35320	0.03
SPT35580	SPT35541	0
SPT35580	SPT35673	0
SPT35580	SPT35502	0
SPT35580	SPT35330	0
SPT35580	SPT35546	0
SPT35580	SPT35547	0
SPT35580	SPT35544	0
SPT35580	SPT35362	0.03
SPT35580	SPT35499	0
SPT35580	SPT35336	0
SPT35580	SPT35577	0
SPT35580	SPT35325	0
SPT35580	SPT35331	0
SPT35580	SPT35337	0
SPT35580	SPT35306	0
SPT35580	SPT35407	0
SPT35580	SPT35346	0
SPT35580	SPT35405	0
SPT35580	SPT35410	0
SPT35580	SPT35575	0
SPT35580	SPT35576	0
SPT35580	SPT35766	0
SPT35580	SPT35347	0
SPT35580	SPT35412	0
SPT35580	SPT35414	0
SPT35580	SPT35348	0
SPT35580	SPT35417	0
SPT35580	SPT35571	0
SPT35580	SPT35349	0
SPT35580	SPT35351	0
SPT35580	SPT35418	0
SPT35580	SPT35419	0
SPT35580	SPT35566	0
SPT35580	SPT35567	0
SPT35580	SPT35420	0
SPT35580	SPT35423	0
SPT35580	SPT35564	0
SPT35580	SPT35352	0
SPT35580	SPT35424	0
SPT35580	SPT35357	0
SPT35580	SPT35437	0
SPT35580	SPT35563	0
SPT35580	SPT35308	0
SPT35580	SPT35425	0
SPT35580	SPT35440	0
SPT35580	SPT35354	0
SPT35580	SPT35309	0
SPT35580	SPT35310	0
SPT35580	SPT35355	0
SPT35580	SPT35332	0
SPT35580	SPT35333	0
SPT35580	SPT35561	0
SPT35580	SPT35363	0
SPT35580	SPT35427	0
SPT35580	SPT35752	0
SPT35580	SPT35430	0
SPT35580	SPT35431	0
SPT35580	SPT35313	0
SPT35580	SPT35780	0.02
SPT35580	SPT35315	0
SPT35580	SPT35316	0
SPT35580	SPT35317	0
SPT35580	SPT35334	0
SPT35580	SPT35543	0
SPT35538	SPT35537	0.87
SPT35538	SPT35320	0
SPT35538	SPT35541	0
SPT35538	SPT35673	0
SPT35538	SPT35502	0
SPT35538	SPT35330	0
SPT35538	SPT35546	0
SPT35538	SPT35547	0
SPT35538	SPT35544	0
SPT35538	SPT35362	0
SPT35538	SPT35499	0
SPT35538	SPT35336	0
SPT35538	SPT35577	0
SPT35538	SPT35325	0
SPT35538	SPT35331	0
SPT35538	SPT35337	0
SPT35538	SPT35306	0
SPT35538	SPT35407	0
SPT35538	SPT35346	0
SPT35538	SPT35405	0
SPT35538	SPT35410	0
SPT35538	SPT35575	0.92
SPT35538	SPT35576	0
SPT35538	SPT35766	0
SPT35538	SPT35347	0
SPT35538	SPT35412	0
SPT35538	SPT35414	0
SPT35538	SPT35348	0
SPT35538	SPT35417	0
SPT35538	SPT35571	0
SPT35538	SPT35349	0
SPT35538	SPT35351	0
SPT35538	SPT35418	0
SPT35538	SPT35419	0
SPT35538	SPT35566	0
SPT35538	SPT35567	0
SPT35538	SPT35420	0
SPT35538	SPT35423	0
SPT35538	SPT35564	0
SPT35538	SPT35352	0
SPT35538	SPT35424	0
SPT35538	SPT35357	0
SPT35538	SPT35437	0
SPT35538	SPT35563	0
SPT35538	SPT35308	0
SPT35538	SPT35425	0
SPT35538	SPT35440	0
SPT35538	SPT35354	0
SPT35538	SPT35309	0
SPT35538	SPT35310	0
SPT35538	SPT35355	0
SPT35538	SPT35332	0
SPT35538	SPT35333	0
SPT35538	SPT35561	0
SPT35538	SPT35363	0
SPT35538	SPT35427	0
SPT35538	SPT35752	0
SPT35538	SPT35430	0
SPT35538	SPT35431	0
SPT35538	SPT35313	0
SPT35538	SPT35780	0
SPT35538	SPT35315	0
SPT35538	SPT35316	0
SPT35538	SPT35317	0
SPT35538	SPT35334	0
SPT35538	SPT35543	0
SPT35537	SPT35320	0
SPT35537	SPT35541	0
SPT35537	SPT35673	0
SPT35537	SPT35502	0
SPT35537	SPT35330	0
SPT35537	SPT35546	0
SPT35537	SPT35547	0
SPT35537	SPT35544	0
SPT35537	SPT35362	0
SPT35537	SPT35499	0
SPT35537	SPT35336	0
SPT35537	SPT35577	0
SPT35537	SPT35325	0
SPT35537	SPT35331	0
SPT35537	SPT35337	0
SPT35537	SPT35306	0
SPT35537	SPT35407	0
SPT35537	SPT35346	0
SPT35537	SPT35405	0
SPT35537	SPT35410	0
SPT35537	SPT35575	0.92
SPT35537	SPT35576	0
SPT35537	SPT35766	0
SPT35537	SPT35347	0
SPT35537	SPT35412	0
SPT35537	SPT35414	0
SPT35537	SPT35348	0
SPT35537	SPT35417	0
SPT35537	SPT35571	0
SPT35537	SPT35349	0.02
SPT35537	SPT35351	0
SPT35537	SPT35418	0
SPT35537	SPT35419	0
SPT35537	SPT35566	0
SPT35537	SPT35567	0
SPT35537	SPT35420	0
SPT35537	SPT35423	0
SPT35537	SPT35564	0
SPT35537	SPT35352	0
SPT35537	SPT35424	0
SPT35537	SPT35357	0
SPT35537	SPT35437	0
SPT35537	SPT35563	0
SPT35537	SPT35308	0
SPT35537	SPT35425	0
SPT35537	SPT35440	0
SPT35537	SPT35354	0
SPT35537	SPT35309	0
SPT35537	SPT35310	0
SPT35537	SPT35355	0
SPT35537	SPT35332	0
SPT35537	SPT35333	0
SPT35537	SPT35561	0
SPT35537	SPT35363	0
SPT35537	SPT35427	0
SPT35537	SPT35752	0
SPT35537	SPT35430	0
SPT35537	SPT35431	0
SPT35537	SPT35313	0
SPT35537	SPT35780	0
SPT35537	SPT35315	0
SPT35537	SPT35316	0
SPT35537	SPT35317	0
SPT35537	SPT35334	0
SPT35537	SPT35543	0
SPT35320	SPT35541	0
SPT35320	SPT35673	0
SPT35320	SPT35502	0
SPT35320	SPT35330	0
SPT35320	SPT35546	0
SPT35320	SPT35547	0
SPT35320	SPT35544	0
SPT35320	SPT35362	0.02
SPT35320	SPT35499	0
SPT35320	SPT35336	0
SPT35320	SPT35577	0
SPT35320	SPT35325	0
SPT35320	SPT35331	0
SPT35320	SPT35337	0
SPT35320	SPT35306	0
SPT35320	SPT35407	0
SPT35320	SPT35346	0
SPT35320	SPT35405	0
SPT35320	SPT35410	0
SPT35320	SPT35575	0
SPT35320	SPT35576	0.03
SPT35320	SPT35766	0.02
SPT35320	SPT35347	0
SPT35320	SPT35412	0
SPT35320	SPT35414	0
SPT35320	SPT35348	0.03
SPT35320	SPT35417	0
SPT35320	SPT35571	0
SPT35320	SPT35349	0
SPT35320	SPT35351	0
SPT35320	SPT35418	0
SPT35320	SPT35419	0.06
SPT35320	SPT35566	0
SPT35320	SPT35567	0
SPT35320	SPT35420	0
SPT35320	SPT35423	0
SPT35320	SPT35564	0
SPT35320	SPT35352	0
SPT35320	SPT35424	0
SPT35320	SPT35357	0
SPT35320	SPT35437	0
SPT35320	SPT35563	0
SPT35320	SPT35308	0
SPT35320	SPT35425	0
SPT35320	SPT35440	0
SPT35320	SPT35354	0
SPT35320	SPT35309	0
SPT35320	SPT35310	0
SPT35320	SPT35355	0
SPT35320	SPT35332	0
SPT35320	SPT35333	0
SPT35320	SPT35561	0
SPT35320	SPT35363	0
SPT35320	SPT35427	0
SPT35320	SPT35752	0
SPT35320	SPT35430	0
SPT35320	SPT35431	0
SPT35320	SPT35313	0
SPT35320	SPT35780	0
SPT35320	SPT35315	0.14
SPT35320	SPT35316	0
SPT35320	SPT35317	0
SPT35320	SPT35334	0
SPT35320	SPT35543	0
SPT35541	SPT35673	0
SPT35541	SPT35502	0
SPT35541	SPT35330	0
SPT35541	SPT35546	0
SPT35541	SPT35547	0
SPT35541	SPT35544	0
SPT35541	SPT35362	0
SPT35541	SPT35499	0.02
SPT35541	SPT35336	0
SPT35541	SPT35577	0
SPT35541	SPT35325	0
SPT35541	SPT35331	0
SPT35541	SPT35337	0
SPT35541	SPT35306	0
SPT35541	SPT35407	0
SPT35541	SPT35346	0
SPT35541	SPT35405	0
SPT35541	SPT35410	0
SPT35541	SPT35575	0
SPT35541	SPT35576	0
SPT35541	SPT35766	0
SPT35541	SPT35347	0
SPT35541	SPT35412	0
SPT35541	SPT35414	0.02
SPT35541	SPT35348	0
SPT35541	SPT35417	0
SPT35541	SPT35571	0
SPT35541	SPT35349	0
SPT35541	SPT35351	0
SPT35541	SPT35418	0
SPT35541	SPT35419	0
SPT35541	SPT35566	0
SPT35541	SPT35567	0
SPT35541	SPT35420	0
SPT35541	SPT35423	0
SPT35541	SPT35564	0
SPT35541	SPT35352	0
SPT35541	SPT35424	0
SPT35541	SPT35357	0
SPT35541	SPT35437	0
SPT35541	SPT35563	0
SPT35541	SPT35308	0
SPT35541	SPT35425	0
SPT35541	SPT35440	0
SPT35541	SPT35354	0
SPT35541	SPT35309	0
SPT35541	SPT35310	0
SPT35541	SPT35355	0
SPT35541	SPT35332	0
SPT35541	SPT35333	0
SPT35541	SPT35561	0
SPT35541	SPT35363	0
SPT35541	SPT35427	0
SPT35541	SPT35752	0
SPT35541	SPT35430	0
SPT35541	SPT35431	0
SPT35541	SPT35313	0
SPT35541	SPT35780	0
SPT35541	SPT35315	0
SPT35541	SPT35316	0
SPT35541	SPT35317	0
SPT35541	SPT35334	0
SPT35541	SPT35543	0.02
SPT35673	SPT35502	0
SPT35673	SPT35330	0
SPT35673	SPT35546	0
SPT35673	SPT35547	0
SPT35673	SPT35544	0
SPT35673	SPT35362	0
SPT35673	SPT35499	0
SPT35673	SPT35336	0
SPT35673	SPT35577	0
SPT35673	SPT35325	0
SPT35673	SPT35331	0
SPT35673	SPT35337	0
SPT35673	SPT35306	0
SPT35673	SPT35407	0
SPT35673	SPT35346	0
SPT35673	SPT35405	0
SPT35673	SPT35410	0
SPT35673	SPT35575	0
SPT35673	SPT35576	0
SPT35673	SPT35766	0.02
SPT35673	SPT35347	0
SPT35673	SPT35412	0
SPT35673	SPT35414	0
SPT35673	SPT35348	0
SPT35673	SPT35417	0
SPT35673	SPT35571	0
SPT35673	SPT35349	0
SPT35673	SPT35351	0
SPT35673	SPT35418	0
SPT35673	SPT35419	0
SPT35673	SPT35566	0
SPT35673	SPT35567	0.02
SPT35673	SPT35420	0
SPT35673	SPT35423	0
SPT35673	SPT35564	0
SPT35673	SPT35352	0
SPT35673	SPT35424	0
SPT35673	SPT35357	0
SPT35673	SPT35437	0
SPT35673	SPT35563	0.02
SPT35673	SPT35308	0
SPT35673	SPT35425	0.02
SPT35673	SPT35440	0.02
SPT35673	SPT35354	0
SPT35673	SPT35309	0
SPT35673	SPT35310	0
SPT35673	SPT35355	0
SPT35673	SPT35332	0
SPT35673	SPT35333	0
SPT35673	SPT35561	0.04
SPT35673	SPT35363	0
SPT35673	SPT35427	0
SPT35673	SPT35752	0
SPT35673	SPT35430	0
SPT35673	SPT35431	0
SPT35673	SPT35313	0
SPT35673	SPT35780	0
SPT35673	SPT35315	0
SPT35673	SPT35316	0
SPT35673	SPT35317	0
SPT35673	SPT35334	0
SPT35673	SPT35543	0
SPT35502	SPT35330	0
SPT35502	SPT35546	0
SPT35502	SPT35547	0
SPT35502	SPT35544	0.02
SPT35502	SPT35362	0
SPT35502	SPT35499	0
SPT35502	SPT35336	0
SPT35502	SPT35577	0
SPT35502	SPT35325	0
SPT35502	SPT35331	0
SPT35502	SPT35337	0
SPT35502	SPT35306	0
SPT35502	SPT35407	0
SPT35502	SPT35346	0
SPT35502	SPT35405	0
SPT35502	SPT35410	0.02
SPT35502	SPT35575	0
SPT35502	SPT35576	0
SPT35502	SPT35766	0
SPT35502	SPT35347	0
SPT35502	SPT35412	0
SPT35502	SPT35414	0
SPT35502	SPT35348	0
SPT35502	SPT35417	0
SPT35502	SPT35571	0
SPT35502	SPT35349	0
SPT35502	SPT35351	0
SPT35502	SPT35418	0
SPT35502	SPT35419	0
SPT35502	SPT35566	0
SPT35502	SPT35567	0
SPT35502	SPT35420	0
SPT35502	SPT35423	0
SPT35502	SPT35564	0
SPT35502	SPT35352	0
SPT35502	SPT35424	0
SPT35502	SPT35357	0
SPT35502	SPT35437	0
SPT35502	SPT35563	0
SPT35502	SPT35308	0
SPT35502	SPT35425	0
SPT35502	SPT35440	0
SPT35502	SPT35354	0
SPT35502	SPT35309	0
SPT35502	SPT35310	0
SPT35502	SPT35355	0
SPT35502	SPT35332	0
SPT35502	SPT35333	0
SPT35502	SPT35561	0
SPT35502	SPT35363	0
SPT35502	SPT35427	0
SPT35502	SPT35752	0
SPT35502	SPT35430	0
SPT35502	SPT35431	0
SPT35502	SPT35313	0
SPT35502	SPT35780	0
SPT35502	SPT35315	0
SPT35502	SPT35316	0
SPT35502	SPT35317	0
SPT35502	SPT35334	0
SPT35502	SPT35543	0
SPT35330	SPT35546	0
SPT35330	SPT35547	0
SPT35330	SPT35544	0
SPT35330	SPT35362	0
SPT35330	SPT35499	0
SPT35330	SPT35336	0
SPT35330	SPT35577	0
SPT35330	SPT35325	0
SPT35330	SPT35331	0
SPT35330	SPT35337	0
SPT35330	SPT35306	0
SPT35330	SPT35407	0
SPT35330	SPT35346	0.22
SPT35330	SPT35405	0
SPT35330	SPT35410	0
SPT35330	SPT35575	0
SPT35330	SPT35576	0
SPT35330	SPT35766	0
SPT35330	SPT35347	0
SPT35330	SPT35412	0
SPT35330	SPT35414	0
SPT35330	SPT35348	0
SPT35330	SPT35417	0
SPT35330	SPT35571	0
SPT35330	SPT35349	0
SPT35330	SPT35351	0
SPT35330	SPT35418	0.06
SPT35330	SPT35419	0
SPT35330	SPT35566	0
SPT35330	SPT35567	0
SPT35330	SPT35420	0
SPT35330	SPT35423	0
SPT35330	SPT35564	0
SPT35330	SPT35352	0
SPT35330	SPT35424	0
SPT35330	SPT35357	0.04
SPT35330	SPT35437	0
SPT35330	SPT35563	0
SPT35330	SPT35308	0
SPT35330	SPT35425	0
SPT35330	SPT35440	0
SPT35330	SPT35354	0
SPT35330	SPT35309	0
SPT35330	SPT35310	0
SPT35330	SPT35355	0
SPT35330	SPT35332	0
SPT35330	SPT35333	0
SPT35330	SPT35561	0
SPT35330	SPT35363	0
SPT35330	SPT35427	0
SPT35330	SPT35752	0
SPT35330	SPT35430	0
SPT35330	SPT35431	0
SPT35330	SPT35313	0.89
SPT35330	SPT35780	0
SPT35330	SPT35315	0
SPT35330	SPT35316	0.02
SPT35330	SPT35317	0
SPT35330	SPT35334	0
SPT35330	SPT35543	0
SPT35546	SPT35547	0.94
SPT35546	SPT35544	0
SPT35546	SPT35362	0
SPT35546	SPT35499	0
SPT35546	SPT35336	0
SPT35546	SPT35577	0.39
SPT35546	SPT35325	0
SPT35546	SPT35331	0
SPT35546	SPT35337	0
SPT35546	SPT35306	0
SPT35546	SPT35407	0
SPT35546	SPT35346	0
SPT35546	SPT35405	0
SPT35546	SPT35410	0
SPT35546	SPT35575	0
SPT35546	SPT35576	0
SPT35546	SPT35766	0
SPT35546	SPT35347	0
SPT35546	SPT35412	0
SPT35546	SPT35414	0
SPT35546	SPT35348	0
SPT35546	SPT35417	0
SPT35546	SPT35571	0.26
SPT35546	SPT35349	0
SPT35546	SPT35351	0
SPT35546	SPT35418	0
SPT35546	SPT35419	0
SPT35546	SPT35566	0
SPT35546	SPT35567	0
SPT35546	SPT35420	0
SPT35546	SPT35423	0
SPT35546	SPT35564	0
SPT35546	SPT35352	0
SPT35546	SPT35424	0
SPT35546	SPT35357	0
SPT35546	SPT35437	0
SPT35546	SPT35563	0
SPT35546	SPT35308	0
SPT35546	SPT35425	0
SPT35546	SPT35440	0
SPT35546	SPT35354	0
SPT35546	SPT35309	0
SPT35546	SPT35310	0
SPT35546	SPT35355	0
SPT35546	SPT35332	0
SPT35546	SPT35333	0
SPT35546	SPT35561	0
SPT35546	SPT35363	0
SPT35546	SPT35427	0
SPT35546	SPT35752	0
SPT35546	SPT35430	0
SPT35546	SPT35431	0.02
SPT35546	SPT35313	0
SPT35546	SPT35780	0
SPT35546	SPT35315	0
SPT35546	SPT35316	0
SPT35546	SPT35317	0
SPT35546	SPT35334	0
SPT35546	SPT35543	0
SPT35547	SPT35544	0
SPT35547	SPT35362	0
SPT35547	SPT35499	0
SPT35547	SPT35336	0
SPT35547	SPT35577	0.42
SPT35547	SPT35325	0
SPT35547	SPT35331	0
SPT35547	SPT35337	0
SPT35547	SPT35306	0
SPT35547	SPT35407	0
SPT35547	SPT35346	0
SPT35547	SPT35405	0
SPT35547	SPT35410	0
SPT35547	SPT35575	0
SPT35547	SPT35576	0
SPT35547	SPT35766	0
SPT35547	SPT35347	0
SPT35547	SPT35412	0
SPT35547	SPT35414	0
SPT35547	SPT35348	0
SPT35547	SPT35417	0
SPT35547	SPT35571	0.27
SPT35547	SPT35349	0
SPT35547	SPT35351	0
SPT35547	SPT35418	0
SPT35547	SPT35419	0
SPT35547	SPT35566	0
SPT35547	SPT35567	0
SPT35547	SPT35420	0
SPT35547	SPT35423	0
SPT35547	SPT35564	0
SPT35547	SPT35352	0
SPT35547	SPT35424	0
SPT35547	SPT35357	0
SPT35547	SPT35437	0
SPT35547	SPT35563	0
SPT35547	SPT35308	0
SPT35547	SPT35425	0
SPT35547	SPT35440	0
SPT35547	SPT35354	0
SPT35547	SPT35309	0
SPT35547	SPT35310	0
SPT35547	SPT35355	0
SPT35547	SPT35332	0
SPT35547	SPT35333	0
SPT35547	SPT35561	0
SPT35547	SPT35363	0
SPT35547	SPT35427	0
SPT35547	SPT35752	0
SPT35547	SPT35430	0
SPT35547	SPT35431	0.02
SPT35547	SPT35313	0
SPT35547	SPT35780	0
SPT35547	SPT35315	0
SPT35547	SPT35316	0
SPT35547	SPT35317	0
SPT35547	SPT35334	0
SPT35547	SPT35543	0
SPT35544	SPT35362	0
SPT35544	SPT35499	0
SPT35544	SPT35336	0
SPT35544	SPT35577	0.02
SPT35544	SPT35325	0
SPT35544	SPT35331	0
SPT35544	SPT35337	0
SPT35544	SPT35306	0
SPT35544	SPT35407	0
SPT35544	SPT35346	0
SPT35544	SPT35405	0
SPT35544	SPT35410	0
SPT35544	SPT35575	0
SPT35544	SPT35576	0
SPT35544	SPT35766	0
SPT35544	SPT35347	0
SPT35544	SPT35412	0
SPT35544	SPT35414	0
SPT35544	SPT35348	0
SPT35544	SPT35417	0
SPT35544	SPT35571	0
SPT35544	SPT35349	0
SPT35544	SPT35351	0
SPT35544	SPT35418	0
SPT35544	SPT35419	0
SPT35544	SPT35566	0
SPT35544	SPT35567	0
SPT35544	SPT35420	0
SPT35544	SPT35423	0
SPT35544	SPT35564	0
SPT35544	SPT35352	0
SPT35544	SPT35424	0
SPT35544	SPT35357	0
SPT35544	SPT35437	0
SPT35544	SPT35563	0
SPT35544	SPT35308	0
SPT35544	SPT35425	0
SPT35544	SPT35440	0.02
SPT35544	SPT35354	0
SPT35544	SPT35309	0
SPT35544	SPT35310	0
SPT35544	SPT35355	0
SPT35544	SPT35332	0
SPT35544	SPT35333	0
SPT35544	SPT35561	0
SPT35544	SPT35363	0
SPT35544	SPT35427	0
SPT35544	SPT35752	0
SPT35544	SPT35430	0.02
SPT35544	SPT35431	0
SPT35544	SPT35313	0
SPT35544	SPT35780	0.02
SPT35544	SPT35315	0
SPT35544	SPT35316	0
SPT35544	SPT35317	0
SPT35544	SPT35334	0
SPT35544	SPT35543	0
SPT35362	SPT35499	0
SPT35362	SPT35336	0
SPT35362	SPT35577	0
SPT35362	SPT35325	0
SPT35362	SPT35331	0
SPT35362	SPT35337	0
SPT35362	SPT35306	0
SPT35362	SPT35407	0
SPT35362	SPT35346	0.04
SPT35362	SPT35405	0
SPT35362	SPT35410	0.03
SPT35362	SPT35575	0
SPT35362	SPT35576	0
SPT35362	SPT35766	0
SPT35362	SPT35347	0
SPT35362	SPT35412	0
SPT35362	SPT35414	0
SPT35362	SPT35348	0.02
SPT35362	SPT35417	0.02
SPT35362	SPT35571	0
SPT35362	SPT35349	0
SPT35362	SPT35351	0
SPT35362	SPT35418	0.04
SPT35362	SPT35419	0
SPT35362	SPT35566	0
SPT35362	SPT35567	0
SPT35362	SPT35420	0
SPT35362	SPT35423	0
SPT35362	SPT35564	0
SPT35362	SPT35352	0
SPT35362	SPT35424	0
SPT35362	SPT35357	0.02
SPT35362	SPT35437	0
SPT35362	SPT35563	0
SPT35362	SPT35308	0
SPT35362	SPT35425	0
SPT35362	SPT35440	0
SPT35362	SPT35354	0
SPT35362	SPT35309	0
SPT35362	SPT35310	0
SPT35362	SPT35355	0.02
SPT35362	SPT35332	0
SPT35362	SPT35333	0
SPT35362	SPT35561	0
SPT35362	SPT35363	0
SPT35362	SPT35427	0
SPT35362	SPT35752	0
SPT35362	SPT35430	0
SPT35362	SPT35431	0
SPT35362	SPT35313	0
SPT35362	SPT35780	0
SPT35362	SPT35315	0
SPT35362	SPT35316	0
SPT35362	SPT35317	0
SPT35362	SPT35334	0
SPT35362	SPT35543	0
SPT35499	SPT35336	0
SPT35499	SPT35577	0
SPT35499	SPT35325	0
SPT35499	SPT35331	0
SPT35499	SPT35337	0
SPT35499	SPT35306	0
SPT35499	SPT35407	0
SPT35499	SPT35346	0
SPT35499	SPT35405	0
SPT35499	SPT35410	0
SPT35499	SPT35575	0
SPT35499	SPT35576	0
SPT35499	SPT35766	0
SPT35499	SPT35347	0
SPT35499	SPT35412	0
SPT35499	SPT35414	0
SPT35499	SPT35348	0
SPT35499	SPT35417	0
SPT35499	SPT35571	0
SPT35499	SPT35349	0
SPT35499	SPT35351	0
SPT35499	SPT35418	0
SPT35499	SPT35419	0
SPT35499	SPT35566	0
SPT35499	SPT35567	0
SPT35499	SPT35420	0
SPT35499	SPT35423	0
SPT35499	SPT35564	0
SPT35499	SPT35352	0
SPT35499	SPT35424	0
SPT35499	SPT35357	0
SPT35499	SPT35437	0
SPT35499	SPT35563	0
SPT35499	SPT35308	0
SPT35499	SPT35425	0
SPT35499	SPT35440	0
SPT35499	SPT35354	0
SPT35499	SPT35309	0
SPT35499	SPT35310	0
SPT35499	SPT35355	0
SPT35499	SPT35332	0
SPT35499	SPT35333	0
SPT35499	SPT35561	0
SPT35499	SPT35363	0
SPT35499	SPT35427	0
SPT35499	SPT35752	0
SPT35499	SPT35430	0
SPT35499	SPT35431	0
SPT35499	SPT35313	0
SPT35499	SPT35780	0.02
SPT35499	SPT35315	0
SPT35499	SPT35316	0
SPT35499	SPT35317	0
SPT35499	SPT35334	0
SPT35499	SPT35543	0
SPT35336	SPT35577	0
SPT35336	SPT35325	0
SPT35336	SPT35331	0
SPT35336	SPT35337	0.02
SPT35336	SPT35306	0
SPT35336	SPT35407	0
SPT35336	SPT35346	0
SPT35336	SPT35405	0
SPT35336	SPT35410	0
SPT35336	SPT35575	0
SPT35336	SPT35576	0
SPT35336	SPT35766	0
SPT35336	SPT35347	0
SPT35336	SPT35412	0
SPT35336	SPT35414	0
SPT35336	SPT35348	0.02
SPT35336	SPT35417	0
SPT35336	SPT35571	0
SPT35336	SPT35349	0
SPT35336	SPT35351	0.02
SPT35336	SPT35418	0
SPT35336	SPT35419	0
SPT35336	SPT35566	0
SPT35336	SPT35567	0
SPT35336	SPT35420	0
SPT35336	SPT35423	0
SPT35336	SPT35564	0
SPT35336	SPT35352	0
SPT35336	SPT35424	0
SPT35336	SPT35357	0
SPT35336	SPT35437	0
SPT35336	SPT35563	0
SPT35336	SPT35308	0
SPT35336	SPT35425	0
SPT35336	SPT35440	0
SPT35336	SPT35354	0
SPT35336	SPT35309	0
SPT35336	SPT35310	0
SPT35336	SPT35355	0
SPT35336	SPT35332	0
SPT35336	SPT35333	0
SPT35336	SPT35561	0
SPT35336	SPT35363	0
SPT35336	SPT35427	0
SPT35336	SPT35752	0
SPT35336	SPT35430	0
SPT35336	SPT35431	0
SPT35336	SPT35313	0
SPT35336	SPT35780	0
SPT35336	SPT35315	0.03
SPT35336	SPT35316	0
SPT35336	SPT35317	0
SPT35336	SPT35334	0.02
SPT35336	SPT35543	0
SPT35577	SPT35325	0
SPT35577	SPT35331	0
SPT35577	SPT35337	0
SPT35577	SPT35306	0
SPT35577	SPT35407	0
SPT35577	SPT35346	0
SPT35577	SPT35405	0
SPT35577	SPT35410	0
SPT35577	SPT35575	0
SPT35577	SPT35576	0
SPT35577	SPT35766	0
SPT35577	SPT35347	0
SPT35577	SPT35412	0
SPT35577	SPT35414	0
SPT35577	SPT35348	0
SPT35577	SPT35417	0
SPT35577	SPT35571	0.08
SPT35577	SPT35349	0
SPT35577	SPT35351	0
SPT35577	SPT35418	0
SPT35577	SPT35419	0
SPT35577	SPT35566	0
SPT35577	SPT35567	0
SPT35577	SPT35420	0
SPT35577	SPT35423	0
SPT35577	SPT35564	0
SPT35577	SPT35352	0
SPT35577	SPT35424	0
SPT35577	SPT35357	0
SPT35577	SPT35437	0
SPT35577	SPT35563	0
SPT35577	SPT35308	0
SPT35577	SPT35425	0
SPT35577	SPT35440	0
SPT35577	SPT35354	0
SPT35577	SPT35309	0
SPT35577	SPT35310	0
SPT35577	SPT35355	0
SPT35577	SPT35332	0
SPT35577	SPT35333	0
SPT35577	SPT35561	0
SPT35577	SPT35363	0
SPT35577	SPT35427	0
SPT35577	SPT35752	0
SPT35577	SPT35430	0
SPT35577	SPT35431	0
SPT35577	SPT35313	0
SPT35577	SPT35780	0
SPT35577	SPT35315	0
SPT35577	SPT35316	0
SPT35577	SPT35317	0
SPT35577	SPT35334	0
SPT35577	SPT35543	0
SPT35325	SPT35331	0
SPT35325	SPT35337	0
SPT35325	SPT35306	0
SPT35325	SPT35407	0
SPT35325	SPT35346	0
SPT35325	SPT35405	0
SPT35325	SPT35410	0
SPT35325	SPT35575	0
SPT35325	SPT35576	0
SPT35325	SPT35766	0
SPT35325	SPT35347	0
SPT35325	SPT35412	0
SPT35325	SPT35414	0
SPT35325	SPT35348	0
SPT35325	SPT35417	0
SPT35325	SPT35571	0
SPT35325	SPT35349	0
SPT35325	SPT35351	0
SPT35325	SPT35418	0
SPT35325	SPT35419	0
SPT35325	SPT35566	0
SPT35325	SPT35567	0
SPT35325	SPT35420	0
SPT35325	SPT35423	0
SPT35325	SPT35564	0
SPT35325	SPT35352	0
SPT35325	SPT35424	0
SPT35325	SPT35357	0
SPT35325	SPT35437	0
SPT35325	SPT35563	0
SPT35325	SPT35308	0
SPT35325	SPT35425	0.02
SPT35325	SPT35440	0
SPT35325	SPT35354	0
SPT35325	SPT35309	0
SPT35325	SPT35310	0
SPT35325	SPT35355	0
SPT35325	SPT35332	0.96
SPT35325	SPT35333	0
SPT35325	SPT35561	0
SPT35325	SPT35363	0
SPT35325	SPT35427	0
SPT35325	SPT35752	0
SPT35325	SPT35430	0.02
SPT35325	SPT35431	0
SPT35325	SPT35313	0
SPT35325	SPT35780	0
SPT35325	SPT35315	0
SPT35325	SPT35316	0
SPT35325	SPT35317	0
SPT35325	SPT35334	0
SPT35325	SPT35543	0
SPT35331	SPT35337	0
SPT35331	SPT35306	0.03
SPT35331	SPT35407	0
SPT35331	SPT35346	0
SPT35331	SPT35405	0
SPT35331	SPT35410	0
SPT35331	SPT35575	0
SPT35331	SPT35576	0
SPT35331	SPT35766	0
SPT35331	SPT35347	0
SPT35331	SPT35412	0
SPT35331	SPT35414	0
SPT35331	SPT35348	0
SPT35331	SPT35417	0
SPT35331	SPT35571	0
SPT35331	SPT35349	0
SPT35331	SPT35351	0
SPT35331	SPT35418	0
SPT35331	SPT35419	0
SPT35331	SPT35566	0
SPT35331	SPT35567	0
SPT35331	SPT35420	0
SPT35331	SPT35423	0
SPT35331	SPT35564	0
SPT35331	SPT35352	0.04
SPT35331	SPT35424	0
SPT35331	SPT35357	0
SPT35331	SPT35437	0
SPT35331	SPT35563	0
SPT35331	SPT35308	0
SPT35331	SPT35425	0
SPT35331	SPT35440	0
SPT35331	SPT35354	0
SPT35331	SPT35309	0
SPT35331	SPT35310	0
SPT35331	SPT35355	0.07
SPT35331	SPT35332	0
SPT35331	SPT35333	0
SPT35331	SPT35561	0
SPT35331	SPT35363	0
SPT35331	SPT35427	0
SPT35331	SPT35752	0
SPT35331	SPT35430	0
SPT35331	SPT35431	0
SPT35331	SPT35313	0
SPT35331	SPT35780	0
SPT35331	SPT35315	0
SPT35331	SPT35316	0
SPT35331	SPT35317	0
SPT35331	SPT35334	0
SPT35331	SPT35543	0
SPT35337	SPT35306	0
SPT35337	SPT35407	0.06
SPT35337	SPT35346	0
SPT35337	SPT35405	0.05
SPT35337	SPT35410	0
SPT35337	SPT35575	0
SPT35337	SPT35576	0.03
SPT35337	SPT35766	0
SPT35337	SPT35347	0
SPT35337	SPT35412	0
SPT35337	SPT35414	0
SPT35337	SPT35348	0
SPT35337	SPT35417	0
SPT35337	SPT35571	0
SPT35337	SPT35349	0
SPT35337	SPT35351	0.03
SPT35337	SPT35418	0
SPT35337	SPT35419	0.04
SPT35337	SPT35566	0
SPT35337	SPT35567	0
SPT35337	SPT35420	0
SPT35337	SPT35423	0
SPT35337	SPT35564	0
SPT35337	SPT35352	0
SPT35337	SPT35424	0
SPT35337	SPT35357	0.02
SPT35337	SPT35437	0
SPT35337	SPT35563	0
SPT35337	SPT35308	0
SPT35337	SPT35425	0
SPT35337	SPT35440	0
SPT35337	SPT35354	0.04
SPT35337	SPT35309	0
SPT35337	SPT35310	0
SPT35337	SPT35355	0
SPT35337	SPT35332	0
SPT35337	SPT35333	0
SPT35337	SPT35561	0
SPT35337	SPT35363	0
SPT35337	SPT35427	0
SPT35337	SPT35752	0
SPT35337	SPT35430	0
SPT35337	SPT35431	0
SPT35337	SPT35313	0
SPT35337	SPT35780	0
SPT35337	SPT35315	0.02
SPT35337	SPT35316	0.05
SPT35337	SPT35317	0.05
SPT35337	SPT35334	0.82
SPT35337	SPT35543	0
SPT35306	SPT35407	0
SPT35306	SPT35346	0
SPT35306	SPT35405	0
SPT35306	SPT35410	0
SPT35306	SPT35575	0
SPT35306	SPT35576	0
SPT35306	SPT35766	0
SPT35306	SPT35347	0
SPT35306	SPT35412	0
SPT35306	SPT35414	0
SPT35306	SPT35348	0.02
SPT35306	SPT35417	0
SPT35306	SPT35571	0
SPT35306	SPT35349	0
SPT35306	SPT35351	0.03
SPT35306	SPT35418	0
SPT35306	SPT35419	0
SPT35306	SPT35566	0
SPT35306	SPT35567	0
SPT35306	SPT35420	0
SPT35306	SPT35423	0
SPT35306	SPT35564	0
SPT35306	SPT35352	0
SPT35306	SPT35424	0
SPT35306	SPT35357	0.06
SPT35306	SPT35437	0
SPT35306	SPT35563	0
SPT35306	SPT35308	0
SPT35306	SPT35425	0
SPT35306	SPT35440	0
SPT35306	SPT35354	0.02
SPT35306	SPT35309	0
SPT35306	SPT35310	0
SPT35306	SPT35355	0.08
SPT35306	SPT35332	0
SPT35306	SPT35333	0
SPT35306	SPT35561	0
SPT35306	SPT35363	0
SPT35306	SPT35427	0
SPT35306	SPT35752	0
SPT35306	SPT35430	0
SPT35306	SPT35431	0
SPT35306	SPT35313	0
SPT35306	SPT35780	0
SPT35306	SPT35315	0
SPT35306	SPT35316	0
SPT35306	SPT35317	0.3
SPT35306	SPT35334	0
SPT35306	SPT35543	0
SPT35407	SPT35346	0
SPT35407	SPT35405	0.85
SPT35407	SPT35410	0
SPT35407	SPT35575	0
SPT35407	SPT35576	0.38
SPT35407	SPT35766	0
SPT35407	SPT35347	0.09
SPT35407	SPT35412	0
SPT35407	SPT35414	0
SPT35407	SPT35348	0
SPT35407	SPT35417	0
SPT35407	SPT35571	0
SPT35407	SPT35349	0
SPT35407	SPT35351	0
SPT35407	SPT35418	0
SPT35407	SPT35419	0.37
SPT35407	SPT35566	0.13
SPT35407	SPT35567	0
SPT35407	SPT35420	0
SPT35407	SPT35423	0
SPT35407	SPT35564	0
SPT35407	SPT35352	0
SPT35407	SPT35424	0
SPT35407	SPT35357	0
SPT35407	SPT35437	0
SPT35407	SPT35563	0
SPT35407	SPT35308	0
SPT35407	SPT35425	0
SPT35407	SPT35440	0
SPT35407	SPT35354	0
SPT35407	SPT35309	0
SPT35407	SPT35310	0
SPT35407	SPT35355	0
SPT35407	SPT35332	0
SPT35407	SPT35333	0
SPT35407	SPT35561	0
SPT35407	SPT35363	0
SPT35407	SPT35427	0
SPT35407	SPT35752	0
SPT35407	SPT35430	0
SPT35407	SPT35431	0
SPT35407	SPT35313	0
SPT35407	SPT35780	0
SPT35407	SPT35315	0
SPT35407	SPT35316	0
SPT35407	SPT35317	0.07
SPT35407	SPT35334	0.04
SPT35407	SPT35543	0
SPT35346	SPT35405	0
SPT35346	SPT35410	0
SPT35346	SPT35575	0
SPT35346	SPT35576	0
SPT35346	SPT35766	0
SPT35346	SPT35347	0
SPT35346	SPT35412	0
SPT35346	SPT35414	0
SPT35346	SPT35348	0.04
SPT35346	SPT35417	0
SPT35346	SPT35571	0
SPT35346	SPT35349	0
SPT35346	SPT35351	0
SPT35346	SPT35418	0.26
SPT35346	SPT35419	0
SPT35346	SPT35566	0
SPT35346	SPT35567	0
SPT35346	SPT35420	0
SPT35346	SPT35423	0
SPT35346	SPT35564	0
SPT35346	SPT35352	0
SPT35346	SPT35424	0
SPT35346	SPT35357	0.18
SPT35346	SPT35437	0
SPT35346	SPT35563	0
SPT35346	SPT35308	0
SPT35346	SPT35425	0
SPT35346	SPT35440	0
SPT35346	SPT35354	0
SPT35346	SPT35309	0
SPT35346	SPT35310	0
SPT35346	SPT35355	0
SPT35346	SPT35332	0
SPT35346	SPT35333	0
SPT35346	SPT35561	0
SPT35346	SPT35363	0
SPT35346	SPT35427	0
SPT35346	SPT35752	0
SPT35346	SPT35430	0
SPT35346	SPT35431	0
SPT35346	SPT35313	0.26
SPT35346	SPT35780	0
SPT35346	SPT35315	0
SPT35346	SPT35316	0.13
SPT35346	SPT35317	0
SPT35346	SPT35334	0
SPT35346	SPT35543	0
SPT35405	SPT35410	0
SPT35405	SPT35575	0
SPT35405	SPT35576	0.37
SPT35405	SPT35766	0
SPT35405	SPT35347	0.09
SPT35405	SPT35412	0
SPT35405	SPT35414	0
SPT35405	SPT35348	0.04
SPT35405	SPT35417	0
SPT35405	SPT35571	0
SPT35405	SPT35349	0
SPT35405	SPT35351	0
SPT35405	SPT35418	0
SPT35405	SPT35419	0.35
SPT35405	SPT35566	0.1
SPT35405	SPT35567	0
SPT35405	SPT35420	0
SPT35405	SPT35423	0
SPT35405	SPT35564	0
SPT35405	SPT35352	0
SPT35405	SPT35424	0
SPT35405	SPT35357	0
SPT35405	SPT35437	0
SPT35405	SPT35563	0
SPT35405	SPT35308	0
SPT35405	SPT35425	0
SPT35405	SPT35440	0
SPT35405	SPT35354	0
SPT35405	SPT35309	0
SPT35405	SPT35310	0
SPT35405	SPT35355	0
SPT35405	SPT35332	0
SPT35405	SPT35333	0
SPT35405	SPT35561	0
SPT35405	SPT35363	0
SPT35405	SPT35427	0
SPT35405	SPT35752	0
SPT35405	SPT35430	0
SPT35405	SPT35431	0
SPT35405	SPT35313	0
SPT35405	SPT35780	0
SPT35405	SPT35315	0
SPT35405	SPT35316	0
SPT35405	SPT35317	0.05
SPT35405	SPT35334	0.03
SPT35405	SPT35543	0
SPT35410	SPT35575	0
SPT35410	SPT35576	0
SPT35410	SPT35766	0
SPT35410	SPT35347	0
SPT35410	SPT35412	0
SPT35410	SPT35414	0
SPT35410	SPT35348	0
SPT35410	SPT35417	0
SPT35410	SPT35571	0
SPT35410	SPT35349	0.03
SPT35410	SPT35351	0
SPT35410	SPT35418	0
SPT35410	SPT35419	0
SPT35410	SPT35566	0
SPT35410	SPT35567	0
SPT35410	SPT35420	0
SPT35410	SPT35423	0
SPT35410	SPT35564	0
SPT35410	SPT35352	0
SPT35410	SPT35424	0
SPT35410	SPT35357	0
SPT35410	SPT35437	0
SPT35410	SPT35563	0
SPT35410	SPT35308	0
SPT35410	SPT35425	0
SPT35410	SPT35440	0
SPT35410	SPT35354	0
SPT35410	SPT35309	0
SPT35410	SPT35310	0
SPT35410	SPT35355	0
SPT35410	SPT35332	0
SPT35410	SPT35333	0
SPT35410	SPT35561	0
SPT35410	SPT35363	0
SPT35410	SPT35427	0
SPT35410	SPT35752	0
SPT35410	SPT35430	0
SPT35410	SPT35431	0
SPT35410	SPT35313	0
SPT35410	SPT35780	0
SPT35410	SPT35315	0
SPT35410	SPT35316	0
SPT35410	SPT35317	0
SPT35410	SPT35334	0
SPT35410	SPT35543	0
SPT35575	SPT35576	0
SPT35575	SPT35766	0
SPT35575	SPT35347	0
SPT35575	SPT35412	0
SPT35575	SPT35414	0
SPT35575	SPT35348	0
SPT35575	SPT35417	0
SPT35575	SPT35571	0
SPT35575	SPT35349	0
SPT35575	SPT35351	0
SPT35575	SPT35418	0
SPT35575	SPT35419	0
SPT35575	SPT35566	0
SPT35575	SPT35567	0
SPT35575	SPT35420	0
SPT35575	SPT35423	0
SPT35575	SPT35564	0
SPT35575	SPT35352	0
SPT35575	SPT35424	0
SPT35575	SPT35357	0
SPT35575	SPT35437	0
SPT35575	SPT35563	0
SPT35575	SPT35308	0
SPT35575	SPT35425	0
SPT35575	SPT35440	0
SPT35575	SPT35354	0
SPT35575	SPT35309	0
SPT35575	SPT35310	0
SPT35575	SPT35355	0
SPT35575	SPT35332	0
SPT35575	SPT35333	0
SPT35575	SPT35561	0
SPT35575	SPT35363	0
SPT35575	SPT35427	0
SPT35575	SPT35752	0
SPT35575	SPT35430	0
SPT35575	SPT35431	0
SPT35575	SPT35313	0
SPT35575	SPT35780	0
SPT35575	SPT35315	0
SPT35575	SPT35316	0
SPT35575	SPT35317	0
SPT35575	SPT35334	0
SPT35575	SPT35543	0
SPT35576	SPT35766	0
SPT35576	SPT35347	0.09
SPT35576	SPT35412	0
SPT35576	SPT35414	0
SPT35576	SPT35348	0
SPT35576	SPT35417	0
SPT35576	SPT35571	0
SPT35576	SPT35349	0
SPT35576	SPT35351	0
SPT35576	SPT35418	0
SPT35576	SPT35419	0.31
SPT35576	SPT35566	0.1
SPT35576	SPT35567	0
SPT35576	SPT35420	0
SPT35576	SPT35423	0
SPT35576	SPT35564	0
SPT35576	SPT35352	0
SPT35576	SPT35424	0
SPT35576	SPT35357	0
SPT35576	SPT35437	0
SPT35576	SPT35563	0
SPT35576	SPT35308	0
SPT35576	SPT35425	0
SPT35576	SPT35440	0
SPT35576	SPT35354	0
SPT35576	SPT35309	0
SPT35576	SPT35310	0
SPT35576	SPT35355	0
SPT35576	SPT35332	0
SPT35576	SPT35333	0
SPT35576	SPT35561	0
SPT35576	SPT35363	0
SPT35576	SPT35427	0
SPT35576	SPT35752	0
SPT35576	SPT35430	0
SPT35576	SPT35431	0
SPT35576	SPT35313	0
SPT35576	SPT35780	0
SPT35576	SPT35315	0
SPT35576	SPT35316	0
SPT35576	SPT35317	0.05
SPT35576	SPT35334	0.03
SPT35576	SPT35543	0
SPT35766	SPT35347	0
SPT35766	SPT35412	0
SPT35766	SPT35414	0
SPT35766	SPT35348	0
SPT35766	SPT35417	0
SPT35766	SPT35571	0
SPT35766	SPT35349	0.02
SPT35766	SPT35351	0
SPT35766	SPT35418	0
SPT35766	SPT35419	0
SPT35766	SPT35566	0
SPT35766	SPT35567	0
SPT35766	SPT35420	0
SPT35766	SPT35423	0.02
SPT35766	SPT35564	0
SPT35766	SPT35352	0
SPT35766	SPT35424	0
SPT35766	SPT35357	0
SPT35766	SPT35437	0
SPT35766	SPT35563	0
SPT35766	SPT35308	0
SPT35766	SPT35425	0
SPT35766	SPT35440	0
SPT35766	SPT35354	0
SPT35766	SPT35309	0
SPT35766	SPT35310	0
SPT35766	SPT35355	0
SPT35766	SPT35332	0
SPT35766	SPT35333	0
SPT35766	SPT35561	0
SPT35766	SPT35363	0
SPT35766	SPT35427	0
SPT35766	SPT35752	0
SPT35766	SPT35430	0
SPT35766	SPT35431	0
SPT35766	SPT35313	0
SPT35766	SPT35780	0
SPT35766	SPT35315	0
SPT35766	SPT35316	0
SPT35766	SPT35317	0
SPT35766	SPT35334	0
SPT35766	SPT35543	0
SPT35347	SPT35412	0
SPT35347	SPT35414	0
SPT35347	SPT35348	0
SPT35347	SPT35417	0
SPT35347	SPT35571	0
SPT35347	SPT35349	0
SPT35347	SPT35351	0
SPT35347	SPT35418	0
SPT35347	SPT35419	0.09
SPT35347	SPT35566	0.05
SPT35347	SPT35567	0
SPT35347	SPT35420	0
SPT35347	SPT35423	0
SPT35347	SPT35564	0
SPT35347	SPT35352	0
SPT35347	SPT35424	0
SPT35347	SPT35357	0
SPT35347	SPT35437	0
SPT35347	SPT35563	0
SPT35347	SPT35308	0
SPT35347	SPT35425	0
SPT35347	SPT35440	0
SPT35347	SPT35354	0
SPT35347	SPT35309	0
SPT35347	SPT35310	0
SPT35347	SPT35355	0
SPT35347	SPT35332	0
SPT35347	SPT35333	0
SPT35347	SPT35561	0
SPT35347	SPT35363	0
SPT35347	SPT35427	0
SPT35347	SPT35752	0
SPT35347	SPT35430	0
SPT35347	SPT35431	0
SPT35347	SPT35313	0
SPT35347	SPT35780	0
SPT35347	SPT35315	0
SPT35347	SPT35316	0
SPT35347	SPT35317	0.03
SPT35347	SPT35334	0
SPT35347	SPT35543	0
SPT35412	SPT35414	0
SPT35412	SPT35348	0
SPT35412	SPT35417	0
SPT35412	SPT35571	0
SPT35412	SPT35349	0
SPT35412	SPT35351	0
SPT35412	SPT35418	0.21
SPT35412	SPT35419	0
SPT35412	SPT35566	0
SPT35412	SPT35567	0
SPT35412	SPT35420	0
SPT35412	SPT35423	0
SPT35412	SPT35564	0
SPT35412	SPT35352	0.02
SPT35412	SPT35424	0
SPT35412	SPT35357	0
SPT35412	SPT35437	0
SPT35412	SPT35563	0
SPT35412	SPT35308	0
SPT35412	SPT35425	0.02
SPT35412	SPT35440	0
SPT35412	SPT35354	0
SPT35412	SPT35309	0
SPT35412	SPT35310	0
SPT35412	SPT35355	0
SPT35412	SPT35332	0
SPT35412	SPT35333	0
SPT35412	SPT35561	0
SPT35412	SPT35363	0
SPT35412	SPT35427	0.03
SPT35412	SPT35752	0
SPT35412	SPT35430	0.02
SPT35412	SPT35431	0.02
SPT35412	SPT35313	0
SPT35412	SPT35780	0
SPT35412	SPT35315	0
SPT35412	SPT35316	0
SPT35412	SPT35317	0
SPT35412	SPT35334	0
SPT35412	SPT35543	0
SPT35414	SPT35348	0
SPT35414	SPT35417	0.95
SPT35414	SPT35571	0
SPT35414	SPT35349	0
SPT35414	SPT35351	0
SPT35414	SPT35418	0
SPT35414	SPT35419	0
SPT35414	SPT35566	0
SPT35414	SPT35567	0
SPT35414	SPT35420	0
SPT35414	SPT35423	0
SPT35414	SPT35564	0
SPT35414	SPT35352	0
SPT35414	SPT35424	0
SPT35414	SPT35357	0
SPT35414	SPT35437	0
SPT35414	SPT35563	0
SPT35414	SPT35308	0
SPT35414	SPT35425	0
SPT35414	SPT35440	0
SPT35414	SPT35354	0
SPT35414	SPT35309	0
SPT35414	SPT35310	0
SPT35414	SPT35355	0
SPT35414	SPT35332	0
SPT35414	SPT35333	0
SPT35414	SPT35561	0
SPT35414	SPT35363	0
SPT35414	SPT35427	0
SPT35414	SPT35752	0
SPT35414	SPT35430	0
SPT35414	SPT35431	0
SPT35414	SPT35313	0
SPT35414	SPT35780	0
SPT35414	SPT35315	0
SPT35414	SPT35316	0
SPT35414	SPT35317	0
SPT35414	SPT35334	0
SPT35414	SPT35543	0
SPT35348	SPT35417	0
SPT35348	SPT35571	0
SPT35348	SPT35349	0
SPT35348	SPT35351	0.1
SPT35348	SPT35418	0
SPT35348	SPT35419	0
SPT35348	SPT35566	0
SPT35348	SPT35567	0
SPT35348	SPT35420	0
SPT35348	SPT35423	0
SPT35348	SPT35564	0
SPT35348	SPT35352	0
SPT35348	SPT35424	0
SPT35348	SPT35357	0
SPT35348	SPT35437	0
SPT35348	SPT35563	0
SPT35348	SPT35308	0
SPT35348	SPT35425	0
SPT35348	SPT35440	0
SPT35348	SPT35354	0
SPT35348	SPT35309	0
SPT35348	SPT35310	0
SPT35348	SPT35355	0
SPT35348	SPT35332	0
SPT35348	SPT35333	0
SPT35348	SPT35561	0
SPT35348	SPT35363	0
SPT35348	SPT35427	0
SPT35348	SPT35752	0
SPT35348	SPT35430	0
SPT35348	SPT35431	0
SPT35348	SPT35313	0
SPT35348	SPT35780	0
SPT35348	SPT35315	0
SPT35348	SPT35316	0
SPT35348	SPT35317	0.02
SPT35348	SPT35334	0.04
SPT35348	SPT35543	0
SPT35417	SPT35571	0
SPT35417	SPT35349	0
SPT35417	SPT35351	0
SPT35417	SPT35418	0
SPT35417	SPT35419	0
SPT35417	SPT35566	0
SPT35417	SPT35567	0
SPT35417	SPT35420	0
SPT35417	SPT35423	0
SPT35417	SPT35564	0
SPT35417	SPT35352	0
SPT35417	SPT35424	0
SPT35417	SPT35357	0
SPT35417	SPT35437	0
SPT35417	SPT35563	0
SPT35417	SPT35308	0
SPT35417	SPT35425	0
SPT35417	SPT35440	0
SPT35417	SPT35354	0
SPT35417	SPT35309	0
SPT35417	SPT35310	0
SPT35417	SPT35355	0
SPT35417	SPT35332	0
SPT35417	SPT35333	0
SPT35417	SPT35561	0
SPT35417	SPT35363	0
SPT35417	SPT35427	0
SPT35417	SPT35752	0
SPT35417	SPT35430	0
SPT35417	SPT35431	0
SPT35417	SPT35313	0
SPT35417	SPT35780	0
SPT35417	SPT35315	0
SPT35417	SPT35316	0
SPT35417	SPT35317	0
SPT35417	SPT35334	0
SPT35417	SPT35543	0
SPT35571	SPT35349	0
SPT35571	SPT35351	0
SPT35571	SPT35418	0
SPT35571	SPT35419	0
SPT35571	SPT35566	0
SPT35571	SPT35567	0
SPT35571	SPT35420	0
SPT35571	SPT35423	0
SPT35571	SPT35564	0
SPT35571	SPT35352	0
SPT35571	SPT35424	0
SPT35571	SPT35357	0
SPT35571	SPT35437	0
SPT35571	SPT35563	0
SPT35571	SPT35308	0
SPT35571	SPT35425	0
SPT35571	SPT35440	0
SPT35571	SPT35354	0
SPT35571	SPT35309	0
SPT35571	SPT35310	0
SPT35571	SPT35355	0
SPT35571	SPT35332	0
SPT35571	SPT35333	0
SPT35571	SPT35561	0
SPT35571	SPT35363	0
SPT35571	SPT35427	0
SPT35571	SPT35752	0
SPT35571	SPT35430	0
SPT35571	SPT35431	0
SPT35571	SPT35313	0
SPT35571	SPT35780	0
SPT35571	SPT35315	0
SPT35571	SPT35316	0
SPT35571	SPT35317	0
SPT35571	SPT35334	0
SPT35571	SPT35543	0
SPT35349	SPT35351	0
SPT35349	SPT35418	0
SPT35349	SPT35419	0
SPT35349	SPT35566	0
SPT35349	SPT35567	0
SPT35349	SPT35420	0
SPT35349	SPT35423	0
SPT35349	SPT35564	0
SPT35349	SPT35352	0
SPT35349	SPT35424	0.02
SPT35349	SPT35357	0
SPT35349	SPT35437	0
SPT35349	SPT35563	0
SPT35349	SPT35308	0
SPT35349	SPT35425	0
SPT35349	SPT35440	0
SPT35349	SPT35354	0
SPT35349	SPT35309	0
SPT35349	SPT35310	0
SPT35349	SPT35355	0
SPT35349	SPT35332	0
SPT35349	SPT35333	0.02
SPT35349	SPT35561	0
SPT35349	SPT35363	0
SPT35349	SPT35427	0
SPT35349	SPT35752	0
SPT35349	SPT35430	0
SPT35349	SPT35431	0
SPT35349	SPT35313	0
SPT35349	SPT35780	0
SPT35349	SPT35315	0
SPT35349	SPT35316	0
SPT35349	SPT35317	0
SPT35349	SPT35334	0
SPT35349	SPT35543	0.03
SPT35351	SPT35418	0
SPT35351	SPT35419	0
SPT35351	SPT35566	0
SPT35351	SPT35567	0
SPT35351	SPT35420	0
SPT35351	SPT35423	0
SPT35351	SPT35564	0
SPT35351	SPT35352	0
SPT35351	SPT35424	0
SPT35351	SPT35357	0
SPT35351	SPT35437	0
SPT35351	SPT35563	0
SPT35351	SPT35308	0.03
SPT35351	SPT35425	0
SPT35351	SPT35440	0
SPT35351	SPT35354	0
SPT35351	SPT35309	0.02
SPT35351	SPT35310	0.02
SPT35351	SPT35355	0
SPT35351	SPT35332	0
SPT35351	SPT35333	0
SPT35351	SPT35561	0
SPT35351	SPT35363	0
SPT35351	SPT35427	0
SPT35351	SPT35752	0
SPT35351	SPT35430	0
SPT35351	SPT35431	0
SPT35351	SPT35313	0
SPT35351	SPT35780	0
SPT35351	SPT35315	0.05
SPT35351	SPT35316	0
SPT35351	SPT35317	0
SPT35351	SPT35334	0.05
SPT35351	SPT35543	0
SPT35418	SPT35419	0
SPT35418	SPT35566	0
SPT35418	SPT35567	0
SPT35418	SPT35420	0
SPT35418	SPT35423	0
SPT35418	SPT35564	0
SPT35418	SPT35352	0
SPT35418	SPT35424	0
SPT35418	SPT35357	0.13
SPT35418	SPT35437	0
SPT35418	SPT35563	0
SPT35418	SPT35308	0
SPT35418	SPT35425	0
SPT35418	SPT35440	0
SPT35418	SPT35354	0
SPT35418	SPT35309	0
SPT35418	SPT35310	0
SPT35418	SPT35355	0
SPT35418	SPT35332	0
SPT35418	SPT35333	0
SPT35418	SPT35561	0
SPT35418	SPT35363	0
SPT35418	SPT35427	0
SPT35418	SPT35752	0
SPT35418	SPT35430	0
SPT35418	SPT35431	0
SPT35418	SPT35313	0.05
SPT35418	SPT35780	0
SPT35418	SPT35315	0
SPT35418	SPT35316	0
SPT35418	SPT35317	0
SPT35418	SPT35334	0
SPT35418	SPT35543	0
SPT35419	SPT35566	0.12
SPT35419	SPT35567	0
SPT35419	SPT35420	0
SPT35419	SPT35423	0
SPT35419	SPT35564	0
SPT35419	SPT35352	0
SPT35419	SPT35424	0
SPT35419	SPT35357	0
SPT35419	SPT35437	0
SPT35419	SPT35563	0
SPT35419	SPT35308	0
SPT35419	SPT35425	0
SPT35419	SPT35440	0
SPT35419	SPT35354	0
SPT35419	SPT35309	0
SPT35419	SPT35310	0
SPT35419	SPT35355	0
SPT35419	SPT35332	0
SPT35419	SPT35333	0
SPT35419	SPT35561	0
SPT35419	SPT35363	0
SPT35419	SPT35427	0
SPT35419	SPT35752	0
SPT35419	SPT35430	0
SPT35419	SPT35431	0
SPT35419	SPT35313	0
SPT35419	SPT35780	0
SPT35419	SPT35315	0
SPT35419	SPT35316	0
SPT35419	SPT35317	0.04
SPT35419	SPT35334	0
SPT35419	SPT35543	0
SPT35566	SPT35567	0
SPT35566	SPT35420	0
SPT35566	SPT35423	0
SPT35566	SPT35564	0
SPT35566	SPT35352	0
SPT35566	SPT35424	0
SPT35566	SPT35357	0
SPT35566	SPT35437	0
SPT35566	SPT35563	0
SPT35566	SPT35308	0
SPT35566	SPT35425	0
SPT35566	SPT35440	0
SPT35566	SPT35354	0
SPT35566	SPT35309	0
SPT35566	SPT35310	0
SPT35566	SPT35355	0
SPT35566	SPT35332	0
SPT35566	SPT35333	0
SPT35566	SPT35561	0
SPT35566	SPT35363	0
SPT35566	SPT35427	0
SPT35566	SPT35752	0
SPT35566	SPT35430	0
SPT35566	SPT35431	0
SPT35566	SPT35313	0
SPT35566	SPT35780	0
SPT35566	SPT35315	0.02
SPT35566	SPT35316	0
SPT35566	SPT35317	0.03
SPT35566	SPT35334	0
SPT35566	SPT35543	0
SPT35567	SPT35420	0
SPT35567	SPT35423	0
SPT35567	SPT35564	0
SPT35567	SPT35352	0
SPT35567	SPT35424	0
SPT35567	SPT35357	0
SPT35567	SPT35437	0
SPT35567	SPT35563	0.99
SPT35567	SPT35308	0
SPT35567	SPT35425	0
SPT35567	SPT35440	0
SPT35567	SPT35354	0
SPT35567	SPT35309	0
SPT35567	SPT35310	0
SPT35567	SPT35355	0
SPT35567	SPT35332	0
SPT35567	SPT35333	0
SPT35567	SPT35561	0
SPT35567	SPT35363	0
SPT35567	SPT35427	0
SPT35567	SPT35752	0
SPT35567	SPT35430	0
SPT35567	SPT35431	0
SPT35567	SPT35313	0
SPT35567	SPT35780	0
SPT35567	SPT35315	0
SPT35567	SPT35316	0
SPT35567	SPT35317	0
SPT35567	SPT35334	0
SPT35567	SPT35543	0.03
SPT35420	SPT35423	0
SPT35420	SPT35564	0.02
SPT35420	SPT35352	0
SPT35420	SPT35424	0
SPT35420	SPT35357	0
SPT35420	SPT35437	0
SPT35420	SPT35563	0
SPT35420	SPT35308	0
SPT35420	SPT35425	0
SPT35420	SPT35440	0
SPT35420	SPT35354	0
SPT35420	SPT35309	0
SPT35420	SPT35310	0
SPT35420	SPT35355	0
SPT35420	SPT35332	0
SPT35420	SPT35333	0
SPT35420	SPT35561	0
SPT35420	SPT35363	0
SPT35420	SPT35427	0
SPT35420	SPT35752	0.19
SPT35420	SPT35430	0
SPT35420	SPT35431	0
SPT35420	SPT35313	0
SPT35420	SPT35780	0
SPT35420	SPT35315	0
SPT35420	SPT35316	0
SPT35420	SPT35317	0
SPT35420	SPT35334	0
SPT35420	SPT35543	0
SPT35423	SPT35564	0
SPT35423	SPT35352	0
SPT35423	SPT35424	0
SPT35423	SPT35357	0
SPT35423	SPT35437	0
SPT35423	SPT35563	0
SPT35423	SPT35308	0
SPT35423	SPT35425	0
SPT35423	SPT35440	0
SPT35423	SPT35354	0
SPT35423	SPT35309	0
SPT35423	SPT35310	0
SPT35423	SPT35355	0
SPT35423	SPT35332	0
SPT35423	SPT35333	0
SPT35423	SPT35561	0
SPT35423	SPT35363	0
SPT35423	SPT35427	0
SPT35423	SPT35752	0
SPT35423	SPT35430	0
SPT35423	SPT35431	0
SPT35423	SPT35313	0
SPT35423	SPT35780	0
SPT35423	SPT35315	0
SPT35423	SPT35316	0
SPT35423	SPT35317	0
SPT35423	SPT35334	0
SPT35423	SPT35543	0
SPT35564	SPT35352	0
SPT35564	SPT35424	0
SPT35564	SPT35357	0
SPT35564	SPT35437	0
SPT35564	SPT35563	0
SPT35564	SPT35308	0
SPT35564	SPT35425	0
SPT35564	SPT35440	0
SPT35564	SPT35354	0
SPT35564	SPT35309	0
SPT35564	SPT35310	0
SPT35564	SPT35355	0
SPT35564	SPT35332	0
SPT35564	SPT35333	0
SPT35564	SPT35561	0
SPT35564	SPT35363	0
SPT35564	SPT35427	0
SPT35564	SPT35752	0
SPT35564	SPT35430	0
SPT35564	SPT35431	0
SPT35564	SPT35313	0
SPT35564	SPT35780	0
SPT35564	SPT35315	0
SPT35564	SPT35316	0
SPT35564	SPT35317	0
SPT35564	SPT35334	0
SPT35564	SPT35543	0.02
SPT35352	SPT35424	0
SPT35352	SPT35357	0
SPT35352	SPT35437	0
SPT35352	SPT35563	0
SPT35352	SPT35308	0
SPT35352	SPT35425	0
SPT35352	SPT35440	0
SPT35352	SPT35354	0
SPT35352	SPT35309	0
SPT35352	SPT35310	0
SPT35352	SPT35355	0
SPT35352	SPT35332	0
SPT35352	SPT35333	0
SPT35352	SPT35561	0
SPT35352	SPT35363	0.02
SPT35352	SPT35427	0
SPT35352	SPT35752	0
SPT35352	SPT35430	0
SPT35352	SPT35431	0
SPT35352	SPT35313	0
SPT35352	SPT35780	0
SPT35352	SPT35315	0
SPT35352	SPT35316	0
SPT35352	SPT35317	0
SPT35352	SPT35334	0
SPT35352	SPT35543	0.02
SPT35424	SPT35357	0
SPT35424	SPT35437	0
SPT35424	SPT35563	0
SPT35424	SPT35308	0
SPT35424	SPT35425	0
SPT35424	SPT35440	0
SPT35424	SPT35354	0
SPT35424	SPT35309	0
SPT35424	SPT35310	0
SPT35424	SPT35355	0
SPT35424	SPT35332	0
SPT35424	SPT35333	0
SPT35424	SPT35561	0
SPT35424	SPT35363	0.02
SPT35424	SPT35427	0.02
SPT35424	SPT35752	0
SPT35424	SPT35430	0
SPT35424	SPT35431	0
SPT35424	SPT35313	0
SPT35424	SPT35780	0
SPT35424	SPT35315	0
SPT35424	SPT35316	0
SPT35424	SPT35317	0
SPT35424	SPT35334	0
SPT35424	SPT35543	0
SPT35357	SPT35437	0
SPT35357	SPT35563	0
SPT35357	SPT35308	0
SPT35357	SPT35425	0
SPT35357	SPT35440	0
SPT35357	SPT35354	0
SPT35357	SPT35309	0
SPT35357	SPT35310	0
SPT35357	SPT35355	0.11
SPT35357	SPT35332	0
SPT35357	SPT35333	0
SPT35357	SPT35561	0
SPT35357	SPT35363	0
SPT35357	SPT35427	0
SPT35357	SPT35752	0
SPT35357	SPT35430	0
SPT35357	SPT35431	0
SPT35357	SPT35313	0.06
SPT35357	SPT35780	0
SPT35357	SPT35315	0
SPT35357	SPT35316	0
SPT35357	SPT35317	0.05
SPT35357	SPT35334	0
SPT35357	SPT35543	0
SPT35437	SPT35563	0
SPT35437	SPT35308	0
SPT35437	SPT35425	0
SPT35437	SPT35440	0
SPT35437	SPT35354	0
SPT35437	SPT35309	0
SPT35437	SPT35310	0
SPT35437	SPT35355	0
SPT35437	SPT35332	0
SPT35437	SPT35333	0
SPT35437	SPT35561	0.04
SPT35437	SPT35363	0
SPT35437	SPT35427	0
SPT35437	SPT35752	0
SPT35437	SPT35430	0
SPT35437	SPT35431	0
SPT35437	SPT35313	0
SPT35437	SPT35780	0
SPT35437	SPT35315	0
SPT35437	SPT35316	0
SPT35437	SPT35317	0
SPT35437	SPT35334	0
SPT35437	SPT35543	0
SPT35563	SPT35308	0
SPT35563	SPT35425	0
SPT35563	SPT35440	0
SPT35563	SPT35354	0
SPT35563	SPT35309	0
SPT35563	SPT35310	0
SPT35563	SPT35355	0
SPT35563	SPT35332	0
SPT35563	SPT35333	0
SPT35563	SPT35561	0
SPT35563	SPT35363	0
SPT35563	SPT35427	0
SPT35563	SPT35752	0
SPT35563	SPT35430	0
SPT35563	SPT35431	0
SPT35563	SPT35313	0
SPT35563	SPT35780	0
SPT35563	SPT35315	0
SPT35563	SPT35316	0
SPT35563	SPT35317	0
SPT35563	SPT35334	0
SPT35563	SPT35543	0.03
SPT35308	SPT35425	0
SPT35308	SPT35440	0
SPT35308	SPT35354	0
SPT35308	SPT35309	0
SPT35308	SPT35310	0
SPT35308	SPT35355	0
SPT35308	SPT35332	0
SPT35308	SPT35333	0
SPT35308	SPT35561	0
SPT35308	SPT35363	0
SPT35308	SPT35427	0
SPT35308	SPT35752	0
SPT35308	SPT35430	0
SPT35308	SPT35431	0
SPT35308	SPT35313	0
SPT35308	SPT35780	0
SPT35308	SPT35315	0.02
SPT35308	SPT35316	0
SPT35308	SPT35317	0
SPT35308	SPT35334	0
SPT35308	SPT35543	0
SPT35425	SPT35440	0
SPT35425	SPT35354	0
SPT35425	SPT35309	0
SPT35425	SPT35310	0
SPT35425	SPT35355	0
SPT35425	SPT35332	0.02
SPT35425	SPT35333	0
SPT35425	SPT35561	0
SPT35425	SPT35363	0
SPT35425	SPT35427	0
SPT35425	SPT35752	0
SPT35425	SPT35430	0
SPT35425	SPT35431	0.03
SPT35425	SPT35313	0
SPT35425	SPT35780	0
SPT35425	SPT35315	0
SPT35425	SPT35316	0
SPT35425	SPT35317	0
SPT35425	SPT35334	0
SPT35425	SPT35543	0
SPT35440	SPT35354	0
SPT35440	SPT35309	0
SPT35440	SPT35310	0
SPT35440	SPT35355	0
SPT35440	SPT35332	0
SPT35440	SPT35333	0
SPT35440	SPT35561	0
SPT35440	SPT35363	0
SPT35440	SPT35427	0
SPT35440	SPT35752	0
SPT35440	SPT35430	0
SPT35440	SPT35431	0
SPT35440	SPT35313	0
SPT35440	SPT35780	0
SPT35440	SPT35315	0
SPT35440	SPT35316	0
SPT35440	SPT35317	0
SPT35440	SPT35334	0
SPT35440	SPT35543	0.02
SPT35354	SPT35309	0
SPT35354	SPT35310	0
SPT35354	SPT35355	0
SPT35354	SPT35332	0
SPT35354	SPT35333	0
SPT35354	SPT35561	0
SPT35354	SPT35363	0
SPT35354	SPT35427	0
SPT35354	SPT35752	0
SPT35354	SPT35430	0
SPT35354	SPT35431	0
SPT35354	SPT35313	0
SPT35354	SPT35780	0
SPT35354	SPT35315	0
SPT35354	SPT35316	0.33
SPT35354	SPT35317	0
SPT35354	SPT35334	0.04
SPT35354	SPT35543	0
SPT35309	SPT35310	0.98
SPT35309	SPT35355	0
SPT35309	SPT35332	0
SPT35309	SPT35333	0
SPT35309	SPT35561	0
SPT35309	SPT35363	0
SPT35309	SPT35427	0
SPT35309	SPT35752	0
SPT35309	SPT35430	0
SPT35309	SPT35431	0
SPT35309	SPT35313	0
SPT35309	SPT35780	0
SPT35309	SPT35315	0.03
SPT35309	SPT35316	0
SPT35309	SPT35317	0
SPT35309	SPT35334	0
SPT35309	SPT35543	0
SPT35310	SPT35355	0
SPT35310	SPT35332	0
SPT35310	SPT35333	0
SPT35310	SPT35561	0
SPT35310	SPT35363	0
SPT35310	SPT35427	0
SPT35310	SPT35752	0
SPT35310	SPT35430	0
SPT35310	SPT35431	0
SPT35310	SPT35313	0
SPT35310	SPT35780	0
SPT35310	SPT35315	0.03
SPT35310	SPT35316	0
SPT35310	SPT35317	0
SPT35310	SPT35334	0
SPT35310	SPT35543	0
SPT35355	SPT35332	0
SPT35355	SPT35333	0
SPT35355	SPT35561	0
SPT35355	SPT35363	0
SPT35355	SPT35427	0
SPT35355	SPT35752	0
SPT35355	SPT35430	0
SPT35355	SPT35431	0
SPT35355	SPT35313	0
SPT35355	SPT35780	0
SPT35355	SPT35315	0
SPT35355	SPT35316	0
SPT35355	SPT35317	0.04
SPT35355	SPT35334	0
SPT35355	SPT35543	0
SPT35332	SPT35333	0
SPT35332	SPT35561	0
SPT35332	SPT35363	0
SPT35332	SPT35427	0
SPT35332	SPT35752	0
SPT35332	SPT35430	0.02
SPT35332	SPT35431	0
SPT35332	SPT35313	0
SPT35332	SPT35780	0
SPT35332	SPT35315	0
SPT35332	SPT35316	0
SPT35332	SPT35317	0
SPT35332	SPT35334	0
SPT35332	SPT35543	0
SPT35333	SPT35561	0
SPT35333	SPT35363	0
SPT35333	SPT35427	0
SPT35333	SPT35752	0
SPT35333	SPT35430	0
SPT35333	SPT35431	0
SPT35333	SPT35313	0
SPT35333	SPT35780	0
SPT35333	SPT35315	0
SPT35333	SPT35316	0
SPT35333	SPT35317	0
SPT35333	SPT35334	0
SPT35333	SPT35543	0
SPT35561	SPT35363	0
SPT35561	SPT35427	0
SPT35561	SPT35752	0
SPT35561	SPT35430	0
SPT35561	SPT35431	0
SPT35561	SPT35313	0
SPT35561	SPT35780	0
SPT35561	SPT35315	0
SPT35561	SPT35316	0
SPT35561	SPT35317	0
SPT35561	SPT35334	0
SPT35561	SPT35543	0.13
SPT35363	SPT35427	0
SPT35363	SPT35752	0.02
SPT35363	SPT35430	0
SPT35363	SPT35431	0
SPT35363	SPT35313	0
SPT35363	SPT35780	0
SPT35363	SPT35315	0
SPT35363	SPT35316	0
SPT35363	SPT35317	0
SPT35363	SPT35334	0
SPT35363	SPT35543	0
SPT35427	SPT35752	0
SPT35427	SPT35430	0
SPT35427	SPT35431	0
SPT35427	SPT35313	0
SPT35427	SPT35780	0
SPT35427	SPT35315	0
SPT35427	SPT35316	0
SPT35427	SPT35317	0
SPT35427	SPT35334	0
SPT35427	SPT35543	0
SPT35752	SPT35430	0
SPT35752	SPT35431	0
SPT35752	SPT35313	0
SPT35752	SPT35780	0.02
SPT35752	SPT35315	0
SPT35752	SPT35316	0
SPT35752	SPT35317	0
SPT35752	SPT35334	0
SPT35752	SPT35543	0
SPT35430	SPT35431	0
SPT35430	SPT35313	0
SPT35430	SPT35780	0
SPT35430	SPT35315	0
SPT35430	SPT35316	0
SPT35430	SPT35317	0
SPT35430	SPT35334	0
SPT35430	SPT35543	0
SPT35431	SPT35313	0
SPT35431	SPT35780	0
SPT35431	SPT35315	0
SPT35431	SPT35316	0
SPT35431	SPT35317	0
SPT35431	SPT35334	0
SPT35431	SPT35543	0
SPT35313	SPT35780	0
SPT35313	SPT35315	0
SPT35313	SPT35316	0.02
SPT35313	SPT35317	0
SPT35313	SPT35334	0
SPT35313	SPT35543	0
SPT35780	SPT35315	0
SPT35780	SPT35316	0
SPT35780	SPT35317	0
SPT35780	SPT35334	0
SPT35780	SPT35543	0
SPT35315	SPT35316	0
SPT35315	SPT35317	0.03
SPT35315	SPT35334	0.03
SPT35315	SPT35543	0
SPT35316	SPT35317	0
SPT35316	SPT35334	0.05
SPT35316	SPT35543	0
SPT35317	SPT35334	0.04
SPT35317	SPT35543	0
SPT35334	SPT35543	0
