p1	p2	ibs
SPT35443	SPT35447	0.802628897493377
SPT35443	SPT35444	0.80064109192431
SPT35443	SPT35446	0.812271062271062
SPT35443	SPT35503	0.805490594814438
SPT35443	SPT35302	0.815728292732235
SPT35443	SPT35508	0.815496661946187
SPT35443	SPT35365	0.809052333804809
SPT35443	SPT35449	0.819548070773822
SPT35443	SPT35523	0.80827334482409
SPT35443	SPT35338	0.802060189860634
SPT35443	SPT35339	0.803429203539823
SPT35443	SPT35372	0.804244567963618
SPT35443	SPT35373	0.805676194323806
SPT35443	SPT35587	0.816362566215421
SPT35443	SPT35303	0.803898593949723
SPT35443	SPT35356	0.805417972303649
SPT35443	SPT35448	0.814069264069264
SPT35443	SPT35364	0.807595192404808
SPT35443	SPT35366	0.808205335489086
SPT35443	SPT35524	0.8
SPT35443	SPT35321	0.810168806226625
SPT35443	SPT35374	0.808523530599879
SPT35443	SPT35318	0.80885027278238
SPT35443	SPT35453	0.807110747854516
SPT35443	SPT35509	0.811077235772358
SPT35443	SPT35450	0.811960058341748
SPT35443	SPT35525	0.822376480195998
SPT35443	SPT35510	0.809088908450704
SPT35443	SPT35340	0.804907603756437
SPT35443	SPT35583	0.805535912718456
SPT35443	SPT35584	0.810211554109032
SPT35443	SPT35585	0.817976373908577
SPT35443	SPT35458	0.81227254346947
SPT35443	SPT35500	0.806872157655382
SPT35443	SPT35322	0.807999192000808
SPT35443	SPT35377	0.805210542259921
SPT35443	SPT35511	0.821692853522555
SPT35443	SPT35323	0.807171717171717
SPT35443	SPT35461	0.803497422419893
SPT35443	SPT35462	0.814987341772152
SPT35443	SPT35463	0.80735427820992
SPT35443	SPT35341	0.814369442198868
SPT35443	SPT35368	0.810360496819146
SPT35443	SPT35378	0.808441886297082
SPT35443	SPT35552	0.801891862839944
SPT35443	SPT35551	0.809104859335038
SPT35443	SPT35459	0.805662285136502
SPT35443	SPT35474	0.815411097610369
SPT35443	SPT35514	0.813121059942302
SPT35443	SPT35519	0.800352441173422
SPT35443	SPT35526	0.821164556962025
SPT35443	SPT35501	0.79384677664204
SPT35443	SPT35681	0.801415571284125
SPT35443	SPT35467	0.820626895854398
SPT35443	SPT35469	0.814068825910931
SPT35443	SPT35470	0.816015348884176
SPT35443	SPT35468	0.8113742157458
SPT35443	SPT35471	0.814155712841254
SPT35443	SPT35379	0.812177502579979
SPT35443	SPT35472	0.800686938074553
SPT35443	SPT35529	0.821414100486224
SPT35443	SPT35517	0.814635132403477
SPT35443	SPT35516	0.81044957472661
SPT35443	SPT35360	0.810769852495454
SPT35443	SPT35515	0.815200890598118
SPT35443	SPT35518	0.808508488278092
SPT35443	SPT35475	0.820385897565411
SPT35443	SPT35520	0.805016181229773
SPT35443	SPT35324	0.806999797693708
SPT35443	SPT35476	0.817914682338636
SPT35443	SPT35485	0.805549929106745
SPT35443	SPT35389	0.80510956275876
SPT35443	SPT35487	0.813579872688694
SPT35443	SPT35369	0.808946783802888
SPT35443	SPT35370	0.810442334881842
SPT35443	SPT35382	0.812108348494037
SPT35443	SPT35521	0.807906578101564
SPT35443	SPT35553	0.803881924787707
SPT35443	SPT35532	0.812391548433194
SPT35443	SPT35384	0.810764414823791
SPT35443	SPT35522	0.807132754091736
SPT35443	SPT35361	0.811717171717172
SPT35443	SPT35342	0.805811481218994
SPT35443	SPT35556	0.80697939318629
SPT35443	SPT35557	0.802040816326531
SPT35443	SPT35328	0.806810144488229
SPT35443	SPT35592	0.811798037033289
SPT35443	SPT35435	0.812468373646392
SPT35443	SPT35304	0.81061678463094
SPT35443	SPT35390	0.807839967670236
SPT35443	SPT35436	0.801078002644157
SPT35443	SPT35580	0.805472742759796
SPT35443	SPT35538	0.80607402720658
SPT35443	SPT35537	0.806743246117847
SPT35443	SPT35320	0.810852885577672
SPT35443	SPT35541	0.806952965235174
SPT35443	SPT35673	0.804325670931944
SPT35443	SPT35502	0.799150055651118
SPT35443	SPT35330	0.808761294750086
SPT35443	SPT35546	0.809697881948178
SPT35443	SPT35547	0.809783707297352
SPT35443	SPT35544	0.805685755043815
SPT35443	SPT35362	0.804402706250631
SPT35443	SPT35499	0.805298954420871
SPT35443	SPT35336	0.810761421319797
SPT35443	SPT35577	0.802327935222672
SPT35443	SPT35325	0.804584819154356
SPT35443	SPT35331	0.808441886297082
SPT35443	SPT35337	0.807171717171717
SPT35443	SPT35306	0.807637906647808
SPT35443	SPT35407	0.815563415866599
SPT35443	SPT35346	0.810461476320307
SPT35443	SPT35405	0.813883716118353
SPT35443	SPT35410	0.804275149427616
SPT35443	SPT35575	0.80579973729413
SPT35443	SPT35576	0.811818181818182
SPT35443	SPT35766	0.803719659556583
SPT35443	SPT35347	0.810712481051036
SPT35443	SPT35412	0.808424635677056
SPT35443	SPT35414	0.80942140296979
SPT35443	SPT35348	0.812026275896918
SPT35443	SPT35417	0.807532651614863
SPT35443	SPT35571	0.80937893411666
SPT35443	SPT35349	0.802585075229728
SPT35443	SPT35351	0.807892224461653
SPT35443	SPT35418	0.807816929931146
SPT35443	SPT35419	0.811278728358813
SPT35443	SPT35566	0.814662273476112
SPT35443	SPT35567	0.811767084512738
SPT35443	SPT35420	0.801460150070979
SPT35443	SPT35423	0.797088262056415
SPT35443	SPT35564	0.80668016194332
SPT35443	SPT35352	0.808946783802888
SPT35443	SPT35424	0.801075268817204
SPT35443	SPT35357	0.808042028692665
SPT35443	SPT35437	0.81219043768321
SPT35443	SPT35563	0.812683025345855
SPT35443	SPT35308	0.811460446247464
SPT35443	SPT35425	0.811925183424615
SPT35443	SPT35440	0.810250349199527
SPT35443	SPT35354	0.810971913517882
SPT35443	SPT35309	0.805378627034678
SPT35443	SPT35310	0.805914033126715
SPT35443	SPT35355	0.804123711340206
SPT35443	SPT35332	0.803737373737374
SPT35443	SPT35333	0.808119571803676
SPT35443	SPT35561	0.810682071551637
SPT35443	SPT35363	0.808302191697808
SPT35443	SPT35427	0.809702694000215
SPT35443	SPT35752	0.808678900942918
SPT35443	SPT35430	0.806624797406807
SPT35443	SPT35431	0.811839967506093
SPT35443	SPT35313	0.807097361237489
SPT35443	SPT35780	0.807091469681398
SPT35443	SPT35315	0.808570851020821
SPT35443	SPT35316	0.809162621359223
SPT35443	SPT35317	0.808022633121148
SPT35443	SPT35334	0.807513633609372
SPT35443	SPT35543	0.81229429875783
SPT35447	SPT35444	0.805931590368916
SPT35447	SPT35446	0.806106870229008
SPT35447	SPT35503	0.806737227763078
SPT35447	SPT35302	0.817960919307482
SPT35447	SPT35508	0.817252202085654
SPT35447	SPT35365	0.806474456246839
SPT35447	SPT35449	0.820906666666667
SPT35447	SPT35523	0.810297552554077
SPT35447	SPT35338	0.807058347659015
SPT35447	SPT35339	0.800421332741989
SPT35447	SPT35372	0.803987047156446
SPT35447	SPT35373	0.81078074433657
SPT35447	SPT35587	0.819650861052135
SPT35447	SPT35303	0.803306666666667
SPT35447	SPT35356	0.80958640914147
SPT35447	SPT35448	0.821235102925244
SPT35447	SPT35364	0.806210174977243
SPT35447	SPT35366	0.805825242718447
SPT35447	SPT35524	0.798582995951417
SPT35447	SPT35321	0.810184247823446
SPT35447	SPT35374	0.80370145631068
SPT35447	SPT35318	0.813447927199191
SPT35447	SPT35453	0.803845367150747
SPT35447	SPT35509	0.805824254149272
SPT35447	SPT35450	0.81336327905671
SPT35447	SPT35525	0.819335038363171
SPT35447	SPT35510	0.80659389127798
SPT35447	SPT35340	0.810092021437961
SPT35447	SPT35583	0.806007889147365
SPT35447	SPT35584	0.808616826237523
SPT35447	SPT35585	0.820837190167644
SPT35447	SPT35458	0.816644730181229
SPT35447	SPT35500	0.809673176161085
SPT35447	SPT35322	0.81128640776699
SPT35447	SPT35377	0.81041456016178
SPT35447	SPT35511	0.819327304135759
SPT35447	SPT35323	0.806614746636998
SPT35447	SPT35461	0.808704453441296
SPT35447	SPT35462	0.81364696339856
SPT35447	SPT35463	0.804470969047137
SPT35447	SPT35341	0.807847896440129
SPT35447	SPT35368	0.805662285136502
SPT35447	SPT35378	0.81041456016178
SPT35447	SPT35552	0.805642295682136
SPT35447	SPT35551	0.804013925865247
SPT35447	SPT35459	0.811297833569549
SPT35447	SPT35474	0.813260340632603
SPT35447	SPT35514	0.813075112347528
SPT35447	SPT35519	0.801765316718588
SPT35447	SPT35526	0.820091324200913
SPT35447	SPT35501	0.801864801864802
SPT35447	SPT35681	0.804068414128125
SPT35447	SPT35467	0.819084278768233
SPT35447	SPT35469	0.814368223730874
SPT35447	SPT35470	0.812032355915066
SPT35447	SPT35468	0.81199959460829
SPT35447	SPT35471	0.809779307552136
SPT35447	SPT35379	0.81319817956144
SPT35447	SPT35472	0.801132915233664
SPT35447	SPT35529	0.819510709572632
SPT35447	SPT35517	0.81399351964358
SPT35447	SPT35516	0.814217624987324
SPT35447	SPT35360	0.809990898978663
SPT35447	SPT35515	0.811613295500608
SPT35447	SPT35518	0.809225166902691
SPT35447	SPT35475	0.819285642011535
SPT35447	SPT35520	0.80506329113924
SPT35447	SPT35324	0.808747595423712
SPT35447	SPT35476	0.816336884830036
SPT35447	SPT35485	0.806677491374061
SPT35447	SPT35389	0.810313447927199
SPT35447	SPT35487	0.813233508700931
SPT35447	SPT35369	0.809403437815976
SPT35447	SPT35370	0.808271817170594
SPT35447	SPT35382	0.81051567239636
SPT35447	SPT35521	0.807535422928295
SPT35447	SPT35553	0.807653371127759
SPT35447	SPT35532	0.814390842191333
SPT35447	SPT35384	0.808998988877654
SPT35447	SPT35522	0.810540157798908
SPT35447	SPT35361	0.812196601941748
SPT35447	SPT35342	0.804096532143581
SPT35447	SPT35556	0.809518871837412
SPT35447	SPT35557	0.802452733776188
SPT35447	SPT35328	0.807851866842052
SPT35447	SPT35592	0.804460212873796
SPT35447	SPT35435	0.809914841849148
SPT35447	SPT35304	0.811582464311026
SPT35447	SPT35390	0.81304347826087
SPT35447	SPT35436	0.80543677458766
SPT35447	SPT35580	0.805434203516249
SPT35447	SPT35538	0.812202601247753
SPT35447	SPT35537	0.812985630654603
SPT35447	SPT35320	0.809683177153057
SPT35447	SPT35541	0.805057847855022
SPT35447	SPT35673	0.802749687535507
SPT35447	SPT35502	0.804112225260812
SPT35447	SPT35330	0.808381171067738
SPT35447	SPT35546	0.809328880749758
SPT35447	SPT35547	0.808260781534724
SPT35447	SPT35544	0.802877257422712
SPT35447	SPT35362	0.808291203235592
SPT35447	SPT35499	0.807602398617746
SPT35447	SPT35336	0.80948021564439
SPT35447	SPT35577	0.80385200202737
SPT35447	SPT35325	0.80399959187838
SPT35447	SPT35331	0.81061678463094
SPT35447	SPT35337	0.809832085777868
SPT35447	SPT35306	0.810540157798908
SPT35447	SPT35407	0.819184458160478
SPT35447	SPT35346	0.811324570273003
SPT35447	SPT35405	0.818699523710913
SPT35447	SPT35410	0.812924824997464
SPT35447	SPT35575	0.810444287015484
SPT35447	SPT35576	0.812443095599393
SPT35447	SPT35766	0.805912055543867
SPT35447	SPT35347	0.810053605744918
SPT35447	SPT35412	0.80534554360558
SPT35447	SPT35414	0.808840118962158
SPT35447	SPT35348	0.810463468933414
SPT35447	SPT35417	0.808538687759862
SPT35447	SPT35571	0.806045340050378
SPT35447	SPT35349	0.804651162790698
SPT35447	SPT35351	0.805331350892099
SPT35447	SPT35418	0.809055915721232
SPT35447	SPT35419	0.8139699918897
SPT35447	SPT35566	0.81302239191002
SPT35447	SPT35567	0.806154469075817
SPT35447	SPT35420	0.796997057928376
SPT35447	SPT35423	0.802206701083106
SPT35447	SPT35564	0.811980539225623
SPT35447	SPT35352	0.805965621840243
SPT35447	SPT35424	0.804469273743017
SPT35447	SPT35357	0.811229135053111
SPT35447	SPT35437	0.809697337787225
SPT35447	SPT35563	0.806976744186046
SPT35447	SPT35308	0.812366737739872
SPT35447	SPT35425	0.804163214581607
SPT35447	SPT35440	0.811142181114218
SPT35447	SPT35354	0.812133468149646
SPT35447	SPT35309	0.808159546466896
SPT35447	SPT35310	0.809446254071661
SPT35447	SPT35355	0.805524638267732
SPT35447	SPT35332	0.805482500505766
SPT35447	SPT35333	0.807462837496208
SPT35447	SPT35561	0.805518920564066
SPT35447	SPT35363	0.801456457975119
SPT35447	SPT35427	0.806209045010205
SPT35447	SPT35752	0.802214546932141
SPT35447	SPT35430	0.803873846465876
SPT35447	SPT35431	0.807833163784334
SPT35447	SPT35313	0.80690562980964
SPT35447	SPT35780	0.800904977375566
SPT35447	SPT35315	0.806050182112505
SPT35447	SPT35316	0.804776844448942
SPT35447	SPT35317	0.810198300283286
SPT35447	SPT35334	0.807766204874103
SPT35447	SPT35543	0.809483308526472
SPT35444	SPT35446	0.80868399339934
SPT35444	SPT35503	0.804913294797688
SPT35444	SPT35302	0.816483629272298
SPT35444	SPT35508	0.821076417419885
SPT35444	SPT35365	0.807447681575708
SPT35444	SPT35449	0.820811744386874
SPT35444	SPT35523	0.816160576428204
SPT35444	SPT35338	0.806521070439865
SPT35444	SPT35339	0.806085784864137
SPT35444	SPT35372	0.809235505387378
SPT35444	SPT35373	0.807301815198441
SPT35444	SPT35587	0.822349570200573
SPT35444	SPT35303	0.805357528623893
SPT35444	SPT35356	0.805888991484559
SPT35444	SPT35448	0.815553121577218
SPT35444	SPT35364	0.80629614438064
SPT35444	SPT35366	0.810588959573158
SPT35444	SPT35524	0.800492610837438
SPT35444	SPT35321	0.813769751693002
SPT35444	SPT35374	0.80781458311968
SPT35444	SPT35318	0.808678703323759
SPT35444	SPT35453	0.810777202072539
SPT35444	SPT35509	0.804377000103231
SPT35444	SPT35450	0.810718746451686
SPT35444	SPT35525	0.819038740418479
SPT35444	SPT35510	0.813766985965694
SPT35444	SPT35340	0.809597047062442
SPT35444	SPT35583	0.806871794871795
SPT35444	SPT35584	0.812312777605619
SPT35444	SPT35585	0.823051271363068
SPT35444	SPT35458	0.817939244663383
SPT35444	SPT35500	0.808434229427457
SPT35444	SPT35322	0.808019690288176
SPT35444	SPT35377	0.809391981954271
SPT35444	SPT35511	0.817919670442842
SPT35444	SPT35323	0.806871794871795
SPT35444	SPT35461	0.80634236453202
SPT35444	SPT35462	0.82070525341832
SPT35444	SPT35463	0.807980305672377
SPT35444	SPT35341	0.809460291401601
SPT35444	SPT35368	0.804060289141802
SPT35444	SPT35378	0.809699579616528
SPT35444	SPT35552	0.805761676123963
SPT35444	SPT35551	0.807504417420227
SPT35444	SPT35459	0.812628336755647
SPT35444	SPT35474	0.823257248611968
SPT35444	SPT35514	0.815079623009425
SPT35444	SPT35519	0.800588358898928
SPT35444	SPT35526	0.818499486125385
SPT35444	SPT35501	0.798561151079137
SPT35444	SPT35681	0.802154951257055
SPT35444	SPT35467	0.817491274892219
SPT35444	SPT35469	0.815389356893363
SPT35444	SPT35470	0.820754716981132
SPT35444	SPT35468	0.810277492291881
SPT35444	SPT35471	0.811537671935947
SPT35444	SPT35379	0.812781561026716
SPT35444	SPT35472	0.806358974358974
SPT35444	SPT35529	0.818032111980239
SPT35444	SPT35517	0.811376938083992
SPT35444	SPT35516	0.815123456790123
SPT35444	SPT35360	0.809274648609829
SPT35444	SPT35515	0.810766385863982
SPT35444	SPT35518	0.80350913195157
SPT35444	SPT35475	0.817566180997332
SPT35444	SPT35520	0.804332204085823
SPT35444	SPT35324	0.810188989317995
SPT35444	SPT35476	0.81311104250283
SPT35444	SPT35485	0.809543397778692
SPT35444	SPT35389	0.809391981954271
SPT35444	SPT35487	0.813788858110188
SPT35444	SPT35369	0.81041730749513
SPT35444	SPT35370	0.81285890073831
SPT35444	SPT35382	0.812782109150595
SPT35444	SPT35521	0.810743353228432
SPT35444	SPT35553	0.805381534353497
SPT35444	SPT35532	0.811637796909034
SPT35444	SPT35384	0.806418537885779
SPT35444	SPT35522	0.812641083521445
SPT35444	SPT35361	0.809474979491386
SPT35444	SPT35342	0.799609294674069
SPT35444	SPT35556	0.804142136248949
SPT35444	SPT35557	0.80733374766936
SPT35444	SPT35328	0.801785164666051
SPT35444	SPT35592	0.801624845742493
SPT35444	SPT35435	0.812249511869284
SPT35444	SPT35304	0.810677618069815
SPT35444	SPT35390	0.806421830118999
SPT35444	SPT35436	0.803676546524837
SPT35444	SPT35580	0.805786462269243
SPT35444	SPT35538	0.806155161359265
SPT35444	SPT35537	0.80424477483301
SPT35444	SPT35320	0.810379918588874
SPT35444	SPT35541	0.807863886295259
SPT35444	SPT35673	0.801723147616312
SPT35444	SPT35502	0.991074176669745
SPT35444	SPT35330	0.809662060155615
SPT35444	SPT35546	0.810681198910082
SPT35444	SPT35547	0.811748998664886
SPT35444	SPT35544	0.8125
SPT35444	SPT35362	0.812057828360504
SPT35444	SPT35499	0.806614465279209
SPT35444	SPT35336	0.806375077367444
SPT35444	SPT35577	0.805881143327164
SPT35444	SPT35325	0.80142798013245
SPT35444	SPT35331	0.81216036091459
SPT35444	SPT35337	0.807262283311109
SPT35444	SPT35306	0.808141919606235
SPT35444	SPT35407	0.820699558929121
SPT35444	SPT35346	0.812262893468676
SPT35444	SPT35405	0.819316275167785
SPT35444	SPT35410	0.809607076733182
SPT35444	SPT35575	0.804575297496922
SPT35444	SPT35576	0.813705375461633
SPT35444	SPT35766	0.806087696892295
SPT35444	SPT35347	0.809440738840431
SPT35444	SPT35412	0.810493428140487
SPT35444	SPT35414	0.812305134067761
SPT35444	SPT35348	0.808126410835214
SPT35444	SPT35417	0.811369243421053
SPT35444	SPT35571	0.810137365562773
SPT35444	SPT35349	0.804572951912232
SPT35444	SPT35351	0.80760939857728
SPT35444	SPT35418	0.809225395520855
SPT35444	SPT35419	0.813097563483088
SPT35444	SPT35566	0.811729040351244
SPT35444	SPT35567	0.80634236453202
SPT35444	SPT35420	0.802819800349902
SPT35444	SPT35423	0.804780467788264
SPT35444	SPT35564	0.809225395520855
SPT35444	SPT35352	0.808161591305239
SPT35444	SPT35424	0.806607657472211
SPT35444	SPT35357	0.808268362741075
SPT35444	SPT35437	0.807242511284366
SPT35444	SPT35563	0.807116488925349
SPT35444	SPT35308	0.811876093444479
SPT35444	SPT35425	0.809728483069504
SPT35444	SPT35440	0.813452329124946
SPT35444	SPT35354	0.809396799343455
SPT35444	SPT35309	0.809030271934325
SPT35444	SPT35310	0.80964178796325
SPT35444	SPT35355	0.806196778495948
SPT35444	SPT35332	0.80069750743666
SPT35444	SPT35333	0.801476620180476
SPT35444	SPT35561	0.801316330728095
SPT35444	SPT35363	0.804102564102564
SPT35444	SPT35427	0.807955656993805
SPT35444	SPT35752	0.804739824832561
SPT35444	SPT35430	0.805489873547857
SPT35444	SPT35431	0.810470988354117
SPT35444	SPT35313	0.806574216743708
SPT35444	SPT35780	0.803046108908825
SPT35444	SPT35315	0.809792650379799
SPT35444	SPT35316	0.811068898244173
SPT35444	SPT35317	0.811018775007695
SPT35444	SPT35334	0.806316005331693
SPT35444	SPT35543	0.807460112117292
SPT35446	SPT35503	0.809441624365482
SPT35446	SPT35302	0.820970834594813
SPT35446	SPT35508	0.823660038356718
SPT35446	SPT35365	0.815898315343488
SPT35446	SPT35449	0.831858407079646
SPT35446	SPT35523	0.825924050632911
SPT35446	SPT35338	0.810124029444388
SPT35446	SPT35339	0.814908890115958
SPT35446	SPT35372	0.814732593340061
SPT35446	SPT35373	0.813533682936668
SPT35446	SPT35587	0.825519915403595
SPT35446	SPT35303	0.812519961673587
SPT35446	SPT35356	0.811705348133199
SPT35446	SPT35448	0.828037181150022
SPT35446	SPT35364	0.808188785800726
SPT35446	SPT35366	0.810311774795682
SPT35446	SPT35524	0.809000100897992
SPT35446	SPT35321	0.817255297679112
SPT35446	SPT35374	0.814863365937279
SPT35446	SPT35318	0.813679007364067
SPT35446	SPT35453	0.819683834778174
SPT35446	SPT35509	0.81544237012987
SPT35446	SPT35450	0.82234411731781
SPT35446	SPT35525	0.830786471067645
SPT35446	SPT35510	0.811848601206802
SPT35446	SPT35340	0.811857229280097
SPT35446	SPT35583	0.808289632916499
SPT35446	SPT35584	0.819817073170732
SPT35446	SPT35585	0.826586040791227
SPT35446	SPT35458	0.823814328960646
SPT35446	SPT35500	0.815192171895491
SPT35446	SPT35322	0.816577594030453
SPT35446	SPT35377	0.811655575720912
SPT35446	SPT35511	0.830311012055516
SPT35446	SPT35323	0.818759455370651
SPT35446	SPT35461	0.812354900575351
SPT35446	SPT35462	0.81962569549823
SPT35446	SPT35463	0.815449778136345
SPT35446	SPT35341	0.819695288063768
SPT35446	SPT35368	0.812462189957653
SPT35446	SPT35378	0.813067150635209
SPT35446	SPT35552	0.814377682403433
SPT35446	SPT35551	0.813381001021451
SPT35446	SPT35459	0.818897637795276
SPT35446	SPT35474	0.826240776306479
SPT35446	SPT35514	0.824615713065756
SPT35446	SPT35519	0.809006211180124
SPT35446	SPT35526	0.830163868096298
SPT35446	SPT35501	0.812083249141241
SPT35446	SPT35681	0.815794788931529
SPT35446	SPT35467	0.829864619114973
SPT35446	SPT35469	0.826012319499142
SPT35446	SPT35470	0.823737017243118
SPT35446	SPT35468	0.823886026068506
SPT35446	SPT35471	0.824883861846092
SPT35446	SPT35379	0.814516960511393
SPT35446	SPT35472	0.814788661353778
SPT35446	SPT35529	0.830093155123532
SPT35446	SPT35517	0.823036543508984
SPT35446	SPT35516	0.827498988263861
SPT35446	SPT35360	0.818401937046005
SPT35446	SPT35515	0.81999191429149
SPT35446	SPT35518	0.811945117029863
SPT35446	SPT35475	0.83002118430344
SPT35446	SPT35520	0.810057558315662
SPT35446	SPT35324	0.812847187152813
SPT35446	SPT35476	0.824552533117605
SPT35446	SPT35485	0.812101588586462
SPT35446	SPT35389	0.811958056059689
SPT35446	SPT35487	0.8272800645682
SPT35446	SPT35369	0.819217584190361
SPT35446	SPT35370	0.822627810829888
SPT35446	SPT35382	0.815136226034309
SPT35446	SPT35521	0.815508021390374
SPT35446	SPT35553	0.815446744068652
SPT35446	SPT35532	0.823481451284142
SPT35446	SPT35384	0.815688646904618
SPT35446	SPT35522	0.817466720451795
SPT35446	SPT35361	0.820391286809197
SPT35446	SPT35342	0.810376213592233
SPT35446	SPT35556	0.813979940026884
SPT35446	SPT35557	0.813614592886987
SPT35446	SPT35328	0.807102502017756
SPT35446	SPT35592	0.818246181854961
SPT35446	SPT35435	0.82292298362644
SPT35446	SPT35304	0.820660405937595
SPT35446	SPT35390	0.815393927166347
SPT35446	SPT35436	0.810873983739837
SPT35446	SPT35580	0.813874428981196
SPT35446	SPT35538	0.816728037874803
SPT35446	SPT35537	0.816454352441614
SPT35446	SPT35320	0.820920409070698
SPT35446	SPT35541	0.814463484292126
SPT35446	SPT35673	0.811459630845884
SPT35446	SPT35502	0.807373737373737
SPT35446	SPT35330	0.819885714285714
SPT35446	SPT35546	0.819742489270386
SPT35446	SPT35547	0.819961651024321
SPT35446	SPT35544	0.816517493897478
SPT35446	SPT35362	0.816596087920952
SPT35446	SPT35499	0.814196030781693
SPT35446	SPT35336	0.815397099097272
SPT35446	SPT35577	0.815600687076892
SPT35446	SPT35325	0.809620665107292
SPT35446	SPT35331	0.813268804194394
SPT35446	SPT35337	0.813880762634924
SPT35446	SPT35306	0.818301049233253
SPT35446	SPT35407	0.822163907953169
SPT35446	SPT35346	0.816495261141359
SPT35446	SPT35405	0.823013415892673
SPT35446	SPT35410	0.811190933926945
SPT35446	SPT35575	0.81420930467252
SPT35446	SPT35576	0.821079172970247
SPT35446	SPT35766	0.812690089145254
SPT35446	SPT35347	0.818447875668584
SPT35446	SPT35412	0.815247398598429
SPT35446	SPT35414	0.815681864649356
SPT35446	SPT35348	0.815539858728557
SPT35446	SPT35417	0.81574691732363
SPT35446	SPT35571	0.815152467777428
SPT35446	SPT35349	0.812865497076023
SPT35446	SPT35351	0.815493853327681
SPT35446	SPT35418	0.816611094270991
SPT35446	SPT35419	0.824064711830131
SPT35446	SPT35566	0.823910361842105
SPT35446	SPT35567	0.808721106288483
SPT35446	SPT35420	0.812145748987854
SPT35446	SPT35423	0.810456197012515
SPT35446	SPT35564	0.81137603556274
SPT35446	SPT35352	0.817604355716878
SPT35446	SPT35424	0.813512965964344
SPT35446	SPT35357	0.816421222513617
SPT35446	SPT35437	0.81881497930756
SPT35446	SPT35563	0.808793868495361
SPT35446	SPT35308	0.820694542877392
SPT35446	SPT35425	0.819298245614035
SPT35446	SPT35440	0.818269540045031
SPT35446	SPT35354	0.814385150812065
SPT35446	SPT35309	0.811585427389242
SPT35446	SPT35310	0.811789772727273
SPT35446	SPT35355	0.812758655496114
SPT35446	SPT35332	0.809360500302602
SPT35446	SPT35333	0.814964202883937
SPT35446	SPT35561	0.821117635148816
SPT35446	SPT35363	0.816439737771054
SPT35446	SPT35427	0.816195372750643
SPT35446	SPT35752	0.813120064790443
SPT35446	SPT35430	0.8118491557982
SPT35446	SPT35431	0.813361719383617
SPT35446	SPT35313	0.818659127625202
SPT35446	SPT35780	0.816027088036117
SPT35446	SPT35315	0.813925327951564
SPT35446	SPT35316	0.816336833602585
SPT35446	SPT35317	0.812348668280872
SPT35446	SPT35334	0.814781205888284
SPT35446	SPT35543	0.814803049555273
SPT35503	SPT35302	0.817218409366169
SPT35503	SPT35508	0.818576476527007
SPT35503	SPT35365	0.811320754716981
SPT35503	SPT35449	0.822219855134214
SPT35503	SPT35523	0.814833552565011
SPT35503	SPT35338	0.808371154815935
SPT35503	SPT35339	0.802075284247709
SPT35503	SPT35372	0.802987484860719
SPT35503	SPT35373	0.806536211418197
SPT35503	SPT35587	0.817242189335213
SPT35503	SPT35303	0.807237892496009
SPT35503	SPT35356	0.812657716765923
SPT35503	SPT35448	0.817945945945946
SPT35503	SPT35364	0.811276982045592
SPT35503	SPT35366	0.807044101322031
SPT35503	SPT35524	0.800080734685639
SPT35503	SPT35321	0.815659368378569
SPT35503	SPT35374	0.805648008068583
SPT35503	SPT35318	0.81343961255171
SPT35503	SPT35453	0.812805872756933
SPT35503	SPT35509	0.807910750507099
SPT35503	SPT35450	0.811107378792968
SPT35503	SPT35525	0.819302894415002
SPT35503	SPT35510	0.807772532660007
SPT35503	SPT35340	0.806474384832594
SPT35503	SPT35583	0.805830139197095
SPT35503	SPT35584	0.810075157424335
SPT35503	SPT35585	0.818591780260326
SPT35503	SPT35458	0.81299828438793
SPT35503	SPT35500	0.908769805227571
SPT35503	SPT35322	0.809562235222917
SPT35503	SPT35377	0.806676079064139
SPT35503	SPT35511	0.819580844385947
SPT35503	SPT35323	0.81297286391607
SPT35503	SPT35461	0.802826855123675
SPT35503	SPT35462	0.81454876568191
SPT35503	SPT35463	0.810249167759508
SPT35503	SPT35341	0.813906549601373
SPT35503	SPT35368	0.815348931020573
SPT35503	SPT35378	0.811113352158128
SPT35503	SPT35552	0.8125134148959
SPT35503	SPT35551	0.806718399019808
SPT35503	SPT35459	0.809288238263503
SPT35503	SPT35474	0.817327133036797
SPT35503	SPT35514	0.815705128205128
SPT35503	SPT35519	0.805047057606785
SPT35503	SPT35526	0.820084951456311
SPT35503	SPT35501	0.876540715296019
SPT35503	SPT35681	0.80849989905108
SPT35503	SPT35467	0.819329428398303
SPT35503	SPT35469	0.816161616161616
SPT35503	SPT35470	0.814889538989206
SPT35503	SPT35468	0.815967660434563
SPT35503	SPT35471	0.813465226607449
SPT35503	SPT35379	0.815857304876791
SPT35503	SPT35472	0.809384460141271
SPT35503	SPT35529	0.819939271255061
SPT35503	SPT35517	0.814979307560311
SPT35503	SPT35516	0.815425048013747
SPT35503	SPT35360	0.810696266397578
SPT35503	SPT35515	0.811173974540311
SPT35503	SPT35518	0.807870837537841
SPT35503	SPT35475	0.818888104126728
SPT35503	SPT35520	0.80814305920388
SPT35503	SPT35324	0.812285310163669
SPT35503	SPT35476	0.817464332692502
SPT35503	SPT35485	0.804776844448942
SPT35503	SPT35389	0.806575231948366
SPT35503	SPT35487	0.814695195801373
SPT35503	SPT35369	0.808289632916499
SPT35503	SPT35370	0.815532022188603
SPT35503	SPT35382	0.81487836883012
SPT35503	SPT35521	0.807515255325982
SPT35503	SPT35553	0.805331179321486
SPT35503	SPT35532	0.814290082560391
SPT35503	SPT35384	0.815449778136345
SPT35503	SPT35522	0.808693021379589
SPT35503	SPT35361	0.81381744831064
SPT35503	SPT35342	0.808314788589925
SPT35503	SPT35556	0.809051456912585
SPT35503	SPT35557	0.810081466395112
SPT35503	SPT35328	0.807063572149344
SPT35503	SPT35592	0.805825242718447
SPT35503	SPT35435	0.814357937310415
SPT35503	SPT35304	0.807936988791275
SPT35503	SPT35390	0.809504590858642
SPT35503	SPT35436	0.804593029163703
SPT35503	SPT35580	0.812267460401828
SPT35503	SPT35538	0.811275026343519
SPT35503	SPT35537	0.811204422238758
SPT35503	SPT35320	0.810333333333333
SPT35503	SPT35541	0.808799510004083
SPT35503	SPT35673	0.803943789664551
SPT35503	SPT35502	0.802142279708973
SPT35503	SPT35330	0.813642595978062
SPT35503	SPT35546	0.810776000858646
SPT35503	SPT35547	0.810393541876892
SPT35503	SPT35544	0.809514128887985
SPT35503	SPT35362	0.813130294473578
SPT35503	SPT35499	0.960692938911964
SPT35503	SPT35336	0.815239448051948
SPT35503	SPT35577	0.807136359041747
SPT35503	SPT35325	0.805168379285787
SPT35503	SPT35331	0.812827753126261
SPT35503	SPT35337	0.807385733023913
SPT35503	SPT35306	0.810028248587571
SPT35503	SPT35407	0.818778394750126
SPT35503	SPT35346	0.81403791851553
SPT35503	SPT35405	0.817956656346749
SPT35503	SPT35410	0.802792674289183
SPT35503	SPT35575	0.809124861209246
SPT35503	SPT35576	0.809984871406959
SPT35503	SPT35766	0.811508978263152
SPT35503	SPT35347	0.810758982640291
SPT35503	SPT35412	0.80605738575983
SPT35503	SPT35414	0.810224948875256
SPT35503	SPT35348	0.812575696406944
SPT35503	SPT35417	0.81041456016178
SPT35503	SPT35571	0.807252908500157
SPT35503	SPT35349	0.804356595401371
SPT35503	SPT35351	0.80635593220339
SPT35503	SPT35418	0.808758090614887
SPT35503	SPT35419	0.815230582524272
SPT35503	SPT35566	0.817051874678993
SPT35503	SPT35567	0.804966686856451
SPT35503	SPT35420	0.804878048780488
SPT35503	SPT35423	0.802664782477036
SPT35503	SPT35564	0.808224714559968
SPT35503	SPT35352	0.811012505042356
SPT35503	SPT35424	0.80776246453182
SPT35503	SPT35357	0.809706386842902
SPT35503	SPT35437	0.808076728924785
SPT35503	SPT35563	0.804639435199193
SPT35503	SPT35308	0.807287449392713
SPT35503	SPT35425	0.810983792711882
SPT35503	SPT35440	0.814679686661659
SPT35503	SPT35354	0.809706386842902
SPT35503	SPT35309	0.807164480322906
SPT35503	SPT35310	0.807586976366771
SPT35503	SPT35355	0.809893992932862
SPT35503	SPT35332	0.805387409200969
SPT35503	SPT35333	0.808169440242058
SPT35503	SPT35561	0.804515084025106
SPT35503	SPT35363	0.808332492686371
SPT35503	SPT35427	0.808743169398907
SPT35503	SPT35752	0.80690562980964
SPT35503	SPT35430	0.808003233629749
SPT35503	SPT35431	0.810838238278871
SPT35503	SPT35313	0.813371036154312
SPT35503	SPT35780	0.815316702597269
SPT35503	SPT35315	0.811364553895842
SPT35503	SPT35316	0.808764135702746
SPT35503	SPT35317	0.807870837537841
SPT35503	SPT35334	0.807463439233485
SPT35503	SPT35543	0.813566507684155
SPT35302	SPT35508	0.8757016840417
SPT35302	SPT35365	0.822940646581924
SPT35302	SPT35449	0.831989817564701
SPT35302	SPT35523	0.83266291230893
SPT35302	SPT35338	0.825712856428214
SPT35302	SPT35339	0.81704370744564
SPT35302	SPT35372	0.838606327593112
SPT35302	SPT35373	0.819273491444011
SPT35302	SPT35587	0.934502923976608
SPT35302	SPT35303	0.824077999152183
SPT35302	SPT35356	0.819647506509113
SPT35302	SPT35448	0.833189840723203
SPT35302	SPT35364	0.822375662964075
SPT35302	SPT35366	0.823906296926619
SPT35302	SPT35524	0.813457494743166
SPT35302	SPT35321	0.827510261287416
SPT35302	SPT35374	0.82009205523314
SPT35302	SPT35318	0.830947853067761
SPT35302	SPT35453	0.821627647714604
SPT35302	SPT35509	0.819043776477708
SPT35302	SPT35450	0.82734375
SPT35302	SPT35525	0.829821717990275
SPT35302	SPT35510	0.820420223243598
SPT35302	SPT35340	0.820474332032423
SPT35302	SPT35583	0.812656453389406
SPT35302	SPT35584	0.823279781752046
SPT35302	SPT35585	0.947867782085289
SPT35302	SPT35458	0.828608634678954
SPT35302	SPT35500	0.821196033256536
SPT35302	SPT35322	0.824494696818091
SPT35302	SPT35377	0.820428171268507
SPT35302	SPT35511	0.830131750980589
SPT35302	SPT35323	0.828780146102272
SPT35302	SPT35461	0.814021031547321
SPT35302	SPT35462	0.905741818911865
SPT35302	SPT35463	0.826291549859832
SPT35302	SPT35341	0.845329862849134
SPT35302	SPT35368	0.823729491796719
SPT35302	SPT35378	0.82312925170068
SPT35302	SPT35552	0.819328629463331
SPT35302	SPT35551	0.819955293639504
SPT35302	SPT35459	0.820813301282051
SPT35302	SPT35474	0.898725283549132
SPT35302	SPT35514	0.836149187121454
SPT35302	SPT35519	0.814894932014833
SPT35302	SPT35526	0.830453997589393
SPT35302	SPT35501	0.812324367723806
SPT35302	SPT35681	0.819476481797212
SPT35302	SPT35467	0.830290872617854
SPT35302	SPT35469	0.831627533614289
SPT35302	SPT35470	0.906925540432346
SPT35302	SPT35468	0.827579285427539
SPT35302	SPT35471	0.834436421981548
SPT35302	SPT35379	0.8291483037819
SPT35302	SPT35472	0.818500350385424
SPT35302	SPT35529	0.830016083634902
SPT35302	SPT35517	0.831930246542393
SPT35302	SPT35516	0.833417060182859
SPT35302	SPT35360	0.852652652652653
SPT35302	SPT35515	0.830957639028308
SPT35302	SPT35518	0.815879054865839
SPT35302	SPT35475	0.829927884615385
SPT35302	SPT35520	0.817480204470282
SPT35302	SPT35324	0.824797033176305
SPT35302	SPT35476	0.835075376884422
SPT35302	SPT35485	0.819268635724332
SPT35302	SPT35389	0.820328131252501
SPT35302	SPT35487	0.827593111734081
SPT35302	SPT35369	0.829331732693077
SPT35302	SPT35370	0.839219609804902
SPT35302	SPT35382	0.830279363172124
SPT35302	SPT35521	0.822877835765257
SPT35302	SPT35553	0.817899378632993
SPT35302	SPT35532	0.834463906044345
SPT35302	SPT35384	0.825830332132853
SPT35302	SPT35522	0.851692369317044
SPT35302	SPT35361	0.823240916825143
SPT35302	SPT35342	0.823098535019065
SPT35302	SPT35556	0.824013157894737
SPT35302	SPT35557	0.819765087079789
SPT35302	SPT35328	0.817299028931825
SPT35302	SPT35592	0.820793571069814
SPT35302	SPT35435	0.834504215174629
SPT35302	SPT35304	0.825869151387637
SPT35302	SPT35390	0.850865779201281
SPT35302	SPT35436	0.817814582912543
SPT35302	SPT35580	0.816518612521151
SPT35302	SPT35538	0.814977973568282
SPT35302	SPT35537	0.810550798181626
SPT35302	SPT35320	0.832116788321168
SPT35302	SPT35541	0.821834415584416
SPT35302	SPT35673	0.816756878664862
SPT35302	SPT35502	0.814981949458484
SPT35302	SPT35330	0.831399317406143
SPT35302	SPT35546	0.82315834491607
SPT35302	SPT35547	0.823647294589178
SPT35302	SPT35544	0.818255332052967
SPT35302	SPT35362	0.814725890356143
SPT35302	SPT35499	0.819261346482842
SPT35302	SPT35336	0.825929283771532
SPT35302	SPT35577	0.823901264298615
SPT35302	SPT35325	0.811059441973312
SPT35302	SPT35331	0.827731092436975
SPT35302	SPT35337	0.839755780202182
SPT35302	SPT35306	0.825338007010516
SPT35302	SPT35407	0.980260521042084
SPT35302	SPT35346	0.828731492597039
SPT35302	SPT35405	0.97914740626605
SPT35302	SPT35410	0.820711128967457
SPT35302	SPT35575	0.813401442307692
SPT35302	SPT35576	0.898028620034024
SPT35302	SPT35766	0.823480259034886
SPT35302	SPT35347	0.852793911476067
SPT35302	SPT35412	0.820835536753041
SPT35302	SPT35414	0.826776456236658
SPT35302	SPT35348	0.837805366439728
SPT35302	SPT35417	0.825790265930758
SPT35302	SPT35571	0.821648088342536
SPT35302	SPT35349	0.821028411364546
SPT35302	SPT35351	0.826082376487938
SPT35302	SPT35418	0.823222177581358
SPT35302	SPT35419	0.898825654923216
SPT35302	SPT35566	0.852469072691954
SPT35302	SPT35567	0.816614891271671
SPT35302	SPT35420	0.808848667672197
SPT35302	SPT35423	0.81667000601082
SPT35302	SPT35564	0.816394100531755
SPT35302	SPT35352	0.824629851940776
SPT35302	SPT35424	0.815731241198954
SPT35302	SPT35357	0.824341907716945
SPT35302	SPT35437	0.823028359555066
SPT35302	SPT35563	0.817190314188513
SPT35302	SPT35308	0.825824617860016
SPT35302	SPT35425	0.818798151001541
SPT35302	SPT35440	0.822801024765158
SPT35302	SPT35354	0.832349114202782
SPT35302	SPT35309	0.82080577269994
SPT35302	SPT35310	0.820773725569212
SPT35302	SPT35355	0.825538307461192
SPT35302	SPT35332	0.811449159327462
SPT35302	SPT35333	0.818709354677339
SPT35302	SPT35561	0.823913917940467
SPT35302	SPT35363	0.82017412188532
SPT35302	SPT35427	0.8212838558328
SPT35302	SPT35752	0.817094017094017
SPT35302	SPT35430	0.820929998995681
SPT35302	SPT35431	0.819921442239903
SPT35302	SPT35313	0.828840565186892
SPT35302	SPT35780	0.821206245535259
SPT35302	SPT35315	0.828125
SPT35302	SPT35316	0.827185244587009
SPT35302	SPT35317	0.840124136550205
SPT35302	SPT35334	0.836518259129565
SPT35302	SPT35543	0.821650679877727
SPT35508	SPT35365	0.826591910292351
SPT35508	SPT35449	0.831547682189456
SPT35508	SPT35523	0.828318405957532
SPT35508	SPT35338	0.819155324259408
SPT35508	SPT35339	0.815034619188922
SPT35508	SPT35372	0.833550325488232
SPT35508	SPT35373	0.816416416416416
SPT35508	SPT35587	0.884858413292769
SPT35508	SPT35303	0.817458633856597
SPT35508	SPT35356	0.82021233974359
SPT35508	SPT35448	0.827790334732537
SPT35508	SPT35364	0.81991991991992
SPT35508	SPT35366	0.819146805527739
SPT35508	SPT35524	0.813508367571901
SPT35508	SPT35321	0.822280104187538
SPT35508	SPT35374	0.817517517517518
SPT35508	SPT35318	0.829378191649144
SPT35508	SPT35453	0.821341710579651
SPT35508	SPT35509	0.818099273607748
SPT35508	SPT35450	0.828791601518874
SPT35508	SPT35525	0.82943143812709
SPT35508	SPT35510	0.816071819575213
SPT35508	SPT35340	0.81981981981982
SPT35508	SPT35583	0.819374874774594
SPT35508	SPT35584	0.82251869820093
SPT35508	SPT35585	0.893334694294172
SPT35508	SPT35458	0.830326718781319
SPT35508	SPT35500	0.817252780282537
SPT35508	SPT35322	0.823541187068362
SPT35508	SPT35377	0.819573701591114
SPT35508	SPT35511	0.830164000402455
SPT35508	SPT35323	0.824224224224224
SPT35508	SPT35461	0.818354874261096
SPT35508	SPT35462	0.896544797107272
SPT35508	SPT35463	0.822015224358974
SPT35508	SPT35341	0.835970358501903
SPT35508	SPT35368	0.819573701591114
SPT35508	SPT35378	0.821875312718903
SPT35508	SPT35552	0.818629023633836
SPT35508	SPT35551	0.821628214249416
SPT35508	SPT35459	0.825350701402806
SPT35508	SPT35474	0.927000702881815
SPT35508	SPT35514	0.83037328512177
SPT35508	SPT35519	0.810549088286803
SPT35508	SPT35526	0.829832143934064
SPT35508	SPT35501	0.817670682730924
SPT35508	SPT35681	0.81661316211878
SPT35508	SPT35467	0.830139460218722
SPT35508	SPT35469	0.827361236575329
SPT35508	SPT35470	0.929222144358795
SPT35508	SPT35468	0.828413654618474
SPT35508	SPT35471	0.828284854563691
SPT35508	SPT35379	0.825658906778792
SPT35508	SPT35472	0.819765695404025
SPT35508	SPT35529	0.829712331522832
SPT35508	SPT35517	0.828170426065163
SPT35508	SPT35516	0.829412947326096
SPT35508	SPT35360	0.841694202463202
SPT35508	SPT35515	0.82570281124498
SPT35508	SPT35518	0.819046665331464
SPT35508	SPT35475	0.829158316633267
SPT35508	SPT35520	0.816040100250627
SPT35508	SPT35324	0.824962406015038
SPT35508	SPT35476	0.829815038198633
SPT35508	SPT35485	0.817551266586248
SPT35508	SPT35389	0.819273491444011
SPT35508	SPT35487	0.82764146219329
SPT35508	SPT35369	0.825477834484139
SPT35508	SPT35370	0.830747672905615
SPT35508	SPT35382	0.827724358974359
SPT35508	SPT35521	0.82193094629156
SPT35508	SPT35553	0.825729469567833
SPT35508	SPT35532	0.829349807575451
SPT35508	SPT35384	0.824977484238967
SPT35508	SPT35522	0.864196294441662
SPT35508	SPT35361	0.825708279107018
SPT35508	SPT35342	0.819231155274516
SPT35508	SPT35556	0.818761571693067
SPT35508	SPT35557	0.821396008509776
SPT35508	SPT35328	0.816643300620869
SPT35508	SPT35592	0.81971661139584
SPT35508	SPT35435	0.828413654618474
SPT35508	SPT35304	0.824679230152366
SPT35508	SPT35390	0.832498998798558
SPT35508	SPT35436	0.817538896746818
SPT35508	SPT35580	0.822800889171165
SPT35508	SPT35538	0.819326408561536
SPT35508	SPT35537	0.818297197250132
SPT35508	SPT35320	0.829387032529321
SPT35508	SPT35541	0.817185756315309
SPT35508	SPT35673	0.818253610108303
SPT35508	SPT35502	0.821081135292348
SPT35508	SPT35330	0.825176417027089
SPT35508	SPT35546	0.822937841018509
SPT35508	SPT35547	0.822538600360938
SPT35508	SPT35544	0.817997977755308
SPT35508	SPT35362	0.822457966373098
SPT35508	SPT35499	0.82281284606866
SPT35508	SPT35336	0.824128199959686
SPT35508	SPT35577	0.822561220393416
SPT35508	SPT35325	0.814680012132241
SPT35508	SPT35331	0.826261008807046
SPT35508	SPT35337	0.834801762114537
SPT35508	SPT35306	0.818099819603127
SPT35508	SPT35407	0.882317562149158
SPT35508	SPT35346	0.828479935955169
SPT35508	SPT35405	0.873394306854383
SPT35508	SPT35410	0.816820739549839
SPT35508	SPT35575	0.817954112814347
SPT35508	SPT35576	0.855326391670004
SPT35508	SPT35766	0.821126319088914
SPT35508	SPT35347	0.841730942602424
SPT35508	SPT35412	0.821288752512962
SPT35508	SPT35414	0.824534635337199
SPT35508	SPT35348	0.8271407110666
SPT35508	SPT35417	0.824409844299347
SPT35508	SPT35571	0.821659370439858
SPT35508	SPT35349	0.813269288501951
SPT35508	SPT35351	0.826183198060504
SPT35508	SPT35418	0.825195901145268
SPT35508	SPT35419	0.856425702811245
SPT35508	SPT35566	0.845201555146307
SPT35508	SPT35567	0.820870088211708
SPT35508	SPT35420	0.812896086912785
SPT35508	SPT35423	0.815531062124249
SPT35508	SPT35564	0.822124071471592
SPT35508	SPT35352	0.822375662964075
SPT35508	SPT35424	0.813405797101449
SPT35508	SPT35357	0.823388065678815
SPT35508	SPT35437	0.823293575223013
SPT35508	SPT35563	0.8204383945551
SPT35508	SPT35308	0.82516849411528
SPT35508	SPT35425	0.822592249974304
SPT35508	SPT35440	0.822744260544581
SPT35508	SPT35354	0.827693231878254
SPT35508	SPT35309	0.821883462039916
SPT35508	SPT35310	0.82189295433928
SPT35508	SPT35355	0.820977759967942
SPT35508	SPT35332	0.815997597357093
SPT35508	SPT35333	0.819655724579664
SPT35508	SPT35561	0.81985515992758
SPT35508	SPT35363	0.816616616616617
SPT35508	SPT35427	0.820655073082258
SPT35508	SPT35752	0.815932407966204
SPT35508	SPT35430	0.819752838340199
SPT35508	SPT35431	0.820755667506297
SPT35508	SPT35313	0.824089860595728
SPT35508	SPT35780	0.816622421890954
SPT35508	SPT35315	0.824749498997996
SPT35508	SPT35316	0.82598235765838
SPT35508	SPT35317	0.829260965351492
SPT35508	SPT35334	0.833366693354684
SPT35508	SPT35543	0.823473584308763
SPT35365	SPT35449	0.822961942118096
SPT35365	SPT35523	0.814874371859296
SPT35365	SPT35338	0.815647482014389
SPT35365	SPT35339	0.80713893465129
SPT35365	SPT35372	0.817809314411353
SPT35365	SPT35373	0.811812912252648
SPT35365	SPT35587	0.825715955581531
SPT35365	SPT35303	0.813837677474041
SPT35365	SPT35356	0.818181818181818
SPT35365	SPT35448	0.818690181739972
SPT35365	SPT35364	0.808714771137318
SPT35365	SPT35366	0.817036592681464
SPT35365	SPT35524	0.806264385069549
SPT35365	SPT35321	0.813425370148059
SPT35365	SPT35374	0.814811113332001
SPT35365	SPT35318	0.820153953813856
SPT35365	SPT35453	0.813689752936412
SPT35365	SPT35509	0.812764670296431
SPT35365	SPT35450	0.815950920245399
SPT35365	SPT35525	0.821099524147008
SPT35365	SPT35510	0.810633409911388
SPT35365	SPT35340	0.812812312612433
SPT35365	SPT35583	0.806361272254451
SPT35365	SPT35584	0.813453186546813
SPT35365	SPT35585	0.830698623151453
SPT35365	SPT35458	0.821875312718903
SPT35365	SPT35500	0.819773841689182
SPT35365	SPT35322	0.824223043869291
SPT35365	SPT35377	0.813367968828055
SPT35365	SPT35511	0.822211055276382
SPT35365	SPT35323	0.817809314411353
SPT35365	SPT35461	0.80924277283185
SPT35365	SPT35462	0.821399919775371
SPT35365	SPT35463	0.8167
SPT35365	SPT35341	0.82743451309738
SPT35365	SPT35368	0.829253671695474
SPT35365	SPT35378	0.820761314816665
SPT35365	SPT35552	0.814197134915544
SPT35365	SPT35551	0.811776649746193
SPT35365	SPT35459	0.813425370148059
SPT35365	SPT35474	0.827333801263411
SPT35365	SPT35514	0.81973656256639
SPT35365	SPT35519	0.803850906095552
SPT35365	SPT35526	0.821586345381526
SPT35365	SPT35501	0.811553505164978
SPT35365	SPT35681	0.807233744113816
SPT35365	SPT35467	0.821725623810001
SPT35365	SPT35469	0.817243107769424
SPT35365	SPT35470	0.827451764470659
SPT35365	SPT35468	0.817607540358969
SPT35365	SPT35471	0.817890413703296
SPT35365	SPT35379	0.822884654783856
SPT35365	SPT35472	0.812837432513497
SPT35365	SPT35529	0.820474181233675
SPT35365	SPT35517	0.814640496695374
SPT35365	SPT35516	0.817953609800181
SPT35365	SPT35360	0.828751374587624
SPT35365	SPT35515	0.812976333734456
SPT35365	SPT35518	0.808319168083192
SPT35365	SPT35475	0.821310655327664
SPT35365	SPT35520	0.804484933426769
SPT35365	SPT35324	0.811811811811812
SPT35365	SPT35476	0.818656491615624
SPT35365	SPT35485	0.81630194740012
SPT35365	SPT35389	0.813068238585273
SPT35365	SPT35487	0.816318368163184
SPT35365	SPT35369	0.810170846238385
SPT35365	SPT35370	0.825821924652743
SPT35365	SPT35382	0.8238
SPT35365	SPT35521	0.816265701511603
SPT35365	SPT35553	0.811016524787181
SPT35365	SPT35532	0.817482800485633
SPT35365	SPT35384	0.817164551903287
SPT35365	SPT35522	0.819327731092437
SPT35365	SPT35361	0.820971611355458
SPT35365	SPT35342	0.814310051107325
SPT35365	SPT35556	0.809249743062693
SPT35365	SPT35557	0.80680093107985
SPT35365	SPT35328	0.814037192561488
SPT35365	SPT35592	0.811019670814934
SPT35365	SPT35435	0.815839598997494
SPT35365	SPT35304	0.815652522017614
SPT35365	SPT35390	0.815273890443822
SPT35365	SPT35436	0.806275855110483
SPT35365	SPT35580	0.809538917089679
SPT35365	SPT35538	0.809309151902715
SPT35365	SPT35537	0.808708518283661
SPT35365	SPT35320	0.812914639540027
SPT35365	SPT35541	0.80947069559927
SPT35365	SPT35673	0.80701161086687
SPT35365	SPT35502	0.806910365548323
SPT35365	SPT35330	0.82035247299602
SPT35365	SPT35546	0.812099187687046
SPT35365	SPT35547	0.813056974066286
SPT35365	SPT35544	0.811881188118812
SPT35365	SPT35362	0.816746602717826
SPT35365	SPT35499	0.815768302493966
SPT35365	SPT35336	0.815839790681292
SPT35365	SPT35577	0.807036888532478
SPT35365	SPT35325	0.806969696969697
SPT35365	SPT35331	0.822042366107114
SPT35365	SPT35337	0.822471011595362
SPT35365	SPT35306	0.811186712027216
SPT35365	SPT35407	0.826108719591551
SPT35365	SPT35346	0.821260865221301
SPT35365	SPT35405	0.822569052264093
SPT35365	SPT35410	0.805619668840943
SPT35365	SPT35575	0.809623849539816
SPT35365	SPT35576	0.814555633310007
SPT35365	SPT35766	0.809165883703936
SPT35365	SPT35347	0.829065813162633
SPT35365	SPT35412	0.808989952406134
SPT35365	SPT35414	0.812436496647023
SPT35365	SPT35348	0.827517248275172
SPT35365	SPT35417	0.813321296017655
SPT35365	SPT35571	0.81294889143333
SPT35365	SPT35349	0.80967129583375
SPT35365	SPT35351	0.818574286616826
SPT35365	SPT35418	0.817762167586553
SPT35365	SPT35419	0.822001604492579
SPT35365	SPT35566	0.821388406093446
SPT35365	SPT35567	0.805605605605606
SPT35365	SPT35420	0.804481060986637
SPT35365	SPT35423	0.810505252626313
SPT35365	SPT35564	0.806817042606516
SPT35365	SPT35352	0.816065541013088
SPT35365	SPT35424	0.810150753768844
SPT35365	SPT35357	0.824270291883247
SPT35365	SPT35437	0.809990990089098
SPT35365	SPT35563	0.806435495153393
SPT35365	SPT35308	0.816418810289389
SPT35365	SPT35425	0.809939418831502
SPT35365	SPT35440	0.812166488794024
SPT35365	SPT35354	0.820271891243503
SPT35365	SPT35309	0.808331664330062
SPT35365	SPT35310	0.807874332896989
SPT35365	SPT35355	0.80996199239848
SPT35365	SPT35332	0.80599700149925
SPT35365	SPT35333	0.810451638689049
SPT35365	SPT35561	0.810308449713654
SPT35365	SPT35363	0.809514291425145
SPT35365	SPT35427	0.811107557829656
SPT35365	SPT35752	0.812700964630225
SPT35365	SPT35430	0.809714973906062
SPT35365	SPT35431	0.811933990742604
SPT35365	SPT35313	0.817644702583617
SPT35365	SPT35780	0.810548867578045
SPT35365	SPT35315	0.821793075845507
SPT35365	SPT35316	0.813476171405687
SPT35365	SPT35317	0.815936812637473
SPT35365	SPT35334	0.823641087130296
SPT35365	SPT35543	0.813230801643316
SPT35449	SPT35523	0.831527512215849
SPT35449	SPT35338	0.821023630391014
SPT35449	SPT35339	0.821581073283324
SPT35449	SPT35372	0.826405090137858
SPT35449	SPT35373	0.824925816023739
SPT35449	SPT35587	0.837018937080024
SPT35449	SPT35303	0.825283774760739
SPT35449	SPT35356	0.825824234071875
SPT35449	SPT35448	0.839227205965428
SPT35449	SPT35364	0.825985587113184
SPT35449	SPT35366	0.82471386180585
SPT35449	SPT35524	0.819213232955148
SPT35449	SPT35321	0.825649178590355
SPT35449	SPT35374	0.821023630391014
SPT35449	SPT35318	0.828883237974147
SPT35449	SPT35453	0.826356258009398
SPT35449	SPT35509	0.824555803808916
SPT35449	SPT35450	0.831020408163265
SPT35449	SPT35525	0.987834809518728
SPT35449	SPT35510	0.817222795550969
SPT35449	SPT35340	0.825773632895295
SPT35449	SPT35583	0.825100699597202
SPT35449	SPT35584	0.824712643678161
SPT35449	SPT35585	0.833977248336553
SPT35449	SPT35458	0.834446919079436
SPT35449	SPT35500	0.829764680941276
SPT35449	SPT35322	0.823230182280627
SPT35449	SPT35377	0.825704598431871
SPT35449	SPT35511	0.988630326214005
SPT35449	SPT35323	0.823953365129836
SPT35449	SPT35461	0.82225050376498
SPT35449	SPT35462	0.831880977683316
SPT35449	SPT35463	0.828207847295864
SPT35449	SPT35341	0.826409495548961
SPT35449	SPT35368	0.830684467048103
SPT35449	SPT35378	0.823903369357915
SPT35449	SPT35552	0.820969005259035
SPT35449	SPT35551	0.825867981140163
SPT35449	SPT35459	0.827922766815192
SPT35449	SPT35474	0.831546544952765
SPT35449	SPT35514	0.833964787162915
SPT35449	SPT35519	0.818024450935843
SPT35449	SPT35526	0.987793227895128
SPT35449	SPT35501	0.819889620038208
SPT35449	SPT35681	0.820148462354189
SPT35449	SPT35467	0.988025855674473
SPT35449	SPT35469	0.83474846104861
SPT35449	SPT35470	0.830896376350922
SPT35449	SPT35468	0.832749655099225
SPT35449	SPT35471	0.833121289228159
SPT35449	SPT35379	0.82552364500108
SPT35449	SPT35472	0.817189487070793
SPT35449	SPT35529	0.987152261626672
SPT35449	SPT35517	0.831513095111865
SPT35449	SPT35516	0.831688421946302
SPT35449	SPT35360	0.826427890219349
SPT35449	SPT35515	0.83474846104861
SPT35449	SPT35518	0.815772736909052
SPT35449	SPT35475	0.988024586689275
SPT35449	SPT35520	0.819666914182667
SPT35449	SPT35324	0.821614169052922
SPT35449	SPT35476	0.835210369740756
SPT35449	SPT35485	0.822960917587086
SPT35449	SPT35389	0.825704598431871
SPT35449	SPT35487	0.834199088307007
SPT35449	SPT35369	0.825598643780462
SPT35449	SPT35370	0.832150047684646
SPT35449	SPT35382	0.832202671189315
SPT35449	SPT35521	0.828303152246814
SPT35449	SPT35553	0.818750662848658
SPT35449	SPT35532	0.835437620372352
SPT35449	SPT35384	0.826658190294554
SPT35449	SPT35522	0.825561678677406
SPT35449	SPT35361	0.825686129066441
SPT35449	SPT35342	0.822817080943276
SPT35449	SPT35556	0.821242962321351
SPT35449	SPT35557	0.818996798292423
SPT35449	SPT35328	0.817044731821073
SPT35449	SPT35592	0.825514752706432
SPT35449	SPT35435	0.835526315789474
SPT35449	SPT35304	0.828683568473533
SPT35449	SPT35390	0.825492689129053
SPT35449	SPT35436	0.821329639889197
SPT35449	SPT35580	0.825233022636485
SPT35449	SPT35538	0.827753303964758
SPT35449	SPT35537	0.826965792980897
SPT35449	SPT35320	0.824715974959425
SPT35449	SPT35541	0.817413627125896
SPT35449	SPT35673	0.823176470588235
SPT35449	SPT35502	0.817718832891247
SPT35449	SPT35330	0.828690974297669
SPT35449	SPT35546	0.826203807390817
SPT35449	SPT35547	0.824034789987272
SPT35449	SPT35544	0.824722459436379
SPT35449	SPT35362	0.826340326340326
SPT35449	SPT35499	0.82493086577324
SPT35449	SPT35336	0.826873935264055
SPT35449	SPT35577	0.821762208067941
SPT35449	SPT35325	0.815581643543223
SPT35449	SPT35331	0.824962915872007
SPT35449	SPT35337	0.82566765578635
SPT35449	SPT35306	0.828828828828829
SPT35449	SPT35407	0.831142675429298
SPT35449	SPT35346	0.824645051917779
SPT35449	SPT35405	0.832757503778881
SPT35449	SPT35410	0.821960034013605
SPT35449	SPT35575	0.823635400105988
SPT35449	SPT35576	0.828404875463699
SPT35449	SPT35766	0.825671969281404
SPT35449	SPT35347	0.826603073661897
SPT35449	SPT35412	0.821887461231724
SPT35449	SPT35414	0.827708132433301
SPT35449	SPT35348	0.826953663450323
SPT35449	SPT35417	0.82791932059448
SPT35449	SPT35571	0.827205077697527
SPT35449	SPT35349	0.826870099597372
SPT35449	SPT35351	0.825293206461607
SPT35449	SPT35418	0.820757720471188
SPT35449	SPT35419	0.829864061172472
SPT35449	SPT35566	0.826471222246174
SPT35449	SPT35567	0.821845174973489
SPT35449	SPT35420	0.819022316684378
SPT35449	SPT35423	0.819415006358627
SPT35449	SPT35564	0.823747877758913
SPT35449	SPT35352	0.821254503072685
SPT35449	SPT35424	0.822409023196425
SPT35449	SPT35357	0.823086707653169
SPT35449	SPT35437	0.825773632895295
SPT35449	SPT35563	0.821360457724094
SPT35449	SPT35308	0.828869047619048
SPT35449	SPT35425	0.821362998163949
SPT35449	SPT35440	0.831245806307314
SPT35449	SPT35354	0.82983682983683
SPT35449	SPT35309	0.8228183649666
SPT35449	SPT35310	0.823429179978701
SPT35449	SPT35355	0.822420004238186
SPT35449	SPT35332	0.814732379438262
SPT35449	SPT35333	0.822083289180884
SPT35449	SPT35561	0.824553950722175
SPT35449	SPT35363	0.819713831478537
SPT35449	SPT35427	0.826845637583893
SPT35449	SPT35752	0.818887589067319
SPT35449	SPT35430	0.825496231822524
SPT35449	SPT35431	0.822714681440443
SPT35449	SPT35313	0.824140857021638
SPT35449	SPT35780	0.822686631476893
SPT35449	SPT35315	0.824607884696905
SPT35449	SPT35316	0.824583731042528
SPT35449	SPT35317	0.821564885496183
SPT35449	SPT35334	0.82536823142948
SPT35449	SPT35543	0.819815821591035
SPT35523	SPT35338	0.810327506530038
SPT35523	SPT35339	0.817571287019707
SPT35523	SPT35372	0.815120136724641
SPT35523	SPT35373	0.81754244951271
SPT35523	SPT35587	0.831203844801313
SPT35523	SPT35303	0.813489113117366
SPT35523	SPT35356	0.819827066157249
SPT35523	SPT35448	0.907413402395597
SPT35523	SPT35364	0.81000703305536
SPT35523	SPT35366	0.815641334941697
SPT35523	SPT35524	0.811664152840623
SPT35523	SPT35321	0.822193185244748
SPT35523	SPT35374	0.812619310760575
SPT35523	SPT35318	0.822695748316414
SPT35523	SPT35453	0.812017080113867
SPT35523	SPT35509	0.81915646808941
SPT35523	SPT35450	0.822147651006711
SPT35523	SPT35525	0.829657485516821
SPT35523	SPT35510	0.821260273972603
SPT35523	SPT35340	0.819551893901336
SPT35523	SPT35583	0.821306532663317
SPT35523	SPT35584	0.821884498480243
SPT35523	SPT35585	0.832685620781346
SPT35523	SPT35458	0.825558013271667
SPT35523	SPT35500	0.819004524886878
SPT35523	SPT35322	0.812518838541143
SPT35523	SPT35377	0.81958814665997
SPT35523	SPT35511	0.828421477593864
SPT35523	SPT35323	0.815514469453376
SPT35523	SPT35461	0.816673370876911
SPT35523	SPT35462	0.827690447400242
SPT35523	SPT35463	0.817871142828425
SPT35523	SPT35341	0.81875753920386
SPT35523	SPT35368	0.817880462079357
SPT35523	SPT35378	0.816574585635359
SPT35523	SPT35552	0.817733990147783
SPT35523	SPT35551	0.815116634409698
SPT35523	SPT35459	0.820376144020919
SPT35523	SPT35474	0.830479452054795
SPT35523	SPT35514	0.905537806176784
SPT35523	SPT35519	0.811957868649319
SPT35523	SPT35526	0.828948694688035
SPT35523	SPT35501	0.811820378574305
SPT35523	SPT35681	0.814248339706178
SPT35523	SPT35467	0.828939424431475
SPT35523	SPT35469	0.912934071464519
SPT35523	SPT35470	0.82825846648578
SPT35523	SPT35468	0.917413636821432
SPT35523	SPT35471	0.90139853103934
SPT35523	SPT35379	0.817041833693083
SPT35523	SPT35472	0.813932448733414
SPT35523	SPT35529	0.829265832997176
SPT35523	SPT35517	0.904345202172601
SPT35523	SPT35516	0.918681983071342
SPT35523	SPT35360	0.818273193285757
SPT35523	SPT35515	0.87361530715005
SPT35523	SPT35518	0.812141923811438
SPT35523	SPT35475	0.828525479947733
SPT35523	SPT35520	0.815802717664821
SPT35523	SPT35324	0.820569588406964
SPT35523	SPT35476	0.909045074115156
SPT35523	SPT35485	0.818548387096774
SPT35523	SPT35389	0.819286790557509
SPT35523	SPT35487	0.909922589725545
SPT35523	SPT35369	0.819286790557509
SPT35523	SPT35370	0.823369838239727
SPT35523	SPT35382	0.822139553589383
SPT35523	SPT35521	0.819929509772509
SPT35523	SPT35553	0.812173038229376
SPT35523	SPT35532	0.921982933766761
SPT35523	SPT35384	0.819286790557509
SPT35523	SPT35522	0.816400361772686
SPT35523	SPT35361	0.819150005023611
SPT35523	SPT35342	0.816221662468514
SPT35523	SPT35556	0.813421296773528
SPT35523	SPT35557	0.817130099451999
SPT35523	SPT35328	0.815559352698764
SPT35523	SPT35592	0.82788868723533
SPT35523	SPT35435	0.916784203102962
SPT35523	SPT35304	0.820824949698189
SPT35523	SPT35390	0.815778894472362
SPT35523	SPT35436	0.811809986832776
SPT35523	SPT35580	0.810478311591897
SPT35523	SPT35538	0.815601345668629
SPT35523	SPT35537	0.816274634456453
SPT35523	SPT35320	0.817446242518289
SPT35523	SPT35541	0.813816258012005
SPT35523	SPT35673	0.818654019873532
SPT35523	SPT35502	0.814557535487768
SPT35523	SPT35330	0.817922699806179
SPT35523	SPT35546	0.821795970852979
SPT35523	SPT35547	0.822204344328238
SPT35523	SPT35544	0.817278442506591
SPT35523	SPT35362	0.81374321880651
SPT35523	SPT35499	0.819466882067851
SPT35523	SPT35336	0.819183343440469
SPT35523	SPT35577	0.813752139333535
SPT35523	SPT35325	0.813602270423677
SPT35523	SPT35331	0.814848302190074
SPT35523	SPT35337	0.818812179680434
SPT35523	SPT35306	0.819396984924623
SPT35523	SPT35407	0.832293762575453
SPT35523	SPT35346	0.821597187343044
SPT35523	SPT35405	0.831068560840025
SPT35523	SPT35410	0.813974591651543
SPT35523	SPT35575	0.814159292035398
SPT35523	SPT35576	0.821378340365682
SPT35523	SPT35766	0.813101716199247
SPT35523	SPT35347	0.818099547511312
SPT35523	SPT35412	0.810129264674719
SPT35523	SPT35414	0.819618639747119
SPT35523	SPT35348	0.81875753920386
SPT35523	SPT35417	0.817687348912168
SPT35523	SPT35571	0.816823406478579
SPT35523	SPT35349	0.813360120542441
SPT35523	SPT35351	0.818652302492607
SPT35523	SPT35418	0.818365084164903
SPT35523	SPT35419	0.82592480596714
SPT35523	SPT35566	0.823728465955701
SPT35523	SPT35567	0.810419390525998
SPT35523	SPT35420	0.809446911586597
SPT35523	SPT35423	0.811783631610698
SPT35523	SPT35564	0.813632702376158
SPT35523	SPT35352	0.818884982420894
SPT35523	SPT35424	0.813887767460638
SPT35523	SPT35357	0.812361809045226
SPT35523	SPT35437	0.854944170606579
SPT35523	SPT35563	0.810427968655817
SPT35523	SPT35308	0.821641263752902
SPT35523	SPT35425	0.814315139031926
SPT35523	SPT35440	0.818172089041096
SPT35523	SPT35354	0.820502512562814
SPT35523	SPT35309	0.816691804927099
SPT35523	SPT35310	0.817023857662758
SPT35523	SPT35355	0.814259855189059
SPT35523	SPT35332	0.81209807073955
SPT35523	SPT35333	0.814546915812739
SPT35523	SPT35561	0.829246139872843
SPT35523	SPT35363	0.814610128617363
SPT35523	SPT35427	0.814391104458463
SPT35523	SPT35752	0.816126753456454
SPT35523	SPT35430	0.81204673650282
SPT35523	SPT35431	0.819330704681023
SPT35523	SPT35313	0.815492957746479
SPT35523	SPT35780	0.816077828981055
SPT35523	SPT35315	0.818200100553042
SPT35523	SPT35316	0.819434664520672
SPT35523	SPT35317	0.819077294200422
SPT35523	SPT35334	0.819770946353225
SPT35523	SPT35543	0.818518127047881
SPT35338	SPT35339	0.809419255681194
SPT35338	SPT35372	0.804497751124438
SPT35338	SPT35373	0.811288711288711
SPT35338	SPT35587	0.82137011924246
SPT35338	SPT35303	0.807032408388053
SPT35338	SPT35356	0.821753473957813
SPT35338	SPT35448	0.815248951500161
SPT35338	SPT35364	0.809010088902208
SPT35338	SPT35366	0.812812312612433
SPT35338	SPT35524	0.804941482444733
SPT35338	SPT35321	0.8075
SPT35338	SPT35374	0.813486513486513
SPT35338	SPT35318	0.815229339462376
SPT35338	SPT35453	0.807793522267206
SPT35338	SPT35509	0.809211852449103
SPT35338	SPT35450	0.811377579475739
SPT35338	SPT35525	0.817224977229025
SPT35338	SPT35510	0.802799956250684
SPT35338	SPT35340	0.807192807192807
SPT35338	SPT35583	0.800939812037592
SPT35338	SPT35584	0.810398788490661
SPT35338	SPT35585	0.822917728616577
SPT35338	SPT35458	0.814144243272982
SPT35338	SPT35500	0.811543463038912
SPT35338	SPT35322	0.817400859055039
SPT35338	SPT35377	0.807550184759812
SPT35338	SPT35511	0.818063090214989
SPT35338	SPT35323	0.812187812187812
SPT35338	SPT35461	0.801719828017198
SPT35338	SPT35462	0.818765036086608
SPT35338	SPT35463	0.81077568972411
SPT35338	SPT35341	0.813112132720368
SPT35338	SPT35368	0.808049535603715
SPT35338	SPT35378	0.810046938979327
SPT35338	SPT35552	0.810215858089335
SPT35338	SPT35551	0.814453917986196
SPT35338	SPT35459	0.8069
SPT35338	SPT35474	0.821088503558184
SPT35338	SPT35514	0.814928859630495
SPT35338	SPT35519	0.800658639497787
SPT35338	SPT35526	0.818044961862706
SPT35338	SPT35501	0.801203007518797
SPT35338	SPT35681	0.801602403605408
SPT35338	SPT35467	0.817589902834819
SPT35338	SPT35469	0.817616995690951
SPT35338	SPT35470	0.820725492155491
SPT35338	SPT35468	0.812969830610404
SPT35338	SPT35471	0.815259837789126
SPT35338	SPT35379	0.810772066352652
SPT35338	SPT35472	0.805816510093944
SPT35338	SPT35529	0.817433219521992
SPT35338	SPT35517	0.809528575718146
SPT35338	SPT35516	0.81200441634046
SPT35338	SPT35360	0.813430598580993
SPT35338	SPT35515	0.813853247794707
SPT35338	SPT35518	0.806096951524238
SPT35338	SPT35475	0.817581758175818
SPT35338	SPT35520	0.804363054137897
SPT35338	SPT35324	0.813087852711627
SPT35338	SPT35476	0.814431955038137
SPT35338	SPT35485	0.808850090307044
SPT35338	SPT35389	0.807650054928593
SPT35338	SPT35487	0.811194402798601
SPT35338	SPT35369	0.817237591131529
SPT35338	SPT35370	0.848666466886425
SPT35338	SPT35382	0.818372650939624
SPT35338	SPT35521	0.811176157530601
SPT35338	SPT35553	0.806286915607168
SPT35338	SPT35532	0.809263754045307
SPT35338	SPT35384	0.810146809148107
SPT35338	SPT35522	0.8132
SPT35338	SPT35361	0.8146482813749
SPT35338	SPT35342	0.816988881097866
SPT35338	SPT35556	0.808198068625437
SPT35338	SPT35557	0.807567786321327
SPT35338	SPT35328	0.8060163901659
SPT35338	SPT35592	0.804775280898876
SPT35338	SPT35435	0.813627254509018
SPT35338	SPT35304	0.812625050020008
SPT35338	SPT35390	0.814048760991207
SPT35338	SPT35436	0.802299778091588
SPT35338	SPT35580	0.80708245243129
SPT35338	SPT35538	0.809808236403647
SPT35338	SPT35537	0.809825673534073
SPT35338	SPT35320	0.808134394341291
SPT35338	SPT35541	0.801946077437665
SPT35338	SPT35673	0.806357078449053
SPT35338	SPT35502	0.805705705705706
SPT35338	SPT35330	0.815846311242469
SPT35338	SPT35546	0.811605043812781
SPT35338	SPT35547	0.810529476528876
SPT35338	SPT35544	0.80579680872551
SPT35338	SPT35362	0.809228925289652
SPT35338	SPT35499	0.807800562927222
SPT35338	SPT35336	0.81048184287295
SPT35338	SPT35577	0.80561122244489
SPT35338	SPT35325	0.805230210016155
SPT35338	SPT35331	0.811126648022373
SPT35338	SPT35337	0.809652278177458
SPT35338	SPT35306	0.812862572514503
SPT35338	SPT35407	0.825477834484139
SPT35338	SPT35346	0.810845900329572
SPT35338	SPT35405	0.824078825823668
SPT35338	SPT35410	0.804594242150667
SPT35338	SPT35575	0.8092
SPT35338	SPT35576	0.818626961127211
SPT35338	SPT35766	0.811854325367839
SPT35338	SPT35347	0.813555933220034
SPT35338	SPT35412	0.811079395284914
SPT35338	SPT35414	0.806520414381475
SPT35338	SPT35348	0.813993003498251
SPT35338	SPT35417	0.806978842875765
SPT35338	SPT35571	0.812695109261186
SPT35338	SPT35349	0.801657844801758
SPT35338	SPT35351	0.810019997894958
SPT35338	SPT35418	0.809007924566155
SPT35338	SPT35419	0.834101844426624
SPT35338	SPT35566	0.811139499233521
SPT35338	SPT35567	0.807884730838503
SPT35338	SPT35420	0.800944059455659
SPT35338	SPT35423	0.803980398039804
SPT35338	SPT35564	0.804790059124161
SPT35338	SPT35352	0.811445121342255
SPT35338	SPT35424	0.799075748442837
SPT35338	SPT35357	0.81724620303757
SPT35338	SPT35437	0.810067046932853
SPT35338	SPT35563	0.808310858056138
SPT35338	SPT35308	0.813077541181197
SPT35338	SPT35425	0.804885558862773
SPT35338	SPT35440	0.811073181139321
SPT35338	SPT35354	0.815147881694644
SPT35338	SPT35309	0.804304304304304
SPT35338	SPT35310	0.80463009562154
SPT35338	SPT35355	0.810737852429514
SPT35338	SPT35332	0.805674892596663
SPT35338	SPT35333	0.804035157810627
SPT35338	SPT35561	0.804860901878076
SPT35338	SPT35363	0.807692307692308
SPT35338	SPT35427	0.815924109997868
SPT35338	SPT35752	0.808356769787063
SPT35338	SPT35430	0.800662118780096
SPT35338	SPT35431	0.809796821565077
SPT35338	SPT35313	0.812512512512513
SPT35338	SPT35780	0.80870806566738
SPT35338	SPT35315	0.811762352470494
SPT35338	SPT35316	0.814651721377102
SPT35338	SPT35317	0.812712372576454
SPT35338	SPT35334	0.810427487015581
SPT35338	SPT35543	0.80709697799305
SPT35339	SPT35372	0.809272687321468
SPT35339	SPT35373	0.807312252964427
SPT35339	SPT35587	0.814641547603995
SPT35339	SPT35303	0.808024904877205
SPT35339	SPT35356	0.809581364685199
SPT35339	SPT35448	0.818694885361552
SPT35339	SPT35364	0.808760566472719
SPT35339	SPT35366	0.804679775898056
SPT35339	SPT35524	0.802131399692375
SPT35339	SPT35321	0.808456891817683
SPT35339	SPT35374	0.805467120430344
SPT35339	SPT35318	0.80494233937397
SPT35339	SPT35453	0.808234380201975
SPT35339	SPT35509	0.804918394353772
SPT35339	SPT35450	0.814585608542653
SPT35339	SPT35525	0.820925330078775
SPT35339	SPT35510	0.804050029779631
SPT35339	SPT35340	0.805268935236004
SPT35339	SPT35583	0.804588868152377
SPT35339	SPT35584	0.805923961096375
SPT35339	SPT35585	0.820095800378746
SPT35339	SPT35458	0.819439868204283
SPT35339	SPT35500	0.807578253706755
SPT35339	SPT35322	0.810496267018006
SPT35339	SPT35377	0.805378704720088
SPT35339	SPT35511	0.820055096418733
SPT35339	SPT35323	0.810475458438564
SPT35339	SPT35461	0.807185234014502
SPT35339	SPT35462	0.815259275569746
SPT35339	SPT35463	0.807620511694301
SPT35339	SPT35341	0.810831593980007
SPT35339	SPT35368	0.807244785949506
SPT35339	SPT35378	0.806805708013172
SPT35339	SPT35552	0.799373404502205
SPT35339	SPT35551	0.803309640159929
SPT35339	SPT35459	0.811737553577316
SPT35339	SPT35474	0.815320272947392
SPT35339	SPT35514	0.821201249855341
SPT35339	SPT35519	0.807159743329956
SPT35339	SPT35526	0.820332269776653
SPT35339	SPT35501	0.79824079164376
SPT35339	SPT35681	0.806199846103111
SPT35339	SPT35467	0.820380345168737
SPT35339	SPT35469	0.816972628339013
SPT35339	SPT35470	0.814428461622927
SPT35339	SPT35468	0.818191816981962
SPT35339	SPT35471	0.812925917784128
SPT35339	SPT35379	0.806224112840031
SPT35339	SPT35472	0.805470123022847
SPT35339	SPT35529	0.82078379568472
SPT35339	SPT35517	0.814428461622927
SPT35339	SPT35516	0.81610206775187
SPT35339	SPT35360	0.817003514938489
SPT35339	SPT35515	0.810843505993621
SPT35339	SPT35518	0.807029104887425
SPT35339	SPT35475	0.820087815587267
SPT35339	SPT35520	0.800880088008801
SPT35339	SPT35324	0.806884416584186
SPT35339	SPT35476	0.821271447426309
SPT35339	SPT35485	0.804776053703092
SPT35339	SPT35389	0.805159165751921
SPT35339	SPT35487	0.816344463971881
SPT35339	SPT35369	0.813721185510428
SPT35339	SPT35370	0.811065978702382
SPT35339	SPT35382	0.810240632897484
SPT35339	SPT35521	0.805346603402384
SPT35339	SPT35553	0.801978021978022
SPT35339	SPT35532	0.814794277475879
SPT35339	SPT35384	0.808232711306257
SPT35339	SPT35522	0.809068950373298
SPT35339	SPT35361	0.813282107574094
SPT35339	SPT35342	0.80363436123348
SPT35339	SPT35556	0.809974107846448
SPT35339	SPT35557	0.805481874447392
SPT35339	SPT35328	0.802526084568918
SPT35339	SPT35592	0.806362835755174
SPT35339	SPT35435	0.818131807679613
SPT35339	SPT35304	0.812575574365175
SPT35339	SPT35390	0.811422295442065
SPT35339	SPT35436	0.810487885828078
SPT35339	SPT35580	0.809156792821811
SPT35339	SPT35538	0.807498856881573
SPT35339	SPT35537	0.806853582554517
SPT35339	SPT35320	0.806822262118492
SPT35339	SPT35541	0.807939676203149
SPT35339	SPT35673	0.800097751710655
SPT35339	SPT35502	0.803168665419738
SPT35339	SPT35330	0.813861873691986
SPT35339	SPT35546	0.805713622111253
SPT35339	SPT35547	0.805909490333919
SPT35339	SPT35544	0.808079690094079
SPT35339	SPT35362	0.806256860592755
SPT35339	SPT35499	0.805996472663139
SPT35339	SPT35336	0.809308481305834
SPT35339	SPT35577	0.801649257833975
SPT35339	SPT35325	0.804576102575439
SPT35339	SPT35331	0.804939626783754
SPT35339	SPT35337	0.806214317083882
SPT35339	SPT35306	0.809926430218513
SPT35339	SPT35407	0.816573249807671
SPT35339	SPT35346	0.816245883644347
SPT35339	SPT35405	0.816612487389306
SPT35339	SPT35410	0.803746556473829
SPT35339	SPT35575	0.803251675271888
SPT35339	SPT35576	0.811086717892426
SPT35339	SPT35766	0.807425122423414
SPT35339	SPT35347	0.81716294912647
SPT35339	SPT35412	0.804987876688604
SPT35339	SPT35414	0.807576935896012
SPT35339	SPT35348	0.810831593980007
SPT35339	SPT35417	0.807582417582418
SPT35339	SPT35571	0.80437756497948
SPT35339	SPT35349	0.801646542261251
SPT35339	SPT35351	0.806395950764983
SPT35339	SPT35418	0.806955756108299
SPT35339	SPT35419	0.81594011448701
SPT35339	SPT35566	0.808289576583622
SPT35339	SPT35567	0.805296121305351
SPT35339	SPT35420	0.805136118152761
SPT35339	SPT35423	0.80068124381936
SPT35339	SPT35564	0.80666446717255
SPT35339	SPT35352	0.809110867178924
SPT35339	SPT35424	0.802425578831312
SPT35339	SPT35357	0.810543657331137
SPT35339	SPT35437	0.807164047906823
SPT35339	SPT35563	0.804808431221869
SPT35339	SPT35308	0.812389770723104
SPT35339	SPT35425	0.810762331838565
SPT35339	SPT35440	0.807920792079208
SPT35339	SPT35354	0.805930807248764
SPT35339	SPT35309	0.808917197452229
SPT35339	SPT35310	0.809823399558499
SPT35339	SPT35355	0.825475326959006
SPT35339	SPT35332	0.805094981882069
SPT35339	SPT35333	0.803402854006586
SPT35339	SPT35561	0.807692307692308
SPT35339	SPT35363	0.802481335090031
SPT35339	SPT35427	0.809368824828548
SPT35339	SPT35752	0.80457998458659
SPT35339	SPT35430	0.800967670991863
SPT35339	SPT35431	0.812520702219278
SPT35339	SPT35313	0.811339413251291
SPT35339	SPT35780	0.806127012522361
SPT35339	SPT35315	0.804350214215094
SPT35339	SPT35316	0.80885908990987
SPT35339	SPT35317	0.803822495606327
SPT35339	SPT35334	0.805708013172338
SPT35339	SPT35543	0.804962095106823
SPT35372	SPT35373	0.81075677296811
SPT35372	SPT35587	0.844184687317358
SPT35372	SPT35303	0.807949125596184
SPT35372	SPT35356	0.813925570228091
SPT35372	SPT35448	0.820567986230637
SPT35372	SPT35364	0.812056383085074
SPT35372	SPT35366	0.807980798079808
SPT35372	SPT35524	0.804604604604605
SPT35372	SPT35321	0.810667467227059
SPT35372	SPT35374	0.810056982905129
SPT35372	SPT35318	0.8151
SPT35372	SPT35453	0.813227995543401
SPT35372	SPT35509	0.8059505799294
SPT35372	SPT35450	0.818181818181818
SPT35372	SPT35525	0.823070690702856
SPT35372	SPT35510	0.808007876599934
SPT35372	SPT35340	0.811056682995101
SPT35372	SPT35583	0.803901950975488
SPT35372	SPT35584	0.813800767831885
SPT35372	SPT35585	0.847276066108957
SPT35372	SPT35458	0.819219219219219
SPT35372	SPT35500	0.809009009009009
SPT35372	SPT35322	0.809976009596162
SPT35372	SPT35377	0.811613032180692
SPT35372	SPT35511	0.823665426761838
SPT35372	SPT35323	0.816155153453964
SPT35372	SPT35461	0.808385031018611
SPT35372	SPT35462	0.83569064098706
SPT35372	SPT35463	0.812343703110933
SPT35372	SPT35341	0.823882388238824
SPT35372	SPT35368	0.805516689986008
SPT35372	SPT35378	0.815710573655807
SPT35372	SPT35552	0.8055822906641
SPT35372	SPT35551	0.808977353508683
SPT35372	SPT35459	0.812869008305814
SPT35372	SPT35474	0.837913741223671
SPT35372	SPT35514	0.821910530230581
SPT35372	SPT35519	0.805026264290864
SPT35372	SPT35526	0.822737772421412
SPT35372	SPT35501	0.799056982343499
SPT35372	SPT35681	0.809280416917218
SPT35372	SPT35467	0.822574178027265
SPT35372	SPT35469	0.817589249899719
SPT35372	SPT35470	0.8415
SPT35372	SPT35468	0.816850551654965
SPT35372	SPT35471	0.817835671342685
SPT35372	SPT35379	0.816886976124603
SPT35372	SPT35472	0.812181218121812
SPT35372	SPT35529	0.82222892171641
SPT35372	SPT35517	0.813583091255134
SPT35372	SPT35516	0.817798312575331
SPT35372	SPT35360	0.8263
SPT35372	SPT35515	0.816631557829271
SPT35372	SPT35518	0.80496099219844
SPT35372	SPT35475	0.822758206565252
SPT35372	SPT35520	0.813338674143801
SPT35372	SPT35324	0.811655151697206
SPT35372	SPT35476	0.822217758135798
SPT35372	SPT35485	0.812430966964555
SPT35372	SPT35389	0.811313212072756
SPT35372	SPT35487	0.815863172634527
SPT35372	SPT35369	0.813212072756346
SPT35372	SPT35370	0.819672131147541
SPT35372	SPT35382	0.814544363308993
SPT35372	SPT35521	0.814929187519966
SPT35372	SPT35553	0.807052694850731
SPT35372	SPT35532	0.816415342576662
SPT35372	SPT35384	0.812212672396562
SPT35372	SPT35522	0.82087461222856
SPT35372	SPT35361	0.80971902809719
SPT35372	SPT35342	0.810445068163593
SPT35372	SPT35556	0.811761077413385
SPT35372	SPT35557	0.807976515841684
SPT35372	SPT35328	0.810881088108811
SPT35372	SPT35592	0.812067061540006
SPT35372	SPT35435	0.819294023265142
SPT35372	SPT35304	0.815396936630293
SPT35372	SPT35390	0.821417858214179
SPT35372	SPT35436	0.809144125958821
SPT35372	SPT35580	0.808526393737438
SPT35372	SPT35538	0.805264261744966
SPT35372	SPT35537	0.805053388307432
SPT35372	SPT35320	0.813516203959739
SPT35372	SPT35541	0.806876965209453
SPT35372	SPT35673	0.804622322435175
SPT35372	SPT35502	0.807854137447405
SPT35372	SPT35330	0.819194905617466
SPT35372	SPT35546	0.811417575368826
SPT35372	SPT35547	0.813100961538462
SPT35372	SPT35544	0.8088933804952
SPT35372	SPT35362	0.811594202898551
SPT35372	SPT35499	0.806558696308219
SPT35372	SPT35336	0.810851620696598
SPT35372	SPT35577	0.806878572144791
SPT35372	SPT35325	0.80519349297767
SPT35372	SPT35331	0.816991504247876
SPT35372	SPT35337	0.816318368163184
SPT35372	SPT35306	0.81203082774497
SPT35372	SPT35407	0.840877228119367
SPT35372	SPT35346	0.821307215670598
SPT35372	SPT35405	0.839667214461791
SPT35372	SPT35410	0.805661513752259
SPT35372	SPT35575	0.803662563794656
SPT35372	SPT35576	0.8304
SPT35372	SPT35766	0.81046365914787
SPT35372	SPT35347	0.826613306653327
SPT35372	SPT35412	0.809881506559458
SPT35372	SPT35414	0.813090761256225
SPT35372	SPT35348	0.822864572914583
SPT35372	SPT35417	0.814770218743729
SPT35372	SPT35571	0.81143273635985
SPT35372	SPT35349	0.811413152108735
SPT35372	SPT35351	0.811881188118812
SPT35372	SPT35418	0.811684400722746
SPT35372	SPT35419	0.8344869094192
SPT35372	SPT35566	0.822867662098589
SPT35372	SPT35567	0.807149294082307
SPT35372	SPT35420	0.805226130653266
SPT35372	SPT35423	0.805744595676541
SPT35372	SPT35564	0.808664259927798
SPT35372	SPT35352	0.813212072756346
SPT35372	SPT35424	0.807580174927114
SPT35372	SPT35357	0.80981901809819
SPT35372	SPT35437	0.808031243741238
SPT35372	SPT35563	0.807776889244302
SPT35372	SPT35308	0.815961403156096
SPT35372	SPT35425	0.810599835661463
SPT35372	SPT35440	0.814775274901249
SPT35372	SPT35354	0.817018298170183
SPT35372	SPT35309	0.808073725333066
SPT35372	SPT35310	0.808319903303787
SPT35372	SPT35355	0.815607803901951
SPT35372	SPT35332	0.805938812237552
SPT35372	SPT35333	0.811694152923538
SPT35372	SPT35561	0.810552763819095
SPT35372	SPT35363	0.80555833250025
SPT35372	SPT35427	0.81183368869936
SPT35372	SPT35752	0.811337822896774
SPT35372	SPT35430	0.809055315731352
SPT35372	SPT35431	0.809964771011575
SPT35372	SPT35313	0.815185815887008
SPT35372	SPT35780	0.807429329523421
SPT35372	SPT35315	0.814432989690722
SPT35372	SPT35316	0.816124186279419
SPT35372	SPT35317	0.818281828182818
SPT35372	SPT35334	0.815592203898051
SPT35372	SPT35543	0.812328767123288
SPT35373	SPT35587	0.823219922834093
SPT35373	SPT35303	0.811566571337782
SPT35373	SPT35356	0.808219178082192
SPT35373	SPT35448	0.819677419354839
SPT35373	SPT35364	0.813249400479616
SPT35373	SPT35366	0.81047580967613
SPT35373	SPT35524	0.8024012006003
SPT35373	SPT35321	0.812362472494499
SPT35373	SPT35374	0.807553956834532
SPT35373	SPT35318	0.810694652673663
SPT35373	SPT35453	0.811601538773031
SPT35373	SPT35509	0.806773510734805
SPT35373	SPT35450	0.814145470771977
SPT35373	SPT35525	0.823684210526316
SPT35373	SPT35510	0.810325968059506
SPT35373	SPT35340	0.810651478816946
SPT35373	SPT35583	0.8023
SPT35373	SPT35584	0.813692820357467
SPT35373	SPT35585	0.823493423065157
SPT35373	SPT35458	0.818309154577289
SPT35373	SPT35500	0.80952380952381
SPT35373	SPT35322	0.815266260365671
SPT35373	SPT35377	0.811007891319549
SPT35373	SPT35511	0.822950160771704
SPT35373	SPT35323	0.812450039968026
SPT35373	SPT35461	0.804380438043804
SPT35373	SPT35462	0.818446115288221
SPT35373	SPT35463	0.813237352529494
SPT35373	SPT35341	0.81577369052379
SPT35373	SPT35368	0.809509539506543
SPT35373	SPT35378	0.812206572769953
SPT35373	SPT35552	0.806989419685797
SPT35373	SPT35551	0.808851893208811
SPT35373	SPT35459	0.808361672334467
SPT35373	SPT35474	0.817744360902256
SPT35373	SPT35514	0.825422108951895
SPT35373	SPT35519	0.808955223880597
SPT35373	SPT35526	0.823647495734217
SPT35373	SPT35501	0.803469367291688
SPT35373	SPT35681	0.805889423076923
SPT35373	SPT35467	0.823181727108796
SPT35373	SPT35469	0.821589656209281
SPT35373	SPT35470	0.815592203898051
SPT35373	SPT35468	0.820952380952381
SPT35373	SPT35471	0.819447226116563
SPT35373	SPT35379	0.810547875064004
SPT35373	SPT35472	0.802479008396641
SPT35373	SPT35529	0.823523503415026
SPT35373	SPT35517	0.818281938325991
SPT35373	SPT35516	0.820198775223371
SPT35373	SPT35360	0.813793103448276
SPT35373	SPT35515	0.817726087828354
SPT35373	SPT35518	0.806957912626212
SPT35373	SPT35475	0.823947184155247
SPT35373	SPT35520	0.804624161745571
SPT35373	SPT35324	0.812049639711769
SPT35373	SPT35476	0.822023690022084
SPT35373	SPT35485	0.805619668840943
SPT35373	SPT35389	0.811107781440416
SPT35373	SPT35487	0.819554133759872
SPT35373	SPT35369	0.817101188692438
SPT35373	SPT35370	0.814167249475472
SPT35373	SPT35382	0.811737652469506
SPT35373	SPT35521	0.807663650878127
SPT35373	SPT35553	0.805747471713227
SPT35373	SPT35532	0.817740467280267
SPT35373	SPT35384	0.814204375187294
SPT35373	SPT35522	0.809861972394479
SPT35373	SPT35361	0.810913451928843
SPT35373	SPT35342	0.799619276625589
SPT35373	SPT35556	0.810560920484898
SPT35373	SPT35557	0.814428817160781
SPT35373	SPT35328	0.810075969612155
SPT35373	SPT35592	0.806561653456406
SPT35373	SPT35435	0.81978550666533
SPT35373	SPT35304	0.812787672603562
SPT35373	SPT35390	0.808814711173296
SPT35373	SPT35436	0.805911429436094
SPT35373	SPT35580	0.807887502643265
SPT35373	SPT35538	0.809074714450382
SPT35373	SPT35537	0.807692307692308
SPT35373	SPT35320	0.806255526083112
SPT35373	SPT35541	0.804865686771414
SPT35373	SPT35673	0.806582506762849
SPT35373	SPT35502	0.805447081205567
SPT35373	SPT35330	0.814823235193816
SPT35373	SPT35546	0.81372234690606
SPT35373	SPT35547	0.812894183601962
SPT35373	SPT35544	0.803838383838384
SPT35373	SPT35362	0.817082917082917
SPT35373	SPT35499	0.809973858837724
SPT35373	SPT35336	0.813782696177062
SPT35373	SPT35577	0.80739553061429
SPT35373	SPT35325	0.807936988791275
SPT35373	SPT35331	0.808491508491509
SPT35373	SPT35337	0.812612432540476
SPT35373	SPT35306	0.813143943182955
SPT35373	SPT35407	0.820856685348279
SPT35373	SPT35346	0.814703825791629
SPT35373	SPT35405	0.821373575608254
SPT35373	SPT35410	0.808286516853933
SPT35373	SPT35575	0.807261452290458
SPT35373	SPT35576	0.815592203898051
SPT35373	SPT35766	0.807993321506835
SPT35373	SPT35347	0.8141
SPT35373	SPT35412	0.813788727926404
SPT35373	SPT35414	0.807598537180008
SPT35373	SPT35348	0.810656802959112
SPT35373	SPT35417	0.808544779861599
SPT35373	SPT35571	0.811719400499584
SPT35373	SPT35349	0.803116571771052
SPT35373	SPT35351	0.814440585201558
SPT35373	SPT35418	0.814989465235276
SPT35373	SPT35419	0.816723481050732
SPT35373	SPT35566	0.813062142273099
SPT35373	SPT35567	0.804262984088862
SPT35373	SPT35420	0.801526717557252
SPT35373	SPT35423	0.803941182354706
SPT35373	SPT35564	0.804750927132404
SPT35373	SPT35352	0.813105583857756
SPT35373	SPT35424	0.802351286173633
SPT35373	SPT35357	0.815110933439936
SPT35373	SPT35437	0.81044835868695
SPT35373	SPT35563	0.804276151463683
SPT35373	SPT35308	0.813240908177617
SPT35373	SPT35425	0.811845616916444
SPT35373	SPT35440	0.810712761416987
SPT35373	SPT35354	0.809714171497102
SPT35373	SPT35309	0.809171005206248
SPT35373	SPT35310	0.810429880197322
SPT35373	SPT35355	0.8073
SPT35373	SPT35332	0.807634655740981
SPT35373	SPT35333	0.80989010989011
SPT35373	SPT35561	0.809863398955404
SPT35373	SPT35363	0.809252597921663
SPT35373	SPT35427	0.808122801407099
SPT35373	SPT35752	0.80239099859353
SPT35373	SPT35430	0.809772248419785
SPT35373	SPT35431	0.812795493411126
SPT35373	SPT35313	0.81257509010813
SPT35373	SPT35780	0.810402855685875
SPT35373	SPT35315	0.808623449379752
SPT35373	SPT35316	0.81041041041041
SPT35373	SPT35317	0.813574570171931
SPT35373	SPT35334	0.815084915084915
SPT35373	SPT35543	0.809393428812131
SPT35587	SPT35303	0.823933300637567
SPT35587	SPT35356	0.823309150479757
SPT35587	SPT35448	0.835723114956737
SPT35587	SPT35364	0.8282473985736
SPT35587	SPT35366	0.822318399812844
SPT35587	SPT35524	0.817682142439481
SPT35587	SPT35321	0.828791954157408
SPT35587	SPT35374	0.825461772270283
SPT35587	SPT35318	0.831461988304094
SPT35587	SPT35453	0.824062095730918
SPT35587	SPT35509	0.819599109131403
SPT35587	SPT35450	0.831808943089431
SPT35587	SPT35525	0.83598444680099
SPT35587	SPT35510	0.825059397273978
SPT35587	SPT35340	0.822793687901812
SPT35587	SPT35583	0.816417212347989
SPT35587	SPT35584	0.82521186440678
SPT35587	SPT35585	0.977084809827546
SPT35587	SPT35458	0.830682881197381
SPT35587	SPT35500	0.82103169961399
SPT35587	SPT35322	0.831053431544487
SPT35587	SPT35377	0.823261250730567
SPT35587	SPT35511	0.834798921327237
SPT35587	SPT35323	0.832553788587465
SPT35587	SPT35461	0.819138979878334
SPT35587	SPT35462	0.913201358791144
SPT35587	SPT35463	0.82600561272217
SPT35587	SPT35341	0.841852848286349
SPT35587	SPT35368	0.822793687901812
SPT35587	SPT35378	0.824780829924021
SPT35587	SPT35552	0.823472120769418
SPT35587	SPT35551	0.82429092620925
SPT35587	SPT35459	0.824169396350023
SPT35587	SPT35474	0.910486233157586
SPT35587	SPT35514	0.837389380530973
SPT35587	SPT35519	0.817402690155934
SPT35587	SPT35526	0.834426229508197
SPT35587	SPT35501	0.816128277153558
SPT35587	SPT35681	0.821884142773552
SPT35587	SPT35467	0.834621691262591
SPT35587	SPT35469	0.832650672908133
SPT35587	SPT35470	0.920944918722956
SPT35587	SPT35468	0.830776437521958
SPT35587	SPT35471	0.832845604588552
SPT35587	SPT35379	0.834243647589646
SPT35587	SPT35472	0.822731524789523
SPT35587	SPT35529	0.835110746513536
SPT35587	SPT35517	0.832280701754386
SPT35587	SPT35516	0.832884412694695
SPT35587	SPT35360	0.862690058479532
SPT35587	SPT35515	0.832611494791057
SPT35587	SPT35518	0.815066089601123
SPT35587	SPT35475	0.834307764265669
SPT35587	SPT35520	0.817873038182244
SPT35587	SPT35324	0.824197704380417
SPT35587	SPT35476	0.834952592766007
SPT35587	SPT35485	0.82112296331028
SPT35587	SPT35389	0.823261250730567
SPT35587	SPT35487	0.829259735703426
SPT35587	SPT35369	0.835300993571011
SPT35587	SPT35370	0.842665108123904
SPT35587	SPT35382	0.82775567516967
SPT35587	SPT35521	0.824197289708216
SPT35587	SPT35553	0.822744822744823
SPT35587	SPT35532	0.834980004704775
SPT35587	SPT35384	0.82676797194623
SPT35587	SPT35522	0.85710944808232
SPT35587	SPT35361	0.827195136209517
SPT35587	SPT35342	0.825219941348974
SPT35587	SPT35556	0.821658327376698
SPT35587	SPT35557	0.822154352167274
SPT35587	SPT35328	0.821733536086092
SPT35587	SPT35592	0.822454002109457
SPT35587	SPT35435	0.834796862194122
SPT35587	SPT35304	0.829313977991103
SPT35587	SPT35390	0.851929824561404
SPT35587	SPT35436	0.820772491756948
SPT35587	SPT35580	0.822087378640777
SPT35587	SPT35538	0.818565910188315
SPT35587	SPT35537	0.815799097891015
SPT35587	SPT35320	0.845783742719676
SPT35587	SPT35541	0.819473807845901
SPT35587	SPT35673	0.818939005638134
SPT35587	SPT35502	0.819662526365128
SPT35587	SPT35330	0.838084081738904
SPT35587	SPT35546	0.827029012118986
SPT35587	SPT35547	0.824622939319537
SPT35587	SPT35544	0.826010338345865
SPT35587	SPT35362	0.820455873758036
SPT35587	SPT35499	0.820305164319249
SPT35587	SPT35336	0.827452819130231
SPT35587	SPT35577	0.826488826488826
SPT35587	SPT35325	0.813967136150235
SPT35587	SPT35331	0.834833430742256
SPT35587	SPT35337	0.844696526722021
SPT35587	SPT35306	0.820797754123289
SPT35587	SPT35407	0.94313128949216
SPT35587	SPT35346	0.832144944476914
SPT35587	SPT35405	0.933143332145826
SPT35587	SPT35410	0.826995305164319
SPT35587	SPT35575	0.816331305568554
SPT35587	SPT35576	0.912555529576806
SPT35587	SPT35766	0.823735361583967
SPT35587	SPT35347	0.862907942449409
SPT35587	SPT35412	0.822627737226277
SPT35587	SPT35414	0.832233741753063
SPT35587	SPT35348	0.83011583011583
SPT35587	SPT35417	0.832104832104832
SPT35587	SPT35571	0.825398743354277
SPT35587	SPT35349	0.819871420222092
SPT35587	SPT35351	0.826744753538311
SPT35587	SPT35418	0.828394049431885
SPT35587	SPT35419	0.910082063305979
SPT35587	SPT35566	0.868641567331524
SPT35587	SPT35567	0.820275958840037
SPT35587	SPT35420	0.812705110173465
SPT35587	SPT35423	0.820968874327171
SPT35587	SPT35564	0.821670957172946
SPT35587	SPT35352	0.830859146697838
SPT35587	SPT35424	0.81521866572869
SPT35587	SPT35357	0.83089697111449
SPT35587	SPT35437	0.824224692802809
SPT35587	SPT35563	0.820455873758036
SPT35587	SPT35308	0.829345531315975
SPT35587	SPT35425	0.82376660341556
SPT35587	SPT35440	0.826151012891344
SPT35587	SPT35354	0.831461988304094
SPT35587	SPT35309	0.822635332631825
SPT35587	SPT35310	0.822633552014995
SPT35587	SPT35355	0.824204119850187
SPT35587	SPT35332	0.813749561557348
SPT35587	SPT35333	0.822539162964695
SPT35587	SPT35561	0.826352223395518
SPT35587	SPT35363	0.821136310498013
SPT35587	SPT35427	0.824047998040896
SPT35587	SPT35752	0.818980667838313
SPT35587	SPT35430	0.823288472791106
SPT35587	SPT35431	0.822576859892044
SPT35587	SPT35313	0.832884727911059
SPT35587	SPT35780	0.821293225959261
SPT35587	SPT35315	0.825222274216191
SPT35587	SPT35316	0.825725655430712
SPT35587	SPT35317	0.840683120832846
SPT35587	SPT35334	0.84021040327294
SPT35587	SPT35543	0.822902796271638
SPT35303	SPT35356	0.815242739029044
SPT35303	SPT35448	0.818735204599256
SPT35303	SPT35364	0.921732683753442
SPT35303	SPT35366	0.815811784654515
SPT35303	SPT35524	0.805829358770535
SPT35303	SPT35321	0.811022787493376
SPT35303	SPT35374	0.811182886794451
SPT35303	SPT35318	0.815532951896588
SPT35303	SPT35453	0.806141007809993
SPT35303	SPT35509	0.807901181982749
SPT35303	SPT35450	0.826893895179176
SPT35303	SPT35525	0.824775353016688
SPT35303	SPT35510	0.809977064220183
SPT35303	SPT35340	0.819337075082071
SPT35303	SPT35583	0.803516576633831
SPT35303	SPT35584	0.808155009049292
SPT35303	SPT35585	0.822835068140358
SPT35303	SPT35458	0.815560737757049
SPT35303	SPT35500	0.811506675143039
SPT35303	SPT35322	0.814638279843237
SPT35303	SPT35377	0.819442973631261
SPT35303	SPT35511	0.824029771398192
SPT35303	SPT35323	0.813704723575514
SPT35303	SPT35461	0.807545570156846
SPT35303	SPT35462	0.815719596388741
SPT35303	SPT35463	0.813963343574531
SPT35303	SPT35341	0.8113807354032
SPT35303	SPT35368	0.817748596844223
SPT35303	SPT35378	0.811182886794451
SPT35303	SPT35552	0.818426663674111
SPT35303	SPT35551	0.808891269416176
SPT35303	SPT35459	0.81299692568642
SPT35303	SPT35474	0.817699490662139
SPT35303	SPT35514	0.817745535714286
SPT35303	SPT35519	0.810866500379568
SPT35303	SPT35526	0.823673036093418
SPT35303	SPT35501	0.807977933375769
SPT35303	SPT35681	0.8065063049698
SPT35303	SPT35467	0.823666631322235
SPT35303	SPT35469	0.81503871036165
SPT35303	SPT35470	0.817960393942603
SPT35303	SPT35468	0.816426146010187
SPT35303	SPT35471	0.81592620082706
SPT35303	SPT35379	0.818064098413726
SPT35303	SPT35472	0.804872881355932
SPT35303	SPT35529	0.824354478801403
SPT35303	SPT35517	0.816071239266405
SPT35303	SPT35516	0.81632869731394
SPT35303	SPT35360	0.810321076613331
SPT35303	SPT35515	0.817969661610268
SPT35303	SPT35518	0.809473349581435
SPT35303	SPT35475	0.823622881355932
SPT35303	SPT35520	0.802607866002332
SPT35303	SPT35324	0.822288198494327
SPT35303	SPT35476	0.815758734204099
SPT35303	SPT35485	0.808112987150897
SPT35303	SPT35389	0.819442973631261
SPT35303	SPT35487	0.81837448341634
SPT35303	SPT35369	0.810759292597691
SPT35303	SPT35370	0.812857445456471
SPT35303	SPT35382	0.817362730549078
SPT35303	SPT35521	0.812751228226887
SPT35303	SPT35553	0.807525172231055
SPT35303	SPT35532	0.813376136971643
SPT35303	SPT35384	0.814783437466907
SPT35303	SPT35522	0.813473149030823
SPT35303	SPT35361	0.813704723575514
SPT35303	SPT35342	0.812347512464199
SPT35303	SPT35556	0.801733477789816
SPT35303	SPT35557	0.808074335148991
SPT35303	SPT35328	0.809387582114855
SPT35303	SPT35592	0.80825990020172
SPT35303	SPT35435	0.815982171283031
SPT35303	SPT35304	0.822693531283139
SPT35303	SPT35390	0.810129264674719
SPT35303	SPT35436	0.808787458675483
SPT35303	SPT35580	0.811465392734141
SPT35303	SPT35538	0.811640444493344
SPT35303	SPT35537	0.809027392702673
SPT35303	SPT35320	0.816305230198307
SPT35303	SPT35541	0.803080543373623
SPT35303	SPT35673	0.808986120912726
SPT35303	SPT35502	0.802674875278633
SPT35303	SPT35330	0.819480828768754
SPT35303	SPT35546	0.808734602463606
SPT35303	SPT35547	0.807545570156846
SPT35303	SPT35544	0.807856532877882
SPT35303	SPT35362	0.809382611458223
SPT35303	SPT35499	0.809635222801234
SPT35303	SPT35336	0.816296138708648
SPT35303	SPT35577	0.804541595925297
SPT35303	SPT35325	0.805742341765396
SPT35303	SPT35331	0.816266017155565
SPT35303	SPT35337	0.808772115690221
SPT35303	SPT35306	0.815081550518958
SPT35303	SPT35407	0.822488342518016
SPT35303	SPT35346	0.809912104204172
SPT35303	SPT35405	0.822754749568221
SPT35303	SPT35410	0.804901336728199
SPT35303	SPT35575	0.808691043985162
SPT35303	SPT35576	0.814446091929676
SPT35303	SPT35766	0.810881965774462
SPT35303	SPT35347	0.810174880763116
SPT35303	SPT35412	0.809724689165186
SPT35303	SPT35414	0.812406095728697
SPT35303	SPT35348	0.817806041335453
SPT35303	SPT35417	0.812645873116911
SPT35303	SPT35571	0.810036235862523
SPT35303	SPT35349	0.804087683998729
SPT35303	SPT35351	0.817889246476529
SPT35303	SPT35418	0.814158352791339
SPT35303	SPT35419	0.813077168028872
SPT35303	SPT35566	0.81849536538047
SPT35303	SPT35567	0.803370786516854
SPT35303	SPT35420	0.801083838061843
SPT35303	SPT35423	0.810346655358847
SPT35303	SPT35564	0.808129045951396
SPT35303	SPT35352	0.807582336121995
SPT35303	SPT35424	0.803890306122449
SPT35303	SPT35357	0.814685314685315
SPT35303	SPT35437	0.809286547227817
SPT35303	SPT35563	0.804087683998729
SPT35303	SPT35308	0.823266695023394
SPT35303	SPT35425	0.807858376511226
SPT35303	SPT35440	0.814461883408072
SPT35303	SPT35354	0.818605636787455
SPT35303	SPT35309	0.812334428314083
SPT35303	SPT35310	0.813046258793434
SPT35303	SPT35355	0.807675996607294
SPT35303	SPT35332	0.805720338983051
SPT35303	SPT35333	0.81243380639695
SPT35303	SPT35561	0.810196494954859
SPT35303	SPT35363	0.809236309712954
SPT35303	SPT35427	0.812479033881248
SPT35303	SPT35752	0.80537554445979
SPT35303	SPT35430	0.809402525734904
SPT35303	SPT35431	0.813118943669471
SPT35303	SPT35313	0.813420968938832
SPT35303	SPT35780	0.809298321136461
SPT35303	SPT35315	0.81854795972443
SPT35303	SPT35316	0.808781419026408
SPT35303	SPT35317	0.810850906008265
SPT35303	SPT35334	0.810547495499312
SPT35303	SPT35543	0.80683836589698
SPT35356	SPT35448	0.818964589387579
SPT35356	SPT35364	0.818718128187181
SPT35356	SPT35366	0.836632673465307
SPT35356	SPT35524	0.805566680016019
SPT35356	SPT35321	0.817453963170536
SPT35356	SPT35374	0.816218378162184
SPT35356	SPT35318	0.848645406378087
SPT35356	SPT35453	0.809682973766839
SPT35356	SPT35509	0.811579584426064
SPT35356	SPT35450	0.816994193836534
SPT35356	SPT35525	0.825162074554295
SPT35356	SPT35510	0.811713191023536
SPT35356	SPT35340	0.811618838116188
SPT35356	SPT35583	0.811768237766436
SPT35356	SPT35584	0.813377791249874
SPT35356	SPT35585	0.821734693877551
SPT35356	SPT35458	0.823287945534642
SPT35356	SPT35500	0.816179415298358
SPT35356	SPT35322	0.8125374925015
SPT35356	SPT35377	0.811975209916034
SPT35356	SPT35511	0.825439919557567
SPT35356	SPT35323	0.818918108189181
SPT35356	SPT35461	0.811949559647718
SPT35356	SPT35462	0.815966302276602
SPT35356	SPT35463	0.815507753876939
SPT35356	SPT35341	0.821435712857429
SPT35356	SPT35368	0.816773290683727
SPT35356	SPT35378	0.815873650539784
SPT35356	SPT35552	0.812620320855615
SPT35356	SPT35551	0.804244085693979
SPT35356	SPT35459	0.814733259933941
SPT35356	SPT35474	0.819020866773676
SPT35356	SPT35514	0.819534488255925
SPT35356	SPT35519	0.806036258755665
SPT35356	SPT35526	0.825632784250703
SPT35356	SPT35501	0.807263971104645
SPT35356	SPT35681	0.809041700080192
SPT35356	SPT35467	0.825145377982755
SPT35356	SPT35469	0.816750250752257
SPT35356	SPT35470	0.817963592718544
SPT35356	SPT35468	0.813703852327448
SPT35356	SPT35471	0.816095409901784
SPT35356	SPT35379	0.822914531666325
SPT35356	SPT35472	0.813644093227968
SPT35356	SPT35529	0.825226130653266
SPT35356	SPT35517	0.814848211602044
SPT35356	SPT35516	0.814546915812739
SPT35356	SPT35360	0.815355393381985
SPT35356	SPT35515	0.816594762716966
SPT35356	SPT35518	0.807561512302461
SPT35356	SPT35475	0.825025025025025
SPT35356	SPT35520	0.802383814102564
SPT35356	SPT35324	0.823741367230508
SPT35356	SPT35476	0.817478653942742
SPT35356	SPT35485	0.815004519433564
SPT35356	SPT35389	0.811675329868053
SPT35356	SPT35487	0.816526610644258
SPT35356	SPT35369	0.820271891243503
SPT35356	SPT35370	0.831133773245351
SPT35356	SPT35382	0.859656137544982
SPT35356	SPT35521	0.815682932026422
SPT35356	SPT35553	0.80923755134756
SPT35356	SPT35532	0.814961028444175
SPT35356	SPT35384	0.819072371051579
SPT35356	SPT35522	0.817053642914331
SPT35356	SPT35361	0.824282428242824
SPT35356	SPT35342	0.829857629837578
SPT35356	SPT35556	0.80853470437018
SPT35356	SPT35557	0.807108140947752
SPT35356	SPT35328	0.805741722516755
SPT35356	SPT35592	0.813334672155839
SPT35356	SPT35435	0.816449348044132
SPT35356	SPT35304	0.815560228296786
SPT35356	SPT35390	0.812275089964014
SPT35356	SPT35436	0.810398788490661
SPT35356	SPT35580	0.813987937784361
SPT35356	SPT35538	0.806062513110971
SPT35356	SPT35537	0.80778177204483
SPT35356	SPT35320	0.814159292035398
SPT35356	SPT35541	0.812639480624873
SPT35356	SPT35673	0.810307883162287
SPT35356	SPT35502	0.804286858974359
SPT35356	SPT35330	0.819981793354574
SPT35356	SPT35546	0.812941176470588
SPT35356	SPT35547	0.812863153676618
SPT35356	SPT35544	0.810390135435618
SPT35356	SPT35362	0.813355993202039
SPT35356	SPT35499	0.814706769942662
SPT35356	SPT35336	0.818666935159082
SPT35356	SPT35577	0.810569594865624
SPT35356	SPT35325	0.806891673403395
SPT35356	SPT35331	0.823952814155753
SPT35356	SPT35337	0.817381738173817
SPT35356	SPT35306	0.818099909900891
SPT35356	SPT35407	0.819411057692308
SPT35356	SPT35346	0.818672530987605
SPT35356	SPT35405	0.817976373908577
SPT35356	SPT35410	0.811044176706827
SPT35356	SPT35575	0.805024522069863
SPT35356	SPT35576	0.817181718171817
SPT35356	SPT35766	0.808146214099217
SPT35356	SPT35347	0.815663132626525
SPT35356	SPT35412	0.814932318104907
SPT35356	SPT35414	0.813256074006303
SPT35356	SPT35348	0.818627450980392
SPT35356	SPT35417	0.814651279478174
SPT35356	SPT35571	0.808557151780137
SPT35356	SPT35349	0.804978008796481
SPT35356	SPT35351	0.811433986102337
SPT35356	SPT35418	0.814469195263897
SPT35356	SPT35419	0.816193438346544
SPT35356	SPT35566	0.818144625140636
SPT35356	SPT35567	0.808212318477717
SPT35356	SPT35420	0.801366422184266
SPT35356	SPT35423	0.808908908908909
SPT35356	SPT35564	0.811453214321532
SPT35356	SPT35352	0.810675729708117
SPT35356	SPT35424	0.804927099044746
SPT35356	SPT35357	0.812481248124812
SPT35356	SPT35437	0.811197916666667
SPT35356	SPT35563	0.808038392321536
SPT35356	SPT35308	0.81682919473208
SPT35356	SPT35425	0.809944524347647
SPT35356	SPT35440	0.817424727738629
SPT35356	SPT35354	0.848160735705718
SPT35356	SPT35309	0.810840597134556
SPT35356	SPT35310	0.810094700785815
SPT35356	SPT35355	0.818045413624087
SPT35356	SPT35332	0.8078
SPT35356	SPT35333	0.810456862941118
SPT35356	SPT35561	0.813228789706474
SPT35356	SPT35363	0.81001899810019
SPT35356	SPT35427	0.813313420098144
SPT35356	SPT35752	0.811519903498191
SPT35356	SPT35430	0.811847389558233
SPT35356	SPT35431	0.813267565935172
SPT35356	SPT35313	0.819056206792906
SPT35356	SPT35780	0.809470354117767
SPT35356	SPT35315	0.817390434260556
SPT35356	SPT35316	0.838887221054738
SPT35356	SPT35317	0.812043613083925
SPT35356	SPT35334	0.816854943516945
SPT35356	SPT35543	0.813257456001686
SPT35448	SPT35364	0.816412131641213
SPT35448	SPT35366	0.817731870023671
SPT35448	SPT35524	0.811773568661214
SPT35448	SPT35321	0.824238510386395
SPT35448	SPT35374	0.816754489730078
SPT35448	SPT35318	0.823883808499193
SPT35448	SPT35453	0.817234642934665
SPT35448	SPT35509	0.818781067646423
SPT35448	SPT35450	0.827931644077784
SPT35448	SPT35525	0.835267324585186
SPT35448	SPT35510	0.821416154826747
SPT35448	SPT35340	0.82010752688172
SPT35448	SPT35583	0.820948489084848
SPT35448	SPT35584	0.819746670997077
SPT35448	SPT35585	0.835863273998034
SPT35448	SPT35458	0.826302195436935
SPT35448	SPT35500	0.821839698762776
SPT35448	SPT35322	0.820606582060658
SPT35448	SPT35377	0.820322580645161
SPT35448	SPT35511	0.83372895986189
SPT35448	SPT35323	0.82134021727439
SPT35448	SPT35461	0.817321140398063
SPT35448	SPT35462	0.826831896551724
SPT35448	SPT35463	0.820821682082168
SPT35448	SPT35341	0.822466107165914
SPT35448	SPT35368	0.821827956989247
SPT35448	SPT35378	0.821612903225806
SPT35448	SPT35552	0.821987746766508
SPT35448	SPT35551	0.814188089814514
SPT35448	SPT35459	0.819121447028424
SPT35448	SPT35474	0.831105841776245
SPT35448	SPT35514	0.899954730647352
SPT35448	SPT35519	0.815030170049369
SPT35448	SPT35526	0.83322559793148
SPT35448	SPT35501	0.813334769495907
SPT35448	SPT35681	0.818866300957298
SPT35448	SPT35467	0.832544123977615
SPT35448	SPT35469	0.909756622873142
SPT35448	SPT35470	0.829981718464351
SPT35448	SPT35468	0.889822294022617
SPT35448	SPT35471	0.898503928532989
SPT35448	SPT35379	0.825977162933685
SPT35448	SPT35472	0.818436054641282
SPT35448	SPT35529	0.834087968952135
SPT35448	SPT35517	0.890204520990312
SPT35448	SPT35516	0.907072013799051
SPT35448	SPT35360	0.822466107165914
SPT35448	SPT35515	0.885455915599096
SPT35448	SPT35518	0.81512966749166
SPT35448	SPT35475	0.833082383308238
SPT35448	SPT35520	0.816361679224973
SPT35448	SPT35324	0.823086034241413
SPT35448	SPT35476	0.899072676299332
SPT35448	SPT35485	0.819652680401251
SPT35448	SPT35389	0.820322580645161
SPT35448	SPT35487	0.911888111888112
SPT35448	SPT35369	0.818924731182796
SPT35448	SPT35370	0.825895257554576
SPT35448	SPT35382	0.827682703691745
SPT35448	SPT35521	0.822493224932249
SPT35448	SPT35553	0.818426434183619
SPT35448	SPT35532	0.900747643298299
SPT35448	SPT35384	0.819677419354839
SPT35448	SPT35522	0.822200709906421
SPT35448	SPT35361	0.823099257984729
SPT35448	SPT35342	0.816722335955177
SPT35448	SPT35556	0.817672886937431
SPT35448	SPT35557	0.819681024194423
SPT35448	SPT35328	0.812782440284054
SPT35448	SPT35592	0.823510397586467
SPT35448	SPT35435	0.870127073013138
SPT35448	SPT35304	0.824270485625067
SPT35448	SPT35390	0.823130715438408
SPT35448	SPT35436	0.8155276816609
SPT35448	SPT35580	0.819020821609454
SPT35448	SPT35538	0.819703224366842
SPT35448	SPT35537	0.819559847293959
SPT35448	SPT35320	0.818771371300554
SPT35448	SPT35541	0.818300227938782
SPT35448	SPT35673	0.818376832320343
SPT35448	SPT35502	0.812668318431542
SPT35448	SPT35330	0.826960309777348
SPT35448	SPT35546	0.821148379761228
SPT35448	SPT35547	0.819375672766416
SPT35448	SPT35544	0.820845496810466
SPT35448	SPT35362	0.819462365591398
SPT35448	SPT35499	0.821898597626753
SPT35448	SPT35336	0.819939511773601
SPT35448	SPT35577	0.816056034482759
SPT35448	SPT35325	0.815203287197232
SPT35448	SPT35331	0.822795698924731
SPT35448	SPT35337	0.819081424115306
SPT35448	SPT35306	0.822150537634409
SPT35448	SPT35407	0.833387114122835
SPT35448	SPT35346	0.825161290322581
SPT35448	SPT35405	0.833351618211739
SPT35448	SPT35410	0.819672131147541
SPT35448	SPT35575	0.816655907036798
SPT35448	SPT35576	0.821428571428571
SPT35448	SPT35766	0.817213842058563
SPT35448	SPT35347	0.822750753336203
SPT35448	SPT35412	0.817425519955031
SPT35448	SPT35414	0.822761397018823
SPT35448	SPT35348	0.82393456736978
SPT35448	SPT35417	0.820651002371201
SPT35448	SPT35571	0.81770717618307
SPT35448	SPT35349	0.816021505376344
SPT35448	SPT35351	0.820388349514563
SPT35448	SPT35418	0.820493481305894
SPT35448	SPT35419	0.829741379310345
SPT35448	SPT35566	0.825649989075814
SPT35448	SPT35567	0.815863108049935
SPT35448	SPT35420	0.816113028472821
SPT35448	SPT35423	0.811148176046487
SPT35448	SPT35564	0.817731336852311
SPT35448	SPT35352	0.816881720430108
SPT35448	SPT35424	0.81878977456585
SPT35448	SPT35357	0.820548682087144
SPT35448	SPT35437	0.847751237357435
SPT35448	SPT35563	0.815268817204301
SPT35448	SPT35308	0.825585158019631
SPT35448	SPT35425	0.821244940378514
SPT35448	SPT35440	0.824607033812055
SPT35448	SPT35354	0.822377622377622
SPT35448	SPT35309	0.819453410802668
SPT35448	SPT35310	0.82059585492228
SPT35448	SPT35355	0.818856958346787
SPT35448	SPT35332	0.814886522534151
SPT35448	SPT35333	0.815161290322581
SPT35448	SPT35561	0.826775897380619
SPT35448	SPT35363	0.817380081738008
SPT35448	SPT35427	0.824121171018424
SPT35448	SPT35752	0.821370750134916
SPT35448	SPT35430	0.815636441955632
SPT35448	SPT35431	0.824665515753129
SPT35448	SPT35313	0.821647819063005
SPT35448	SPT35780	0.823112178088171
SPT35448	SPT35315	0.820236813778256
SPT35448	SPT35316	0.823371028540657
SPT35448	SPT35317	0.818377447815795
SPT35448	SPT35334	0.819335412409937
SPT35448	SPT35543	0.823754358339894
SPT35364	SPT35366	0.817073170731707
SPT35364	SPT35524	0.801000500250125
SPT35364	SPT35321	0.810562112422485
SPT35364	SPT35374	0.816646682653877
SPT35364	SPT35318	0.818990504747626
SPT35364	SPT35453	0.807754606195586
SPT35364	SPT35509	0.809211852449103
SPT35364	SPT35450	0.82206604194556
SPT35364	SPT35525	0.825303643724696
SPT35364	SPT35510	0.806299901564038
SPT35364	SPT35340	0.823458887001698
SPT35364	SPT35583	0.805819418058194
SPT35364	SPT35584	0.813307754442649
SPT35364	SPT35585	0.82665443050882
SPT35364	SPT35458	0.817508754377189
SPT35364	SPT35500	0.811943583074922
SPT35364	SPT35322	0.817364372065141
SPT35364	SPT35377	0.823693936669663
SPT35364	SPT35511	0.824155948553055
SPT35364	SPT35323	0.814848121502798
SPT35364	SPT35461	0.807280728072807
SPT35364	SPT35462	0.821954887218045
SPT35364	SPT35463	0.817836432713457
SPT35364	SPT35341	0.814574170331867
SPT35364	SPT35368	0.817800419538508
SPT35364	SPT35378	0.811407451803017
SPT35364	SPT35552	0.812653628299669
SPT35364	SPT35551	0.807227692620039
SPT35364	SPT35459	0.811362272454491
SPT35364	SPT35474	0.821170809943865
SPT35364	SPT35514	0.816077306997982
SPT35364	SPT35519	0.805372581309181
SPT35364	SPT35526	0.824550838100974
SPT35364	SPT35501	0.807599759374373
SPT35364	SPT35681	0.809075428227988
SPT35364	SPT35467	0.824083350030054
SPT35364	SPT35469	0.816095409901784
SPT35364	SPT35470	0.821689155422289
SPT35364	SPT35468	0.815757818765036
SPT35364	SPT35471	0.815942319246946
SPT35364	SPT35379	0.821999180663662
SPT35364	SPT35472	0.810275889644142
SPT35364	SPT35529	0.824327038971475
SPT35364	SPT35517	0.817198918810692
SPT35364	SPT35516	0.814595462758482
SPT35364	SPT35360	0.812293853073463
SPT35364	SPT35515	0.815839598997494
SPT35364	SPT35518	0.809576169532187
SPT35364	SPT35475	0.823864772954591
SPT35364	SPT35520	0.800320288259433
SPT35364	SPT35324	0.824459567654123
SPT35364	SPT35476	0.815298132905039
SPT35364	SPT35485	0.808549066827213
SPT35364	SPT35389	0.823594046548796
SPT35364	SPT35487	0.818254523642907
SPT35364	SPT35369	0.814603935670762
SPT35364	SPT35370	0.817164551903287
SPT35364	SPT35382	0.820535892821436
SPT35364	SPT35521	0.810431080361895
SPT35364	SPT35553	0.806448382897767
SPT35364	SPT35532	0.813068986445478
SPT35364	SPT35384	0.816102287483768
SPT35364	SPT35522	0.813181318131813
SPT35364	SPT35361	0.814848121502798
SPT35364	SPT35342	0.815048592325418
SPT35364	SPT35556	0.806431727113942
SPT35364	SPT35557	0.808377175232699
SPT35364	SPT35328	0.814911053367979
SPT35364	SPT35592	0.809270592956757
SPT35364	SPT35435	0.815330661322645
SPT35364	SPT35304	0.819691815089053
SPT35364	SPT35390	0.817609434339396
SPT35364	SPT35436	0.807121961061233
SPT35364	SPT35580	0.811607992388202
SPT35364	SPT35538	0.814189897296164
SPT35364	SPT35537	0.812533023354116
SPT35364	SPT35320	0.817528735632184
SPT35364	SPT35541	0.805594972633286
SPT35364	SPT35673	0.809266148123098
SPT35364	SPT35502	0.805967160592711
SPT35364	SPT35330	0.819463392451114
SPT35364	SPT35546	0.813508603184781
SPT35364	SPT35547	0.812894183601962
SPT35364	SPT35544	0.805979194020806
SPT35364	SPT35362	0.815184815184815
SPT35364	SPT35499	0.814397747838327
SPT35364	SPT35336	0.816078076265218
SPT35364	SPT35577	0.808077771096412
SPT35364	SPT35325	0.806321316772695
SPT35364	SPT35331	0.821278721278721
SPT35364	SPT35337	0.815010993403958
SPT35364	SPT35306	0.813725490196078
SPT35364	SPT35407	0.823541187068362
SPT35364	SPT35346	0.809010088902208
SPT35364	SPT35405	0.821905152946007
SPT35364	SPT35410	0.807383627608347
SPT35364	SPT35575	0.812962592518504
SPT35364	SPT35576	0.817309614231461
SPT35364	SPT35766	0.810582341891046
SPT35364	SPT35347	0.812218778122188
SPT35364	SPT35412	0.815817297525904
SPT35364	SPT35414	0.81227143437627
SPT35364	SPT35348	0.816555033489953
SPT35364	SPT35417	0.811954668538762
SPT35364	SPT35571	0.80849292256453
SPT35364	SPT35349	0.804714813704925
SPT35364	SPT35351	0.812190756921781
SPT35364	SPT35418	0.81400481540931
SPT35364	SPT35419	0.816422699017445
SPT35364	SPT35566	0.815923957481603
SPT35364	SPT35567	0.805964174922446
SPT35364	SPT35420	0.801305876443998
SPT35364	SPT35423	0.81074322296689
SPT35364	SPT35564	0.809962914703819
SPT35364	SPT35352	0.807711517330936
SPT35364	SPT35424	0.808882636655949
SPT35364	SPT35357	0.81740955426744
SPT35364	SPT35437	0.811248999199359
SPT35364	SPT35563	0.806673993405935
SPT35364	SPT35308	0.820391762933199
SPT35364	SPT35425	0.80804762882365
SPT35364	SPT35440	0.811606571367612
SPT35364	SPT35354	0.822706376174295
SPT35364	SPT35309	0.812293522875163
SPT35364	SPT35310	0.812764244010469
SPT35364	SPT35355	0.8112
SPT35364	SPT35332	0.80673528530029
SPT35364	SPT35333	0.81038961038961
SPT35364	SPT35561	0.811671353957413
SPT35364	SPT35363	0.812169047856929
SPT35364	SPT35427	0.813472607120017
SPT35364	SPT35752	0.806710870002009
SPT35364	SPT35430	0.808267282030701
SPT35364	SPT35431	0.812896086912785
SPT35364	SPT35313	0.813976772126552
SPT35364	SPT35780	0.809115937595595
SPT35364	SPT35315	0.81672669067627
SPT35364	SPT35316	0.814833350015014
SPT35364	SPT35317	0.81077568972411
SPT35364	SPT35334	0.814185814185814
SPT35364	SPT35543	0.805918281381634
SPT35366	SPT35524	0.80662596336703
SPT35366	SPT35321	0.811086651991195
SPT35366	SPT35374	0.806777289084366
SPT35366	SPT35318	0.8740755546672
SPT35366	SPT35453	0.805651205185335
SPT35366	SPT35509	0.809298104074223
SPT35366	SPT35450	0.817167094541802
SPT35366	SPT35525	0.821974683544304
SPT35366	SPT35510	0.808142716427712
SPT35366	SPT35340	0.808676529388245
SPT35366	SPT35583	0.813725490196078
SPT35366	SPT35584	0.814526719870694
SPT35366	SPT35585	0.823217382433949
SPT35366	SPT35458	0.816034430987889
SPT35366	SPT35500	0.811930737663898
SPT35366	SPT35322	0.804497751124438
SPT35366	SPT35377	0.80883381632857
SPT35366	SPT35511	0.822275834338561
SPT35366	SPT35323	0.808576569372251
SPT35366	SPT35461	0.807803901950976
SPT35366	SPT35462	0.815847542627884
SPT35366	SPT35463	0.815363072614523
SPT35366	SPT35341	0.823088455772114
SPT35366	SPT35368	0.811431997601679
SPT35366	SPT35378	0.812231437993405
SPT35366	SPT35552	0.812680423393564
SPT35366	SPT35551	0.808059277304101
SPT35366	SPT35459	0.810886531919151
SPT35366	SPT35474	0.819576772640658
SPT35366	SPT35514	0.817042073948151
SPT35366	SPT35519	0.80702296364947
SPT35366	SPT35526	0.822755573408315
SPT35366	SPT35501	0.804092687330725
SPT35366	SPT35681	0.81050205431406
SPT35366	SPT35467	0.822291269920818
SPT35366	SPT35469	0.816003208663391
SPT35366	SPT35470	0.818918108189181
SPT35366	SPT35468	0.812054959382208
SPT35366	SPT35471	0.817753732090973
SPT35366	SPT35379	0.811270491803279
SPT35366	SPT35472	0.8098
SPT35366	SPT35529	0.822146302250804
SPT35366	SPT35517	0.81630608974359
SPT35366	SPT35516	0.815807974289445
SPT35366	SPT35360	0.818109134519288
SPT35366	SPT35515	0.8160481444333
SPT35366	SPT35518	0.807219278072193
SPT35366	SPT35475	0.821875312718903
SPT35366	SPT35520	0.805046560528687
SPT35366	SPT35324	0.820674472130491
SPT35366	SPT35476	0.815807974289445
SPT35366	SPT35485	0.810260014054814
SPT35366	SPT35389	0.808534026181673
SPT35366	SPT35487	0.815781578157816
SPT35366	SPT35369	0.821824722694114
SPT35366	SPT35370	0.847876061969015
SPT35366	SPT35382	0.90482855143457
SPT35366	SPT35521	0.812353567625133
SPT35366	SPT35553	0.805869978964239
SPT35366	SPT35532	0.81491600890508
SPT35366	SPT35384	0.818027380833417
SPT35366	SPT35522	0.81078647188313
SPT35366	SPT35361	0.833033393321336
SPT35366	SPT35342	0.812368447429087
SPT35366	SPT35556	0.814144736842105
SPT35366	SPT35557	0.811399068637376
SPT35366	SPT35328	0.8078
SPT35366	SPT35592	0.813190122465368
SPT35366	SPT35435	0.81680537451118
SPT35366	SPT35304	0.813913913913914
SPT35366	SPT35390	0.815229339462376
SPT35366	SPT35436	0.806721840936617
SPT35366	SPT35580	0.81099947117927
SPT35366	SPT35538	0.812853847766827
SPT35366	SPT35537	0.812262156448203
SPT35366	SPT35320	0.815326772088909
SPT35366	SPT35541	0.813811986613934
SPT35366	SPT35673	0.80782677342957
SPT35366	SPT35502	0.808774917359511
SPT35366	SPT35330	0.812286689419795
SPT35366	SPT35546	0.814391104458463
SPT35366	SPT35547	0.813319979969955
SPT35366	SPT35544	0.809639284631707
SPT35366	SPT35362	0.809114531281231
SPT35366	SPT35499	0.808206778638238
SPT35366	SPT35336	0.818117765475591
SPT35366	SPT35577	0.812713053940245
SPT35366	SPT35325	0.806445095464188
SPT35366	SPT35331	0.80981411153308
SPT35366	SPT35337	0.808338332333533
SPT35366	SPT35306	0.818354683746998
SPT35366	SPT35407	0.823670772003605
SPT35366	SPT35346	0.819026681323074
SPT35366	SPT35405	0.822019102392934
SPT35366	SPT35410	0.807889190003011
SPT35366	SPT35575	0.809885931558935
SPT35366	SPT35576	0.814618538146185
SPT35366	SPT35766	0.816349968678221
SPT35366	SPT35347	0.818218178182182
SPT35366	SPT35412	0.816682524579765
SPT35366	SPT35414	0.811991869918699
SPT35366	SPT35348	0.820882088208821
SPT35366	SPT35417	0.812380856827531
SPT35366	SPT35571	0.809345405349152
SPT35366	SPT35349	0.806135705006495
SPT35366	SPT35351	0.820105263157895
SPT35366	SPT35418	0.816211878009631
SPT35366	SPT35419	0.818254764292879
SPT35366	SPT35566	0.816359918200409
SPT35366	SPT35567	0.805766920304365
SPT35366	SPT35420	0.804539975893933
SPT35366	SPT35423	0.809566696687681
SPT35366	SPT35564	0.806678030682844
SPT35366	SPT35352	0.810132906965124
SPT35366	SPT35424	0.804885404101327
SPT35366	SPT35357	0.804339132173565
SPT35366	SPT35437	0.811154500851106
SPT35366	SPT35563	0.805397301349325
SPT35366	SPT35308	0.815376884422111
SPT35366	SPT35425	0.809098377490244
SPT35366	SPT35440	0.813320525136087
SPT35366	SPT35354	0.876186669331468
SPT35366	SPT35309	0.805689102564103
SPT35366	SPT35310	0.806344410876133
SPT35366	SPT35355	0.8074
SPT35366	SPT35332	0.805958212536239
SPT35366	SPT35333	0.809714171497102
SPT35366	SPT35561	0.813586574213647
SPT35366	SPT35363	0.806977209116354
SPT35366	SPT35427	0.815506025381252
SPT35366	SPT35752	0.809748743718593
SPT35366	SPT35430	0.802951214615539
SPT35366	SPT35431	0.813927744792191
SPT35366	SPT35313	0.809094551282051
SPT35366	SPT35780	0.80981532496684
SPT35366	SPT35315	0.818945683705112
SPT35366	SPT35316	0.854469022119908
SPT35366	SPT35317	0.8119
SPT35366	SPT35334	0.809514291425145
SPT35366	SPT35543	0.813421828908555
SPT35524	SPT35321	0.81051051051051
SPT35524	SPT35374	0.799819927971189
SPT35524	SPT35318	0.809866906834784
SPT35524	SPT35453	0.804761904761905
SPT35524	SPT35509	0.840157321500605
SPT35524	SPT35450	0.812032592923317
SPT35524	SPT35525	0.817362236628849
SPT35524	SPT35510	0.804683225735857
SPT35524	SPT35340	0.808004002001001
SPT35524	SPT35583	0.801681850035039
SPT35524	SPT35584	0.80309153364316
SPT35524	SPT35585	0.816911464708282
SPT35524	SPT35458	0.812556323220186
SPT35524	SPT35500	0.805547211374787
SPT35524	SPT35322	0.804321728691477
SPT35524	SPT35377	0.807861572314463
SPT35524	SPT35511	0.817496229260935
SPT35524	SPT35323	0.809704852426213
SPT35524	SPT35461	0.804426196675345
SPT35524	SPT35462	0.814495081308974
SPT35524	SPT35463	0.806406406406406
SPT35524	SPT35341	0.807426684015614
SPT35524	SPT35368	0.805661132226445
SPT35524	SPT35378	0.80876175235047
SPT35524	SPT35552	0.804020100502513
SPT35524	SPT35551	0.804429543838261
SPT35524	SPT35459	0.808732225115161
SPT35524	SPT35474	0.816056196688409
SPT35524	SPT35514	0.815786677998513
SPT35524	SPT35519	0.801421361623236
SPT35524	SPT35526	0.817396544797107
SPT35524	SPT35501	0.803392211963067
SPT35524	SPT35681	0.801002506265664
SPT35524	SPT35467	0.816705103780207
SPT35524	SPT35469	0.815409309791332
SPT35524	SPT35470	0.815526210484194
SPT35524	SPT35468	0.814049172102358
SPT35524	SPT35471	0.81481852817325
SPT35524	SPT35379	0.80327868852459
SPT35524	SPT35472	0.800440352281825
SPT35524	SPT35529	0.817268067142426
SPT35524	SPT35517	0.810659186535764
SPT35524	SPT35516	0.813724505174319
SPT35524	SPT35360	0.810948759007206
SPT35524	SPT35515	0.812123645122441
SPT35524	SPT35518	0.801401401401401
SPT35524	SPT35475	0.817043861405968
SPT35524	SPT35520	0.796513375413285
SPT35524	SPT35324	0.808497845475499
SPT35524	SPT35476	0.817405285900914
SPT35524	SPT35485	0.806629834254144
SPT35524	SPT35389	0.807761552310462
SPT35524	SPT35487	0.809847878302642
SPT35524	SPT35369	0.80876175235047
SPT35524	SPT35370	0.810443132939882
SPT35524	SPT35382	0.809690659725698
SPT35524	SPT35521	0.806135492117597
SPT35524	SPT35553	0.79923862953316
SPT35524	SPT35532	0.810367520502177
SPT35524	SPT35384	0.807261452290458
SPT35524	SPT35522	0.809490439483432
SPT35524	SPT35361	0.80606424497148
SPT35524	SPT35342	0.797652487961477
SPT35524	SPT35556	0.802014802631579
SPT35524	SPT35557	0.801640340218712
SPT35524	SPT35328	0.799019117205485
SPT35524	SPT35592	0.805382606949187
SPT35524	SPT35435	0.815153035624686
SPT35524	SPT35304	0.809476109385956
SPT35524	SPT35390	0.803362353647553
SPT35524	SPT35436	0.801514386673397
SPT35524	SPT35580	0.806219589591707
SPT35524	SPT35538	0.800398573526327
SPT35524	SPT35537	0.799111862973144
SPT35524	SPT35320	0.798805441875899
SPT35524	SPT35541	0.804219922905255
SPT35524	SPT35673	0.808073973838521
SPT35524	SPT35502	0.799498746867168
SPT35524	SPT35330	0.810829257194858
SPT35524	SPT35546	0.803785286569718
SPT35524	SPT35547	0.802925558561266
SPT35524	SPT35544	0.803537139969682
SPT35524	SPT35362	0.798659731946389
SPT35524	SPT35499	0.804306268236241
SPT35524	SPT35336	0.808037063148353
SPT35524	SPT35577	0.801765650080257
SPT35524	SPT35325	0.803011926420053
SPT35524	SPT35331	0.801860372074415
SPT35524	SPT35337	0.805964174922446
SPT35524	SPT35306	0.80326391670004
SPT35524	SPT35407	0.814265678220797
SPT35524	SPT35346	0.808261652330466
SPT35524	SPT35405	0.812981411112252
SPT35524	SPT35410	0.797047599919663
SPT35524	SPT35575	0.799239010713928
SPT35524	SPT35576	0.808885331198719
SPT35524	SPT35766	0.80421844001253
SPT35524	SPT35347	0.81129242166383
SPT35524	SPT35412	0.806622236327092
SPT35524	SPT35414	0.80658268996343
SPT35524	SPT35348	0.803703703703704
SPT35524	SPT35417	0.807124937280482
SPT35524	SPT35571	0.802855058872564
SPT35524	SPT35349	0.800060012002401
SPT35524	SPT35351	0.801790416008425
SPT35524	SPT35418	0.80710914750477
SPT35524	SPT35419	0.811038635223281
SPT35524	SPT35566	0.811062263572232
SPT35524	SPT35567	0.798737727910238
SPT35524	SPT35420	0.797707621154233
SPT35524	SPT35423	0.797275641025641
SPT35524	SPT35564	0.806581059390048
SPT35524	SPT35352	0.802560512102421
SPT35524	SPT35424	0.801951317642326
SPT35524	SPT35357	0.804162914039828
SPT35524	SPT35437	0.806813627254509
SPT35524	SPT35563	0.79921968787515
SPT35524	SPT35308	0.809734513274336
SPT35524	SPT35425	0.804437140509449
SPT35524	SPT35440	0.805914380271165
SPT35524	SPT35354	0.809566696687681
SPT35524	SPT35309	0.80310621242485
SPT35524	SPT35310	0.803546242192222
SPT35524	SPT35355	0.799739661560028
SPT35524	SPT35332	0.802581548929358
SPT35524	SPT35333	0.808642592777833
SPT35524	SPT35561	0.806172715391575
SPT35524	SPT35363	0.79959979989995
SPT35524	SPT35427	0.807700511945392
SPT35524	SPT35752	0.800341811601488
SPT35524	SPT35430	0.801104417670683
SPT35524	SPT35431	0.807452165156093
SPT35524	SPT35313	0.809757563614506
SPT35524	SPT35780	0.805121926334048
SPT35524	SPT35315	0.801441874436768
SPT35524	SPT35316	0.805973140910002
SPT35524	SPT35317	0.804624161745571
SPT35524	SPT35334	0.805841752525758
SPT35524	SPT35543	0.805458952471283
SPT35321	SPT35374	0.805780578057806
SPT35321	SPT35318	0.815726290516206
SPT35321	SPT35453	0.815418903859791
SPT35321	SPT35509	0.814900695634641
SPT35321	SPT35450	0.817877469032474
SPT35321	SPT35525	0.824911392405063
SPT35321	SPT35510	0.814989059080963
SPT35321	SPT35340	0.815163032606521
SPT35321	SPT35583	0.811029926934241
SPT35321	SPT35584	0.815031821396101
SPT35321	SPT35585	0.83166700673332
SPT35321	SPT35458	0.827593111734081
SPT35321	SPT35500	0.817043861405968
SPT35321	SPT35322	0.821082108210821
SPT35321	SPT35377	0.814718528147185
SPT35321	SPT35511	0.824959807073955
SPT35321	SPT35323	0.88497699539908
SPT35321	SPT35461	0.813594954449895
SPT35321	SPT35462	0.82557205941389
SPT35321	SPT35463	0.817672370659462
SPT35321	SPT35341	0.813087852711627
SPT35321	SPT35368	0.817718228177182
SPT35321	SPT35378	0.814318568143186
SPT35321	SPT35552	0.810368786745056
SPT35321	SPT35551	0.816944331572532
SPT35321	SPT35459	0.820802883171489
SPT35321	SPT35474	0.824202287778447
SPT35321	SPT35514	0.825398512221041
SPT35321	SPT35519	0.815729874408071
SPT35321	SPT35526	0.824533226259787
SPT35321	SPT35501	0.811214765773899
SPT35321	SPT35681	0.811892108693472
SPT35321	SPT35467	0.823812387251954
SPT35321	SPT35469	0.824455813020363
SPT35321	SPT35470	0.825212606303152
SPT35321	SPT35468	0.822148660848631
SPT35321	SPT35471	0.821152882205514
SPT35321	SPT35379	0.820081967213115
SPT35321	SPT35472	0.810386231739043
SPT35321	SPT35529	0.824728806749699
SPT35321	SPT35517	0.819929894842263
SPT35321	SPT35516	0.820327407853771
SPT35321	SPT35360	0.813806903451726
SPT35321	SPT35515	0.819969894631209
SPT35321	SPT35518	0.810967677374162
SPT35321	SPT35475	0.823788546255507
SPT35321	SPT35520	0.813144975453361
SPT35321	SPT35324	0.819392968045678
SPT35321	SPT35476	0.824628364805143
SPT35321	SPT35485	0.81116353779741
SPT35321	SPT35389	0.814818518148185
SPT35321	SPT35487	0.820474332032423
SPT35321	SPT35369	0.814218578142186
SPT35321	SPT35370	0.8184
SPT35321	SPT35382	0.817654123298639
SPT35321	SPT35521	0.813185642773458
SPT35321	SPT35553	0.812944594729987
SPT35321	SPT35532	0.825994533859702
SPT35321	SPT35384	0.816418358164184
SPT35321	SPT35522	0.815133620258232
SPT35321	SPT35361	0.81312525010004
SPT35321	SPT35342	0.820880553605456
SPT35321	SPT35556	0.818032281278914
SPT35321	SPT35557	0.812917594654788
SPT35321	SPT35328	0.80708425055033
SPT35321	SPT35592	0.810303273749749
SPT35321	SPT35435	0.824939807383628
SPT35321	SPT35304	0.818928392588883
SPT35321	SPT35390	0.817527010804322
SPT35321	SPT35436	0.808865105008078
SPT35321	SPT35580	0.816691347577745
SPT35321	SPT35538	0.811870805369127
SPT35321	SPT35537	0.812301838934686
SPT35321	SPT35320	0.818352681039248
SPT35321	SPT35541	0.814927492140757
SPT35321	SPT35673	0.810237907317623
SPT35321	SPT35502	0.812042881474802
SPT35321	SPT35330	0.881028207461328
SPT35321	SPT35546	0.814818774724687
SPT35321	SPT35547	0.813701923076923
SPT35321	SPT35544	0.817841988280461
SPT35321	SPT35362	0.812918708129187
SPT35321	SPT35499	0.820156910078455
SPT35321	SPT35336	0.816451872734595
SPT35321	SPT35577	0.8122555410691
SPT35321	SPT35325	0.811679127096383
SPT35321	SPT35331	0.818718128187181
SPT35321	SPT35337	0.812424969987995
SPT35321	SPT35306	0.814058275758486
SPT35321	SPT35407	0.827689841715087
SPT35321	SPT35346	0.846615338466153
SPT35321	SPT35405	0.828935208953691
SPT35321	SPT35410	0.814621409921671
SPT35321	SPT35575	0.810548438751001
SPT35321	SPT35576	0.81958195819582
SPT35321	SPT35766	0.813472584856397
SPT35321	SPT35347	0.813932539285357
SPT35321	SPT35412	0.815817297525904
SPT35321	SPT35414	0.819512195121951
SPT35321	SPT35348	0.820074051836285
SPT35321	SPT35417	0.818501053476472
SPT35321	SPT35571	0.815767548427411
SPT35321	SPT35349	0.81031896810319
SPT35321	SPT35351	0.819187026116259
SPT35321	SPT35418	0.825266117694316
SPT35321	SPT35419	0.823883592574009
SPT35321	SPT35566	0.822206318372355
SPT35321	SPT35567	0.811780026044275
SPT35321	SPT35420	0.806857027950935
SPT35321	SPT35423	0.810929836853168
SPT35321	SPT35564	0.815557337610265
SPT35321	SPT35352	0.815618438156184
SPT35321	SPT35424	0.810318817258373
SPT35321	SPT35357	0.821028411364546
SPT35321	SPT35437	0.819847786901662
SPT35321	SPT35563	0.812281228122812
SPT35321	SPT35308	0.819406737053796
SPT35321	SPT35425	0.81372649748279
SPT35321	SPT35440	0.808730921122852
SPT35321	SPT35354	0.815726290516206
SPT35321	SPT35309	0.813163694650371
SPT35321	SPT35310	0.81238670694864
SPT35321	SPT35355	0.811486892135281
SPT35321	SPT35332	0.812743823146944
SPT35321	SPT35333	0.8135
SPT35321	SPT35561	0.80940892641737
SPT35321	SPT35363	0.813562712542508
SPT35321	SPT35427	0.807208359991469
SPT35321	SPT35752	0.805326633165829
SPT35321	SPT35430	0.812067061540006
SPT35321	SPT35431	0.812783090085556
SPT35321	SPT35313	0.885316506410256
SPT35321	SPT35780	0.815018875624936
SPT35321	SPT35315	0.813594954449895
SPT35321	SPT35316	0.817189221676851
SPT35321	SPT35317	0.8175905543326
SPT35321	SPT35334	0.8165
SPT35321	SPT35543	0.816457696765357
SPT35374	SPT35318	0.811513092144713
SPT35374	SPT35453	0.808381415122988
SPT35374	SPT35509	0.801451320298327
SPT35374	SPT35450	0.807452030343597
SPT35374	SPT35525	0.820933292843405
SPT35374	SPT35510	0.809799846877393
SPT35374	SPT35340	0.808253397282174
SPT35374	SPT35583	0.803219678032197
SPT35374	SPT35584	0.813610662358643
SPT35374	SPT35585	0.826078091548578
SPT35374	SPT35458	0.820810405202601
SPT35374	SPT35500	0.813225290116046
SPT35374	SPT35322	0.811469677290439
SPT35374	SPT35377	0.808410748177005
SPT35374	SPT35511	0.821177416114125
SPT35374	SPT35323	0.814048760991207
SPT35374	SPT35461	0.807280728072807
SPT35374	SPT35462	0.818628433928213
SPT35374	SPT35463	0.813637272545491
SPT35374	SPT35341	0.817772890843663
SPT35374	SPT35368	0.811906902407352
SPT35374	SPT35378	0.808710418539606
SPT35374	SPT35552	0.812353066894636
SPT35374	SPT35551	0.809175801867641
SPT35374	SPT35459	0.811962392478496
SPT35374	SPT35474	0.821170809943865
SPT35374	SPT35514	0.819089075273384
SPT35374	SPT35519	0.801358583779333
SPT35374	SPT35526	0.82153969687845
SPT35374	SPT35501	0.801183075997594
SPT35374	SPT35681	0.80356606230592
SPT35374	SPT35467	0.82067721899419
SPT35374	SPT35469	0.812788133894568
SPT35374	SPT35470	0.821489255372314
SPT35374	SPT35468	0.812268216898867
SPT35374	SPT35471	0.812218327491237
SPT35374	SPT35379	0.8136391562564
SPT35374	SPT35472	0.807576969212315
SPT35374	SPT35529	0.820628703424726
SPT35374	SPT35517	0.809390329362298
SPT35374	SPT35516	0.813509986951721
SPT35374	SPT35360	0.815092453773113
SPT35374	SPT35515	0.809041700080192
SPT35374	SPT35518	0.804958512446266
SPT35374	SPT35475	0.820682068206821
SPT35374	SPT35520	0.80222199979982
SPT35374	SPT35324	0.812349879903923
SPT35374	SPT35476	0.813491266813893
SPT35374	SPT35485	0.807727044656297
SPT35374	SPT35389	0.808310858056138
SPT35374	SPT35487	0.808857342797161
SPT35374	SPT35369	0.81670162820897
SPT35374	SPT35370	0.818581418581419
SPT35374	SPT35382	0.813537292541492
SPT35374	SPT35521	0.809579563597658
SPT35374	SPT35553	0.806467761313576
SPT35374	SPT35532	0.814807322747042
SPT35374	SPT35384	0.812406353011687
SPT35374	SPT35522	0.8104
SPT35374	SPT35361	0.813711772936238
SPT35374	SPT35342	0.809838693517684
SPT35374	SPT35556	0.803061434148346
SPT35374	SPT35557	0.811696853182232
SPT35374	SPT35328	0.807277089164334
SPT35374	SPT35592	0.807865957660279
SPT35374	SPT35435	0.814091000200441
SPT35374	SPT35304	0.808804402201101
SPT35374	SPT35390	0.809614231461123
SPT35374	SPT35436	0.80068589872907
SPT35374	SPT35580	0.81014799154334
SPT35374	SPT35538	0.808949905680151
SPT35374	SPT35537	0.80832628909552
SPT35374	SPT35320	0.81631299734748
SPT35374	SPT35541	0.811271031826475
SPT35374	SPT35673	0.805589992110898
SPT35374	SPT35502	0.805146690697907
SPT35374	SPT35330	0.816507503410641
SPT35374	SPT35546	0.813294859463503
SPT35374	SPT35547	0.813732359123211
SPT35374	SPT35544	0.806604726317916
SPT35374	SPT35362	0.813405254220358
SPT35374	SPT35499	0.807982306222982
SPT35374	SPT35336	0.811569416498994
SPT35374	SPT35577	0.806112224448898
SPT35374	SPT35325	0.800868423709987
SPT35374	SPT35331	0.812805913495155
SPT35374	SPT35337	0.815610633619828
SPT35374	SPT35306	0.80922368947579
SPT35374	SPT35407	0.82175740592474
SPT35374	SPT35346	0.813005693736889
SPT35374	SPT35405	0.817901868199548
SPT35374	SPT35410	0.807904503962283
SPT35374	SPT35575	0.808561712342469
SPT35374	SPT35576	0.814892553723138
SPT35374	SPT35766	0.812480434102056
SPT35374	SPT35347	0.815218478152185
SPT35374	SPT35412	0.805899143672693
SPT35374	SPT35414	0.812106439163112
SPT35374	SPT35348	0.813855843247026
SPT35374	SPT35417	0.811271560369033
SPT35374	SPT35571	0.810906441877407
SPT35374	SPT35349	0.811707122165618
SPT35374	SPT35351	0.80917798126513
SPT35374	SPT35418	0.807483948635634
SPT35374	SPT35419	0.815839598997494
SPT35374	SPT35566	0.810935104752172
SPT35374	SPT35567	0.799559691784249
SPT35374	SPT35420	0.800803616273229
SPT35374	SPT35423	0.806842052615785
SPT35374	SPT35564	0.801583324982463
SPT35374	SPT35352	0.806712616122266
SPT35374	SPT35424	0.802451768488746
SPT35374	SPT35357	0.811613032180692
SPT35374	SPT35437	0.808346677341873
SPT35374	SPT35563	0.800279748226596
SPT35374	SPT35308	0.808418726140245
SPT35374	SPT35425	0.807040952478703
SPT35374	SPT35440	0.811606571367612
SPT35374	SPT35354	0.80981411153308
SPT35374	SPT35309	0.81099209130043
SPT35374	SPT35310	0.810832578274439
SPT35374	SPT35355	0.8117
SPT35374	SPT35332	0.801538922754072
SPT35374	SPT35333	0.803196803196803
SPT35374	SPT35561	0.810666934511852
SPT35374	SPT35363	0.807354116706635
SPT35374	SPT35427	0.811214156273318
SPT35374	SPT35752	0.805625313912607
SPT35374	SPT35430	0.807063308919434
SPT35374	SPT35431	0.81056338028169
SPT35374	SPT35313	0.814295725297828
SPT35374	SPT35780	0.807955124936257
SPT35374	SPT35315	0.812525010004002
SPT35374	SPT35316	0.813732359123211
SPT35374	SPT35317	0.811075569772091
SPT35374	SPT35334	0.813986013986014
SPT35374	SPT35543	0.806444818871104
SPT35318	SPT35453	0.814803564196031
SPT35318	SPT35509	0.812563016737245
SPT35318	SPT35450	0.818415178571429
SPT35318	SPT35525	0.828270554880518
SPT35318	SPT35510	0.81518765729292
SPT35318	SPT35340	0.815192403798101
SPT35318	SPT35583	0.816463292658532
SPT35318	SPT35584	0.817979797979798
SPT35318	SPT35585	0.835492095869454
SPT35318	SPT35458	0.824059247397918
SPT35318	SPT35500	0.81346942860002
SPT35318	SPT35322	0.816410153907655
SPT35318	SPT35377	0.815747402078337
SPT35318	SPT35511	0.827336683417085
SPT35318	SPT35323	0.819990004997501
SPT35318	SPT35461	0.81422569027611
SPT35318	SPT35462	0.82328753384816
SPT35318	SPT35463	0.823182318231823
SPT35318	SPT35341	0.823905656606036
SPT35318	SPT35368	0.815347721822542
SPT35318	SPT35378	0.813948840927258
SPT35318	SPT35552	0.815052384006842
SPT35318	SPT35551	0.809905612503806
SPT35318	SPT35459	0.817708854427214
SPT35318	SPT35474	0.825812274368231
SPT35318	SPT35514	0.821754833227109
SPT35318	SPT35519	0.812397034596376
SPT35318	SPT35526	0.828112449799197
SPT35318	SPT35501	0.806137799618895
SPT35318	SPT35681	0.81122244488978
SPT35318	SPT35467	0.827237198116044
SPT35318	SPT35469	0.819229997994786
SPT35318	SPT35470	0.826334733053389
SPT35318	SPT35468	0.820214579364284
SPT35318	SPT35471	0.821478661590864
SPT35318	SPT35379	0.816533497234173
SPT35318	SPT35472	0.813618638136186
SPT35318	SPT35529	0.826803295157726
SPT35318	SPT35517	0.821750450630883
SPT35318	SPT35516	0.821066372125715
SPT35318	SPT35360	0.826221644848606
SPT35318	SPT35515	0.816486161251504
SPT35318	SPT35518	0.810237952409518
SPT35318	SPT35475	0.827113556778389
SPT35318	SPT35520	0.810472567080497
SPT35318	SPT35324	0.824894936962177
SPT35318	SPT35476	0.824882016266693
SPT35318	SPT35485	0.815900421602088
SPT35318	SPT35389	0.815447641886491
SPT35318	SPT35487	0.8198
SPT35318	SPT35369	0.818445243804956
SPT35318	SPT35370	0.864494853602478
SPT35318	SPT35382	0.931227508996401
SPT35318	SPT35521	0.814396762858056
SPT35318	SPT35553	0.813219829744617
SPT35318	SPT35532	0.818678538905191
SPT35318	SPT35384	0.817745803357314
SPT35318	SPT35522	0.817727090836335
SPT35318	SPT35361	0.834249725082475
SPT35318	SPT35342	0.814692323110844
SPT35318	SPT35556	0.814594039054471
SPT35318	SPT35557	0.813442656139285
SPT35318	SPT35328	0.81011898810119
SPT35318	SPT35592	0.819148936170213
SPT35318	SPT35435	0.81983156206136
SPT35318	SPT35304	0.820056044835869
SPT35318	SPT35390	0.824540367705835
SPT35318	SPT35436	0.809687184661958
SPT35318	SPT35580	0.814932318104907
SPT35318	SPT35538	0.812224785070245
SPT35318	SPT35537	0.812070605644224
SPT35318	SPT35320	0.81921716054843
SPT35318	SPT35541	0.812816872845265
SPT35318	SPT35673	0.809314388813712
SPT35318	SPT35502	0.808092948717949
SPT35318	SPT35330	0.824044585987261
SPT35318	SPT35546	0.819416230086603
SPT35318	SPT35547	0.817662961850406
SPT35318	SPT35544	0.8139017983431
SPT35318	SPT35362	0.814448441247002
SPT35318	SPT35499	0.816170555108608
SPT35318	SPT35336	0.817934782608696
SPT35318	SPT35577	0.81565757818765
SPT35318	SPT35325	0.807657339125164
SPT35318	SPT35331	0.8146482813749
SPT35318	SPT35337	0.825752274317705
SPT35318	SPT35306	0.820274191934354
SPT35318	SPT35407	0.830313344679147
SPT35318	SPT35346	0.826538768984812
SPT35318	SPT35405	0.829653968579936
SPT35318	SPT35410	0.811941796287004
SPT35318	SPT35575	0.810805402701351
SPT35318	SPT35576	0.826034793041392
SPT35318	SPT35766	0.819500991752793
SPT35318	SPT35347	0.826352094371688
SPT35318	SPT35412	0.815433403805497
SPT35318	SPT35414	0.815891079048974
SPT35318	SPT35348	0.8217
SPT35318	SPT35417	0.817634667469154
SPT35318	SPT35571	0.810822060353798
SPT35318	SPT35349	0.806854516386891
SPT35318	SPT35351	0.815828246684908
SPT35318	SPT35418	0.818437155181061
SPT35318	SPT35419	0.825611712795828
SPT35318	SPT35566	0.826193640732031
SPT35318	SPT35567	0.807507507507508
SPT35318	SPT35420	0.808576880586522
SPT35318	SPT35423	0.806183710226136
SPT35318	SPT35564	0.815338345864662
SPT35318	SPT35352	0.81205035971223
SPT35318	SPT35424	0.812342949040105
SPT35318	SPT35357	0.816155153453964
SPT35318	SPT35437	0.811392531784964
SPT35318	SPT35563	0.807615430741555
SPT35318	SPT35308	0.821625967239473
SPT35318	SPT35425	0.812198377656844
SPT35318	SPT35440	0.817075773745998
SPT35318	SPT35354	0.941746602717826
SPT35318	SPT35309	0.813338674143801
SPT35318	SPT35310	0.813796576032226
SPT35318	SPT35355	0.819118088191181
SPT35318	SPT35332	0.808176729308277
SPT35318	SPT35333	0.809433396622364
SPT35318	SPT35561	0.81985331055963
SPT35318	SPT35363	0.810694652673663
SPT35318	SPT35427	0.813926210279377
SPT35318	SPT35752	0.811777710782836
SPT35318	SPT35430	0.809394760614273
SPT35318	SPT35431	0.810808090973131
SPT35318	SPT35313	0.820248347686761
SPT35318	SPT35780	0.816874107325036
SPT35318	SPT35315	0.820664132826565
SPT35318	SPT35316	0.881004803843074
SPT35318	SPT35317	0.816218378162184
SPT35318	SPT35334	0.824522834016189
SPT35318	SPT35543	0.81544295796903
SPT35453	SPT35509	0.811022819885901
SPT35453	SPT35450	0.815173345339937
SPT35453	SPT35525	0.824564994882293
SPT35453	SPT35510	0.811686879823594
SPT35453	SPT35340	0.811133603238866
SPT35453	SPT35583	0.809842041312272
SPT35453	SPT35584	0.810049019607843
SPT35453	SPT35585	0.825043764802801
SPT35453	SPT35458	0.81878038897893
SPT35453	SPT35500	0.814608448991997
SPT35453	SPT35322	0.814050005061241
SPT35453	SPT35377	0.811051513004757
SPT35453	SPT35511	0.824366927692464
SPT35453	SPT35323	0.812917594654788
SPT35453	SPT35461	0.808510638297872
SPT35453	SPT35462	0.820978878960195
SPT35453	SPT35463	0.815594936708861
SPT35453	SPT35341	0.812639254608062
SPT35453	SPT35368	0.811557534662484
SPT35453	SPT35378	0.815302094929663
SPT35453	SPT35552	0.811859838274933
SPT35453	SPT35551	0.80765285186705
SPT35453	SPT35459	0.811005269558168
SPT35453	SPT35474	0.821421319796954
SPT35453	SPT35514	0.818094115124879
SPT35453	SPT35519	0.806257145826837
SPT35453	SPT35526	0.82407313357034
SPT35453	SPT35501	0.808378981537837
SPT35453	SPT35681	0.805434451992294
SPT35453	SPT35467	0.823410082158434
SPT35453	SPT35469	0.815581253804017
SPT35453	SPT35470	0.820694542877392
SPT35453	SPT35468	0.815525114155251
SPT35453	SPT35471	0.815287915652879
SPT35453	SPT35379	0.812959320981265
SPT35453	SPT35472	0.811886200263238
SPT35453	SPT35529	0.824748552270649
SPT35453	SPT35517	0.807337589946286
SPT35453	SPT35516	0.811516197826749
SPT35453	SPT35360	0.816607594936709
SPT35453	SPT35515	0.816862824675325
SPT35453	SPT35518	0.804416084270232
SPT35453	SPT35475	0.823577071095807
SPT35453	SPT35520	0.805899047232921
SPT35453	SPT35324	0.812126127952955
SPT35453	SPT35476	0.819410569105691
SPT35453	SPT35485	0.80493751904907
SPT35453	SPT35389	0.811152717336302
SPT35453	SPT35487	0.811708700496303
SPT35453	SPT35369	0.81074790001012
SPT35453	SPT35370	0.816093117408907
SPT35453	SPT35382	0.815051149599919
SPT35453	SPT35521	0.806229860365199
SPT35453	SPT35553	0.810054733427934
SPT35453	SPT35532	0.814124872057318
SPT35453	SPT35384	0.812771986641028
SPT35453	SPT35522	0.813550739315374
SPT35453	SPT35361	0.813525005061753
SPT35453	SPT35342	0.809968531113593
SPT35453	SPT35556	0.807113968681945
SPT35453	SPT35557	0.807055214723926
SPT35453	SPT35328	0.805347376949564
SPT35453	SPT35592	0.810843740481267
SPT35453	SPT35435	0.813438895655704
SPT35453	SPT35304	0.812829347385488
SPT35453	SPT35390	0.805184285135682
SPT35453	SPT35436	0.814164710684764
SPT35453	SPT35580	0.812886707915511
SPT35453	SPT35538	0.809584258965408
SPT35453	SPT35537	0.80701567331272
SPT35453	SPT35320	0.809885083119491
SPT35453	SPT35541	0.80897724943636
SPT35453	SPT35673	0.808636363636364
SPT35453	SPT35502	0.806935712837153
SPT35453	SPT35330	0.816628440366972
SPT35453	SPT35546	0.810350404312668
SPT35453	SPT35547	0.809789217673287
SPT35453	SPT35544	0.814746732026144
SPT35453	SPT35362	0.80791417872685
SPT35453	SPT35499	0.814618751908786
SPT35453	SPT35336	0.812710051940116
SPT35453	SPT35577	0.808258090696967
SPT35453	SPT35325	0.806029637199796
SPT35453	SPT35331	0.812771986641028
SPT35453	SPT35337	0.809557557962944
SPT35453	SPT35306	0.815888134562772
SPT35453	SPT35407	0.821866450501571
SPT35453	SPT35346	0.815099686266572
SPT35453	SPT35405	0.823048250155312
SPT35453	SPT35410	0.808227526663281
SPT35453	SPT35575	0.805186911153885
SPT35453	SPT35576	0.818264655259694
SPT35453	SPT35766	0.808134021704773
SPT35453	SPT35347	0.816754457050243
SPT35453	SPT35412	0.811173899136369
SPT35453	SPT35414	0.812821039654818
SPT35453	SPT35348	0.820014180087106
SPT35453	SPT35417	0.812709369607146
SPT35453	SPT35571	0.80775698969939
SPT35453	SPT35349	0.806294909422123
SPT35453	SPT35351	0.805724013192893
SPT35453	SPT35418	0.810031475276678
SPT35453	SPT35419	0.819750329848777
SPT35453	SPT35566	0.816501445683602
SPT35453	SPT35567	0.808896544736042
SPT35453	SPT35420	0.818154096361049
SPT35453	SPT35423	0.805977710233029
SPT35453	SPT35564	0.813191273465246
SPT35453	SPT35352	0.80922983503694
SPT35453	SPT35424	0.806448331977217
SPT35453	SPT35357	0.81399351964358
SPT35453	SPT35437	0.811207944872315
SPT35453	SPT35563	0.808622609047667
SPT35453	SPT35308	0.8133197763091
SPT35453	SPT35425	0.807963500622149
SPT35453	SPT35440	0.817310797717731
SPT35453	SPT35354	0.813082219522074
SPT35453	SPT35309	0.810150947219127
SPT35453	SPT35310	0.810455518190156
SPT35453	SPT35355	0.808814589665653
SPT35453	SPT35332	0.80621646248861
SPT35453	SPT35333	0.807591093117409
SPT35453	SPT35561	0.813636825525861
SPT35453	SPT35363	0.809779307552136
SPT35453	SPT35427	0.81280947255113
SPT35453	SPT35752	0.812239503913795
SPT35453	SPT35430	0.811795756775962
SPT35453	SPT35431	0.814645075873307
SPT35453	SPT35313	0.813406348240544
SPT35453	SPT35780	0.814986600700886
SPT35453	SPT35315	0.80837049047426
SPT35453	SPT35316	0.809934110491637
SPT35453	SPT35317	0.808892039700223
SPT35453	SPT35334	0.809919028340081
SPT35453	SPT35543	0.811549505476975
SPT35509	SPT35450	0.809203896540141
SPT35509	SPT35525	0.822666123114554
SPT35509	SPT35510	0.810255847150544
SPT35509	SPT35340	0.809634183210723
SPT35509	SPT35583	0.807056451612903
SPT35509	SPT35584	0.811008428963136
SPT35509	SPT35585	0.824976930175331
SPT35509	SPT35458	0.817888474336997
SPT35509	SPT35500	0.812241605324191
SPT35509	SPT35322	0.81181332526963
SPT35509	SPT35377	0.809835735160738
SPT35509	SPT35511	0.822267206477733
SPT35509	SPT35323	0.810685483870968
SPT35509	SPT35461	0.807203389830508
SPT35509	SPT35462	0.817428224828144
SPT35509	SPT35463	0.813306451612903
SPT35509	SPT35341	0.812626058894716
SPT35509	SPT35368	0.810944270885821
SPT35509	SPT35378	0.810742718935806
SPT35509	SPT35552	0.808870794943218
SPT35509	SPT35551	0.810024499795835
SPT35509	SPT35459	0.811138014527845
SPT35509	SPT35474	0.817235805213174
SPT35509	SPT35514	0.823403800982276
SPT35509	SPT35519	0.809947265019129
SPT35509	SPT35526	0.821894268674821
SPT35509	SPT35501	0.805614460264566
SPT35509	SPT35681	0.805449041372351
SPT35509	SPT35467	0.822062979410577
SPT35509	SPT35469	0.822989201735796
SPT35509	SPT35470	0.813810483870968
SPT35509	SPT35468	0.819347672422498
SPT35509	SPT35471	0.822639225181598
SPT35509	SPT35379	0.808159901092108
SPT35509	SPT35472	0.806513409961686
SPT35509	SPT35529	0.821934439498179
SPT35509	SPT35517	0.823298033282905
SPT35509	SPT35516	0.818163450853622
SPT35509	SPT35360	0.807804779671272
SPT35509	SPT35515	0.818622500504948
SPT35509	SPT35518	0.809821518604417
SPT35509	SPT35475	0.821554592196794
SPT35509	SPT35520	0.807269056032307
SPT35509	SPT35324	0.807168096920747
SPT35509	SPT35476	0.825022757155861
SPT35509	SPT35485	0.809807886754297
SPT35509	SPT35389	0.809634183210723
SPT35509	SPT35487	0.820070600100857
SPT35509	SPT35369	0.807820215660586
SPT35509	SPT35370	0.820903043741181
SPT35509	SPT35382	0.814504740770627
SPT35509	SPT35521	0.809813983322643
SPT35509	SPT35553	0.800928261527596
SPT35509	SPT35532	0.822378477529807
SPT35509	SPT35384	0.812556686485942
SPT35509	SPT35522	0.810238839060768
SPT35509	SPT35361	0.81306056636098
SPT35509	SPT35342	0.8066309511776
SPT35509	SPT35556	0.80926824233667
SPT35509	SPT35557	0.806471306471306
SPT35509	SPT35328	0.807118370639242
SPT35509	SPT35592	0.811419909044972
SPT35509	SPT35435	0.818787878787879
SPT35509	SPT35304	0.808879919273461
SPT35509	SPT35390	0.806009276063723
SPT35509	SPT35436	0.808977353508683
SPT35509	SPT35580	0.808836023789295
SPT35509	SPT35538	0.806723574665402
SPT35509	SPT35537	0.807565614706195
SPT35509	SPT35320	0.813519813519814
SPT35509	SPT35541	0.806339822648048
SPT35509	SPT35673	0.806831033702782
SPT35509	SPT35502	0.802181157225083
SPT35509	SPT35330	0.811387494294843
SPT35509	SPT35546	0.810857204162644
SPT35509	SPT35547	0.809720681657759
SPT35509	SPT35544	0.807493146512336
SPT35509	SPT35362	0.813362894286002
SPT35509	SPT35499	0.81182305901407
SPT35509	SPT35336	0.813095479424285
SPT35509	SPT35577	0.804483942637851
SPT35509	SPT35325	0.804350035572721
SPT35509	SPT35331	0.807719439685579
SPT35509	SPT35337	0.811756402500504
SPT35509	SPT35306	0.809941520467836
SPT35509	SPT35407	0.819897084048027
SPT35509	SPT35346	0.806207800060466
SPT35509	SPT35405	0.81890413785987
SPT35509	SPT35410	0.809061488673139
SPT35509	SPT35575	0.805849722642461
SPT35509	SPT35576	0.817073170731707
SPT35509	SPT35766	0.806986258260778
SPT35509	SPT35347	0.807645753479927
SPT35509	SPT35412	0.8096452092628
SPT35509	SPT35414	0.804190086867655
SPT35509	SPT35348	0.808976298537569
SPT35509	SPT35417	0.805760485093482
SPT35509	SPT35571	0.810042981444596
SPT35509	SPT35349	0.810944270885821
SPT35509	SPT35351	0.813207746851519
SPT35509	SPT35418	0.809437203192887
SPT35509	SPT35419	0.816472966144517
SPT35509	SPT35566	0.814137470461317
SPT35509	SPT35567	0.806314939977807
SPT35509	SPT35420	0.801477284225438
SPT35509	SPT35423	0.804619729675207
SPT35509	SPT35564	0.809245054501413
SPT35509	SPT35352	0.813161342335987
SPT35509	SPT35424	0.807392405063291
SPT35509	SPT35357	0.811655575720912
SPT35509	SPT35437	0.850917893887432
SPT35509	SPT35563	0.806711679935503
SPT35509	SPT35308	0.809552722121028
SPT35509	SPT35425	0.807402825033509
SPT35509	SPT35440	0.814790996784566
SPT35509	SPT35354	0.810244000806614
SPT35509	SPT35309	0.802681992337165
SPT35509	SPT35310	0.804112225260812
SPT35509	SPT35355	0.802966101694915
SPT35509	SPT35332	0.802802701885271
SPT35509	SPT35333	0.809634183210723
SPT35509	SPT35561	0.814998481935027
SPT35509	SPT35363	0.807176695897591
SPT35509	SPT35427	0.806872925810941
SPT35509	SPT35752	0.803519061583578
SPT35509	SPT35430	0.804666195333805
SPT35509	SPT35431	0.814476885644769
SPT35509	SPT35313	0.810475325461702
SPT35509	SPT35780	0.811018775007695
SPT35509	SPT35315	0.809744779582367
SPT35509	SPT35316	0.810595358224016
SPT35509	SPT35317	0.810205728116176
SPT35509	SPT35334	0.811026002822012
SPT35509	SPT35543	0.807207207207207
SPT35450	SPT35525	0.830784798740724
SPT35450	SPT35510	0.813098659003831
SPT35450	SPT35340	0.822755158951478
SPT35450	SPT35583	0.812137438643463
SPT35450	SPT35584	0.816019744222571
SPT35450	SPT35585	0.831223151706986
SPT35450	SPT35458	0.827528466175486
SPT35450	SPT35500	0.815066964285714
SPT35450	SPT35322	0.816934404283802
SPT35450	SPT35377	0.822643614054657
SPT35450	SPT35511	0.830366140409808
SPT35450	SPT35323	0.817471828628807
SPT35450	SPT35461	0.8140625
SPT35450	SPT35462	0.82778274474743
SPT35450	SPT35463	0.816467700546692
SPT35450	SPT35341	0.819287866949436
SPT35450	SPT35368	0.818851087562744
SPT35450	SPT35378	0.815058561070831
SPT35450	SPT35552	0.818671664519152
SPT35450	SPT35551	0.814497973885637
SPT35450	SPT35459	0.820140672100033
SPT35450	SPT35474	0.826329906124274
SPT35450	SPT35514	0.821273601501114
SPT35450	SPT35519	0.81248578576302
SPT35450	SPT35526	0.830800178810908
SPT35450	SPT35501	0.815836497654679
SPT35450	SPT35681	0.810874176621637
SPT35450	SPT35467	0.830169718624386
SPT35450	SPT35469	0.820527138708957
SPT35450	SPT35470	0.826213050752928
SPT35450	SPT35468	0.822050938337802
SPT35450	SPT35471	0.820160750167448
SPT35450	SPT35379	0.824003633473373
SPT35450	SPT35472	0.816091954022989
SPT35450	SPT35529	0.830667710546919
SPT35450	SPT35517	0.82109375
SPT35450	SPT35516	0.820558659217877
SPT35450	SPT35360	0.820200892857143
SPT35450	SPT35515	0.816394907303998
SPT35450	SPT35518	0.813706886929345
SPT35450	SPT35475	0.830022321428571
SPT35450	SPT35520	0.805006145938094
SPT35450	SPT35324	0.828788556101922
SPT35450	SPT35476	0.823687150837989
SPT35450	SPT35485	0.81544824502571
SPT35450	SPT35389	0.822532069157836
SPT35450	SPT35487	0.821651785714286
SPT35450	SPT35369	0.820189626324596
SPT35450	SPT35370	0.826213050752928
SPT35450	SPT35382	0.823246985261277
SPT35450	SPT35521	0.817228115164938
SPT35450	SPT35553	0.812346505916499
SPT35450	SPT35532	0.819916919276973
SPT35450	SPT35384	0.825432236475181
SPT35450	SPT35522	0.823647518126046
SPT35450	SPT35361	0.817137119268102
SPT35450	SPT35342	0.81270267248127
SPT35450	SPT35556	0.815463331438317
SPT35450	SPT35557	0.813749719164233
SPT35450	SPT35328	0.813364569388666
SPT35450	SPT35592	0.815030194587341
SPT35450	SPT35435	0.820658849804578
SPT35450	SPT35304	0.981481481481482
SPT35450	SPT35390	0.822209821428571
SPT35450	SPT35436	0.810853234667564
SPT35450	SPT35580	0.811270229363139
SPT35450	SPT35538	0.816756943644117
SPT35450	SPT35537	0.814134604207834
SPT35450	SPT35320	0.822778655646043
SPT35450	SPT35541	0.810240287446665
SPT35450	SPT35673	0.812385039852851
SPT35450	SPT35502	0.807868559293618
SPT35450	SPT35330	0.82225
SPT35450	SPT35546	0.816968987712112
SPT35450	SPT35547	0.814955357142857
SPT35450	SPT35544	0.815022421524664
SPT35450	SPT35362	0.813050752928054
SPT35450	SPT35499	0.812534974818131
SPT35450	SPT35336	0.826583128216603
SPT35450	SPT35577	0.815522054718035
SPT35450	SPT35325	0.816102265081857
SPT35450	SPT35331	0.82409369771333
SPT35450	SPT35337	0.817542684968195
SPT35450	SPT35306	0.813029897367247
SPT35450	SPT35407	0.829110391784797
SPT35450	SPT35346	0.81606246514222
SPT35450	SPT35405	0.828684807256236
SPT35450	SPT35410	0.816331096196868
SPT35450	SPT35575	0.813686090645233
SPT35450	SPT35576	0.823850959393128
SPT35450	SPT35766	0.818056512749828
SPT35450	SPT35347	0.820200892857143
SPT35450	SPT35412	0.816734456711214
SPT35450	SPT35414	0.818938371569951
SPT35450	SPT35348	0.820607278410359
SPT35450	SPT35417	0.817978782802903
SPT35450	SPT35571	0.815762184583477
SPT35450	SPT35349	0.812046848856665
SPT35450	SPT35351	0.827501749475157
SPT35450	SPT35418	0.819868141691809
SPT35450	SPT35419	0.8218320098423
SPT35450	SPT35566	0.824214334162333
SPT35450	SPT35567	0.805825242718447
SPT35450	SPT35420	0.812059514487079
SPT35450	SPT35423	0.81022549676267
SPT35450	SPT35564	0.814488224132158
SPT35450	SPT35352	0.817847183491355
SPT35450	SPT35424	0.808667485758964
SPT35450	SPT35357	0.817005132782861
SPT35450	SPT35437	0.815674891146589
SPT35450	SPT35563	0.806113342257921
SPT35450	SPT35308	0.980666070630308
SPT35450	SPT35425	0.818099342254479
SPT35450	SPT35440	0.818522421262147
SPT35450	SPT35354	0.819866071428571
SPT35450	SPT35309	0.82550485328573
SPT35450	SPT35310	0.826077224398433
SPT35450	SPT35355	0.818648799553322
SPT35450	SPT35332	0.81497600714206
SPT35450	SPT35333	0.81871932173137
SPT35450	SPT35561	0.816564073866816
SPT35450	SPT35363	0.809013833110219
SPT35450	SPT35427	0.818139317438055
SPT35450	SPT35752	0.809086839749329
SPT35450	SPT35430	0.816151010834357
SPT35450	SPT35431	0.819769394380387
SPT35450	SPT35313	0.817877469032474
SPT35450	SPT35780	0.816713721061547
SPT35450	SPT35315	0.825
SPT35450	SPT35316	0.817755443886097
SPT35450	SPT35317	0.816832235740596
SPT35450	SPT35334	0.819854991634133
SPT35450	SPT35543	0.816790352504638
SPT35525	SPT35510	0.816099548507874
SPT35525	SPT35340	0.824410484768748
SPT35525	SPT35583	0.824387279724529
SPT35525	SPT35584	0.824333979789732
SPT35525	SPT35585	0.832217530126687
SPT35525	SPT35458	0.83242147922999
SPT35525	SPT35500	0.82489366011748
SPT35525	SPT35322	0.821052631578947
SPT35525	SPT35377	0.824529447480267
SPT35525	SPT35511	0.994919731761837
SPT35525	SPT35323	0.823297237121749
SPT35525	SPT35461	0.821073961499493
SPT35525	SPT35462	0.829916785061904
SPT35525	SPT35463	0.824506329113924
SPT35525	SPT35341	0.825316455696202
SPT35525	SPT35368	0.827362882007691
SPT35525	SPT35378	0.820380489779397
SPT35525	SPT35552	0.817946784444684
SPT35525	SPT35551	0.82359573595736
SPT35525	SPT35459	0.826527510386057
SPT35525	SPT35474	0.830659898477157
SPT35525	SPT35514	0.832046332046332
SPT35525	SPT35519	0.818408218325205
SPT35525	SPT35526	0.994423037923342
SPT35525	SPT35501	0.817213031563991
SPT35525	SPT35681	0.816928535225545
SPT35525	SPT35467	0.9943279651575
SPT35525	SPT35469	0.831321635054265
SPT35525	SPT35470	0.828744939271255
SPT35525	SPT35468	0.830290119699736
SPT35525	SPT35471	0.830934522602879
SPT35525	SPT35379	0.824339720352149
SPT35525	SPT35472	0.816745975498633
SPT35525	SPT35529	0.993906773636641
SPT35525	SPT35517	0.829026046417351
SPT35525	SPT35516	0.829186554280491
SPT35525	SPT35360	0.823511543134872
SPT35525	SPT35515	0.83093160138015
SPT35525	SPT35518	0.815576260887178
SPT35525	SPT35475	0.993620899149453
SPT35525	SPT35520	0.818264747618082
SPT35525	SPT35324	0.820338639359221
SPT35525	SPT35476	0.83263895945534
SPT35525	SPT35485	0.820765249162692
SPT35525	SPT35389	0.824428253390002
SPT35525	SPT35487	0.832725799918996
SPT35525	SPT35369	0.823922282938676
SPT35525	SPT35370	0.829858299595142
SPT35525	SPT35382	0.830446672743847
SPT35525	SPT35521	0.823951967406454
SPT35525	SPT35553	0.819260010136847
SPT35525	SPT35532	0.832532460893569
SPT35525	SPT35384	0.825642582473184
SPT35525	SPT35522	0.825263371150729
SPT35525	SPT35361	0.82419028340081
SPT35525	SPT35342	0.82108788309316
SPT35525	SPT35556	0.820358660723541
SPT35525	SPT35557	0.817688606817484
SPT35525	SPT35328	0.815208586472256
SPT35525	SPT35592	0.82499238655974
SPT35525	SPT35435	0.832792537010748
SPT35525	SPT35304	0.827708523360697
SPT35525	SPT35390	0.824440619621343
SPT35525	SPT35436	0.820055085178007
SPT35525	SPT35580	0.821139078498293
SPT35525	SPT35538	0.826407930816283
SPT35525	SPT35537	0.824794972840558
SPT35525	SPT35320	0.825276320196494
SPT35525	SPT35541	0.819215405100891
SPT35525	SPT35673	0.820419739081112
SPT35525	SPT35502	0.816680178354276
SPT35525	SPT35330	0.827198715743607
SPT35525	SPT35546	0.824011208104322
SPT35525	SPT35547	0.823451910408432
SPT35525	SPT35544	0.822592176488612
SPT35525	SPT35362	0.821981580811659
SPT35525	SPT35499	0.821806346623271
SPT35525	SPT35336	0.825883311271765
SPT35525	SPT35577	0.820359281437126
SPT35525	SPT35325	0.813820557313463
SPT35525	SPT35331	0.82349964578484
SPT35525	SPT35337	0.824476161554813
SPT35525	SPT35306	0.82946835443038
SPT35525	SPT35407	0.82968591691996
SPT35525	SPT35346	0.823315118397086
SPT35525	SPT35405	0.831035555094848
SPT35525	SPT35410	0.820518029456577
SPT35525	SPT35575	0.822802754151478
SPT35525	SPT35576	0.824845600890959
SPT35525	SPT35766	0.823671751709626
SPT35525	SPT35347	0.823523452537737
SPT35525	SPT35412	0.817968916329572
SPT35525	SPT35414	0.825631546518792
SPT35525	SPT35348	0.825400040510431
SPT35525	SPT35417	0.826294416243655
SPT35525	SPT35571	0.824642556770395
SPT35525	SPT35349	0.823922282938676
SPT35525	SPT35351	0.825698799022213
SPT35525	SPT35418	0.817720491220948
SPT35525	SPT35419	0.826312049538118
SPT35525	SPT35566	0.825701320132013
SPT35525	SPT35567	0.81981160741416
SPT35525	SPT35420	0.817978669375317
SPT35525	SPT35423	0.816764527232233
SPT35525	SPT35564	0.823463800446157
SPT35525	SPT35352	0.820582877959927
SPT35525	SPT35424	0.822082147214315
SPT35525	SPT35357	0.820998278829604
SPT35525	SPT35437	0.823160238890576
SPT35525	SPT35563	0.819653881186115
SPT35525	SPT35308	0.828913948999289
SPT35525	SPT35425	0.820791873963516
SPT35525	SPT35440	0.82860824742268
SPT35525	SPT35354	0.828996658904526
SPT35525	SPT35309	0.819738575336914
SPT35525	SPT35310	0.820614570614571
SPT35525	SPT35355	0.821117635148816
SPT35525	SPT35332	0.813765182186235
SPT35525	SPT35333	0.820665924501569
SPT35525	SPT35561	0.824735987002437
SPT35525	SPT35363	0.818605121975909
SPT35525	SPT35427	0.823605288616575
SPT35525	SPT35752	0.81845903638951
SPT35525	SPT35430	0.822914552466004
SPT35525	SPT35431	0.820640569395018
SPT35525	SPT35313	0.823618854536239
SPT35525	SPT35780	0.820777079253839
SPT35525	SPT35315	0.822307770236045
SPT35525	SPT35316	0.822080291970803
SPT35525	SPT35317	0.821164556962025
SPT35525	SPT35334	0.82481530209493
SPT35525	SPT35543	0.819091199318932
SPT35510	SPT35340	0.808508311461067
SPT35510	SPT35583	0.804747320061256
SPT35510	SPT35584	0.810240632897484
SPT35510	SPT35585	0.823516386182462
SPT35510	SPT35458	0.82273771747456
SPT35510	SPT35500	0.809560271275432
SPT35510	SPT35322	0.812096685989281
SPT35510	SPT35377	0.809055118110236
SPT35510	SPT35511	0.815160157964019
SPT35510	SPT35323	0.81382629621527
SPT35510	SPT35461	0.811139074296969
SPT35510	SPT35462	0.816776315789474
SPT35510	SPT35463	0.812643552444493
SPT35510	SPT35341	0.813614972091496
SPT35510	SPT35368	0.809383202099738
SPT35510	SPT35378	0.81408573928259
SPT35510	SPT35552	0.808032128514056
SPT35510	SPT35551	0.809256198347107
SPT35510	SPT35459	0.815175736340742
SPT35510	SPT35474	0.817335086565856
SPT35510	SPT35514	0.825606810077073
SPT35510	SPT35519	0.80546265328874
SPT35510	SPT35526	0.81552441427633
SPT35510	SPT35501	0.806854264754188
SPT35510	SPT35681	0.808575803981623
SPT35510	SPT35467	0.814668856048166
SPT35510	SPT35469	0.818878668418747
SPT35510	SPT35470	0.815815377884721
SPT35510	SPT35468	0.824740010946908
SPT35510	SPT35471	0.820490367775832
SPT35510	SPT35379	0.811699164345404
SPT35510	SPT35472	0.802319221091784
SPT35510	SPT35529	0.81521262604121
SPT35510	SPT35517	0.817923186344239
SPT35510	SPT35516	0.816230423830906
SPT35510	SPT35360	0.813854235062377
SPT35510	SPT35515	0.817743702081052
SPT35510	SPT35518	0.808075281759492
SPT35510	SPT35475	0.815536105032823
SPT35510	SPT35520	0.803153054521568
SPT35510	SPT35324	0.810577028358699
SPT35510	SPT35476	0.826920968979502
SPT35510	SPT35485	0.807300230187438
SPT35510	SPT35389	0.80916447944007
SPT35510	SPT35487	0.816938395885764
SPT35510	SPT35369	0.814632545931758
SPT35510	SPT35370	0.811877939407197
SPT35510	SPT35382	0.813245758073344
SPT35510	SPT35521	0.810897435897436
SPT35510	SPT35553	0.808471051767539
SPT35510	SPT35532	0.821884632320564
SPT35510	SPT35384	0.811898512685914
SPT35510	SPT35522	0.812862299026578
SPT35510	SPT35361	0.813210848643919
SPT35510	SPT35342	0.803003727252795
SPT35510	SPT35556	0.804483604728976
SPT35510	SPT35557	0.810073683052898
SPT35510	SPT35328	0.807528175949229
SPT35510	SPT35592	0.820282553937137
SPT35510	SPT35435	0.816579062636881
SPT35510	SPT35304	0.810973606395795
SPT35510	SPT35390	0.809607178028231
SPT35510	SPT35436	0.802330694810906
SPT35510	SPT35580	0.809893750714041
SPT35510	SPT35538	0.811672887682389
SPT35510	SPT35537	0.809877672344804
SPT35510	SPT35320	0.813199904693829
SPT35510	SPT35541	0.803058642314886
SPT35510	SPT35673	0.824125452352232
SPT35510	SPT35502	0.812424674044045
SPT35510	SPT35330	0.817379580830984
SPT35510	SPT35546	0.810481553844386
SPT35510	SPT35547	0.810018593459477
SPT35510	SPT35544	0.81023102310231
SPT35510	SPT35362	0.812554680664917
SPT35510	SPT35499	0.810724860182037
SPT35510	SPT35336	0.812781376962776
SPT35510	SPT35577	0.805716788960683
SPT35510	SPT35325	0.802044405363816
SPT35510	SPT35331	0.808836395450569
SPT35510	SPT35337	0.814312287996499
SPT35510	SPT35306	0.803128076123811
SPT35510	SPT35407	0.821295688334428
SPT35510	SPT35346	0.812445319335083
SPT35510	SPT35405	0.820273424474825
SPT35510	SPT35410	0.812966213251426
SPT35510	SPT35575	0.808862144420131
SPT35510	SPT35576	0.816034124466805
SPT35510	SPT35766	0.807713995714447
SPT35510	SPT35347	0.814032399299475
SPT35510	SPT35412	0.811945392491468
SPT35510	SPT35414	0.813701657458563
SPT35510	SPT35348	0.810112728466674
SPT35510	SPT35417	0.812944912933961
SPT35510	SPT35571	0.811497628190648
SPT35510	SPT35349	0.806102362204724
SPT35510	SPT35351	0.810514285714286
SPT35510	SPT35418	0.813971312821636
SPT35510	SPT35419	0.817055793050532
SPT35510	SPT35566	0.813566836621592
SPT35510	SPT35567	0.806631648063033
SPT35510	SPT35420	0.80558904109589
SPT35510	SPT35423	0.800744063901959
SPT35510	SPT35564	0.805494746059545
SPT35510	SPT35352	0.811898512685914
SPT35510	SPT35424	0.807304233384514
SPT35510	SPT35357	0.811925601750547
SPT35510	SPT35437	0.816610132399606
SPT35510	SPT35563	0.806758530183727
SPT35510	SPT35308	0.812465708328761
SPT35510	SPT35425	0.810777777777778
SPT35510	SPT35440	0.812090564302954
SPT35510	SPT35354	0.813436918700077
SPT35510	SPT35309	0.813169984686064
SPT35510	SPT35310	0.813206098497313
SPT35510	SPT35355	0.807683887915937
SPT35510	SPT35332	0.802756809977027
SPT35510	SPT35333	0.80684676801925
SPT35510	SPT35561	0.819936396534708
SPT35510	SPT35363	0.809997812294903
SPT35510	SPT35427	0.812981931177351
SPT35510	SPT35752	0.803904364992323
SPT35510	SPT35430	0.813833862318048
SPT35510	SPT35431	0.812095269454505
SPT35510	SPT35313	0.813655761024182
SPT35510	SPT35780	0.81336584284606
SPT35510	SPT35315	0.808929743926461
SPT35510	SPT35316	0.813711532143248
SPT35510	SPT35317	0.811008973517181
SPT35510	SPT35334	0.812554680664917
SPT35510	SPT35543	0.81064483111566
SPT35340	SPT35583	0.805258422473258
SPT35340	SPT35584	0.812701938610662
SPT35340	SPT35585	0.82424304210419
SPT35340	SPT35458	0.821328531412565
SPT35340	SPT35500	0.812124849939976
SPT35340	SPT35322	0.810170846238385
SPT35340	SPT35377	0.99900109879133
SPT35340	SPT35511	0.824557877813505
SPT35340	SPT35323	0.81294964028777
SPT35340	SPT35461	0.804980498049805
SPT35340	SPT35462	0.82213755764989
SPT35340	SPT35463	0.808476609356258
SPT35340	SPT35341	0.816773290683727
SPT35340	SPT35368	0.814404155429028
SPT35340	SPT35378	0.810008990110878
SPT35340	SPT35552	0.806282722513089
SPT35340	SPT35551	0.805947427179539
SPT35340	SPT35459	0.811662332466493
SPT35340	SPT35474	0.821271050521251
SPT35340	SPT35514	0.817815054676717
SPT35340	SPT35519	0.806093042404282
SPT35340	SPT35526	0.823747867108301
SPT35340	SPT35501	0.806936647955092
SPT35340	SPT35681	0.810778323149354
SPT35340	SPT35467	0.823081546784212
SPT35340	SPT35469	0.822244488977956
SPT35340	SPT35470	0.819990004997501
SPT35340	SPT35468	0.81978550666533
SPT35340	SPT35471	0.817344281994793
SPT35340	SPT35379	0.814765513004301
SPT35340	SPT35472	0.81077568972411
SPT35340	SPT35529	0.824025713137806
SPT35340	SPT35517	0.818318318318318
SPT35340	SPT35516	0.821321019875527
SPT35340	SPT35360	0.814292853573213
SPT35340	SPT35515	0.816040100250627
SPT35340	SPT35518	0.811756473058083
SPT35340	SPT35475	0.823782378237824
SPT35340	SPT35520	0.804624161745571
SPT35340	SPT35324	0.832966373098479
SPT35340	SPT35476	0.820399558277281
SPT35340	SPT35485	0.817762167586553
SPT35340	SPT35389	0.999100988912197
SPT35340	SPT35487	0.819454163750875
SPT35340	SPT35369	0.810208770352612
SPT35340	SPT35370	0.814566889799181
SPT35340	SPT35382	0.817836432713457
SPT35340	SPT35521	0.816797956142218
SPT35340	SPT35553	0.814258536096926
SPT35340	SPT35532	0.817924337446895
SPT35340	SPT35384	0.813505144341225
SPT35340	SPT35522	0.816181618161816
SPT35340	SPT35361	0.816328570000999
SPT35340	SPT35342	0.808436028454063
SPT35340	SPT35556	0.808012326656394
SPT35340	SPT35557	0.811532625189681
SPT35340	SPT35328	0.805897051474263
SPT35340	SPT35592	0.807402949142341
SPT35340	SPT35435	0.81799959911806
SPT35340	SPT35304	0.821693015809486
SPT35340	SPT35390	0.819408354987008
SPT35340	SPT35436	0.806354009077156
SPT35340	SPT35580	0.809745270056019
SPT35340	SPT35538	0.808675607711651
SPT35340	SPT35537	0.806339144215531
SPT35340	SPT35320	0.813018013040115
SPT35340	SPT35541	0.813380638621389
SPT35340	SPT35673	0.808632931364815
SPT35340	SPT35502	0.807649944928407
SPT35340	SPT35330	0.815164260543367
SPT35340	SPT35546	0.811411475584998
SPT35340	SPT35547	0.811430287258533
SPT35340	SPT35544	0.813288902352822
SPT35340	SPT35362	0.811988011988012
SPT35340	SPT35499	0.811482002815202
SPT35340	SPT35336	0.813700834926064
SPT35340	SPT35577	0.811284826618561
SPT35340	SPT35325	0.810158537816823
SPT35340	SPT35331	0.814285714285714
SPT35340	SPT35337	0.814911053367979
SPT35340	SPT35306	0.810524209683874
SPT35340	SPT35407	0.822440196176559
SPT35340	SPT35346	0.809709319748277
SPT35340	SPT35405	0.819870676383044
SPT35340	SPT35410	0.805315947843531
SPT35340	SPT35575	0.807580758075808
SPT35340	SPT35576	0.815492253873063
SPT35340	SPT35766	0.80978714524207
SPT35340	SPT35347	0.8144
SPT35340	SPT35412	0.81349122436033
SPT35340	SPT35414	0.820231566118221
SPT35340	SPT35348	0.817154853543937
SPT35340	SPT35417	0.819175609266874
SPT35340	SPT35571	0.806139438085328
SPT35340	SPT35349	0.809209869143942
SPT35340	SPT35351	0.815493105988843
SPT35340	SPT35418	0.815847542627884
SPT35340	SPT35419	0.815538847117794
SPT35340	SPT35566	0.820355610055181
SPT35340	SPT35567	0.811968377864505
SPT35340	SPT35420	0.80375615145124
SPT35340	SPT35423	0.808942682804841
SPT35340	SPT35564	0.808860378871404
SPT35340	SPT35352	0.806912396364
SPT35340	SPT35424	0.806872990353698
SPT35340	SPT35357	0.810213871676994
SPT35340	SPT35437	0.811349079263411
SPT35340	SPT35563	0.812368868018783
SPT35340	SPT35308	0.821697639377197
SPT35340	SPT35425	0.813936781609195
SPT35340	SPT35440	0.81574735943668
SPT35340	SPT35354	0.81611033379972
SPT35340	SPT35309	0.820138124311881
SPT35340	SPT35310	0.81942627075994
SPT35340	SPT35355	0.8134
SPT35340	SPT35332	0.811931647846507
SPT35340	SPT35333	0.812887112887113
SPT35340	SPT35561	0.809059863398955
SPT35340	SPT35363	0.807154276578737
SPT35340	SPT35427	0.813492486411595
SPT35340	SPT35752	0.810566492567296
SPT35340	SPT35430	0.812280525734925
SPT35340	SPT35431	0.814404989437682
SPT35340	SPT35313	0.813075690828995
SPT35340	SPT35780	0.813889455435448
SPT35340	SPT35315	0.811324529811925
SPT35340	SPT35316	0.810529476528876
SPT35340	SPT35317	0.805977608956417
SPT35340	SPT35334	0.814685314685315
SPT35340	SPT35543	0.818066961465572
SPT35583	SPT35584	0.808787878787879
SPT35583	SPT35585	0.816114227434982
SPT35583	SPT35458	0.819701671839023
SPT35583	SPT35500	0.811711711711712
SPT35583	SPT35322	0.804919508049195
SPT35583	SPT35377	0.80555833250025
SPT35583	SPT35511	0.82326329546597
SPT35583	SPT35323	0.8089
SPT35583	SPT35461	0.808947157726181
SPT35583	SPT35462	0.81550963081862
SPT35583	SPT35463	0.80964289286786
SPT35583	SPT35341	0.806222488995598
SPT35583	SPT35368	0.804158752374288
SPT35583	SPT35378	0.809157252824153
SPT35583	SPT35552	0.805727719598205
SPT35583	SPT35551	0.804060913705584
SPT35583	SPT35459	0.812412412412412
SPT35583	SPT35474	0.819594865623747
SPT35583	SPT35514	0.81839422259983
SPT35583	SPT35519	0.805312467826624
SPT35583	SPT35526	0.82342306147047
SPT35583	SPT35501	0.806720160481444
SPT35583	SPT35681	0.80751503006012
SPT35583	SPT35467	0.823393805753232
SPT35583	SPT35469	0.821872493985565
SPT35583	SPT35470	0.818445533660098
SPT35583	SPT35468	0.819512684247468
SPT35583	SPT35471	0.819557158601343
SPT35583	SPT35379	0.804056130287821
SPT35583	SPT35472	0.807222889155662
SPT35583	SPT35529	0.823269366020295
SPT35583	SPT35517	0.816387859360914
SPT35583	SPT35516	0.821970077317
SPT35583	SPT35360	0.807142142642793
SPT35583	SPT35515	0.815383072603289
SPT35583	SPT35518	0.806203101550775
SPT35583	SPT35475	0.823611805902951
SPT35583	SPT35520	0.805068616648302
SPT35583	SPT35324	0.810797275641026
SPT35583	SPT35476	0.821349668608154
SPT35583	SPT35485	0.809839357429719
SPT35583	SPT35389	0.805258422473258
SPT35583	SPT35487	0.822211105552776
SPT35583	SPT35369	0.810856742977107
SPT35583	SPT35370	0.811737652469506
SPT35583	SPT35382	0.822993796277767
SPT35583	SPT35521	0.810284254231875
SPT35583	SPT35553	0.808154678421158
SPT35583	SPT35532	0.815973276647434
SPT35583	SPT35384	0.811656503049085
SPT35583	SPT35522	0.810286171703022
SPT35583	SPT35361	0.8123
SPT35583	SPT35342	0.804572345332398
SPT35583	SPT35556	0.807399794450154
SPT35583	SPT35557	0.806415705322809
SPT35583	SPT35328	0.807942382714814
SPT35583	SPT35592	0.810116419108792
SPT35583	SPT35435	0.817251755265797
SPT35583	SPT35304	0.811874249098919
SPT35583	SPT35390	0.811462292458492
SPT35583	SPT35436	0.803551609322974
SPT35583	SPT35580	0.81298234485675
SPT35583	SPT35538	0.80578555706949
SPT35583	SPT35537	0.805135792032125
SPT35583	SPT35320	0.810523988503206
SPT35583	SPT35541	0.805820320421821
SPT35583	SPT35673	0.799436302142052
SPT35583	SPT35502	0.804509018036072
SPT35583	SPT35330	0.812549732863476
SPT35583	SPT35546	0.808444681988242
SPT35583	SPT35547	0.808412618928393
SPT35583	SPT35544	0.803919587837155
SPT35583	SPT35362	0.809857042887134
SPT35583	SPT35499	0.812091338899507
SPT35583	SPT35336	0.811354942621301
SPT35583	SPT35577	0.808162855996791
SPT35583	SPT35325	0.80238432006466
SPT35583	SPT35331	0.803758872338298
SPT35583	SPT35337	0.809861972394479
SPT35583	SPT35306	0.806926233610249
SPT35583	SPT35407	0.814021031547321
SPT35583	SPT35346	0.811156653004099
SPT35583	SPT35405	0.813244353182752
SPT35583	SPT35410	0.808510638297872
SPT35583	SPT35575	0.80564451561249
SPT35583	SPT35576	0.810062012402481
SPT35583	SPT35766	0.802128991859737
SPT35583	SPT35347	0.807265085559892
SPT35583	SPT35412	0.801522681611505
SPT35583	SPT35414	0.810486739152525
SPT35583	SPT35348	0.811705852926463
SPT35583	SPT35417	0.811377545901475
SPT35583	SPT35571	0.804080782844056
SPT35583	SPT35349	0.806458062581226
SPT35583	SPT35351	0.806801431880396
SPT35583	SPT35418	0.807846678707606
SPT35583	SPT35419	0.81482596047748
SPT35583	SPT35566	0.816639411283729
SPT35583	SPT35567	0.802563075690829
SPT35583	SPT35420	0.805446688774997
SPT35583	SPT35423	0.803222900610549
SPT35583	SPT35564	0.808382633109395
SPT35583	SPT35352	0.808057582725182
SPT35583	SPT35424	0.808044243338361
SPT35583	SPT35357	0.805161032206441
SPT35583	SPT35437	0.811717576364547
SPT35583	SPT35563	0.802819718028197
SPT35583	SPT35308	0.813266331658291
SPT35583	SPT35425	0.807451503643642
SPT35583	SPT35440	0.808156293370343
SPT35583	SPT35354	0.821164232846569
SPT35583	SPT35309	0.806887576333967
SPT35583	SPT35310	0.807653575025176
SPT35583	SPT35355	0.803442754203363
SPT35583	SPT35332	0.801980198019802
SPT35583	SPT35333	0.805138972205559
SPT35583	SPT35561	0.808121419238114
SPT35583	SPT35363	0.8097
SPT35583	SPT35427	0.811260396673065
SPT35583	SPT35752	0.805025125628141
SPT35583	SPT35430	0.810016057808109
SPT35583	SPT35431	0.811071967790639
SPT35583	SPT35313	0.808755760368664
SPT35583	SPT35780	0.803305447867782
SPT35583	SPT35315	0.807969563476171
SPT35583	SPT35316	0.808674747070019
SPT35583	SPT35317	0.80922368947579
SPT35583	SPT35334	0.807838432313537
SPT35583	SPT35543	0.811394271272115
SPT35584	SPT35585	0.827073070607553
SPT35584	SPT35458	0.81853086793978
SPT35584	SPT35500	0.813497676298242
SPT35584	SPT35322	0.810581583198708
SPT35584	SPT35377	0.812941651524329
SPT35584	SPT35511	0.825425790754258
SPT35584	SPT35323	0.812077148338887
SPT35584	SPT35461	0.812310491206792
SPT35584	SPT35462	0.824268206218981
SPT35584	SPT35463	0.812746187253813
SPT35584	SPT35341	0.813718557430043
SPT35584	SPT35368	0.815768221280032
SPT35584	SPT35378	0.813042600444175
SPT35584	SPT35552	0.811533505154639
SPT35584	SPT35551	0.86408263448558
SPT35584	SPT35459	0.816858702243784
SPT35584	SPT35474	0.823196032790203
SPT35584	SPT35514	0.821199829205807
SPT35584	SPT35519	0.805077720207254
SPT35584	SPT35526	0.824845600890959
SPT35584	SPT35501	0.807587253414264
SPT35584	SPT35681	0.809942406789936
SPT35584	SPT35467	0.824807925596442
SPT35584	SPT35469	0.821768156989682
SPT35584	SPT35470	0.819888944977284
SPT35584	SPT35468	0.815504503592754
SPT35584	SPT35471	0.816996766370251
SPT35584	SPT35379	0.812983796057385
SPT35584	SPT35472	0.813169056756211
SPT35584	SPT35529	0.825192541548439
SPT35584	SPT35517	0.818779058014959
SPT35584	SPT35516	0.819350268191479
SPT35584	SPT35360	0.815757575757576
SPT35584	SPT35515	0.814833552565011
SPT35584	SPT35518	0.811010101010101
SPT35584	SPT35475	0.824159175840824
SPT35584	SPT35520	0.808512789404509
SPT35584	SPT35324	0.813934674891293
SPT35584	SPT35476	0.820723184442419
SPT35584	SPT35485	0.815216290142843
SPT35584	SPT35389	0.812638804764789
SPT35584	SPT35487	0.816060606060606
SPT35584	SPT35369	0.812739753684636
SPT35584	SPT35370	0.820274636510501
SPT35584	SPT35382	0.821157926644438
SPT35584	SPT35521	0.81695423855964
SPT35584	SPT35553	0.811520970186963
SPT35584	SPT35532	0.818126148193509
SPT35584	SPT35384	0.81819099535635
SPT35584	SPT35522	0.817245557350565
SPT35584	SPT35361	0.812619888944977
SPT35584	SPT35342	0.812069663831511
SPT35584	SPT35556	0.811219209273442
SPT35584	SPT35557	0.809319873559702
SPT35584	SPT35328	0.804444444444444
SPT35584	SPT35592	0.813892264074524
SPT35584	SPT35435	0.819708619991906
SPT35584	SPT35304	0.815608572583906
SPT35584	SPT35390	0.80951419048581
SPT35584	SPT35436	0.8098383982112
SPT35584	SPT35580	0.815445165407935
SPT35584	SPT35538	0.810864978902954
SPT35584	SPT35537	0.810931518502765
SPT35584	SPT35320	0.813542361574383
SPT35584	SPT35541	0.817281176590747
SPT35584	SPT35673	0.807971014492754
SPT35584	SPT35502	0.809205867475974
SPT35584	SPT35330	0.81456043956044
SPT35584	SPT35546	0.987867726003865
SPT35584	SPT35547	0.997675593734209
SPT35584	SPT35544	0.814211544334725
SPT35584	SPT35362	0.811509338717819
SPT35584	SPT35499	0.811802879740418
SPT35584	SPT35336	0.818661793075439
SPT35584	SPT35577	0.892824612893432
SPT35584	SPT35325	0.809164969450102
SPT35584	SPT35331	0.812216052498738
SPT35584	SPT35337	0.817291182708817
SPT35584	SPT35306	0.811673230334242
SPT35584	SPT35407	0.825181891673403
SPT35584	SPT35346	0.816272965879265
SPT35584	SPT35405	0.821815928106601
SPT35584	SPT35410	0.811917308471828
SPT35584	SPT35575	0.810712481051036
SPT35584	SPT35576	0.817043618739903
SPT35584	SPT35766	0.809673696359249
SPT35584	SPT35347	0.815563415866599
SPT35584	SPT35412	0.811086333227142
SPT35584	SPT35414	0.812890025575448
SPT35584	SPT35348	0.817336835724389
SPT35584	SPT35417	0.814024081756552
SPT35584	SPT35571	0.866715604026846
SPT35584	SPT35349	0.810115081768625
SPT35584	SPT35351	0.810604453870626
SPT35584	SPT35418	0.814087642951118
SPT35584	SPT35419	0.822784810126582
SPT35584	SPT35566	0.817835836247686
SPT35584	SPT35567	0.811564900930045
SPT35584	SPT35420	0.802554226636935
SPT35584	SPT35423	0.808830958876427
SPT35584	SPT35564	0.807929604531203
SPT35584	SPT35352	0.812335958005249
SPT35584	SPT35424	0.812512674913811
SPT35584	SPT35357	0.81042318957681
SPT35584	SPT35437	0.814110987566967
SPT35584	SPT35563	0.811629315566323
SPT35584	SPT35308	0.816901408450704
SPT35584	SPT35425	0.810148821827201
SPT35584	SPT35440	0.816387816387816
SPT35584	SPT35354	0.817190182809817
SPT35584	SPT35309	0.810529506871463
SPT35584	SPT35310	0.810747663551402
SPT35584	SPT35355	0.808489135927236
SPT35584	SPT35332	0.809432437891335
SPT35584	SPT35333	0.809692074709743
SPT35584	SPT35561	0.815602836879433
SPT35584	SPT35363	0.81147127133192
SPT35584	SPT35427	0.808859809074332
SPT35584	SPT35752	0.814266896342081
SPT35584	SPT35430	0.813821714054437
SPT35584	SPT35431	0.821903891090115
SPT35584	SPT35313	0.812493682401698
SPT35584	SPT35780	0.810444078947368
SPT35584	SPT35315	0.810283867057279
SPT35584	SPT35316	0.815728292732235
SPT35584	SPT35317	0.806060606060606
SPT35584	SPT35334	0.81675921251893
SPT35584	SPT35543	0.812360624402676
SPT35585	SPT35458	0.832602264612874
SPT35585	SPT35500	0.823031415748674
SPT35585	SPT35322	0.828405383360522
SPT35585	SPT35377	0.824566768603466
SPT35585	SPT35511	0.831439975437519
SPT35585	SPT35323	0.836953196696237
SPT35585	SPT35461	0.819489795918367
SPT35585	SPT35462	0.920425488391122
SPT35585	SPT35463	0.829917405934537
SPT35585	SPT35341	0.845251453636642
SPT35585	SPT35368	0.822833843017329
SPT35585	SPT35378	0.826503567787971
SPT35585	SPT35552	0.823961937716263
SPT35585	SPT35551	0.825405014962336
SPT35585	SPT35459	0.826699326393141
SPT35585	SPT35474	0.921708912510221
SPT35585	SPT35514	0.838935574229692
SPT35585	SPT35519	0.817185216120276
SPT35585	SPT35526	0.831356105543056
SPT35585	SPT35501	0.814950980392157
SPT35585	SPT35681	0.822850724933633
SPT35585	SPT35467	0.830949948927477
SPT35585	SPT35469	0.833588722034937
SPT35585	SPT35470	0.931287593026812
SPT35585	SPT35468	0.832312091503268
SPT35585	SPT35471	0.835596854896354
SPT35585	SPT35379	0.832084114095357
SPT35585	SPT35472	0.821231898837447
SPT35585	SPT35529	0.831200737025284
SPT35585	SPT35517	0.835016835016835
SPT35585	SPT35516	0.835990190067443
SPT35585	SPT35360	0.867401060791514
SPT35585	SPT35515	0.83382728666326
SPT35585	SPT35518	0.818320922166684
SPT35585	SPT35475	0.830850846765966
SPT35585	SPT35520	0.822256253190403
SPT35585	SPT35324	0.824754901960784
SPT35585	SPT35476	0.836947626841244
SPT35585	SPT35485	0.823667791756162
SPT35585	SPT35389	0.824464831804281
SPT35585	SPT35487	0.831208567057624
SPT35585	SPT35369	0.833741080530071
SPT35585	SPT35370	0.846263635436844
SPT35585	SPT35382	0.829303132333435
SPT35585	SPT35521	0.827113891285591
SPT35585	SPT35553	0.82265306122449
SPT35585	SPT35532	0.836665292662819
SPT35585	SPT35384	0.829051987767584
SPT35585	SPT35522	0.860683324834268
SPT35585	SPT35361	0.827638959714431
SPT35585	SPT35342	0.825766871165644
SPT35585	SPT35556	0.826223010326484
SPT35585	SPT35557	0.821906526662549
SPT35585	SPT35328	0.823625420789554
SPT35585	SPT35592	0.824966772313669
SPT35585	SPT35435	0.83534341782502
SPT35585	SPT35304	0.828909759085341
SPT35585	SPT35390	0.854563997960224
SPT35585	SPT35436	0.822085259373395
SPT35585	SPT35580	0.823927038626609
SPT35585	SPT35538	0.819330855018587
SPT35585	SPT35537	0.816538296961917
SPT35585	SPT35320	0.84638621615574
SPT35585	SPT35541	0.823383854005568
SPT35585	SPT35673	0.818461538461538
SPT35585	SPT35502	0.821516142214957
SPT35585	SPT35330	0.841353902832144
SPT35585	SPT35546	0.826981377219576
SPT35585	SPT35547	0.826432796247196
SPT35585	SPT35544	0.826788651315789
SPT35585	SPT35362	0.821100917431193
SPT35585	SPT35499	0.822390658609034
SPT35585	SPT35336	0.829250794301527
SPT35585	SPT35577	0.826779695638852
SPT35585	SPT35325	0.81587334224324
SPT35585	SPT35331	0.830886850152905
SPT35585	SPT35337	0.847628760836308
SPT35585	SPT35306	0.823829439967357
SPT35585	SPT35407	0.955009181799633
SPT35585	SPT35346	0.834148827726809
SPT35585	SPT35405	0.945934705760033
SPT35585	SPT35410	0.826122532474174
SPT35585	SPT35575	0.817282187308712
SPT35585	SPT35576	0.920770877944325
SPT35585	SPT35766	0.826335877862595
SPT35585	SPT35347	0.86746250382614
SPT35585	SPT35412	0.825495447241564
SPT35585	SPT35414	0.831767984312107
SPT35585	SPT35348	0.835339726586411
SPT35585	SPT35417	0.830337078651685
SPT35585	SPT35571	0.826050153422918
SPT35585	SPT35349	0.823241590214067
SPT35585	SPT35351	0.826282051282051
SPT35585	SPT35418	0.828238421429302
SPT35585	SPT35419	0.918736583869979
SPT35585	SPT35566	0.873053767905335
SPT35585	SPT35567	0.819314005716619
SPT35585	SPT35420	0.814219948849105
SPT35585	SPT35423	0.819536592834541
SPT35585	SPT35564	0.821154828819622
SPT35585	SPT35352	0.82986748216106
SPT35585	SPT35424	0.817074419080766
SPT35585	SPT35357	0.828268407097695
SPT35585	SPT35437	0.825558844544248
SPT35585	SPT35563	0.819655418493221
SPT35585	SPT35308	0.829238329238329
SPT35585	SPT35425	0.825257893091591
SPT35585	SPT35440	0.827116445021083
SPT35585	SPT35354	0.835084140744518
SPT35585	SPT35309	0.824862216778934
SPT35585	SPT35310	0.824669332513073
SPT35585	SPT35355	0.826921114399429
SPT35585	SPT35332	0.816049760375242
SPT35585	SPT35333	0.821898256703028
SPT35585	SPT35561	0.827617975227761
SPT35585	SPT35363	0.824105230957479
SPT35585	SPT35427	0.826274848746759
SPT35585	SPT35752	0.820693890082898
SPT35585	SPT35430	0.823589533932952
SPT35585	SPT35431	0.824771865067159
SPT35585	SPT35313	0.836734693877551
SPT35585	SPT35780	0.824102883219249
SPT35585	SPT35315	0.828895010713192
SPT35585	SPT35316	0.829044117647059
SPT35585	SPT35317	0.847189635825768
SPT35585	SPT35334	0.843307166887552
SPT35585	SPT35543	0.826040440783139
SPT35458	SPT35500	0.823199439046379
SPT35458	SPT35322	0.825730292116847
SPT35458	SPT35377	0.821964392878576
SPT35458	SPT35511	0.832562349155269
SPT35458	SPT35323	0.823311655827914
SPT35458	SPT35461	0.880044057274457
SPT35458	SPT35462	0.826121875313723
SPT35458	SPT35463	0.8215751025718
SPT35458	SPT35341	0.827044339905915
SPT35458	SPT35368	0.82126425285057
SPT35458	SPT35378	0.823964792958592
SPT35458	SPT35552	0.8120590121873
SPT35458	SPT35551	0.819622181596587
SPT35458	SPT35459	0.8951532145003
SPT35458	SPT35474	0.828281814532316
SPT35458	SPT35514	0.826553372278279
SPT35458	SPT35519	0.811843460350155
SPT35458	SPT35526	0.833065488147851
SPT35458	SPT35501	0.812844957350728
SPT35458	SPT35681	0.813615400040104
SPT35458	SPT35467	0.832313709758299
SPT35458	SPT35469	0.827800621803229
SPT35458	SPT35470	0.825177624337036
SPT35458	SPT35468	0.822579026593076
SPT35458	SPT35471	0.822756892230576
SPT35458	SPT35379	0.821227333265034
SPT35458	SPT35472	0.813632269042138
SPT35458	SPT35529	0.83209330384074
SPT35458	SPT35517	0.825167818855826
SPT35458	SPT35516	0.822465588264845
SPT35458	SPT35360	0.823658927141713
SPT35458	SPT35515	0.81945002007226
SPT35458	SPT35518	0.81961961961962
SPT35458	SPT35475	0.832665732024835
SPT35458	SPT35520	0.819502906394067
SPT35458	SPT35324	0.821625413368073
SPT35458	SPT35476	0.826650587880615
SPT35458	SPT35485	0.825597749648383
SPT35458	SPT35389	0.821864372874575
SPT35458	SPT35487	0.825225225225225
SPT35458	SPT35369	0.819563912782556
SPT35458	SPT35370	0.822629051620648
SPT35458	SPT35382	0.824106517168886
SPT35458	SPT35521	0.82745766322292
SPT35458	SPT35553	0.81379033874524
SPT35458	SPT35532	0.821891454029972
SPT35458	SPT35384	0.823864772954591
SPT35458	SPT35522	0.823370381495945
SPT35458	SPT35361	0.817071950365256
SPT35458	SPT35342	0.812199036918138
SPT35458	SPT35556	0.816649537512847
SPT35458	SPT35557	0.821236967304383
SPT35458	SPT35328	0.813532178961065
SPT35458	SPT35592	0.81771617957216
SPT35458	SPT35435	0.821274460612142
SPT35458	SPT35304	0.827071435727883
SPT35458	SPT35390	0.818673071149805
SPT35458	SPT35436	0.813610662358643
SPT35458	SPT35580	0.822527763088313
SPT35458	SPT35538	0.820994127516778
SPT35458	SPT35537	0.81892177589852
SPT35458	SPT35320	0.815396526932861
SPT35458	SPT35541	0.811567732115677
SPT35458	SPT35673	0.816736212924326
SPT35458	SPT35502	0.816860465116279
SPT35458	SPT35330	0.823475887170155
SPT35458	SPT35546	0.820222317229585
SPT35458	SPT35547	0.817954112814347
SPT35458	SPT35544	0.822316555488175
SPT35458	SPT35362	0.81814544363309
SPT35458	SPT35499	0.816562688669752
SPT35458	SPT35336	0.824826336454243
SPT35458	SPT35577	0.813584829938798
SPT35458	SPT35325	0.810168806226625
SPT35458	SPT35331	0.820446133840152
SPT35458	SPT35337	0.822075452816972
SPT35458	SPT35306	0.815159707619906
SPT35458	SPT35407	0.830026057326117
SPT35458	SPT35346	0.824464892978596
SPT35458	SPT35405	0.828832529007085
SPT35458	SPT35410	0.816593009240659
SPT35458	SPT35575	0.819801781960156
SPT35458	SPT35576	0.824694816890134
SPT35458	SPT35766	0.817166127179701
SPT35458	SPT35347	0.823588305967161
SPT35458	SPT35412	0.817749100909668
SPT35458	SPT35414	0.823003454582402
SPT35458	SPT35348	0.818418418418418
SPT35458	SPT35417	0.823966278602971
SPT35458	SPT35571	0.819620912309935
SPT35458	SPT35349	0.817663532706541
SPT35458	SPT35351	0.819464925215926
SPT35458	SPT35418	0.818939546093593
SPT35458	SPT35419	0.821959052589322
SPT35458	SPT35566	0.827709611451943
SPT35458	SPT35567	0.817890413703296
SPT35458	SPT35420	0.8159429030961
SPT35458	SPT35423	0.813639094732626
SPT35458	SPT35564	0.817315409309791
SPT35458	SPT35352	0.815563112622524
SPT35458	SPT35424	0.818565825203661
SPT35458	SPT35357	0.825978184729311
SPT35458	SPT35437	0.81715258992085
SPT35458	SPT35563	0.818527410964386
SPT35458	SPT35308	0.827031375703942
SPT35458	SPT35425	0.817789646672145
SPT35458	SPT35440	0.822869955156951
SPT35458	SPT35354	0.824677274091864
SPT35458	SPT35309	0.821160204388338
SPT35458	SPT35310	0.821342200725514
SPT35458	SPT35355	0.816361269650546
SPT35458	SPT35332	0.811787072243346
SPT35458	SPT35333	0.817245173552066
SPT35458	SPT35561	0.819945712275058
SPT35458	SPT35363	0.821910955477739
SPT35458	SPT35427	0.818404777137983
SPT35458	SPT35752	0.813913742837036
SPT35458	SPT35430	0.821403473546833
SPT35458	SPT35431	0.822759315206445
SPT35458	SPT35313	0.82291040288635
SPT35458	SPT35780	0.820010209290454
SPT35458	SPT35315	0.824937406109164
SPT35458	SPT35316	0.820505111244738
SPT35458	SPT35317	0.821539385446902
SPT35458	SPT35334	0.822146643993198
SPT35458	SPT35543	0.818632100326694
SPT35500	SPT35322	0.811924769907963
SPT35500	SPT35377	0.812162432486497
SPT35500	SPT35511	0.825505380669818
SPT35500	SPT35323	0.813806903451726
SPT35500	SPT35461	0.808231524133787
SPT35500	SPT35462	0.817442794058611
SPT35500	SPT35463	0.815196716388027
SPT35500	SPT35341	0.81943749374437
SPT35500	SPT35368	0.817863572714543
SPT35500	SPT35378	0.811562312462493
SPT35500	SPT35552	0.81302116741501
SPT35500	SPT35551	0.813528336380256
SPT35500	SPT35459	0.816324486730095
SPT35500	SPT35474	0.82077270446563
SPT35500	SPT35514	0.819485762855929
SPT35500	SPT35519	0.807870608838982
SPT35500	SPT35526	0.826536761751708
SPT35500	SPT35501	0.878952122854562
SPT35500	SPT35681	0.809122807017544
SPT35500	SPT35467	0.825882117080994
SPT35500	SPT35469	0.821027287319422
SPT35500	SPT35470	0.817808904452226
SPT35500	SPT35468	0.816130003009329
SPT35500	SPT35471	0.817443609022556
SPT35500	SPT35379	0.817688050830088
SPT35500	SPT35472	0.814670269188432
SPT35500	SPT35529	0.826362356726322
SPT35500	SPT35517	0.820386889846647
SPT35500	SPT35516	0.820190858864892
SPT35500	SPT35360	0.81455164131305
SPT35500	SPT35515	0.816293769439149
SPT35500	SPT35518	0.811029926934241
SPT35500	SPT35475	0.825590708850621
SPT35500	SPT35520	0.802725177837892
SPT35500	SPT35324	0.810301633430203
SPT35500	SPT35476	0.821123505175359
SPT35500	SPT35485	0.811106647921269
SPT35500	SPT35389	0.812162432486497
SPT35500	SPT35487	0.821156925540432
SPT35500	SPT35369	0.814662932586517
SPT35500	SPT35370	0.817445233570071
SPT35500	SPT35382	0.815797377114826
SPT35500	SPT35521	0.811348876823166
SPT35500	SPT35553	0.812406052710692
SPT35500	SPT35532	0.821182665046578
SPT35500	SPT35384	0.815463092618524
SPT35500	SPT35522	0.810973167801362
SPT35500	SPT35361	0.813206603301651
SPT35500	SPT35342	0.811998394863563
SPT35500	SPT35556	0.811408016443988
SPT35500	SPT35557	0.814721069150552
SPT35500	SPT35328	0.807064945461823
SPT35500	SPT35592	0.808514911135656
SPT35500	SPT35435	0.819586594421032
SPT35500	SPT35304	0.813382750676149
SPT35500	SPT35390	0.810867607325128
SPT35500	SPT35436	0.809023922479055
SPT35500	SPT35580	0.813432046536224
SPT35500	SPT35538	0.811890531613715
SPT35500	SPT35537	0.809513742071882
SPT35500	SPT35320	0.815326772088909
SPT35500	SPT35541	0.813977076782635
SPT35500	SPT35673	0.809539918809202
SPT35500	SPT35502	0.806416040100251
SPT35500	SPT35330	0.815514103730664
SPT35500	SPT35546	0.811825082861114
SPT35500	SPT35547	0.813408157129973
SPT35500	SPT35544	0.814799838253134
SPT35500	SPT35362	0.817063412682536
SPT35500	SPT35499	0.906794162053347
SPT35500	SPT35336	0.814426758009269
SPT35500	SPT35577	0.811835506519559
SPT35500	SPT35325	0.80531689073082
SPT35500	SPT35331	0.816163232646529
SPT35500	SPT35337	0.815370759531672
SPT35500	SPT35306	0.809452287974367
SPT35500	SPT35407	0.82139637383552
SPT35500	SPT35346	0.815563112622524
SPT35500	SPT35405	0.820786689945568
SPT35500	SPT35410	0.809939759036145
SPT35500	SPT35575	0.809032645703986
SPT35500	SPT35576	0.812568798158711
SPT35500	SPT35766	0.809648115276183
SPT35500	SPT35347	0.814696165782361
SPT35500	SPT35412	0.808229320922361
SPT35500	SPT35414	0.815003049400285
SPT35500	SPT35348	0.815215215215215
SPT35500	SPT35417	0.815179198875615
SPT35500	SPT35571	0.814421173283318
SPT35500	SPT35349	0.809861972394479
SPT35500	SPT35351	0.811775858436907
SPT35500	SPT35418	0.808395260092388
SPT35500	SPT35419	0.818765679879578
SPT35500	SPT35566	0.820106361219063
SPT35500	SPT35567	0.805708562844266
SPT35500	SPT35420	0.807035175879397
SPT35500	SPT35423	0.810096153846154
SPT35500	SPT35564	0.809370924049363
SPT35500	SPT35352	0.810262052410482
SPT35500	SPT35424	0.810017097455496
SPT35500	SPT35357	0.812068447913539
SPT35500	SPT35437	0.812581388360212
SPT35500	SPT35563	0.805722288915566
SPT35500	SPT35308	0.812185803338025
SPT35500	SPT35425	0.812262503851289
SPT35500	SPT35440	0.81532877882152
SPT35500	SPT35354	0.812869008305814
SPT35500	SPT35309	0.808898687243211
SPT35500	SPT35310	0.809936511135745
SPT35500	SPT35355	0.813056974066286
SPT35500	SPT35332	0.804382629577747
SPT35500	SPT35333	0.808661732346469
SPT35500	SPT35561	0.809748743718593
SPT35500	SPT35363	0.811224489795918
SPT35500	SPT35427	0.81220006398635
SPT35500	SPT35752	0.812933722216635
SPT35500	SPT35430	0.809117381263179
SPT35500	SPT35431	0.815023663276609
SPT35500	SPT35313	0.814310051107325
SPT35500	SPT35780	0.814081632653061
SPT35500	SPT35315	0.814722083124687
SPT35500	SPT35316	0.812506263152621
SPT35500	SPT35317	0.808727855069563
SPT35500	SPT35334	0.814144243272982
SPT35500	SPT35543	0.814350437256348
SPT35322	SPT35377	0.810127846584099
SPT35322	SPT35511	0.8213603938511
SPT35322	SPT35323	0.829953042261964
SPT35322	SPT35461	0.8155
SPT35322	SPT35462	0.822055137844611
SPT35322	SPT35463	0.811594202898551
SPT35322	SPT35341	0.817991004497751
SPT35322	SPT35368	0.816520175789053
SPT35322	SPT35378	0.822213343987215
SPT35322	SPT35552	0.81254675643903
SPT35322	SPT35551	0.814250913520097
SPT35322	SPT35459	0.817781778177818
SPT35322	SPT35474	0.82389495840433
SPT35322	SPT35514	0.819388405181567
SPT35322	SPT35519	0.808852290272774
SPT35322	SPT35526	0.82153969687845
SPT35322	SPT35501	0.804090635652697
SPT35322	SPT35681	0.812900641025641
SPT35322	SPT35467	0.82067721899419
SPT35322	SPT35469	0.816195630386851
SPT35322	SPT35470	0.822106735958425
SPT35322	SPT35468	0.816058540497193
SPT35322	SPT35471	0.814940917284198
SPT35322	SPT35379	0.816282642089094
SPT35322	SPT35472	0.808095952023988
SPT35322	SPT35529	0.821030430852666
SPT35322	SPT35517	0.81159275202723
SPT35322	SPT35516	0.814595462758482
SPT35322	SPT35360	0.81860883469918
SPT35322	SPT35515	0.812731829573935
SPT35322	SPT35518	0.809576169532187
SPT35322	SPT35475	0.820864172834567
SPT35322	SPT35520	0.80404323458767
SPT35322	SPT35324	0.813769638747123
SPT35322	SPT35476	0.819112627986348
SPT35322	SPT35485	0.810837932764676
SPT35322	SPT35389	0.810227726727927
SPT35322	SPT35487	0.811775289884046
SPT35322	SPT35369	0.811925689172992
SPT35322	SPT35370	0.817482517482517
SPT35322	SPT35382	0.815155453363991
SPT35322	SPT35521	0.813092070250133
SPT35322	SPT35553	0.810973167801362
SPT35322	SPT35532	0.815110751491858
SPT35322	SPT35384	0.816320415501398
SPT35322	SPT35522	0.819181918191819
SPT35322	SPT35361	0.82262416308584
SPT35322	SPT35342	0.811160088158686
SPT35322	SPT35556	0.809019930141771
SPT35322	SPT35557	0.806758397409955
SPT35322	SPT35328	0.817791104447776
SPT35322	SPT35592	0.809972910604997
SPT35322	SPT35435	0.812988574864702
SPT35322	SPT35304	0.814607303651826
SPT35322	SPT35390	0.813530528629959
SPT35322	SPT35436	0.813395198708897
SPT35322	SPT35580	0.81014799154334
SPT35322	SPT35538	0.813056690768102
SPT35322	SPT35537	0.810122569737954
SPT35322	SPT35320	0.815318302387268
SPT35322	SPT35541	0.807197161682717
SPT35322	SPT35673	0.809851217312894
SPT35322	SPT35502	0.804064877853424
SPT35322	SPT35330	0.82912687585266
SPT35322	SPT35546	0.809874959923052
SPT35322	SPT35547	0.811111111111111
SPT35322	SPT35544	0.812847187152813
SPT35322	SPT35362	0.819598441714114
SPT35322	SPT35499	0.814315874132904
SPT35322	SPT35336	0.815995975855131
SPT35322	SPT35577	0.811022044088176
SPT35322	SPT35325	0.808239927294759
SPT35322	SPT35331	0.817900309659375
SPT35322	SPT35337	0.821724792645148
SPT35322	SPT35306	0.826748024407322
SPT35322	SPT35407	0.825860688550841
SPT35322	SPT35346	0.851977626847783
SPT35322	SPT35405	0.823752822828988
SPT35322	SPT35410	0.81510834670947
SPT35322	SPT35575	0.810881088108811
SPT35322	SPT35576	0.821706975814511
SPT35322	SPT35766	0.808390732623669
SPT35322	SPT35347	0.818918108189181
SPT35322	SPT35412	0.811588073588496
SPT35322	SPT35414	0.812798374809548
SPT35322	SPT35348	0.811375449820072
SPT35322	SPT35417	0.812876052948255
SPT35322	SPT35571	0.816545265348595
SPT35322	SPT35349	0.81432281262485
SPT35322	SPT35351	0.811578947368421
SPT35322	SPT35418	0.841894060995185
SPT35322	SPT35419	0.819348370927318
SPT35322	SPT35566	0.820421095666394
SPT35322	SPT35567	0.808165716001201
SPT35322	SPT35420	0.803635998392929
SPT35322	SPT35423	0.806961392278456
SPT35322	SPT35564	0.805472038484666
SPT35322	SPT35352	0.809628445864962
SPT35322	SPT35424	0.809825195901145
SPT35322	SPT35357	0.999800179838146
SPT35322	SPT35437	0.811849479583667
SPT35322	SPT35563	0.809390609390609
SPT35322	SPT35308	0.815469613259668
SPT35322	SPT35425	0.806097310613837
SPT35322	SPT35440	0.813400192040969
SPT35322	SPT35354	0.811132207454782
SPT35322	SPT35309	0.811492641906097
SPT35322	SPT35310	0.811958928930944
SPT35322	SPT35355	0.837716228377162
SPT35322	SPT35332	0.80865307753797
SPT35322	SPT35333	0.808910198781341
SPT35322	SPT35561	0.810767376456408
SPT35322	SPT35363	0.809571385752823
SPT35322	SPT35427	0.81613728416116
SPT35322	SPT35752	0.811652435961828
SPT35322	SPT35430	0.811277214808869
SPT35322	SPT35431	0.813902021929383
SPT35322	SPT35313	0.829612573831214
SPT35322	SPT35780	0.813787477054864
SPT35322	SPT35315	0.814044213263979
SPT35322	SPT35316	0.818036232609348
SPT35322	SPT35317	0.825587206396802
SPT35322	SPT35334	0.82009789231845
SPT35322	SPT35543	0.813098873328419
SPT35377	SPT35511	0.824510296333501
SPT35377	SPT35323	0.813305364099491
SPT35377	SPT35461	0.805138972205559
SPT35377	SPT35462	0.82179011726972
SPT35377	SPT35463	0.808295852073963
SPT35377	SPT35341	0.817128010392725
SPT35377	SPT35368	0.814959057319752
SPT35377	SPT35378	0.809966047533453
SPT35377	SPT35552	0.806603269580083
SPT35377	SPT35551	0.806150411042322
SPT35377	SPT35459	0.811618838116188
SPT35377	SPT35474	0.821106434155141
SPT35377	SPT35514	0.818027391442828
SPT35377	SPT35519	0.805804260574251
SPT35377	SPT35526	0.823783241344706
SPT35377	SPT35501	0.807036888532478
SPT35377	SPT35681	0.811035449629481
SPT35377	SPT35467	0.823217147435897
SPT35377	SPT35469	0.822344689378757
SPT35377	SPT35470	0.820243804956035
SPT35377	SPT35468	0.820004008819403
SPT35377	SPT35471	0.81758109731678
SPT35377	SPT35379	0.814989249513668
SPT35377	SPT35472	0.810632557209953
SPT35377	SPT35529	0.82407872276333
SPT35377	SPT35517	0.818336502852567
SPT35377	SPT35516	0.821657968687274
SPT35377	SPT35360	0.814848121502798
SPT35377	SPT35515	0.816277438107648
SPT35377	SPT35518	0.81171297221667
SPT35377	SPT35475	0.824
SPT35377	SPT35520	0.805083049829898
SPT35377	SPT35324	0.832616308154077
SPT35377	SPT35476	0.820453633079085
SPT35377	SPT35485	0.817999398013444
SPT35377	SPT35389	0.99950069902137
SPT35377	SPT35487	0.819708175094943
SPT35377	SPT35369	0.810365488316357
SPT35377	SPT35370	0.81472233320016
SPT35377	SPT35382	0.817991004497751
SPT35377	SPT35521	0.816836951894423
SPT35377	SPT35553	0.814314314314314
SPT35377	SPT35532	0.817878450803924
SPT35377	SPT35384	0.813061713600959
SPT35377	SPT35522	0.816018398160184
SPT35377	SPT35361	0.816864821660506
SPT35377	SPT35342	0.80849358974359
SPT35377	SPT35556	0.808217770929635
SPT35377	SPT35557	0.811937278705109
SPT35377	SPT35328	0.805835914859598
SPT35377	SPT35592	0.80750326010633
SPT35377	SPT35435	0.818336673346693
SPT35377	SPT35304	0.821646493948184
SPT35377	SPT35390	0.819562393845539
SPT35377	SPT35436	0.806555723651034
SPT35377	SPT35580	0.809850967128211
SPT35377	SPT35538	0.808989941324392
SPT35377	SPT35537	0.806570885273611
SPT35377	SPT35320	0.813128522488673
SPT35377	SPT35541	0.813215769737509
SPT35377	SPT35673	0.808971035726361
SPT35377	SPT35502	0.807307307307307
SPT35377	SPT35330	0.815505285892918
SPT35377	SPT35546	0.811625173629661
SPT35377	SPT35547	0.811849479583667
SPT35377	SPT35544	0.813591840856306
SPT35377	SPT35362	0.811944472186158
SPT35377	SPT35499	0.811639360739773
SPT35377	SPT35336	0.813417823375578
SPT35377	SPT35577	0.81104097785793
SPT35377	SPT35325	0.809994952044422
SPT35377	SPT35331	0.814241486068111
SPT35377	SPT35337	0.814866620041962
SPT35377	SPT35306	0.81038103810381
SPT35377	SPT35407	0.822293376025615
SPT35377	SPT35346	0.809866187337727
SPT35377	SPT35405	0.819768038591809
SPT35377	SPT35410	0.804914744232698
SPT35377	SPT35575	0.807819218078192
SPT35377	SPT35576	0.815647482014389
SPT35377	SPT35766	0.809369782971619
SPT35377	SPT35347	0.814955513345996
SPT35377	SPT35412	0.81384778012685
SPT35377	SPT35414	0.81994516096273
SPT35377	SPT35348	0.817209674195483
SPT35377	SPT35417	0.818828955283738
SPT35377	SPT35571	0.806575798564145
SPT35377	SPT35349	0.809366886359097
SPT35377	SPT35351	0.815512523679225
SPT35377	SPT35418	0.8160481444333
SPT35377	SPT35419	0.815676054926331
SPT35377	SPT35566	0.820559983650112
SPT35377	SPT35567	0.811505752876438
SPT35377	SPT35420	0.804077123920466
SPT35377	SPT35423	0.8091
SPT35377	SPT35564	0.808917835671343
SPT35377	SPT35352	0.806970241661674
SPT35377	SPT35424	0.806931190356605
SPT35377	SPT35357	0.810170846238385
SPT35377	SPT35437	0.811486892135281
SPT35377	SPT35563	0.811725928885338
SPT35377	SPT35308	0.821733453851562
SPT35377	SPT35425	0.814244663382594
SPT35377	SPT35440	0.815893333333333
SPT35377	SPT35354	0.816665001498651
SPT35377	SPT35309	0.820238214392954
SPT35377	SPT35310	0.819444444444444
SPT35377	SPT35355	0.81295611316605
SPT35377	SPT35332	0.811888111888112
SPT35377	SPT35333	0.813442524717867
SPT35377	SPT35561	0.809499899578229
SPT35377	SPT35363	0.807711517330936
SPT35377	SPT35427	0.813172759245444
SPT35377	SPT35752	0.810485085869238
SPT35377	SPT35430	0.812418497341759
SPT35377	SPT35431	0.81414060142814
SPT35377	SPT35313	0.813131818636773
SPT35377	SPT35780	0.813704496788009
SPT35377	SPT35315	0.811381138113811
SPT35377	SPT35316	0.810667467227059
SPT35377	SPT35317	0.806335565104427
SPT35377	SPT35334	0.814840707080795
SPT35377	SPT35543	0.817961676142346
SPT35511	SPT35323	0.823452572347267
SPT35511	SPT35461	0.820092518101368
SPT35511	SPT35462	0.830293258087272
SPT35511	SPT35463	0.824067558057706
SPT35511	SPT35341	0.826899879372738
SPT35511	SPT35368	0.827825213460573
SPT35511	SPT35378	0.820492214967353
SPT35511	SPT35552	0.817908847184987
SPT35511	SPT35551	0.823295628248242
SPT35511	SPT35459	0.825724054706356
SPT35511	SPT35474	0.831133501259446
SPT35511	SPT35514	0.832178270604542
SPT35511	SPT35519	0.817234262125903
SPT35511	SPT35526	0.997581863979849
SPT35511	SPT35501	0.817632241813602
SPT35511	SPT35681	0.816790819408093
SPT35511	SPT35467	0.998289910471784
SPT35511	SPT35469	0.830680902497986
SPT35511	SPT35470	0.829765852678123
SPT35511	SPT35468	0.829641562625856
SPT35511	SPT35471	0.831134830329272
SPT35511	SPT35379	0.825174825174825
SPT35511	SPT35472	0.817752312022517
SPT35511	SPT35529	0.997076907569801
SPT35511	SPT35517	0.829545454545455
SPT35511	SPT35516	0.829334677419355
SPT35511	SPT35360	0.823600361845412
SPT35511	SPT35515	0.83146972902186
SPT35511	SPT35518	0.816225997788278
SPT35511	SPT35475	0.997386409328508
SPT35511	SPT35520	0.817028985507246
SPT35511	SPT35324	0.820350241545894
SPT35511	SPT35476	0.832190399354579
SPT35511	SPT35485	0.81979439629107
SPT35511	SPT35389	0.824409844299347
SPT35511	SPT35487	0.832914446566804
SPT35511	SPT35369	0.823304871923656
SPT35511	SPT35370	0.829616234679526
SPT35511	SPT35382	0.830082445204102
SPT35511	SPT35521	0.823654995730145
SPT35511	SPT35553	0.819380156973234
SPT35511	SPT35532	0.832571370517119
SPT35511	SPT35384	0.824912104470116
SPT35511	SPT35522	0.824185765983112
SPT35511	SPT35361	0.82504270927545
SPT35511	SPT35342	0.821194721466707
SPT35511	SPT35556	0.819156614083926
SPT35511	SPT35557	0.818107915862209
SPT35511	SPT35328	0.815038198632891
SPT35511	SPT35592	0.823891129032258
SPT35511	SPT35435	0.832812972101924
SPT35511	SPT35304	0.828286892666734
SPT35511	SPT35390	0.825527638190955
SPT35511	SPT35436	0.819886478816136
SPT35511	SPT35580	0.821511998301126
SPT35511	SPT35538	0.826763376432251
SPT35511	SPT35537	0.825381679389313
SPT35511	SPT35320	0.82318358291736
SPT35511	SPT35541	0.816960195459635
SPT35511	SPT35673	0.818531073446328
SPT35511	SPT35502	0.815776235033706
SPT35511	SPT35330	0.826646911328926
SPT35511	SPT35546	0.823769173012979
SPT35511	SPT35547	0.824044265593561
SPT35511	SPT35544	0.821345236887491
SPT35511	SPT35362	0.822903063787042
SPT35511	SPT35499	0.821349222379317
SPT35511	SPT35336	0.824838187702265
SPT35511	SPT35577	0.820324302548091
SPT35511	SPT35325	0.813932265260596
SPT35511	SPT35331	0.824510296333501
SPT35511	SPT35337	0.826467041800643
SPT35511	SPT35306	0.829126018304335
SPT35511	SPT35407	0.82989638869329
SPT35511	SPT35346	0.824309392265193
SPT35511	SPT35405	0.830190623390005
SPT35511	SPT35410	0.820373171961674
SPT35511	SPT35575	0.823718592964824
SPT35511	SPT35576	0.825178338189491
SPT35511	SPT35766	0.823480083857442
SPT35511	SPT35347	0.824049869294189
SPT35511	SPT35412	0.817420790505457
SPT35511	SPT35414	0.824423587023057
SPT35511	SPT35348	0.826078214537046
SPT35511	SPT35417	0.825959891161947
SPT35511	SPT35571	0.824026719549108
SPT35511	SPT35349	0.824711200401808
SPT35511	SPT35351	0.824355724545839
SPT35511	SPT35418	0.81913499344692
SPT35511	SPT35419	0.825657563236924
SPT35511	SPT35566	0.825645756457565
SPT35511	SPT35567	0.819132884015693
SPT35511	SPT35420	0.817869762746088
SPT35511	SPT35423	0.817048652995577
SPT35511	SPT35564	0.822481634296065
SPT35511	SPT35352	0.820592667001507
SPT35511	SPT35424	0.822846177153823
SPT35511	SPT35357	0.821306532663317
SPT35511	SPT35437	0.822807723250201
SPT35511	SPT35563	0.818766325095439
SPT35511	SPT35308	0.828470469459869
SPT35511	SPT35425	0.81979381443299
SPT35511	SPT35440	0.827046720960137
SPT35511	SPT35354	0.828040201005025
SPT35511	SPT35309	0.818877037633327
SPT35511	SPT35310	0.81915646808941
SPT35511	SPT35355	0.821223997588182
SPT35511	SPT35332	0.814409163987138
SPT35511	SPT35333	0.819670484227446
SPT35511	SPT35561	0.823125819796186
SPT35511	SPT35363	0.818729903536977
SPT35511	SPT35427	0.822717053848624
SPT35511	SPT35752	0.818411224386797
SPT35511	SPT35430	0.822379032258065
SPT35511	SPT35431	0.820919656392117
SPT35511	SPT35313	0.82389051021435
SPT35511	SPT35780	0.819205569205569
SPT35511	SPT35315	0.822204344328238
SPT35511	SPT35316	0.822334004024145
SPT35511	SPT35317	0.820566948130277
SPT35511	SPT35334	0.826300984528833
SPT35511	SPT35543	0.817556848228451
SPT35323	SPT35461	0.811481148114812
SPT35323	SPT35462	0.824561403508772
SPT35323	SPT35463	0.81623675264947
SPT35323	SPT35341	0.820171931227509
SPT35323	SPT35368	0.817101188692438
SPT35323	SPT35378	0.814603935670762
SPT35323	SPT35552	0.817015818725951
SPT35323	SPT35551	0.816243654822335
SPT35323	SPT35459	0.815663132626525
SPT35323	SPT35474	0.827568922305764
SPT35323	SPT35514	0.81945624468989
SPT35323	SPT35519	0.80934733374511
SPT35323	SPT35526	0.823027504517165
SPT35323	SPT35501	0.810688859921789
SPT35323	SPT35681	0.80967644996494
SPT35323	SPT35467	0.822763250175333
SPT35323	SPT35469	0.816377668637867
SPT35323	SPT35470	0.825487256371814
SPT35323	SPT35468	0.815839598997494
SPT35323	SPT35471	0.818027040560841
SPT35323	SPT35379	0.820360507988529
SPT35323	SPT35472	0.812175129948021
SPT35323	SPT35529	0.823021293692246
SPT35323	SPT35517	0.814977973568282
SPT35323	SPT35516	0.818893685372954
SPT35323	SPT35360	0.820089955022489
SPT35323	SPT35515	0.818327651894927
SPT35323	SPT35518	0.814655603319004
SPT35323	SPT35475	0.822646794038212
SPT35323	SPT35520	0.812231007907116
SPT35323	SPT35324	0.815552441953563
SPT35323	SPT35476	0.818692902319044
SPT35323	SPT35485	0.810718586912886
SPT35323	SPT35389	0.812805913495155
SPT35323	SPT35487	0.815655303408977
SPT35323	SPT35369	0.821196683647987
SPT35323	SPT35370	0.819362573683685
SPT35323	SPT35382	0.815736852629474
SPT35323	SPT35521	0.810497178750133
SPT35323	SPT35553	0.814158405927706
SPT35323	SPT35532	0.818531256322072
SPT35323	SPT35384	0.814603935670762
SPT35323	SPT35522	0.817263452690538
SPT35323	SPT35361	0.816210273835699
SPT35323	SPT35342	0.818455064622783
SPT35323	SPT35556	0.815454171804357
SPT35323	SPT35557	0.809653916211293
SPT35323	SPT35328	0.820789605197401
SPT35323	SPT35592	0.810756572345976
SPT35323	SPT35435	0.820086198255989
SPT35323	SPT35304	0.818709354677339
SPT35323	SPT35390	0.823405956426144
SPT35323	SPT35436	0.806900726392252
SPT35323	SPT35580	0.810953689997885
SPT35323	SPT35538	0.81766740018862
SPT35323	SPT35537	0.815386241149741
SPT35323	SPT35320	0.817086648983201
SPT35323	SPT35541	0.808799675587997
SPT35323	SPT35673	0.809400360685302
SPT35323	SPT35502	0.805747471713227
SPT35323	SPT35330	0.981582537517053
SPT35323	SPT35546	0.812847370671227
SPT35323	SPT35547	0.811993192511763
SPT35323	SPT35544	0.816262626262626
SPT35323	SPT35362	0.818081918081918
SPT35323	SPT35499	0.817112406997788
SPT35323	SPT35336	0.815373780058356
SPT35323	SPT35577	0.813489677290038
SPT35323	SPT35325	0.807008685114118
SPT35323	SPT35331	0.818681318681319
SPT35323	SPT35337	0.81231261243254
SPT35323	SPT35306	0.813525410164066
SPT35323	SPT35407	0.830647582824542
SPT35323	SPT35346	0.867745479972031
SPT35323	SPT35405	0.8282340862423
SPT35323	SPT35410	0.812380856827531
SPT35323	SPT35575	0.814662932586517
SPT35323	SPT35576	0.823688155922039
SPT35323	SPT35766	0.810249452040497
SPT35323	SPT35347	0.8202
SPT35323	SPT35412	0.815692079940785
SPT35323	SPT35414	0.816842746850874
SPT35323	SPT35348	0.816754973507948
SPT35323	SPT35417	0.817169792397954
SPT35323	SPT35571	0.815258118234804
SPT35323	SPT35349	0.808111077814404
SPT35323	SPT35351	0.818124407957057
SPT35323	SPT35418	0.828534162737032
SPT35323	SPT35419	0.82213755764989
SPT35323	SPT35566	0.822447102115915
SPT35323	SPT35567	0.80884707766213
SPT35323	SPT35420	0.807371698302702
SPT35323	SPT35423	0.810043012903871
SPT35323	SPT35564	0.814573519093916
SPT35323	SPT35352	0.811906902407352
SPT35323	SPT35424	0.809385048231511
SPT35323	SPT35357	0.829802118728763
SPT35323	SPT35437	0.818336502852567
SPT35323	SPT35563	0.809571385752823
SPT35323	SPT35308	0.818884982420894
SPT35323	SPT35425	0.811826301201109
SPT35323	SPT35440	0.811073181139321
SPT35323	SPT35354	0.816310213871677
SPT35323	SPT35309	0.811173408089708
SPT35323	SPT35310	0.811656935776122
SPT35323	SPT35355	0.8126
SPT35323	SPT35332	0.807834515838913
SPT35323	SPT35333	0.814885114885115
SPT35323	SPT35561	0.813259668508287
SPT35323	SPT35363	0.811650679456435
SPT35323	SPT35427	0.812579957356077
SPT35323	SPT35752	0.802430695058256
SPT35323	SPT35430	0.81005418422637
SPT35323	SPT35431	0.813983903420523
SPT35323	SPT35313	0.998698828946051
SPT35323	SPT35780	0.812219502243982
SPT35323	SPT35315	0.815726290516206
SPT35323	SPT35316	0.825542988689821
SPT35323	SPT35317	0.817273090763694
SPT35323	SPT35334	0.814985014985015
SPT35323	SPT35543	0.813164823591364
SPT35461	SPT35462	0.814469195263897
SPT35461	SPT35463	0.811768237766436
SPT35461	SPT35341	0.819409704852426
SPT35461	SPT35368	0.812737452509498
SPT35461	SPT35378	0.810737852429514
SPT35461	SPT35552	0.803250641573995
SPT35461	SPT35551	0.808086965356091
SPT35461	SPT35459	0.950645710281309
SPT35461	SPT35474	0.815227204333434
SPT35461	SPT35514	0.815727948990436
SPT35461	SPT35519	0.803234779025446
SPT35461	SPT35526	0.820291310899046
SPT35461	SPT35501	0.804334738109573
SPT35461	SPT35681	0.803327987169206
SPT35461	SPT35467	0.819494584837545
SPT35461	SPT35469	0.81542782626141
SPT35461	SPT35470	0.813625450180072
SPT35461	SPT35468	0.812299357945425
SPT35461	SPT35471	0.814391661655642
SPT35461	SPT35379	0.809963099630996
SPT35461	SPT35472	0.803621448579432
SPT35461	SPT35529	0.820520550698422
SPT35461	SPT35517	0.813307946688045
SPT35461	SPT35516	0.812820255199437
SPT35461	SPT35360	0.810724289715886
SPT35461	SPT35515	0.810813521917946
SPT35461	SPT35518	0.81328797278367
SPT35461	SPT35475	0.819683620344413
SPT35461	SPT35520	0.80394710478862
SPT35461	SPT35324	0.807673044175098
SPT35461	SPT35476	0.817743393951572
SPT35461	SPT35485	0.815789473684211
SPT35461	SPT35389	0.80503899220156
SPT35461	SPT35487	0.815489293576146
SPT35461	SPT35369	0.809638072385523
SPT35461	SPT35370	0.8111
SPT35461	SPT35382	0.813369358550986
SPT35461	SPT35521	0.816680869194717
SPT35461	SPT35553	0.803186692053312
SPT35461	SPT35532	0.816194331983806
SPT35461	SPT35384	0.811937612477505
SPT35461	SPT35522	0.812994293723095
SPT35461	SPT35361	0.811543463038912
SPT35461	SPT35342	0.803349378259126
SPT35461	SPT35556	0.803804627249357
SPT35461	SPT35557	0.805772151898734
SPT35461	SPT35328	0.804602301150575
SPT35461	SPT35592	0.807893151235188
SPT35461	SPT35435	0.811835506519559
SPT35461	SPT35304	0.813820731096645
SPT35461	SPT35390	0.809042712813844
SPT35461	SPT35436	0.80234201494044
SPT35461	SPT35580	0.809266899397017
SPT35461	SPT35538	0.811451342281879
SPT35461	SPT35537	0.810973675864256
SPT35461	SPT35320	0.808407079646018
SPT35461	SPT35541	0.807992697028096
SPT35461	SPT35673	0.80638249887235
SPT35461	SPT35502	0.805371817999599
SPT35461	SPT35330	0.812172923777019
SPT35461	SPT35546	0.813068121056571
SPT35461	SPT35547	0.812042881474802
SPT35461	SPT35544	0.811887192964723
SPT35461	SPT35362	0.80951904809519
SPT35461	SPT35499	0.805292815455826
SPT35461	SPT35336	0.811883182275931
SPT35461	SPT35577	0.807703882034306
SPT35461	SPT35325	0.803840323395654
SPT35461	SPT35331	0.809119088091191
SPT35461	SPT35337	0.810143042912874
SPT35461	SPT35306	0.80726872246696
SPT35461	SPT35407	0.81660657051282
SPT35461	SPT35346	0.811537692461508
SPT35461	SPT35405	0.814837648993013
SPT35461	SPT35410	0.805181763406307
SPT35461	SPT35575	0.810029026123511
SPT35461	SPT35576	0.809442832849855
SPT35461	SPT35766	0.80952380952381
SPT35461	SPT35347	0.810629566609949
SPT35461	SPT35412	0.80916111287422
SPT35461	SPT35414	0.815899156246823
SPT35461	SPT35348	0.809285571342806
SPT35461	SPT35417	0.816338819751104
SPT35461	SPT35571	0.808184942205561
SPT35461	SPT35349	0.808238352329534
SPT35461	SPT35351	0.808911829769304
SPT35461	SPT35418	0.810403695521189
SPT35461	SPT35419	0.810938283993979
SPT35461	SPT35566	0.815420799672768
SPT35461	SPT35567	0.809795673076923
SPT35461	SPT35420	0.801447672665125
SPT35461	SPT35423	0.800060072086504
SPT35461	SPT35564	0.810694221508828
SPT35461	SPT35352	0.804639072185563
SPT35461	SPT35424	0.806636500754148
SPT35461	SPT35357	0.815744723417025
SPT35461	SPT35437	0.806471000701192
SPT35461	SPT35563	0.81
SPT35461	SPT35308	0.813593404383672
SPT35461	SPT35425	0.809778142974528
SPT35461	SPT35440	0.80755683637528
SPT35461	SPT35354	0.813944183254977
SPT35461	SPT35309	0.808416833667335
SPT35461	SPT35310	0.808765743073048
SPT35461	SPT35355	0.807827044339906
SPT35461	SPT35332	0.803860772154431
SPT35461	SPT35333	0.808319168083192
SPT35461	SPT35561	0.809590831406454
SPT35461	SPT35363	0.806580658065807
SPT35461	SPT35427	0.812266666666667
SPT35461	SPT35752	0.800341811601488
SPT35461	SPT35430	0.812349397590361
SPT35461	SPT35431	0.815903371917464
SPT35461	SPT35313	0.811422845691383
SPT35461	SPT35780	0.807390017352251
SPT35461	SPT35315	0.812174609531438
SPT35461	SPT35316	0.810640216411181
SPT35461	SPT35317	0.808504252126063
SPT35461	SPT35334	0.811918808119188
SPT35461	SPT35543	0.806302033934029
SPT35462	SPT35463	0.81974119771291
SPT35462	SPT35341	0.841123370110331
SPT35462	SPT35368	0.823494036283452
SPT35462	SPT35378	0.822892653102135
SPT35462	SPT35552	0.813664596273292
SPT35462	SPT35551	0.821901078770609
SPT35462	SPT35459	0.818665328650276
SPT35462	SPT35474	0.926890587288817
SPT35462	SPT35514	0.831008412309658
SPT35462	SPT35519	0.812241948802642
SPT35462	SPT35526	0.829911433172303
SPT35462	SPT35501	0.812776659959759
SPT35462	SPT35681	0.818063090214989
SPT35462	SPT35467	0.830620855937312
SPT35462	SPT35469	0.828238133547868
SPT35462	SPT35470	0.940734055354994
SPT35462	SPT35468	0.826646556058321
SPT35462	SPT35471	0.82861161342174
SPT35462	SPT35379	0.830268159868489
SPT35462	SPT35472	0.819759277833501
SPT35462	SPT35529	0.830429966770718
SPT35462	SPT35517	0.83027016169529
SPT35462	SPT35516	0.826568637325008
SPT35462	SPT35360	0.846956172901414
SPT35462	SPT35515	0.828137570394208
SPT35462	SPT35518	0.817051153460381
SPT35462	SPT35475	0.829938798033511
SPT35462	SPT35520	0.812594154865923
SPT35462	SPT35324	0.844044988953605
SPT35462	SPT35476	0.830547724526782
SPT35462	SPT35485	0.820148953301127
SPT35462	SPT35389	0.821689886739501
SPT35462	SPT35487	0.825458922660247
SPT35462	SPT35369	0.823494036283452
SPT35462	SPT35370	0.832080200501253
SPT35462	SPT35382	0.822001604492579
SPT35462	SPT35521	0.821546666666667
SPT35462	SPT35553	0.822619525914022
SPT35462	SPT35532	0.829362263003143
SPT35462	SPT35384	0.825097724766964
SPT35462	SPT35522	0.837230306071249
SPT35462	SPT35361	0.823824325679334
SPT35462	SPT35342	0.816427063436212
SPT35462	SPT35556	0.81957753735188
SPT35462	SPT35557	0.816318246397402
SPT35462	SPT35328	0.817707811089943
SPT35462	SPT35592	0.822747861097131
SPT35462	SPT35435	0.828289936664321
SPT35462	SPT35304	0.827247191011236
SPT35462	SPT35390	0.840252707581227
SPT35462	SPT35436	0.815965196276811
SPT35462	SPT35580	0.818528725885097
SPT35462	SPT35538	0.815689981096408
SPT35462	SPT35537	0.812705134992059
SPT35462	SPT35320	0.823861748089066
SPT35462	SPT35541	0.815530033539994
SPT35462	SPT35673	0.814906832298137
SPT35462	SPT35502	0.820245029122314
SPT35462	SPT35330	0.825977876610788
SPT35462	SPT35546	0.824461818571276
SPT35462	SPT35547	0.824126155082362
SPT35462	SPT35544	0.820473876063183
SPT35462	SPT35362	0.819667201283079
SPT35462	SPT35499	0.818521133864622
SPT35462	SPT35336	0.824265670737862
SPT35462	SPT35577	0.819625980293585
SPT35462	SPT35325	0.815182186234818
SPT35462	SPT35331	0.830392943063352
SPT35462	SPT35337	0.834469621014638
SPT35462	SPT35306	0.824101946618503
SPT35462	SPT35407	0.914056224899598
SPT35462	SPT35346	0.822090808860379
SPT35462	SPT35405	0.904222451081359
SPT35462	SPT35410	0.822363123993559
SPT35462	SPT35575	0.814431955038137
SPT35462	SPT35576	0.868845883886494
SPT35462	SPT35766	0.82409537753608
SPT35462	SPT35347	0.847080072245635
SPT35462	SPT35412	0.817719372615515
SPT35462	SPT35414	0.823080057038093
SPT35462	SPT35348	0.825157989768282
SPT35462	SPT35417	0.822434607645875
SPT35462	SPT35571	0.82169328739952
SPT35462	SPT35349	0.818282048712038
SPT35462	SPT35351	0.821964097148891
SPT35462	SPT35418	0.822481634296065
SPT35462	SPT35419	0.870059338227899
SPT35462	SPT35566	0.848494161032575
SPT35462	SPT35567	0.820718731178478
SPT35462	SPT35420	0.809691718718517
SPT35462	SPT35423	0.820034126267189
SPT35462	SPT35564	0.819406737053796
SPT35462	SPT35352	0.825398416357623
SPT35462	SPT35424	0.816853139804455
SPT35462	SPT35357	0.821901323706378
SPT35462	SPT35437	0.821650933922474
SPT35462	SPT35563	0.820952380952381
SPT35462	SPT35308	0.8269889224572
SPT35462	SPT35425	0.820491718958955
SPT35462	SPT35440	0.82012618971233
SPT35462	SPT35354	0.825310870437224
SPT35462	SPT35309	0.818620066285026
SPT35462	SPT35310	0.81881497930756
SPT35462	SPT35355	0.822295805739514
SPT35462	SPT35332	0.816222177661921
SPT35462	SPT35333	0.817862870890136
SPT35462	SPT35561	0.822652156388553
SPT35462	SPT35363	0.817844611528822
SPT35462	SPT35427	0.817735042735043
SPT35462	SPT35752	0.815460592622455
SPT35462	SPT35430	0.818758176512026
SPT35462	SPT35431	0.822022789149945
SPT35462	SPT35313	0.824728806749699
SPT35462	SPT35780	0.817605561803497
SPT35462	SPT35315	0.824332463360771
SPT35462	SPT35316	0.821120256976511
SPT35462	SPT35317	0.836609829488465
SPT35462	SPT35334	0.832497995188452
SPT35462	SPT35543	0.821579391891892
SPT35463	SPT35341	0.817363472694539
SPT35463	SPT35368	0.813693153423288
SPT35463	SPT35378	0.817391304347826
SPT35463	SPT35552	0.811330839123463
SPT35463	SPT35551	0.812404831996752
SPT35463	SPT35459	0.815552441953563
SPT35463	SPT35474	0.8222846254137
SPT35463	SPT35514	0.822023999150473
SPT35463	SPT35519	0.802532688149902
SPT35463	SPT35526	0.824244250276188
SPT35463	SPT35501	0.809366225431207
SPT35463	SPT35681	0.807915831663327
SPT35463	SPT35467	0.823777064955894
SPT35463	SPT35469	0.819366479550922
SPT35463	SPT35470	0.820782078207821
SPT35463	SPT35468	0.819913767171363
SPT35463	SPT35471	0.816852018835788
SPT35463	SPT35379	0.818172505634091
SPT35463	SPT35472	0.80746149229846
SPT35463	SPT35529	0.823736307908753
SPT35463	SPT35517	0.815623435152729
SPT35463	SPT35516	0.818035750150633
SPT35463	SPT35360	0.817881788178818
SPT35463	SPT35515	0.815847542627884
SPT35463	SPT35518	0.812062412482497
SPT35463	SPT35475	0.823976783748624
SPT35463	SPT35520	0.80400600901352
SPT35463	SPT35324	0.813438814340076
SPT35463	SPT35476	0.822838204278397
SPT35463	SPT35485	0.814539612410885
SPT35463	SPT35389	0.808195902048976
SPT35463	SPT35487	0.815244573372012
SPT35463	SPT35369	0.813293353323338
SPT35463	SPT35370	0.824052784164751
SPT35463	SPT35382	0.821928771508603
SPT35463	SPT35521	0.815500904929203
SPT35463	SPT35553	0.808674747070019
SPT35463	SPT35532	0.820445344129555
SPT35463	SPT35384	0.814392803598201
SPT35463	SPT35522	0.81717202041429
SPT35463	SPT35361	0.812
SPT35463	SPT35342	0.808521303258145
SPT35463	SPT35556	0.816276202219482
SPT35463	SPT35557	0.814934736416068
SPT35463	SPT35328	0.805561112222445
SPT35463	SPT35592	0.812826174227218
SPT35463	SPT35435	0.819476481797212
SPT35463	SPT35304	0.815278334000801
SPT35463	SPT35390	0.8109
SPT35463	SPT35436	0.806396287328491
SPT35463	SPT35580	0.814019877352506
SPT35463	SPT35538	0.818467665863117
SPT35463	SPT35537	0.817394061079996
SPT35463	SPT35320	0.814835286314393
SPT35463	SPT35541	0.808437278166515
SPT35463	SPT35673	0.805095254199076
SPT35463	SPT35502	0.806651973552394
SPT35463	SPT35330	0.819442865264355
SPT35463	SPT35546	0.814791065512451
SPT35463	SPT35547	0.812274729675611
SPT35463	SPT35544	0.807979797979798
SPT35463	SPT35362	0.814674130347861
SPT35463	SPT35499	0.814121907060954
SPT35463	SPT35336	0.814632182751333
SPT35463	SPT35577	0.809184798957184
SPT35463	SPT35325	0.811862180458725
SPT35463	SPT35331	0.816973210715714
SPT35463	SPT35337	0.8119
SPT35463	SPT35306	0.814751801441153
SPT35463	SPT35407	0.82613920881322
SPT35463	SPT35346	0.814892553723138
SPT35463	SPT35405	0.824863977004414
SPT35463	SPT35410	0.806785104888086
SPT35463	SPT35575	0.815689413648189
SPT35463	SPT35576	0.819381938193819
SPT35463	SPT35766	0.829540709812109
SPT35463	SPT35347	0.818391034620772
SPT35463	SPT35412	0.811634056054997
SPT35463	SPT35414	0.807700121901666
SPT35463	SPT35348	0.817245173552066
SPT35463	SPT35417	0.807765626567673
SPT35463	SPT35571	0.810906441877407
SPT35463	SPT35349	0.811894052973513
SPT35463	SPT35351	0.814803116445567
SPT35463	SPT35418	0.811339688911189
SPT35463	SPT35419	0.822066198595787
SPT35463	SPT35566	0.816620668506593
SPT35463	SPT35567	0.81393951532145
SPT35463	SPT35420	0.808117339762909
SPT35463	SPT35423	0.806425783204884
SPT35463	SPT35564	0.80585639791416
SPT35463	SPT35352	0.811694152923538
SPT35463	SPT35424	0.80938976575852
SPT35463	SPT35357	0.811437712457509
SPT35463	SPT35437	0.812437412377328
SPT35463	SPT35563	0.813555933220034
SPT35463	SPT35308	0.815797407295749
SPT35463	SPT35425	0.812050913570109
SPT35463	SPT35440	0.812893585227879
SPT35463	SPT35354	0.8236
SPT35463	SPT35309	0.809833767274184
SPT35463	SPT35310	0.809346359149965
SPT35463	SPT35355	0.808985391234741
SPT35463	SPT35332	0.812718728127187
SPT35463	SPT35333	0.804278288684526
SPT35463	SPT35561	0.815897899708572
SPT35463	SPT35363	0.805838832233553
SPT35463	SPT35427	0.812346732060987
SPT35463	SPT35752	0.809385048231511
SPT35463	SPT35430	0.811602930844123
SPT35463	SPT35431	0.815016103059581
SPT35463	SPT35313	0.817070727309157
SPT35463	SPT35780	0.815222936435058
SPT35463	SPT35315	0.815133620258232
SPT35463	SPT35316	0.817225838758137
SPT35463	SPT35317	0.813681368136814
SPT35463	SPT35334	0.812874850059976
SPT35463	SPT35543	0.815146408257847
SPT35341	SPT35368	0.820025981812731
SPT35341	SPT35378	0.819226541421005
SPT35341	SPT35552	0.815333618477331
SPT35341	SPT35551	0.814333570195919
SPT35341	SPT35459	0.822393436061637
SPT35341	SPT35474	0.838030287834721
SPT35341	SPT35514	0.823435674067779
SPT35341	SPT35519	0.810710607621009
SPT35341	SPT35526	0.827877083751757
SPT35341	SPT35501	0.811616009629853
SPT35341	SPT35681	0.813007315362261
SPT35341	SPT35467	0.827503257492232
SPT35341	SPT35469	0.819512684247468
SPT35341	SPT35470	0.837616238376162
SPT35341	SPT35468	0.82128171697924
SPT35341	SPT35471	0.822763250175333
SPT35341	SPT35379	0.82766393442623
SPT35341	SPT35472	0.8131
SPT35341	SPT35529	0.827873794212219
SPT35341	SPT35517	0.823217147435897
SPT35341	SPT35516	0.821231294566637
SPT35341	SPT35360	0.856985808514891
SPT35341	SPT35515	0.821464393179539
SPT35341	SPT35518	0.812818718128187
SPT35341	SPT35475	0.827679375562894
SPT35341	SPT35520	0.804646039851807
SPT35341	SPT35324	0.827479235464825
SPT35341	SPT35476	0.824645977704128
SPT35341	SPT35485	0.815863453815261
SPT35341	SPT35389	0.817028080343759
SPT35341	SPT35487	0.82008200820082
SPT35341	SPT35369	0.819626261616868
SPT35341	SPT35370	0.83208395802099
SPT35341	SPT35382	0.824252724182745
SPT35341	SPT35521	0.817465388711395
SPT35341	SPT35553	0.810878493438846
SPT35341	SPT35532	0.822201983404169
SPT35341	SPT35384	0.81912661137204
SPT35341	SPT35522	0.817990794476686
SPT35341	SPT35361	0.819736052789442
SPT35341	SPT35342	0.814974441214794
SPT35341	SPT35556	0.816920230263158
SPT35341	SPT35557	0.816460822028751
SPT35341	SPT35328	0.8136
SPT35341	SPT35592	0.816101184501104
SPT35341	SPT35435	0.817507269627996
SPT35341	SPT35304	0.817617617617618
SPT35341	SPT35390	0.827220945338263
SPT35341	SPT35436	0.810254339927331
SPT35341	SPT35580	0.812883435582822
SPT35341	SPT35538	0.816189577435252
SPT35341	SPT35537	0.814250977904641
SPT35341	SPT35320	0.820946693209467
SPT35341	SPT35541	0.814300202839757
SPT35341	SPT35673	0.811773993458893
SPT35341	SPT35502	0.80917559851748
SPT35341	SPT35330	0.821408258446138
SPT35341	SPT35546	0.812232677502139
SPT35341	SPT35547	0.813119679519279
SPT35341	SPT35544	0.813055780113177
SPT35341	SPT35362	0.816310213871677
SPT35341	SPT35499	0.817660665795032
SPT35341	SPT35336	0.818822345244087
SPT35341	SPT35577	0.810908361740525
SPT35341	SPT35325	0.807637906647808
SPT35341	SPT35331	0.825104937037777
SPT35341	SPT35337	0.828034393121376
SPT35341	SPT35306	0.821257005604484
SPT35341	SPT35407	0.842395113647742
SPT35341	SPT35346	0.815529129609273
SPT35341	SPT35405	0.840299887028859
SPT35341	SPT35410	0.814814814814815
SPT35341	SPT35575	0.814888933360016
SPT35341	SPT35576	0.831016898310169
SPT35341	SPT35766	0.816957293515715
SPT35341	SPT35347	0.857114288571143
SPT35341	SPT35412	0.817720448297737
SPT35341	SPT35414	0.818394308943089
SPT35341	SPT35348	0.824882488248825
SPT35341	SPT35417	0.818300391291261
SPT35341	SPT35571	0.815797689665938
SPT35341	SPT35349	0.814829619266513
SPT35341	SPT35351	0.864210526315789
SPT35341	SPT35418	0.818820224719101
SPT35341	SPT35419	0.829789368104313
SPT35341	SPT35566	0.827487473156765
SPT35341	SPT35567	0.815678814577493
SPT35341	SPT35420	0.806448372840498
SPT35341	SPT35423	0.810967677374162
SPT35341	SPT35564	0.81570239647047
SPT35341	SPT35352	0.820725492155491
SPT35341	SPT35424	0.806393244873341
SPT35341	SPT35357	0.817836432713457
SPT35341	SPT35437	0.815560228296786
SPT35341	SPT35563	0.815692153923039
SPT35341	SPT35308	0.817386934673367
SPT35341	SPT35425	0.816062442230666
SPT35341	SPT35440	0.817570452604611
SPT35341	SPT35354	0.825222344358949
SPT35341	SPT35309	0.811197916666667
SPT35341	SPT35310	0.811562090845
SPT35341	SPT35355	0.8197
SPT35341	SPT35332	0.808357492752174
SPT35341	SPT35333	0.815210873475914
SPT35341	SPT35561	0.8169028238368
SPT35341	SPT35363	0.813474610155938
SPT35341	SPT35427	0.816446245733788
SPT35341	SPT35752	0.81286432160804
SPT35341	SPT35430	0.815900421602088
SPT35341	SPT35431	0.818941223832528
SPT35341	SPT35313	0.82011217948718
SPT35341	SPT35780	0.814285714285714
SPT35341	SPT35315	0.820246073822147
SPT35341	SPT35316	0.823441096987289
SPT35341	SPT35317	0.8221
SPT35341	SPT35334	0.829102538476914
SPT35341	SPT35543	0.816563059740807
SPT35368	SPT35378	0.811663670860795
SPT35368	SPT35552	0.81151832460733
SPT35368	SPT35551	0.813457830102507
SPT35368	SPT35459	0.818018198180182
SPT35368	SPT35474	0.818099819603127
SPT35368	SPT35514	0.820681601019217
SPT35368	SPT35519	0.806421735103427
SPT35368	SPT35526	0.828399397892624
SPT35368	SPT35501	0.811748195669607
SPT35368	SPT35681	0.80913278590026
SPT35368	SPT35467	0.827824519230769
SPT35368	SPT35469	0.820741482965932
SPT35368	SPT35470	0.816946442845723
SPT35368	SPT35468	0.819903788334336
SPT35368	SPT35471	0.816980376451742
SPT35368	SPT35379	0.828811303368486
SPT35368	SPT35472	0.803537523733387
SPT35368	SPT35529	0.827793955216387
SPT35368	SPT35517	0.818937043339005
SPT35368	SPT35516	0.820353271778402
SPT35368	SPT35360	0.814948041566747
SPT35368	SPT35515	0.81577628545655
SPT35368	SPT35518	0.807015790525685
SPT35368	SPT35475	0.828
SPT35368	SPT35520	0.806183710226136
SPT35368	SPT35324	0.814907453726863
SPT35368	SPT35476	0.820453633079085
SPT35368	SPT35485	0.809170261864152
SPT35368	SPT35389	0.814859197124026
SPT35368	SPT35487	0.815410753547871
SPT35368	SPT35369	0.813860595166767
SPT35368	SPT35370	0.818018377946464
SPT35368	SPT35382	0.817391304347826
SPT35368	SPT35521	0.812260536398467
SPT35368	SPT35553	0.812212212212212
SPT35368	SPT35532	0.817372838507432
SPT35368	SPT35384	0.817555422408628
SPT35368	SPT35522	0.815318468153185
SPT35368	SPT35361	0.817164551903287
SPT35368	SPT35342	0.811197916666667
SPT35368	SPT35556	0.808217770929635
SPT35368	SPT35557	0.811633788568538
SPT35368	SPT35328	0.812131507944439
SPT35368	SPT35592	0.814424716621527
SPT35368	SPT35435	0.817535070140281
SPT35368	SPT35304	0.816544963489047
SPT35368	SPT35390	0.814167249475472
SPT35368	SPT35436	0.808270297528996
SPT35368	SPT35580	0.812493393932988
SPT35368	SPT35538	0.811609388097234
SPT35368	SPT35537	0.809528840059159
SPT35368	SPT35320	0.815117692562714
SPT35368	SPT35541	0.808756460930374
SPT35368	SPT35673	0.809759945903302
SPT35368	SPT35502	0.804004004004004
SPT35368	SPT35330	0.820165965670115
SPT35368	SPT35546	0.814189550165616
SPT35368	SPT35547	0.815452361889512
SPT35368	SPT35544	0.811774209835403
SPT35368	SPT35362	0.822630580245681
SPT35368	SPT35499	0.817971655442758
SPT35368	SPT35336	0.81824582578958
SPT35368	SPT35577	0.811742310389741
SPT35368	SPT35325	0.810701665825341
SPT35368	SPT35331	0.827524218515929
SPT35368	SPT35337	0.814666799880108
SPT35368	SPT35306	0.808480848084808
SPT35368	SPT35407	0.823594156493896
SPT35368	SPT35346	0.812562412622329
SPT35368	SPT35405	0.822333983372678
SPT35368	SPT35410	0.80962888665998
SPT35368	SPT35575	0.808119188081192
SPT35368	SPT35576	0.81554756195044
SPT35368	SPT35766	0.814795492487479
SPT35368	SPT35347	0.815255423372988
SPT35368	SPT35412	0.815221987315011
SPT35368	SPT35414	0.815679902508378
SPT35368	SPT35348	0.812912252648411
SPT35368	SPT35417	0.815420092239824
SPT35368	SPT35571	0.813755072312975
SPT35368	SPT35349	0.810265628120631
SPT35368	SPT35351	0.810566196590192
SPT35368	SPT35418	0.811434302908726
SPT35368	SPT35419	0.817480204470282
SPT35368	SPT35566	0.812793787042714
SPT35368	SPT35567	0.808904452226113
SPT35368	SPT35420	0.802771640891745
SPT35368	SPT35423	0.8125
SPT35368	SPT35564	0.807014028056112
SPT35368	SPT35352	0.817855002995806
SPT35368	SPT35424	0.806629834254144
SPT35368	SPT35357	0.816764911579578
SPT35368	SPT35437	0.810286171703022
SPT35368	SPT35563	0.80892928485817
SPT35368	SPT35308	0.81771617957216
SPT35368	SPT35425	0.812910509031199
SPT35368	SPT35440	0.81536
SPT35368	SPT35354	0.814666799880108
SPT35368	SPT35309	0.81133019717746
SPT35368	SPT35310	0.812399355877617
SPT35368	SPT35355	0.81185644306708
SPT35368	SPT35332	0.80979020979021
SPT35368	SPT35333	0.806551483072006
SPT35368	SPT35561	0.814520988150231
SPT35368	SPT35363	0.810908001198681
SPT35368	SPT35427	0.807737397420867
SPT35368	SPT35752	0.806066084161896
SPT35368	SPT35430	0.812518808305748
SPT35368	SPT35431	0.814442321231017
SPT35368	SPT35313	0.816434791312181
SPT35368	SPT35780	0.814418272662384
SPT35368	SPT35315	0.812581258125813
SPT35368	SPT35316	0.814770339237466
SPT35368	SPT35317	0.812231437993405
SPT35368	SPT35334	0.813542394886647
SPT35368	SPT35543	0.810381132870078
SPT35378	SPT35552	0.804786836200449
SPT35378	SPT35551	0.811529483406069
SPT35378	SPT35459	0.815018498150185
SPT35378	SPT35474	0.827320104229304
SPT35378	SPT35514	0.819832253954772
SPT35378	SPT35519	0.809200370484717
SPT35378	SPT35526	0.821675865529353
SPT35378	SPT35501	0.812249398556536
SPT35378	SPT35681	0.810835169236932
SPT35378	SPT35467	0.82051282051282
SPT35378	SPT35469	0.816633266533066
SPT35378	SPT35470	0.825139888089528
SPT35378	SPT35468	0.813990779715374
SPT35378	SPT35471	0.814477372847417
SPT35378	SPT35379	0.813351080167912
SPT35378	SPT35472	0.807234935545118
SPT35378	SPT35529	0.820765137061954
SPT35378	SPT35517	0.816234611150035
SPT35378	SPT35516	0.815134484142914
SPT35378	SPT35360	0.819344524380496
SPT35378	SPT35515	0.811867294777989
SPT35378	SPT35518	0.808814711173296
SPT35378	SPT35475	0.8202
SPT35378	SPT35520	0.802981789073444
SPT35378	SPT35324	0.819609804902451
SPT35378	SPT35476	0.819550381372943
SPT35378	SPT35485	0.817096418179994
SPT35378	SPT35389	0.810065907729179
SPT35378	SPT35487	0.816610033979612
SPT35378	SPT35369	0.819452766127422
SPT35378	SPT35370	0.824410707151418
SPT35378	SPT35382	0.818890554722639
SPT35378	SPT35521	0.818007662835249
SPT35378	SPT35553	0.807207207207207
SPT35378	SPT35532	0.81808069572252
SPT35378	SPT35384	0.820950669063311
SPT35378	SPT35522	0.816418358164184
SPT35378	SPT35361	0.81986212408832
SPT35378	SPT35342	0.816005608974359
SPT35378	SPT35556	0.812840267077555
SPT35378	SPT35557	0.811734951947395
SPT35378	SPT35328	0.817327870490657
SPT35378	SPT35592	0.812418497341759
SPT35378	SPT35435	0.813226452905812
SPT35378	SPT35304	0.813944183254977
SPT35378	SPT35390	0.814167249475472
SPT35378	SPT35436	0.806454866364095
SPT35378	SPT35580	0.817566853398161
SPT35378	SPT35538	0.807837384744342
SPT35378	SPT35537	0.809740122543841
SPT35378	SPT35320	0.815891258702619
SPT35378	SPT35541	0.804601195905544
SPT35378	SPT35673	0.807505916826327
SPT35378	SPT35502	0.807107107107107
SPT35378	SPT35330	0.814823235193816
SPT35378	SPT35546	0.813441607009296
SPT35378	SPT35547	0.813150520416333
SPT35378	SPT35544	0.812077148338887
SPT35378	SPT35362	0.81563966843104
SPT35378	SPT35499	0.812946024726103
SPT35378	SPT35336	0.820559243612955
SPT35378	SPT35577	0.810239454964432
SPT35378	SPT35325	0.809692074709743
SPT35378	SPT35331	0.815340057924698
SPT35378	SPT35337	0.812968328504346
SPT35378	SPT35306	0.816581658165817
SPT35378	SPT35407	0.824294576746048
SPT35378	SPT35346	0.828340323547034
SPT35378	SPT35405	0.822333983372678
SPT35378	SPT35410	0.815245737211635
SPT35378	SPT35575	0.808319168083192
SPT35378	SPT35576	0.820343725019984
SPT35378	SPT35766	0.812708681135225
SPT35378	SPT35347	0.819654103768869
SPT35378	SPT35412	0.810993657505285
SPT35378	SPT35414	0.814055042144816
SPT35378	SPT35348	0.81800919448331
SPT35378	SPT35417	0.814417485462202
SPT35378	SPT35571	0.812298408074082
SPT35378	SPT35349	0.809067305771919
SPT35378	SPT35351	0.817406861713324
SPT35378	SPT35418	0.818054162487462
SPT35378	SPT35419	0.821088503558184
SPT35378	SPT35566	0.822092785612099
SPT35378	SPT35567	0.812706353176588
SPT35378	SPT35420	0.808796947178148
SPT35378	SPT35423	0.8074
SPT35378	SPT35564	0.809218436873748
SPT35378	SPT35352	0.812462552426603
SPT35378	SPT35424	0.808839779005525
SPT35378	SPT35357	0.822060145868718
SPT35378	SPT35437	0.810486291775065
SPT35378	SPT35563	0.813324011186576
SPT35378	SPT35308	0.814502360148639
SPT35378	SPT35425	0.807471264367816
SPT35378	SPT35440	0.824106666666667
SPT35378	SPT35354	0.816665001498651
SPT35378	SPT35309	0.812731458312481
SPT35378	SPT35310	0.8125
SPT35378	SPT35355	0.817654703588923
SPT35378	SPT35332	0.80969030969031
SPT35378	SPT35333	0.811844602017377
SPT35378	SPT35561	0.81351677043583
SPT35378	SPT35363	0.815902507242034
SPT35378	SPT35427	0.813172759245444
SPT35378	SPT35752	0.811991563724013
SPT35378	SPT35430	0.812518808305748
SPT35378	SPT35431	0.81725837272453
SPT35378	SPT35313	0.814232809528576
SPT35378	SPT35780	0.81095136127256
SPT35378	SPT35315	0.831383138313831
SPT35378	SPT35316	0.820674472130491
SPT35378	SPT35317	0.815828919756171
SPT35378	SPT35334	0.818136422650554
SPT35378	SPT35543	0.815540113708149
SPT35552	SPT35551	0.806979750107712
SPT35552	SPT35459	0.806889911201455
SPT35552	SPT35474	0.815865539021518
SPT35552	SPT35514	0.819806654676259
SPT35552	SPT35519	0.800392884426498
SPT35552	SPT35526	0.817958047945205
SPT35552	SPT35501	0.804173354735153
SPT35552	SPT35681	0.807359075836988
SPT35552	SPT35467	0.81752059043748
SPT35552	SPT35469	0.818337434470953
SPT35552	SPT35470	0.815966655979481
SPT35552	SPT35468	0.812801027507225
SPT35552	SPT35471	0.815012831479897
SPT35552	SPT35379	0.813118677254433
SPT35552	SPT35472	0.80585845627539
SPT35552	SPT35529	0.818590704647676
SPT35552	SPT35517	0.816928502725232
SPT35552	SPT35516	0.816780821917808
SPT35552	SPT35360	0.811183577461777
SPT35552	SPT35515	0.813075112347528
SPT35552	SPT35518	0.803036783575706
SPT35552	SPT35475	0.817589228467621
SPT35552	SPT35520	0.803789338471419
SPT35552	SPT35324	0.810104902590452
SPT35552	SPT35476	0.818463842533162
SPT35552	SPT35485	0.802078868409773
SPT35552	SPT35389	0.80638957153542
SPT35552	SPT35487	0.814070351758794
SPT35552	SPT35369	0.806923816647078
SPT35552	SPT35370	0.813207950416756
SPT35552	SPT35382	0.81475935828877
SPT35552	SPT35521	0.805620871123055
SPT35552	SPT35553	0.803208556149733
SPT35552	SPT35532	0.816473367697594
SPT35552	SPT35384	0.81077038145101
SPT35552	SPT35522	0.810449834384015
SPT35552	SPT35361	0.810215858089335
SPT35552	SPT35342	0.808553971486762
SPT35552	SPT35556	0.810737231841446
SPT35552	SPT35557	0.804319793681496
SPT35552	SPT35328	0.805516946434299
SPT35552	SPT35592	0.805591259640103
SPT35552	SPT35435	0.817003961880287
SPT35552	SPT35304	0.81435908410015
SPT35552	SPT35390	0.812486636732949
SPT35552	SPT35436	0.801224226804124
SPT35552	SPT35580	0.813173386648895
SPT35552	SPT35538	0.810440168104402
SPT35552	SPT35537	0.810081409613026
SPT35552	SPT35320	0.812826162588426
SPT35552	SPT35541	0.81027073485174
SPT35552	SPT35673	0.801176470588235
SPT35552	SPT35502	0.802527307774684
SPT35552	SPT35330	0.819973718791064
SPT35552	SPT35546	0.811509497583455
SPT35552	SPT35547	0.810836806668804
SPT35552	SPT35544	0.808435286542176
SPT35552	SPT35362	0.813869003098622
SPT35552	SPT35499	0.814389877761098
SPT35552	SPT35336	0.811448172365741
SPT35552	SPT35577	0.810547710740265
SPT35552	SPT35325	0.807783018867924
SPT35552	SPT35331	0.812800512875307
SPT35552	SPT35337	0.80784439457091
SPT35552	SPT35306	0.809620523784073
SPT35552	SPT35407	0.822284003421728
SPT35552	SPT35346	0.81226626776365
SPT35552	SPT35405	0.820080496029588
SPT35552	SPT35410	0.806756032171582
SPT35552	SPT35575	0.806993156544055
SPT35552	SPT35576	0.817375507587091
SPT35552	SPT35766	0.801080008816399
SPT35552	SPT35347	0.811250133675543
SPT35552	SPT35412	0.812381694688787
SPT35552	SPT35414	0.814758873664905
SPT35552	SPT35348	0.814351406266709
SPT35552	SPT35417	0.814426369863014
SPT35552	SPT35571	0.808882015024304
SPT35552	SPT35349	0.806710118602415
SPT35552	SPT35351	0.805821994200312
SPT35552	SPT35418	0.812158835491812
SPT35552	SPT35419	0.815668202764977
SPT35552	SPT35566	0.822455154527772
SPT35552	SPT35567	0.806327490380504
SPT35552	SPT35420	0.80047149592799
SPT35552	SPT35423	0.804299005453962
SPT35552	SPT35564	0.802929854576561
SPT35552	SPT35352	0.805321081312106
SPT35552	SPT35424	0.806385942355084
SPT35552	SPT35357	0.812399786210583
SPT35552	SPT35437	0.811570954978077
SPT35552	SPT35563	0.806582603120325
SPT35552	SPT35308	0.814906166219839
SPT35552	SPT35425	0.809942472593075
SPT35552	SPT35440	0.81157469717362
SPT35552	SPT35354	0.815373102416079
SPT35552	SPT35309	0.806368882239795
SPT35552	SPT35310	0.806506849315068
SPT35552	SPT35355	0.80477107402653
SPT35552	SPT35332	0.80718255664814
SPT35552	SPT35333	0.811925625133576
SPT35552	SPT35561	0.804096075487883
SPT35552	SPT35363	0.80622060709705
SPT35552	SPT35427	0.805948372615039
SPT35552	SPT35752	0.80222721918835
SPT35552	SPT35430	0.809905862216517
SPT35552	SPT35431	0.805912596401028
SPT35552	SPT35313	0.817044482463644
SPT35552	SPT35780	0.809266074907989
SPT35552	SPT35315	0.809666381522669
SPT35552	SPT35316	0.809885524767305
SPT35552	SPT35317	0.810842600513259
SPT35552	SPT35334	0.809147253686685
SPT35552	SPT35543	0.808366622281403
SPT35551	SPT35459	0.814430894308943
SPT35551	SPT35474	0.821530321530322
SPT35551	SPT35514	0.817370740621305
SPT35551	SPT35519	0.807391983342009
SPT35551	SPT35526	0.823834724201099
SPT35551	SPT35501	0.809640024405125
SPT35551	SPT35681	0.806543385490754
SPT35551	SPT35467	0.822579006198557
SPT35551	SPT35469	0.815085900172817
SPT35551	SPT35470	0.818357193623718
SPT35551	SPT35468	0.812608032536858
SPT35551	SPT35471	0.81258257953044
SPT35551	SPT35379	0.81196847127152
SPT35551	SPT35472	0.806743170508784
SPT35551	SPT35529	0.823319755600815
SPT35551	SPT35517	0.812823900010162
SPT35551	SPT35516	0.814133197763091
SPT35551	SPT35360	0.810596833130329
SPT35551	SPT35515	0.80939788445891
SPT35551	SPT35518	0.811008428963136
SPT35551	SPT35475	0.822502030869212
SPT35551	SPT35520	0.81023085528323
SPT35551	SPT35324	0.810670731707317
SPT35551	SPT35476	0.816220616668363
SPT35551	SPT35485	0.811418685121107
SPT35551	SPT35389	0.806251902973714
SPT35551	SPT35487	0.811681056373794
SPT35551	SPT35369	0.806657870699279
SPT35551	SPT35370	0.816077953714982
SPT35551	SPT35382	0.816224997461671
SPT35551	SPT35521	0.812506703850692
SPT35551	SPT35553	0.807418699186992
SPT35551	SPT35532	0.810586669396949
SPT35551	SPT35384	0.811630975337461
SPT35551	SPT35522	0.812791878172589
SPT35551	SPT35361	0.810901339829476
SPT35551	SPT35342	0.80529262086514
SPT35551	SPT35556	0.804801995634549
SPT35551	SPT35557	0.804650686334767
SPT35551	SPT35328	0.80044683659998
SPT35551	SPT35592	0.809993893751272
SPT35551	SPT35435	0.814253761691745
SPT35551	SPT35304	0.813821138211382
SPT35551	SPT35390	0.806759362630671
SPT35551	SPT35436	0.807118020044999
SPT35551	SPT35580	0.81472
SPT35551	SPT35538	0.807883335094579
SPT35551	SPT35537	0.806307266141061
SPT35551	SPT35320	0.809375
SPT35551	SPT35541	0.805595408895265
SPT35551	SPT35673	0.813024733378716
SPT35551	SPT35502	0.805693950177936
SPT35551	SPT35330	0.819538514521869
SPT35551	SPT35546	0.864165588615783
SPT35551	SPT35547	0.863728675873274
SPT35551	SPT35544	0.806692591076545
SPT35551	SPT35362	0.808890693189891
SPT35551	SPT35499	0.811645931062615
SPT35551	SPT35336	0.812123686090417
SPT35551	SPT35577	0.827572183814559
SPT35551	SPT35325	0.803985692386306
SPT35551	SPT35331	0.812442910788592
SPT35551	SPT35337	0.80716896831844
SPT35551	SPT35306	0.812652315190902
SPT35551	SPT35407	0.81900406504065
SPT35551	SPT35346	0.812747386582767
SPT35551	SPT35405	0.820116254930455
SPT35551	SPT35410	0.806477897738847
SPT35551	SPT35575	0.80625507717303
SPT35551	SPT35576	0.816021931160524
SPT35551	SPT35766	0.807036022751211
SPT35551	SPT35347	0.810945273631841
SPT35551	SPT35412	0.809594723965536
SPT35551	SPT35414	0.812172303896371
SPT35551	SPT35348	0.810259014728288
SPT35551	SPT35417	0.812290161766202
SPT35551	SPT35571	0.9888444537992
SPT35551	SPT35349	0.809601136709632
SPT35551	SPT35351	0.809554275965024
SPT35551	SPT35418	0.811959727448388
SPT35551	SPT35419	0.820421459839153
SPT35551	SPT35566	0.814459570957096
SPT35551	SPT35567	0.809001320735548
SPT35551	SPT35420	0.801832061068702
SPT35551	SPT35423	0.804305879963441
SPT35551	SPT35564	0.803395344108976
SPT35551	SPT35352	0.808586217395717
SPT35551	SPT35424	0.805524411374987
SPT35551	SPT35357	0.814092801299624
SPT35551	SPT35437	0.809891337463187
SPT35551	SPT35563	0.808992185121283
SPT35551	SPT35308	0.81442983797004
SPT35551	SPT35425	0.80990365689423
SPT35551	SPT35440	0.813267284083567
SPT35551	SPT35354	0.811022023749112
SPT35551	SPT35309	0.80792280345353
SPT35551	SPT35310	0.808276424421568
SPT35551	SPT35355	0.803736419941111
SPT35551	SPT35332	0.803025687887095
SPT35551	SPT35333	0.808262281770199
SPT35551	SPT35561	0.812098991750687
SPT35551	SPT35363	0.807817258883249
SPT35551	SPT35427	0.811101549053356
SPT35551	SPT35752	0.806579751476879
SPT35551	SPT35430	0.807829181494662
SPT35551	SPT35431	0.816948806852947
SPT35551	SPT35313	0.81652774954259
SPT35551	SPT35780	0.812487100103199
SPT35551	SPT35315	0.803859827323514
SPT35551	SPT35316	0.813554155659419
SPT35551	SPT35317	0.810379849685151
SPT35551	SPT35334	0.808566788469346
SPT35551	SPT35543	0.808117297067573
SPT35459	SPT35474	0.822998193859121
SPT35459	SPT35514	0.820703581677118
SPT35459	SPT35519	0.806903657908295
SPT35459	SPT35526	0.826484477042098
SPT35459	SPT35501	0.808912083500602
SPT35459	SPT35681	0.809285069688158
SPT35459	SPT35467	0.825594223247417
SPT35459	SPT35469	0.817415730337079
SPT35459	SPT35470	0.819709854927464
SPT35459	SPT35468	0.813948820873056
SPT35459	SPT35471	0.817443609022556
SPT35459	SPT35379	0.813653136531365
SPT35459	SPT35472	0.807384430658395
SPT35459	SPT35529	0.82627928018498
SPT35459	SPT35517	0.816414470387814
SPT35459	SPT35516	0.817323151125402
SPT35459	SPT35360	0.815107553776888
SPT35459	SPT35515	0.811621838619028
SPT35459	SPT35518	0.815670969678775
SPT35459	SPT35475	0.825973765895664
SPT35459	SPT35520	0.810239454964432
SPT35459	SPT35324	0.811360448807854
SPT35459	SPT35476	0.820319565872777
SPT35459	SPT35485	0.818063090214989
SPT35459	SPT35389	0.811318868113189
SPT35459	SPT35487	0.815971179825878
SPT35459	SPT35369	0.811918808119188
SPT35459	SPT35370	0.815581558155816
SPT35459	SPT35382	0.816253002401922
SPT35459	SPT35521	0.820351624933404
SPT35459	SPT35553	0.806674684305472
SPT35459	SPT35532	0.818365900577098
SPT35459	SPT35384	0.819018098190181
SPT35459	SPT35522	0.814295725297828
SPT35459	SPT35361	0.814125650260104
SPT35459	SPT35342	0.804934309497543
SPT35459	SPT35556	0.811291649526944
SPT35459	SPT35557	0.813025422870455
SPT35459	SPT35328	0.805383229937963
SPT35459	SPT35592	0.811872237846525
SPT35459	SPT35435	0.814387478679643
SPT35459	SPT35304	0.819629444166249
SPT35459	SPT35390	0.812525010004002
SPT35459	SPT35436	0.806099777822662
SPT35459	SPT35580	0.813650793650794
SPT35459	SPT35538	0.816007552711633
SPT35459	SPT35537	0.814787391580283
SPT35459	SPT35320	0.812078309921469
SPT35459	SPT35541	0.811770674784373
SPT35459	SPT35673	0.808078528714882
SPT35459	SPT35502	0.811566603187331
SPT35459	SPT35330	0.816888585410265
SPT35459	SPT35546	0.818765379266075
SPT35459	SPT35547	0.816414470387814
SPT35459	SPT35544	0.815488828227682
SPT35459	SPT35362	0.8115
SPT35459	SPT35499	0.811915064908926
SPT35459	SPT35336	0.819335347432024
SPT35459	SPT35577	0.813302568218299
SPT35459	SPT35325	0.806125543313454
SPT35459	SPT35331	0.8123
SPT35459	SPT35337	0.815526210484194
SPT35459	SPT35306	0.810234328059283
SPT35459	SPT35407	0.82396553451558
SPT35459	SPT35346	0.814718528147185
SPT35459	SPT35405	0.820984482581441
SPT35459	SPT35410	0.808376016872552
SPT35459	SPT35575	0.814977973568282
SPT35459	SPT35576	0.816126450580232
SPT35459	SPT35766	0.813081182739526
SPT35459	SPT35347	0.815215215215215
SPT35459	SPT35412	0.813313578156419
SPT35459	SPT35414	0.819827147941027
SPT35459	SPT35348	0.81346942860002
SPT35459	SPT35417	0.820317205380446
SPT35459	SPT35571	0.814251484529638
SPT35459	SPT35349	0.812618738126187
SPT35459	SPT35351	0.813402170477294
SPT35459	SPT35418	0.812091995580998
SPT35459	SPT35419	0.817141710156564
SPT35459	SPT35566	0.820544301207285
SPT35459	SPT35567	0.811560809457023
SPT35459	SPT35420	0.80623428858723
SPT35459	SPT35423	0.804746170021027
SPT35459	SPT35564	0.813001605136437
SPT35459	SPT35352	0.809119088091191
SPT35459	SPT35424	0.811223976667002
SPT35459	SPT35357	0.818027210884354
SPT35459	SPT35437	0.812243262198177
SPT35459	SPT35563	0.811481148114812
SPT35459	SPT35308	0.820211161387632
SPT35459	SPT35425	0.811632925701367
SPT35459	SPT35440	0.812600106780566
SPT35459	SPT35354	0.816426570628251
SPT35459	SPT35309	0.813489677290038
SPT35459	SPT35310	0.813482466747279
SPT35459	SPT35355	0.811411411411411
SPT35459	SPT35332	0.807142142642793
SPT35459	SPT35333	0.8124
SPT35459	SPT35561	0.812870789341378
SPT35459	SPT35363	0.814262852570514
SPT35459	SPT35427	0.814573775738824
SPT35459	SPT35752	0.804826546003017
SPT35459	SPT35430	0.814621409921671
SPT35459	SPT35431	0.820342396777442
SPT35459	SPT35313	0.815913418178174
SPT35459	SPT35780	0.811230219499745
SPT35459	SPT35315	0.815560228296786
SPT35459	SPT35316	0.812825651302605
SPT35459	SPT35317	0.810986591955173
SPT35459	SPT35334	0.8171
SPT35459	SPT35543	0.810266680720987
SPT35474	SPT35514	0.831453500744839
SPT35474	SPT35519	0.812009905076352
SPT35474	SPT35526	0.83073362181745
SPT35474	SPT35501	0.814799919565655
SPT35474	SPT35681	0.820008035355564
SPT35474	SPT35467	0.831307143574802
SPT35474	SPT35469	0.830101476941626
SPT35474	SPT35470	0.978642334302617
SPT35474	SPT35468	0.829714515480499
SPT35474	SPT35471	0.831191002209279
SPT35474	SPT35379	0.827327789754645
SPT35474	SPT35472	0.821099077416767
SPT35474	SPT35529	0.8311858264546
SPT35474	SPT35517	0.83187707140705
SPT35474	SPT35516	0.830632987823287
SPT35474	SPT35360	0.848977135980746
SPT35474	SPT35515	0.834003215434084
SPT35474	SPT35518	0.816449348044132
SPT35474	SPT35475	0.830675092787642
SPT35474	SPT35520	0.817734484836313
SPT35474	SPT35324	0.837935535696355
SPT35474	SPT35476	0.832930513595166
SPT35474	SPT35485	0.819645732689211
SPT35474	SPT35389	0.82080577269994
SPT35474	SPT35487	0.828385155466399
SPT35474	SPT35369	0.823010623371417
SPT35474	SPT35370	0.831094627105052
SPT35474	SPT35382	0.825358611696258
SPT35474	SPT35521	0.822895551050891
SPT35474	SPT35553	0.821066372125715
SPT35474	SPT35532	0.83316430020284
SPT35474	SPT35384	0.82571657646823
SPT35474	SPT35522	0.845066185318893
SPT35474	SPT35361	0.824779470729751
SPT35474	SPT35342	0.818876268971756
SPT35474	SPT35556	0.81824734836783
SPT35474	SPT35557	0.821334414925978
SPT35474	SPT35328	0.818592057761733
SPT35474	SPT35592	0.822481634296065
SPT35474	SPT35435	0.832646497135391
SPT35474	SPT35304	0.826340092350934
SPT35474	SPT35390	0.837060062167853
SPT35474	SPT35436	0.816140776699029
SPT35474	SPT35580	0.826146837588728
SPT35474	SPT35538	0.817436974789916
SPT35474	SPT35537	0.816054220057185
SPT35474	SPT35320	0.835400974745237
SPT35474	SPT35541	0.817692463944749
SPT35474	SPT35673	0.818757062146893
SPT35474	SPT35502	0.822519083969466
SPT35474	SPT35330	0.828984846758574
SPT35474	SPT35546	0.823145273525319
SPT35474	SPT35547	0.822690763052209
SPT35474	SPT35544	0.822820694542877
SPT35474	SPT35362	0.818783201363135
SPT35474	SPT35499	0.821691361757887
SPT35474	SPT35336	0.824687121517965
SPT35474	SPT35577	0.82321608040201
SPT35474	SPT35325	0.817454692720462
SPT35474	SPT35331	0.828405332264208
SPT35474	SPT35337	0.840168454828036
SPT35474	SPT35306	0.823635634028893
SPT35474	SPT35407	0.907950210801044
SPT35474	SPT35346	0.82852275005011
SPT35474	SPT35405	0.895164609053498
SPT35474	SPT35410	0.820706308481739
SPT35474	SPT35575	0.816512841091493
SPT35474	SPT35576	0.874473631441749
SPT35474	SPT35766	0.824107983676886
SPT35474	SPT35347	0.848916532905297
SPT35474	SPT35412	0.819472401737472
SPT35474	SPT35414	0.824404155632512
SPT35474	SPT35348	0.83099297893681
SPT35474	SPT35417	0.823896208387811
SPT35474	SPT35571	0.823019931128039
SPT35474	SPT35349	0.818600922028463
SPT35474	SPT35351	0.823380460012661
SPT35474	SPT35418	0.824162559098682
SPT35474	SPT35419	0.873893805309734
SPT35474	SPT35566	0.853733483560381
SPT35474	SPT35567	0.818227441533675
SPT35474	SPT35420	0.810176322418136
SPT35474	SPT35423	0.817880794701987
SPT35474	SPT35564	0.82
SPT35474	SPT35352	0.823311284826619
SPT35474	SPT35424	0.81576295101794
SPT35474	SPT35357	0.823741728494085
SPT35474	SPT35437	0.824716393936352
SPT35474	SPT35563	0.817963111467522
SPT35474	SPT35308	0.826266492093866
SPT35474	SPT35425	0.822670232462456
SPT35474	SPT35440	0.822680632749038
SPT35474	SPT35354	0.82923894515191
SPT35474	SPT35309	0.818373493975904
SPT35474	SPT35310	0.81750277581508
SPT35474	SPT35355	0.82401926356978
SPT35474	SPT35332	0.818427912572689
SPT35474	SPT35333	0.824396111055428
SPT35474	SPT35561	0.822687890388878
SPT35474	SPT35363	0.818045112781955
SPT35474	SPT35427	0.822970085470085
SPT35474	SPT35752	0.820507655116841
SPT35474	SPT35430	0.820092518101368
SPT35474	SPT35431	0.821713247906367
SPT35474	SPT35313	0.827593131840546
SPT35474	SPT35780	0.818339807810264
SPT35474	SPT35315	0.823582538886101
SPT35474	SPT35316	0.824598393574297
SPT35474	SPT35317	0.834520108314111
SPT35474	SPT35334	0.838227924225719
SPT35474	SPT35543	0.821635883905013
SPT35514	SPT35519	0.8123572283259
SPT35514	SPT35526	0.83214475784992
SPT35514	SPT35501	0.81075908994259
SPT35514	SPT35681	0.815641270853257
SPT35514	SPT35467	0.832146274051238
SPT35514	SPT35469	0.901658515840953
SPT35514	SPT35470	0.832041618006158
SPT35514	SPT35468	0.9223073648361
SPT35514	SPT35471	0.901785714285714
SPT35514	SPT35379	0.821938554738209
SPT35514	SPT35472	0.815652543272804
SPT35514	SPT35529	0.832374866879659
SPT35514	SPT35517	0.912230368717458
SPT35514	SPT35516	0.89708386547467
SPT35514	SPT35360	0.82205460533305
SPT35514	SPT35515	0.899074763373391
SPT35514	SPT35518	0.813960900977476
SPT35514	SPT35475	0.832360123155324
SPT35514	SPT35520	0.815842636895268
SPT35514	SPT35324	0.824574468085106
SPT35514	SPT35476	0.965381337878142
SPT35514	SPT35485	0.821713677488026
SPT35514	SPT35389	0.817921223059773
SPT35514	SPT35487	0.888157195963887
SPT35514	SPT35369	0.820256927486994
SPT35514	SPT35370	0.828095136971756
SPT35514	SPT35382	0.824973432518597
SPT35514	SPT35521	0.82368125701459
SPT35514	SPT35553	0.81115834218916
SPT35514	SPT35532	0.904634198669813
SPT35514	SPT35384	0.821743284849772
SPT35514	SPT35522	0.824660152931181
SPT35514	SPT35361	0.822573794860905
SPT35514	SPT35342	0.817871977846416
SPT35514	SPT35556	0.81394084384515
SPT35514	SPT35557	0.818959982880377
SPT35514	SPT35328	0.815680441941995
SPT35514	SPT35592	0.827905491698595
SPT35514	SPT35435	0.901702127659574
SPT35514	SPT35304	0.819689559855411
SPT35514	SPT35390	0.825260250690461
SPT35514	SPT35436	0.816413763624706
SPT35514	SPT35580	0.815334893569598
SPT35514	SPT35538	0.81603982300885
SPT35514	SPT35537	0.816501503173366
SPT35514	SPT35320	0.81812885937318
SPT35514	SPT35541	0.817058760339456
SPT35514	SPT35673	0.817708333333333
SPT35514	SPT35502	0.813258140029794
SPT35514	SPT35330	0.824529883818421
SPT35514	SPT35546	0.821701936064836
SPT35514	SPT35547	0.820616365568544
SPT35514	SPT35544	0.817218117571474
SPT35514	SPT35362	0.818770570124217
SPT35514	SPT35499	0.818259385665529
SPT35514	SPT35336	0.82231228668942
SPT35514	SPT35577	0.81563829787234
SPT35514	SPT35325	0.809340188517566
SPT35514	SPT35331	0.819513748805606
SPT35514	SPT35337	0.820324944249761
SPT35514	SPT35306	0.821830537269059
SPT35514	SPT35407	0.837458833528099
SPT35514	SPT35346	0.825034504724493
SPT35514	SPT35405	0.836058473199783
SPT35514	SPT35410	0.817552455000533
SPT35514	SPT35575	0.815216236319201
SPT35514	SPT35576	0.828146574614976
SPT35514	SPT35766	0.817911761469909
SPT35514	SPT35347	0.822229306131123
SPT35514	SPT35412	0.817584131936706
SPT35514	SPT35414	0.82475002687883
SPT35514	SPT35348	0.821929451763706
SPT35514	SPT35417	0.823016379493725
SPT35514	SPT35571	0.8192916849978
SPT35514	SPT35349	0.814842339951163
SPT35514	SPT35351	0.821054974404629
SPT35514	SPT35418	0.821595744680851
SPT35514	SPT35419	0.829307225710333
SPT35514	SPT35566	0.825673191305288
SPT35514	SPT35567	0.812838771389096
SPT35514	SPT35420	0.814270500532481
SPT35514	SPT35423	0.812221041445271
SPT35514	SPT35564	0.818007662835249
SPT35514	SPT35352	0.821000106168383
SPT35514	SPT35424	0.818036456667733
SPT35514	SPT35357	0.819543281996814
SPT35514	SPT35437	0.871413390010627
SPT35514	SPT35563	0.813143645822274
SPT35514	SPT35308	0.821010014915832
SPT35514	SPT35425	0.820507262085411
SPT35514	SPT35440	0.821794438815715
SPT35514	SPT35354	0.818249415763756
SPT35514	SPT35309	0.817273982789759
SPT35514	SPT35310	0.81784188034188
SPT35514	SPT35355	0.818452380952381
SPT35514	SPT35332	0.809473237043331
SPT35514	SPT35333	0.816415374814186
SPT35514	SPT35561	0.831558773424191
SPT35514	SPT35363	0.8178632115548
SPT35514	SPT35427	0.816218648071083
SPT35514	SPT35752	0.818017057569296
SPT35514	SPT35430	0.817939987231326
SPT35514	SPT35431	0.823900042716788
SPT35514	SPT35313	0.819138755980861
SPT35514	SPT35780	0.820360574327971
SPT35514	SPT35315	0.817447667622994
SPT35514	SPT35316	0.820801871743061
SPT35514	SPT35317	0.819823648146181
SPT35514	SPT35334	0.820893937785327
SPT35514	SPT35543	0.820832405964834
SPT35519	SPT35526	0.81763795771016
SPT35519	SPT35501	0.800247371675943
SPT35519	SPT35681	0.80352359365341
SPT35519	SPT35467	0.816926090093805
SPT35519	SPT35469	0.81439472056094
SPT35519	SPT35470	0.808587314662274
SPT35519	SPT35468	0.810186617177029
SPT35519	SPT35471	0.812094364891316
SPT35519	SPT35379	0.809443684930066
SPT35519	SPT35472	0.80663097199341
SPT35519	SPT35529	0.818003509858573
SPT35519	SPT35517	0.810710607621009
SPT35519	SPT35516	0.809676088302043
SPT35519	SPT35360	0.812480691998764
SPT35519	SPT35515	0.809464893287968
SPT35519	SPT35518	0.799505715168366
SPT35519	SPT35475	0.816889804325438
SPT35519	SPT35520	0.801030927835052
SPT35519	SPT35324	0.802763171460975
SPT35519	SPT35476	0.81148048730126
SPT35519	SPT35485	0.804893155775782
SPT35519	SPT35389	0.805701348152722
SPT35519	SPT35487	0.811225540679712
SPT35519	SPT35369	0.803540187300607
SPT35519	SPT35370	0.81329765335529
SPT35519	SPT35382	0.813040791100124
SPT35519	SPT35521	0.806969927260884
SPT35519	SPT35553	0.803380049464139
SPT35519	SPT35532	0.810067462376751
SPT35519	SPT35384	0.805289698466605
SPT35519	SPT35522	0.810048388757336
SPT35519	SPT35361	0.807205352547607
SPT35519	SPT35342	0.805512542582843
SPT35519	SPT35556	0.800126236061435
SPT35519	SPT35557	0.804926210766992
SPT35519	SPT35328	0.804345587478118
SPT35519	SPT35592	0.804581097812629
SPT35519	SPT35435	0.809504174827337
SPT35519	SPT35304	0.809440379264145
SPT35519	SPT35390	0.807660626029654
SPT35519	SPT35436	0.80105688529686
SPT35519	SPT35580	0.806441154220253
SPT35519	SPT35538	0.80473182742747
SPT35519	SPT35537	0.804954565123323
SPT35519	SPT35320	0.807192129367862
SPT35519	SPT35541	0.806092742773965
SPT35519	SPT35673	0.804469914040115
SPT35519	SPT35502	0.797422680412371
SPT35519	SPT35330	0.810525092936803
SPT35519	SPT35546	0.804449776420547
SPT35519	SPT35547	0.804121586810922
SPT35519	SPT35544	0.804660797514241
SPT35519	SPT35362	0.806627559946485
SPT35519	SPT35499	0.806011775643012
SPT35519	SPT35336	0.806228015725222
SPT35519	SPT35577	0.799401815181518
SPT35519	SPT35325	0.803773193738986
SPT35519	SPT35331	0.808171246269425
SPT35519	SPT35337	0.805395387149918
SPT35519	SPT35306	0.806508083616517
SPT35519	SPT35407	0.814482900700453
SPT35519	SPT35346	0.810538231964598
SPT35519	SPT35405	0.813848258444702
SPT35519	SPT35410	0.805205536046271
SPT35519	SPT35575	0.802039344937687
SPT35519	SPT35576	0.810004116920543
SPT35519	SPT35766	0.80548149728058
SPT35519	SPT35347	0.812525751957149
SPT35519	SPT35412	0.809498169287099
SPT35519	SPT35414	0.813984993747395
SPT35519	SPT35348	0.806797116374871
SPT35519	SPT35417	0.813982264384409
SPT35519	SPT35571	0.807770090473656
SPT35519	SPT35349	0.800967376762375
SPT35519	SPT35351	0.807957731291783
SPT35519	SPT35418	0.811365511551155
SPT35519	SPT35419	0.811951697801631
SPT35519	SPT35566	0.81099153693449
SPT35519	SPT35567	0.80004118616145
SPT35519	SPT35420	0.801548786783686
SPT35519	SPT35423	0.797589616810878
SPT35519	SPT35564	0.80639175257732
SPT35519	SPT35352	0.807142122054132
SPT35519	SPT35424	0.802439780833247
SPT35519	SPT35357	0.808896210873147
SPT35519	SPT35437	0.806262230919765
SPT35519	SPT35563	0.799917661589131
SPT35519	SPT35308	0.810143580208656
SPT35519	SPT35425	0.804096638655462
SPT35519	SPT35440	0.810696002614094
SPT35519	SPT35354	0.810749588138385
SPT35519	SPT35309	0.803192584963955
SPT35519	SPT35310	0.803141469463677
SPT35519	SPT35355	0.802018953440461
SPT35519	SPT35332	0.804097179328804
SPT35519	SPT35333	0.804343351173322
SPT35519	SPT35561	0.804935976869062
SPT35519	SPT35363	0.80224418365246
SPT35519	SPT35427	0.808901947981282
SPT35519	SPT35752	0.806504904491482
SPT35519	SPT35430	0.804352310231023
SPT35519	SPT35431	0.811271975180972
SPT35519	SPT35313	0.809833024118738
SPT35519	SPT35780	0.805814075081042
SPT35519	SPT35315	0.805664263645726
SPT35519	SPT35316	0.805853256389118
SPT35519	SPT35317	0.80939141180105
SPT35519	SPT35334	0.808068333847895
SPT35519	SPT35543	0.81241230437129
SPT35526	SPT35501	0.818730510009053
SPT35526	SPT35681	0.817011864065956
SPT35526	SPT35467	0.998794696665327
SPT35526	SPT35469	0.830315831824583
SPT35526	SPT35470	0.829050391487653
SPT35526	SPT35468	0.829862159170943
SPT35526	SPT35471	0.830619219943707
SPT35526	SPT35379	0.825493015612161
SPT35526	SPT35472	0.817187029414717
SPT35526	SPT35529	0.997382725991544
SPT35526	SPT35517	0.829415310427969
SPT35526	SPT35516	0.829590089636419
SPT35526	SPT35360	0.82407872276333
SPT35526	SPT35515	0.831287726358149
SPT35526	SPT35518	0.815807974289445
SPT35526	SPT35475	0.997991564571199
SPT35526	SPT35520	0.816929727556047
SPT35526	SPT35324	0.820566948130277
SPT35526	SPT35476	0.832258714487205
SPT35526	SPT35485	0.820130850528435
SPT35526	SPT35389	0.823883592574009
SPT35526	SPT35487	0.83259690700944
SPT35526	SPT35369	0.824987456096337
SPT35526	SPT35370	0.830289040545966
SPT35526	SPT35382	0.830453997589393
SPT35526	SPT35521	0.823316283034953
SPT35526	SPT35553	0.819195979899497
SPT35526	SPT35532	0.832589285714286
SPT35526	SPT35384	0.824887104867035
SPT35526	SPT35522	0.824161478208476
SPT35526	SPT35361	0.825253437719562
SPT35526	SPT35342	0.821274026366106
SPT35526	SPT35556	0.819118252987227
SPT35526	SPT35557	0.817877435064935
SPT35526	SPT35328	0.816246611105533
SPT35526	SPT35592	0.824826336454243
SPT35526	SPT35435	0.833065164923572
SPT35526	SPT35304	0.828743718592965
SPT35526	SPT35390	0.826807228915663
SPT35526	SPT35436	0.819773325237806
SPT35526	SPT35580	0.820773714891362
SPT35526	SPT35538	0.826091519731318
SPT35526	SPT35537	0.825240664339363
SPT35526	SPT35320	0.822936288088643
SPT35526	SPT35541	0.816998779991867
SPT35526	SPT35673	0.81791483113069
SPT35526	SPT35502	0.816180904522613
SPT35526	SPT35330	0.826116681859617
SPT35526	SPT35546	0.823542001070091
SPT35526	SPT35547	0.824002412302744
SPT35526	SPT35544	0.821515397082658
SPT35526	SPT35362	0.822880080280983
SPT35526	SPT35499	0.821025020177563
SPT35526	SPT35336	0.824967175032825
SPT35526	SPT35577	0.820688267256993
SPT35526	SPT35325	0.813772151898734
SPT35526	SPT35331	0.825388861013547
SPT35526	SPT35337	0.825035133507328
SPT35526	SPT35306	0.828815261044177
SPT35526	SPT35407	0.829817158931083
SPT35526	SPT35346	0.823281485198194
SPT35526	SPT35405	0.829782854790573
SPT35526	SPT35410	0.820004029008864
SPT35526	SPT35575	0.82324601023788
SPT35526	SPT35576	0.825153066345478
SPT35526	SPT35766	0.823258732482744
SPT35526	SPT35347	0.824327038971475
SPT35526	SPT35412	0.817527519051651
SPT35526	SPT35414	0.824338085539715
SPT35526	SPT35348	0.826152455558903
SPT35526	SPT35417	0.825837609417446
SPT35526	SPT35571	0.824647519582245
SPT35526	SPT35349	0.825288509784245
SPT35526	SPT35351	0.824622531939605
SPT35526	SPT35418	0.819756318598328
SPT35526	SPT35419	0.826135105204873
SPT35526	SPT35566	0.825107515871391
SPT35526	SPT35567	0.819168173598553
SPT35526	SPT35420	0.818951612903226
SPT35526	SPT35423	0.817670682730924
SPT35526	SPT35564	0.823582629674306
SPT35526	SPT35352	0.82077270446563
SPT35526	SPT35424	0.823535343349803
SPT35526	SPT35357	0.8214859437751
SPT35526	SPT35437	0.822608171870294
SPT35526	SPT35563	0.81904857486953
SPT35526	SPT35308	0.829501915708812
SPT35526	SPT35425	0.819921794607944
SPT35526	SPT35440	0.82679354217898
SPT35526	SPT35354	0.828714859437751
SPT35526	SPT35309	0.818711687267611
SPT35526	SPT35310	0.819311180688819
SPT35526	SPT35355	0.821805039654653
SPT35526	SPT35332	0.813290503914877
SPT35526	SPT35333	0.820052187876355
SPT35526	SPT35561	0.824151475475879
SPT35526	SPT35363	0.819614535233889
SPT35526	SPT35427	0.822675349631686
SPT35526	SPT35752	0.817641129032258
SPT35526	SPT35430	0.821978464325249
SPT35526	SPT35431	0.820373171961674
SPT35526	SPT35313	0.82321608040201
SPT35526	SPT35780	0.818656029456889
SPT35526	SPT35315	0.82241864202491
SPT35526	SPT35316	0.822914572864322
SPT35526	SPT35317	0.820546294436634
SPT35526	SPT35334	0.825270975511843
SPT35526	SPT35543	0.818498574596136
SPT35501	SPT35681	0.805806710870002
SPT35501	SPT35467	0.817989949748744
SPT35501	SPT35469	0.81093027928471
SPT35501	SPT35470	0.812957576973222
SPT35501	SPT35468	0.810552763819095
SPT35501	SPT35471	0.808055443953395
SPT35501	SPT35379	0.811595690097486
SPT35501	SPT35472	0.803610832497492
SPT35501	SPT35529	0.81876761981474
SPT35501	SPT35517	0.810637230306071
SPT35501	SPT35516	0.810745547841835
SPT35501	SPT35360	0.808525576730191
SPT35501	SPT35515	0.805650512768952
SPT35501	SPT35518	0.80641925777332
SPT35501	SPT35475	0.817835289397131
SPT35501	SPT35520	0.801426275612696
SPT35501	SPT35324	0.811006226149829
SPT35501	SPT35476	0.814777531709281
SPT35501	SPT35485	0.803923541247485
SPT35501	SPT35389	0.807137129109864
SPT35501	SPT35487	0.811095505617977
SPT35501	SPT35369	0.804530874097835
SPT35501	SPT35370	0.811027568922306
SPT35501	SPT35382	0.806661984549012
SPT35501	SPT35521	0.805694785112509
SPT35501	SPT35553	0.80684670213834
SPT35501	SPT35532	0.81253804017042
SPT35501	SPT35384	0.813853247794707
SPT35501	SPT35522	0.811434302908726
SPT35501	SPT35361	0.806697413274514
SPT35501	SPT35342	0.800824452041021
SPT35501	SPT35556	0.805186786045076
SPT35501	SPT35557	0.808756460930374
SPT35501	SPT35328	0.801805416248746
SPT35501	SPT35592	0.805371152685576
SPT35501	SPT35435	0.811036285053774
SPT35501	SPT35304	0.81156510390523
SPT35501	SPT35390	0.804633436967205
SPT35501	SPT35436	0.80778564206269
SPT35501	SPT35580	0.8077534159517
SPT35501	SPT35538	0.8077488450231
SPT35501	SPT35537	0.806731583403895
SPT35501	SPT35320	0.808786101582384
SPT35501	SPT35541	0.806379520520114
SPT35501	SPT35673	0.804561363892966
SPT35501	SPT35502	0.795660036166365
SPT35501	SPT35330	0.814186496641239
SPT35501	SPT35546	0.806354980207553
SPT35501	SPT35547	0.807908470493778
SPT35501	SPT35544	0.80522108671456
SPT35501	SPT35362	0.808340016038492
SPT35501	SPT35499	0.876625340187481
SPT35501	SPT35336	0.814000403469841
SPT35501	SPT35577	0.807958999095568
SPT35501	SPT35325	0.801012145748988
SPT35501	SPT35331	0.809542902967121
SPT35501	SPT35337	0.808745361548491
SPT35501	SPT35306	0.802628938390528
SPT35501	SPT35407	0.813811101073974
SPT35501	SPT35346	0.813151563753007
SPT35501	SPT35405	0.812911184210526
SPT35501	SPT35410	0.800060374320789
SPT35501	SPT35575	0.806461322363801
SPT35501	SPT35576	0.804472074601424
SPT35501	SPT35766	0.803366088229145
SPT35501	SPT35347	0.808549066827213
SPT35501	SPT35412	0.80497617787189
SPT35501	SPT35414	0.810323762981063
SPT35501	SPT35348	0.808587479935794
SPT35501	SPT35417	0.811601487885795
SPT35501	SPT35571	0.807973283239407
SPT35501	SPT35349	0.804129911788292
SPT35501	SPT35351	0.801223241590214
SPT35501	SPT35418	0.805815474393802
SPT35501	SPT35419	0.808307351905863
SPT35501	SPT35566	0.814329580348004
SPT35501	SPT35567	0.803393915051712
SPT35501	SPT35420	0.802537508810794
SPT35501	SPT35423	0.805982133895413
SPT35501	SPT35564	0.810213108162445
SPT35501	SPT35352	0.806435445068164
SPT35501	SPT35424	0.803425692695214
SPT35501	SPT35357	0.804131982749975
SPT35501	SPT35437	0.808773338687011
SPT35501	SPT35563	0.802706766917293
SPT35501	SPT35308	0.811442385173247
SPT35501	SPT35425	0.809788196586469
SPT35501	SPT35440	0.809147253686685
SPT35501	SPT35354	0.804031691906529
SPT35501	SPT35309	0.805078791528656
SPT35501	SPT35310	0.805165977197054
SPT35501	SPT35355	0.800602107375815
SPT35501	SPT35332	0.800541516245487
SPT35501	SPT35333	0.803809523809524
SPT35501	SPT35561	0.807432772686071
SPT35501	SPT35363	0.805073698987266
SPT35501	SPT35427	0.808390264730999
SPT35501	SPT35752	0.80618203785743
SPT35501	SPT35430	0.808288070810702
SPT35501	SPT35431	0.810778080532849
SPT35501	SPT35313	0.810943775100402
SPT35501	SPT35780	0.807684447169426
SPT35501	SPT35315	0.810073241697602
SPT35501	SPT35316	0.805923694779117
SPT35501	SPT35317	0.803309929789368
SPT35501	SPT35334	0.808721804511278
SPT35501	SPT35543	0.809935660795275
SPT35681	SPT35467	0.816193438346544
SPT35681	SPT35469	0.816584680252987
SPT35681	SPT35470	0.817826740110165
SPT35681	SPT35468	0.812456052235058
SPT35681	SPT35471	0.814480545527477
SPT35681	SPT35379	0.813781788351107
SPT35681	SPT35472	0.802644760569024
SPT35681	SPT35529	0.816965184141678
SPT35681	SPT35517	0.816959357752132
SPT35681	SPT35516	0.81882163683893
SPT35681	SPT35360	0.8125250501002
SPT35681	SPT35515	0.811866278486096
SPT35681	SPT35518	0.813608578013829
SPT35681	SPT35475	0.816678360228526
SPT35681	SPT35520	0.806519558676028
SPT35681	SPT35324	0.811979532457108
SPT35681	SPT35476	0.817560092527406
SPT35681	SPT35485	0.810155857214681
SPT35681	SPT35389	0.811135589825756
SPT35681	SPT35487	0.813426853707415
SPT35681	SPT35369	0.805928299619467
SPT35681	SPT35370	0.814202724358974
SPT35681	SPT35382	0.813270522201062
SPT35681	SPT35521	0.809858405195358
SPT35681	SPT35553	0.807761732851986
SPT35681	SPT35532	0.814210419622947
SPT35681	SPT35384	0.810735029040657
SPT35681	SPT35522	0.812086590499098
SPT35681	SPT35361	0.809294871794872
SPT35681	SPT35342	0.806950582563278
SPT35681	SPT35556	0.810096648159572
SPT35681	SPT35557	0.803991085899514
SPT35681	SPT35328	0.807295320172362
SPT35681	SPT35592	0.80701578048045
SPT35681	SPT35435	0.813962832747363
SPT35681	SPT35304	0.812575210589651
SPT35681	SPT35390	0.809137360985873
SPT35681	SPT35436	0.806826214278501
SPT35681	SPT35580	0.813717188823031
SPT35681	SPT35538	0.80666806458377
SPT35681	SPT35537	0.804759386567953
SPT35681	SPT35320	0.810963455149502
SPT35681	SPT35541	0.802131979695431
SPT35681	SPT35673	0.805257813381474
SPT35681	SPT35502	0.801284624648735
SPT35681	SPT35330	0.809556313993174
SPT35681	SPT35546	0.810475681453768
SPT35681	SPT35547	0.809652819586594
SPT35681	SPT35544	0.80663430420712
SPT35681	SPT35362	0.812018027040561
SPT35681	SPT35499	0.811140209508461
SPT35681	SPT35336	0.810887096774194
SPT35681	SPT35577	0.808237066800603
SPT35681	SPT35325	0.802426693629929
SPT35681	SPT35331	0.811817726589885
SPT35681	SPT35337	0.813144975453361
SPT35681	SPT35306	0.813965137247045
SPT35681	SPT35407	0.820569366479551
SPT35681	SPT35346	0.81143601041458
SPT35681	SPT35405	0.819872585285656
SPT35681	SPT35410	0.809289232934553
SPT35681	SPT35575	0.805112781954887
SPT35681	SPT35576	0.815850115218916
SPT35681	SPT35766	0.806202359820403
SPT35681	SPT35347	0.812650360866079
SPT35681	SPT35412	0.805076679005817
SPT35681	SPT35414	0.813492063492063
SPT35681	SPT35348	0.810583283223091
SPT35681	SPT35417	0.813102893890675
SPT35681	SPT35571	0.80650542118432
SPT35681	SPT35349	0.803625075105147
SPT35681	SPT35351	0.807672041310992
SPT35681	SPT35418	0.808179260450161
SPT35681	SPT35419	0.81452828292977
SPT35681	SPT35566	0.815095111474739
SPT35681	SPT35567	0.808182091647448
SPT35681	SPT35420	0.806922225576014
SPT35681	SPT35423	0.804931836407378
SPT35681	SPT35564	0.807309970880611
SPT35681	SPT35352	0.813438814340076
SPT35681	SPT35424	0.804266881352521
SPT35681	SPT35357	0.812744214006613
SPT35681	SPT35437	0.808382633109395
SPT35681	SPT35563	0.808932505507711
SPT35681	SPT35308	0.812273641851107
SPT35681	SPT35425	0.802731567056891
SPT35681	SPT35440	0.809335612048708
SPT35681	SPT35354	0.813044785091674
SPT35681	SPT35309	0.807661452065784
SPT35681	SPT35310	0.807928982144659
SPT35681	SPT35355	0.807117794486216
SPT35681	SPT35332	0.803045481867361
SPT35681	SPT35333	0.807210816224337
SPT35681	SPT35561	0.808125502815768
SPT35681	SPT35363	0.808574576780527
SPT35681	SPT35427	0.805804524114383
SPT35681	SPT35752	0.805938600905888
SPT35681	SPT35430	0.813661476644902
SPT35681	SPT35431	0.814938010281222
SPT35681	SPT35313	0.809772248419785
SPT35681	SPT35780	0.812557427258806
SPT35681	SPT35315	0.809705233607379
SPT35681	SPT35316	0.810474566068024
SPT35681	SPT35317	0.810821643286573
SPT35681	SPT35334	0.811316975463195
SPT35681	SPT35543	0.808524105918346
SPT35467	SPT35469	0.830772320980215
SPT35467	SPT35470	0.829510167284383
SPT35467	SPT35468	0.829735970284108
SPT35467	SPT35471	0.830440453496539
SPT35467	SPT35379	0.824410256410256
SPT35467	SPT35472	0.817197835237523
SPT35467	SPT35529	0.997788277872725
SPT35467	SPT35517	0.829554574638844
SPT35467	SPT35516	0.829832143934064
SPT35467	SPT35360	0.823812387251954
SPT35467	SPT35515	0.831592689295039
SPT35467	SPT35518	0.815356856455493
SPT35467	SPT35475	0.998596772576927
SPT35467	SPT35520	0.816293769439149
SPT35467	SPT35324	0.819969894631209
SPT35467	SPT35476	0.832260659694288
SPT35467	SPT35485	0.81971661139584
SPT35467	SPT35389	0.823116987179487
SPT35467	SPT35487	0.833132892363199
SPT35467	SPT35369	0.82411858974359
SPT35467	SPT35370	0.829610337573876
SPT35467	SPT35382	0.829573934837093
SPT35467	SPT35521	0.822577209797657
SPT35467	SPT35553	0.818719903691814
SPT35467	SPT35532	0.832353537401176
SPT35467	SPT35384	0.824719551282051
SPT35467	SPT35522	0.823529411764706
SPT35467	SPT35361	0.824484071328391
SPT35467	SPT35342	0.820912012856569
SPT35467	SPT35556	0.818845797757432
SPT35467	SPT35557	0.817776426472079
SPT35467	SPT35328	0.81519342553618
SPT35467	SPT35592	0.824102924917077
SPT35467	SPT35435	0.833567697870631
SPT35467	SPT35304	0.828267629651921
SPT35467	SPT35390	0.826235093696763
SPT35467	SPT35436	0.819523039611964
SPT35467	SPT35580	0.82029016202478
SPT35467	SPT35538	0.825941071615812
SPT35467	SPT35537	0.824542860162773
SPT35467	SPT35320	0.822500276824272
SPT35467	SPT35541	0.816815597075548
SPT35467	SPT35673	0.817966369484257
SPT35467	SPT35502	0.81550963081862
SPT35467	SPT35330	0.825819672131147
SPT35467	SPT35546	0.823491655969191
SPT35467	SPT35547	0.824219925754991
SPT35467	SPT35544	0.821612870585855
SPT35467	SPT35362	0.822716346153846
SPT35467	SPT35499	0.820737605804111
SPT35467	SPT35336	0.824810892586989
SPT35467	SPT35577	0.819989954796585
SPT35467	SPT35325	0.813226817676206
SPT35467	SPT35331	0.823918269230769
SPT35467	SPT35337	0.825067628494139
SPT35467	SPT35306	0.828706023854866
SPT35467	SPT35407	0.829723225030084
SPT35467	SPT35346	0.823016826923077
SPT35467	SPT35405	0.829666940789474
SPT35467	SPT35410	0.820028152020913
SPT35467	SPT35575	0.82332899088085
SPT35467	SPT35576	0.825232989277483
SPT35467	SPT35766	0.822779519331243
SPT35467	SPT35347	0.823859649122807
SPT35467	SPT35412	0.816738969421225
SPT35467	SPT35414	0.823649129948102
SPT35467	SPT35348	0.82598235765838
SPT35467	SPT35417	0.825510101517741
SPT35467	SPT35571	0.824105932645188
SPT35467	SPT35349	0.824719551282051
SPT35467	SPT35351	0.823926574533179
SPT35467	SPT35418	0.818739318387454
SPT35467	SPT35419	0.825444678926741
SPT35467	SPT35566	0.824600900532133
SPT35467	SPT35567	0.819175609266874
SPT35467	SPT35420	0.818584516258935
SPT35467	SPT35423	0.817252780282537
SPT35467	SPT35564	0.822797511539233
SPT35467	SPT35352	0.820913461538462
SPT35467	SPT35424	0.823179941597019
SPT35467	SPT35357	0.820623308948792
SPT35467	SPT35437	0.822409300461014
SPT35467	SPT35563	0.818691776019233
SPT35467	SPT35308	0.82868646200302
SPT35467	SPT35425	0.81903195971637
SPT35467	SPT35440	0.826816239316239
SPT35467	SPT35354	0.82793867120954
SPT35467	SPT35309	0.818218298555377
SPT35467	SPT35310	0.818805488297014
SPT35467	SPT35355	0.820541082164329
SPT35467	SPT35332	0.813044785091674
SPT35467	SPT35333	0.820595011519583
SPT35467	SPT35561	0.823831070889894
SPT35467	SPT35363	0.819256587516281
SPT35467	SPT35427	0.822286263208453
SPT35467	SPT35752	0.817019133937563
SPT35467	SPT35430	0.821608040201005
SPT35467	SPT35431	0.820151133501259
SPT35467	SPT35313	0.823316945921541
SPT35467	SPT35780	0.817940335104209
SPT35467	SPT35315	0.822603289209787
SPT35467	SPT35316	0.822030497592295
SPT35467	SPT35317	0.820587350907086
SPT35467	SPT35334	0.825102674546729
SPT35467	SPT35543	0.817894070479004
SPT35469	SPT35470	0.828972431077694
SPT35469	SPT35468	0.899216237942122
SPT35469	SPT35471	0.901325035133507
SPT35469	SPT35379	0.822564102564103
SPT35469	SPT35472	0.817607540358969
SPT35469	SPT35529	0.830162085976039
SPT35469	SPT35517	0.905258932155761
SPT35469	SPT35516	0.908807560828474
SPT35469	SPT35360	0.822037296972128
SPT35469	SPT35515	0.905374183827222
SPT35469	SPT35518	0.810808101062763
SPT35469	SPT35475	0.830659715259675
SPT35469	SPT35520	0.811746987951807
SPT35469	SPT35324	0.820700732858147
SPT35469	SPT35476	0.909319645732689
SPT35469	SPT35485	0.820303853506389
SPT35469	SPT35389	0.822044088176353
SPT35469	SPT35487	0.909045326915363
SPT35469	SPT35369	0.821342685370742
SPT35469	SPT35370	0.826217678893566
SPT35469	SPT35382	0.819877645170996
SPT35469	SPT35521	0.821097496004262
SPT35469	SPT35553	0.816703473198153
SPT35469	SPT35532	0.90682348169928
SPT35469	SPT35384	0.817835671342685
SPT35469	SPT35522	0.820451127819549
SPT35469	SPT35361	0.821926044693857
SPT35469	SPT35342	0.815376884422111
SPT35469	SPT35556	0.815375115776474
SPT35469	SPT35557	0.822915611386891
SPT35469	SPT35328	0.816021656306397
SPT35469	SPT35592	0.824132730015083
SPT35469	SPT35435	0.908058681672026
SPT35469	SPT35304	0.819668840943302
SPT35469	SPT35390	0.818045112781955
SPT35469	SPT35436	0.815847988680008
SPT35469	SPT35580	0.815795045521914
SPT35469	SPT35538	0.81544433952366
SPT35469	SPT35537	0.816700179913218
SPT35469	SPT35320	0.815766164747564
SPT35469	SPT35541	0.817120227457352
SPT35469	SPT35673	0.820428893905192
SPT35469	SPT35502	0.81574455266593
SPT35469	SPT35330	0.818068039594948
SPT35469	SPT35546	0.82012618971233
SPT35469	SPT35547	0.821711648439852
SPT35469	SPT35544	0.821171946159296
SPT35469	SPT35362	0.816214049503958
SPT35469	SPT35499	0.818841309823678
SPT35469	SPT35336	0.817989311283654
SPT35469	SPT35577	0.815495930057281
SPT35469	SPT35325	0.813922897905494
SPT35469	SPT35331	0.819621204529512
SPT35469	SPT35337	0.821353383458647
SPT35469	SPT35306	0.819412413516495
SPT35469	SPT35407	0.83227943390545
SPT35469	SPT35346	0.822845691382766
SPT35469	SPT35405	0.830095590502621
SPT35469	SPT35410	0.815209737450961
SPT35469	SPT35575	0.81476281215525
SPT35469	SPT35576	0.824661654135338
SPT35469	SPT35766	0.810827759197324
SPT35469	SPT35347	0.821965897693079
SPT35469	SPT35412	0.816237959140468
SPT35469	SPT35414	0.82041107041107
SPT35469	SPT35348	0.820798235058163
SPT35469	SPT35417	0.820247310746959
SPT35469	SPT35571	0.817148221550016
SPT35469	SPT35349	0.816633266533066
SPT35469	SPT35351	0.821364547084256
SPT35469	SPT35418	0.818976781586089
SPT35469	SPT35419	0.830401125967628
SPT35469	SPT35566	0.824516525120229
SPT35469	SPT35567	0.813584829938798
SPT35469	SPT35420	0.812021747885622
SPT35469	SPT35423	0.813340020060181
SPT35469	SPT35564	0.81478505423865
SPT35469	SPT35352	0.815430861723447
SPT35469	SPT35424	0.816460159161882
SPT35469	SPT35357	0.816340852130326
SPT35469	SPT35437	0.860740443463429
SPT35469	SPT35563	0.813608578013829
SPT35469	SPT35308	0.82111938796054
SPT35469	SPT35425	0.821927661323469
SPT35469	SPT35440	0.818959068077375
SPT35469	SPT35354	0.820751879699248
SPT35469	SPT35309	0.815929381081352
SPT35469	SPT35310	0.815595682437204
SPT35469	SPT35355	0.812619119269736
SPT35469	SPT35332	0.812951082598236
SPT35469	SPT35333	0.818919731436016
SPT35469	SPT35561	0.826804954183869
SPT35469	SPT35363	0.817379973940062
SPT35469	SPT35427	0.814969036942131
SPT35469	SPT35752	0.817715148465023
SPT35469	SPT35430	0.814755251784099
SPT35469	SPT35431	0.823986282025419
SPT35469	SPT35313	0.816584680252987
SPT35469	SPT35780	0.819584994378003
SPT35469	SPT35315	0.819303702217317
SPT35469	SPT35316	0.817643516659976
SPT35469	SPT35317	0.821937036294365
SPT35469	SPT35334	0.822527307345425
SPT35469	SPT35543	0.817616033755274
SPT35470	SPT35468	0.830041110999699
SPT35470	SPT35471	0.831914254232195
SPT35470	SPT35379	0.826830517153098
SPT35470	SPT35472	0.817736452709458
SPT35470	SPT35529	0.829415310427969
SPT35470	SPT35517	0.83026236731424
SPT35470	SPT35516	0.828496837031831
SPT35470	SPT35360	0.850929814037193
SPT35470	SPT35515	0.832029683112716
SPT35470	SPT35518	0.8157
SPT35470	SPT35475	0.829097458475085
SPT35470	SPT35520	0.814432989690722
SPT35470	SPT35324	0.83842226449094
SPT35470	SPT35476	0.832814539612411
SPT35470	SPT35485	0.816922613670581
SPT35470	SPT35389	0.819944044764189
SPT35470	SPT35487	0.825634873025395
SPT35470	SPT35369	0.822042366107114
SPT35470	SPT35370	0.830401758944633
SPT35470	SPT35382	0.826182618261826
SPT35470	SPT35521	0.821820117083555
SPT35470	SPT35553	0.820602662929222
SPT35470	SPT35532	0.831984624721829
SPT35470	SPT35384	0.823940847322142
SPT35470	SPT35522	0.842152645793738
SPT35470	SPT35361	0.824952514245726
SPT35470	SPT35342	0.818801362998597
SPT35470	SPT35556	0.818798151001541
SPT35470	SPT35557	0.818825910931174
SPT35470	SPT35328	0.817318268173183
SPT35470	SPT35592	0.820991370660245
SPT35470	SPT35435	0.831278195488722
SPT35470	SPT35304	0.825242718446602
SPT35470	SPT35390	0.839048285514346
SPT35470	SPT35436	0.815293049530919
SPT35470	SPT35580	0.822565295548271
SPT35470	SPT35538	0.81766740018862
SPT35470	SPT35537	0.814771766694844
SPT35470	SPT35320	0.833499170812604
SPT35470	SPT35541	0.8156747439927
SPT35470	SPT35673	0.815353398714914
SPT35470	SPT35502	0.819929894842263
SPT35470	SPT35330	0.826927450534455
SPT35470	SPT35546	0.820581320795042
SPT35470	SPT35547	0.819865825573245
SPT35470	SPT35544	0.822002222446712
SPT35470	SPT35362	0.817327870490657
SPT35470	SPT35499	0.818382944489139
SPT35470	SPT35336	0.822984804266881
SPT35470	SPT35577	0.820068163592622
SPT35470	SPT35325	0.815372184627815
SPT35470	SPT35331	0.827720595583092
SPT35470	SPT35337	0.837948615415375
SPT35470	SPT35306	0.820428171268507
SPT35470	SPT35407	0.916141298909236
SPT35470	SPT35346	0.827737809752198
SPT35470	SPT35405	0.902699373909474
SPT35470	SPT35410	0.818701715661684
SPT35470	SPT35575	0.815826330532213
SPT35470	SPT35576	0.881023795240952
SPT35470	SPT35766	0.822516694490818
SPT35470	SPT35347	0.85127025405081
SPT35470	SPT35412	0.818335624405202
SPT35470	SPT35414	0.821635347892331
SPT35470	SPT35348	0.8297
SPT35470	SPT35417	0.82078026276201
SPT35470	SPT35571	0.819677251431546
SPT35470	SPT35349	0.816147082334133
SPT35470	SPT35351	0.822736842105263
SPT35470	SPT35418	0.823818601384569
SPT35470	SPT35419	0.882093442951674
SPT35470	SPT35566	0.856295993458708
SPT35470	SPT35567	0.819019019019019
SPT35470	SPT35420	0.808418726140245
SPT35470	SPT35423	0.816690014008405
SPT35470	SPT35564	0.816021656306397
SPT35470	SPT35352	0.821642685851319
SPT35470	SPT35424	0.814409163987138
SPT35470	SPT35357	0.821953413975807
SPT35470	SPT35437	0.821603764140555
SPT35470	SPT35563	0.819008594843094
SPT35470	SPT35308	0.825077865970059
SPT35470	SPT35425	0.820075951965514
SPT35470	SPT35440	0.8218476637508
SPT35470	SPT35354	0.829851044686594
SPT35470	SPT35309	0.817926890335503
SPT35470	SPT35310	0.81742195367573
SPT35470	SPT35355	0.825047514254276
SPT35470	SPT35332	0.816573370651739
SPT35470	SPT35333	0.823823323673429
SPT35470	SPT35561	0.821231294566637
SPT35470	SPT35363	0.816691654172914
SPT35470	SPT35427	0.819887029734626
SPT35470	SPT35752	0.817222668810289
SPT35470	SPT35430	0.817880794701987
SPT35470	SPT35431	0.819581404709197
SPT35470	SPT35313	0.825490588706448
SPT35470	SPT35780	0.816763536249618
SPT35470	SPT35315	0.823611805902951
SPT35470	SPT35316	0.823488185822988
SPT35470	SPT35317	0.834816518348165
SPT35470	SPT35334	0.835914859598281
SPT35470	SPT35543	0.820623551716874
SPT35468	SPT35471	0.89505924884515
SPT35468	SPT35379	0.8161568466434
SPT35468	SPT35472	0.814662521311804
SPT35468	SPT35529	0.830448782451197
SPT35468	SPT35517	0.908652880947601
SPT35468	SPT35516	0.893302493966211
SPT35468	SPT35360	0.821199358202968
SPT35468	SPT35515	0.896492814792483
SPT35468	SPT35518	0.814079422382672
SPT35468	SPT35475	0.829304984454919
SPT35468	SPT35520	0.810403695521189
SPT35468	SPT35324	0.820062255246511
SPT35468	SPT35476	0.936367297623842
SPT35468	SPT35485	0.821902654867257
SPT35468	SPT35389	0.819703347364201
SPT35468	SPT35487	0.897793380140421
SPT35468	SPT35369	0.81799959911806
SPT35468	SPT35370	0.828104640673549
SPT35468	SPT35382	0.822148660848631
SPT35468	SPT35521	0.821824381926684
SPT35468	SPT35553	0.816064257028112
SPT35468	SPT35532	0.919987830848798
SPT35468	SPT35384	0.818300260573261
SPT35468	SPT35522	0.820178517701334
SPT35468	SPT35361	0.819448621553885
SPT35468	SPT35342	0.813467336683417
SPT35468	SPT35556	0.814140166718123
SPT35468	SPT35557	0.821609568214068
SPT35468	SPT35328	0.814279983955074
SPT35468	SPT35592	0.826379813008947
SPT35468	SPT35435	0.904249974881945
SPT35468	SPT35304	0.818647129666801
SPT35468	SPT35390	0.816103479394365
SPT35468	SPT35436	0.81104033970276
SPT35468	SPT35580	0.81239406779661
SPT35468	SPT35538	0.815844700944386
SPT35468	SPT35537	0.814748201438849
SPT35468	SPT35320	0.817004317502491
SPT35468	SPT35541	0.814690643096617
SPT35468	SPT35673	0.820029355312182
SPT35468	SPT35502	0.807889190003011
SPT35468	SPT35330	0.819362186788155
SPT35468	SPT35546	0.8166541795997
SPT35468	SPT35547	0.815673289183223
SPT35468	SPT35544	0.814290051614209
SPT35468	SPT35362	0.814091000200441
SPT35468	SPT35499	0.817320294384515
SPT35468	SPT35336	0.818722889135479
SPT35468	SPT35577	0.8116961414791
SPT35468	SPT35325	0.80963953017416
SPT35468	SPT35331	0.813289236319904
SPT35468	SPT35337	0.816604833049233
SPT35468	SPT35306	0.817962870045158
SPT35468	SPT35407	0.828063836193918
SPT35468	SPT35346	0.821306875125276
SPT35468	SPT35405	0.826713315497016
SPT35468	SPT35410	0.816681758728242
SPT35468	SPT35575	0.8131328320802
SPT35468	SPT35576	0.822839382394225
SPT35468	SPT35766	0.813029384084492
SPT35468	SPT35347	0.821245862172735
SPT35468	SPT35412	0.814524666525513
SPT35468	SPT35414	0.821254071661238
SPT35468	SPT35348	0.817953861584754
SPT35468	SPT35417	0.820796460176991
SPT35468	SPT35571	0.81472213533521
SPT35468	SPT35349	0.812186810984165
SPT35468	SPT35351	0.821115916042612
SPT35468	SPT35418	0.817724574992455
SPT35468	SPT35419	0.825960184998995
SPT35468	SPT35566	0.8235354362966
SPT35468	SPT35567	0.811101073973703
SPT35468	SPT35420	0.809121111446693
SPT35468	SPT35423	0.805655836341757
SPT35468	SPT35564	0.812493723008938
SPT35468	SPT35352	0.814692323110844
SPT35468	SPT35424	0.816908504635228
SPT35468	SPT35357	0.816203750125338
SPT35468	SPT35437	0.868265275408849
SPT35468	SPT35563	0.810764758945575
SPT35468	SPT35308	0.818960306266371
SPT35468	SPT35425	0.814704370179949
SPT35468	SPT35440	0.815781032823693
SPT35468	SPT35354	0.816905645242154
SPT35468	SPT35309	0.815818528555656
SPT35468	SPT35310	0.816373914799112
SPT35468	SPT35355	0.819713225709415
SPT35468	SPT35332	0.809705233607379
SPT35468	SPT35333	0.81387190538238
SPT35468	SPT35561	0.829926492800322
SPT35468	SPT35363	0.813853247794707
SPT35468	SPT35427	0.816725408522909
SPT35468	SPT35752	0.812348912167607
SPT35468	SPT35430	0.81053901850362
SPT35468	SPT35431	0.819419237749546
SPT35468	SPT35313	0.816027314721832
SPT35468	SPT35780	0.816806379063586
SPT35468	SPT35315	0.817743877960658
SPT35468	SPT35316	0.819678714859438
SPT35468	SPT35317	0.819476481797212
SPT35468	SPT35334	0.817981357121379
SPT35468	SPT35543	0.815975519679223
SPT35471	SPT35379	0.817090685268773
SPT35471	SPT35472	0.815768383089561
SPT35471	SPT35529	0.830583501006036
SPT35471	SPT35517	0.916231942215088
SPT35471	SPT35516	0.909949748743719
SPT35471	SPT35360	0.818272891204167
SPT35471	SPT35515	0.934256749974907
SPT35471	SPT35518	0.813464235624123
SPT35471	SPT35475	0.830610403929037
SPT35471	SPT35520	0.811634904714142
SPT35471	SPT35324	0.81853746614505
SPT35471	SPT35476	0.907271447249321
SPT35471	SPT35485	0.816773934030571
SPT35471	SPT35389	0.817280736884261
SPT35471	SPT35487	0.911923847695391
SPT35471	SPT35369	0.820284341209451
SPT35471	SPT35370	0.827358301622271
SPT35471	SPT35382	0.821124361158433
SPT35471	SPT35521	0.816341749227655
SPT35471	SPT35553	0.812481187920136
SPT35471	SPT35532	0.909615969196474
SPT35471	SPT35384	0.819483380056067
SPT35471	SPT35522	0.820376678020437
SPT35471	SPT35361	0.821650310434608
SPT35471	SPT35342	0.814922675235991
SPT35471	SPT35556	0.815759695504578
SPT35471	SPT35557	0.81667173098349
SPT35471	SPT35328	0.813764776597876
SPT35471	SPT35592	0.825663183279743
SPT35471	SPT35435	0.910834421126619
SPT35471	SPT35304	0.818090653830726
SPT35471	SPT35390	0.821095862967044
SPT35471	SPT35436	0.814986871339123
SPT35471	SPT35580	0.814113415150233
SPT35471	SPT35538	0.81424375917768
SPT35471	SPT35537	0.816499206768905
SPT35471	SPT35320	0.816139030329865
SPT35471	SPT35541	0.814187132129085
SPT35471	SPT35673	0.815412388581744
SPT35471	SPT35502	0.812644254892122
SPT35471	SPT35330	0.819506088539888
SPT35471	SPT35546	0.816383274516094
SPT35471	SPT35547	0.817032801685224
SPT35471	SPT35544	0.817152103559871
SPT35471	SPT35362	0.815460098127566
SPT35471	SPT35499	0.817604995467822
SPT35471	SPT35336	0.819254032258064
SPT35471	SPT35577	0.814100632720699
SPT35471	SPT35325	0.808252427184466
SPT35471	SPT35331	0.816962050665866
SPT35471	SPT35337	0.822598417309426
SPT35471	SPT35306	0.822061917643523
SPT35471	SPT35407	0.835740072202166
SPT35471	SPT35346	0.819082899479375
SPT35471	SPT35405	0.832254085723096
SPT35471	SPT35410	0.816847607559308
SPT35471	SPT35575	0.814272827503257
SPT35471	SPT35576	0.824100971651808
SPT35471	SPT35766	0.814791601378878
SPT35471	SPT35347	0.818282048712038
SPT35471	SPT35412	0.811785865425307
SPT35471	SPT35414	0.821668362156663
SPT35471	SPT35348	0.823346693386774
SPT35471	SPT35417	0.821223997588182
SPT35471	SPT35571	0.813262433531436
SPT35471	SPT35349	0.813376051261514
SPT35471	SPT35351	0.817060312104597
SPT35471	SPT35418	0.816884422110553
SPT35471	SPT35419	0.830804782477645
SPT35471	SPT35566	0.821213051038151
SPT35471	SPT35567	0.812631578947368
SPT35471	SPT35420	0.812537733950493
SPT35471	SPT35423	0.812907104920333
SPT35471	SPT35564	0.812248995983936
SPT35471	SPT35352	0.819883860632759
SPT35471	SPT35424	0.813387015601409
SPT35471	SPT35357	0.814885305018532
SPT35471	SPT35437	0.859663191659984
SPT35471	SPT35563	0.812155802543306
SPT35471	SPT35308	0.819352243009455
SPT35471	SPT35425	0.815492089582905
SPT35471	SPT35440	0.820375907731739
SPT35471	SPT35354	0.819192627466693
SPT35471	SPT35309	0.810407058351714
SPT35471	SPT35310	0.811050615043356
SPT35471	SPT35355	0.812869600080184
SPT35471	SPT35332	0.80849358974359
SPT35471	SPT35333	0.816060879142886
SPT35471	SPT35561	0.828689266673373
SPT35471	SPT35363	0.817926890335503
SPT35471	SPT35427	0.816221985058698
SPT35471	SPT35752	0.817193476947856
SPT35471	SPT35430	0.809404199738772
SPT35471	SPT35431	0.821324196311599
SPT35471	SPT35313	0.81809972910605
SPT35471	SPT35780	0.816278594771242
SPT35471	SPT35315	0.815639097744361
SPT35471	SPT35316	0.816148445336008
SPT35471	SPT35317	0.821278300941695
SPT35471	SPT35334	0.822769600480625
SPT35471	SPT35543	0.8182105929521
SPT35379	SPT35472	0.807026528730923
SPT35379	SPT35529	0.82497430626927
SPT35379	SPT35517	0.820026647535103
SPT35379	SPT35516	0.823613963039014
SPT35379	SPT35360	0.818153877676468
SPT35379	SPT35515	0.818125833932054
SPT35379	SPT35518	0.81217337841992
SPT35379	SPT35475	0.824487704918033
SPT35379	SPT35520	0.809313775771874
SPT35379	SPT35324	0.815179487179487
SPT35379	SPT35476	0.822532607579337
SPT35379	SPT35485	0.807909604519774
SPT35379	SPT35389	0.814886863929559
SPT35379	SPT35487	0.821432230304272
SPT35379	SPT35369	0.814989249513668
SPT35379	SPT35370	0.818144583248003
SPT35379	SPT35382	0.817073170731707
SPT35379	SPT35521	0.8090228825507
SPT35379	SPT35553	0.811417443886441
SPT35379	SPT35532	0.819573763707842
SPT35379	SPT35384	0.819084672878059
SPT35379	SPT35522	0.818070067609097
SPT35379	SPT35361	0.817697664891438
SPT35379	SPT35342	0.813084112149533
SPT35379	SPT35556	0.809553805774278
SPT35379	SPT35557	0.813487555509656
SPT35379	SPT35328	0.827459016393443
SPT35379	SPT35592	0.811954400739447
SPT35379	SPT35435	0.818069815195072
SPT35379	SPT35304	0.822823746539526
SPT35379	SPT35390	0.819913952059004
SPT35379	SPT35436	0.80906182268552
SPT35379	SPT35580	0.810289042277826
SPT35379	SPT35538	0.807466039148572
SPT35379	SPT35537	0.80722761596548
SPT35379	SPT35320	0.819355563040305
SPT35379	SPT35541	0.810771620921802
SPT35379	SPT35673	0.808557008488185
SPT35379	SPT35502	0.810999384362815
SPT35379	SPT35330	0.824895977808599
SPT35379	SPT35546	0.812152891212022
SPT35379	SPT35547	0.8125
SPT35379	SPT35544	0.815316246382803
SPT35379	SPT35362	0.814579707177229
SPT35379	SPT35499	0.81951871657754
SPT35379	SPT35336	0.819640102827763
SPT35379	SPT35577	0.810261672652642
SPT35379	SPT35325	0.808486475325212
SPT35379	SPT35331	0.986689874065731
SPT35379	SPT35337	0.818070067609097
SPT35379	SPT35306	0.822288231076513
SPT35379	SPT35407	0.830173208978169
SPT35379	SPT35346	0.81836797378929
SPT35379	SPT35405	0.826856604168849
SPT35379	SPT35410	0.813482684205118
SPT35379	SPT35575	0.808894353929706
SPT35379	SPT35576	0.82078853046595
SPT35379	SPT35766	0.81319970146071
SPT35379	SPT35347	0.818302930928469
SPT35379	SPT35412	0.815329883570505
SPT35379	SPT35414	0.813661372365826
SPT35379	SPT35348	0.814837585818219
SPT35379	SPT35417	0.812801312955175
SPT35379	SPT35571	0.812865497076023
SPT35379	SPT35349	0.813863008088461
SPT35379	SPT35351	0.815037593984962
SPT35379	SPT35418	0.81735112936345
SPT35379	SPT35419	0.817378800328677
SPT35379	SPT35566	0.818323952470294
SPT35379	SPT35567	0.811564486364568
SPT35379	SPT35420	0.803352874627173
SPT35379	SPT35423	0.812134877523829
SPT35379	SPT35564	0.807940904893813
SPT35379	SPT35352	0.823077710658339
SPT35379	SPT35424	0.808044439872441
SPT35379	SPT35357	0.816533497234173
SPT35379	SPT35437	0.811442633035989
SPT35379	SPT35563	0.812512799508499
SPT35379	SPT35308	0.823269210986524
SPT35379	SPT35425	0.810660802178239
SPT35379	SPT35440	0.811187289150071
SPT35379	SPT35354	0.816226183159189
SPT35379	SPT35309	0.814921090387374
SPT35379	SPT35310	0.814296014007622
SPT35379	SPT35355	0.828823288232882
SPT35379	SPT35332	0.809177506913858
SPT35379	SPT35333	0.808826541060823
SPT35379	SPT35561	0.813322368421053
SPT35379	SPT35363	0.811552642359689
SPT35379	SPT35427	0.810943108887197
SPT35379	SPT35752	0.807542129058775
SPT35379	SPT35430	0.812435871126616
SPT35379	SPT35431	0.813562815624034
SPT35379	SPT35313	0.82019477191184
SPT35379	SPT35780	0.815042770707281
SPT35379	SPT35315	0.814222768726304
SPT35379	SPT35316	0.816820512820513
SPT35379	SPT35317	0.813217213114754
SPT35379	SPT35334	0.816627418859425
SPT35379	SPT35543	0.814066028605226
SPT35472	SPT35529	0.817341505073847
SPT35472	SPT35517	0.81650641025641
SPT35472	SPT35516	0.814721831693111
SPT35472	SPT35360	0.812518748125187
SPT35472	SPT35515	0.815282791817088
SPT35472	SPT35518	0.806580658065807
SPT35472	SPT35475	0.816771740218153
SPT35472	SPT35520	0.803403403403403
SPT35472	SPT35324	0.809971966359632
SPT35472	SPT35476	0.81691272471628
SPT35472	SPT35485	0.807769524191929
SPT35472	SPT35389	0.810532627160987
SPT35472	SPT35487	0.815
SPT35472	SPT35369	0.80953332667133
SPT35472	SPT35370	0.812893553223388
SPT35472	SPT35382	0.815363072614523
SPT35472	SPT35521	0.808155009049292
SPT35472	SPT35553	0.807630682956139
SPT35472	SPT35532	0.816452494181929
SPT35472	SPT35384	0.805236334565804
SPT35472	SPT35522	0.811186712027216
SPT35472	SPT35361	0.813637272545491
SPT35472	SPT35342	0.805352310313722
SPT35472	SPT35556	0.809122662831313
SPT35472	SPT35557	0.807369166919729
SPT35472	SPT35328	0.8078
SPT35472	SPT35592	0.81258783376832
SPT35472	SPT35435	0.814918788851013
SPT35472	SPT35304	0.813432088879992
SPT35472	SPT35390	0.811937612477505
SPT35472	SPT35436	0.803753405307234
SPT35472	SPT35580	0.805837563451777
SPT35472	SPT35538	0.806204800335395
SPT35472	SPT35537	0.806741335587489
SPT35472	SPT35320	0.808291873963516
SPT35472	SPT35541	0.805656934306569
SPT35472	SPT35673	0.801691093573844
SPT35472	SPT35502	0.804567765200841
SPT35472	SPT35330	0.809507562834073
SPT35472	SPT35546	0.810796365579904
SPT35472	SPT35547	0.811216825237857
SPT35472	SPT35544	0.804222648752399
SPT35472	SPT35362	0.809514291425145
SPT35472	SPT35499	0.811525696469878
SPT35472	SPT35336	0.803945249597424
SPT35472	SPT35577	0.804992981752557
SPT35472	SPT35325	0.801616161616162
SPT35472	SPT35331	0.807015790525685
SPT35472	SPT35337	0.812137572485503
SPT35472	SPT35306	0.805964174922446
SPT35472	SPT35407	0.820338304474027
SPT35472	SPT35346	0.80883381632857
SPT35472	SPT35405	0.816408255467707
SPT35472	SPT35410	0.799779205138499
SPT35472	SPT35575	0.806703351675838
SPT35472	SPT35576	0.812618738126187
SPT35472	SPT35766	0.807913143334377
SPT35472	SPT35347	0.812625050020008
SPT35472	SPT35412	0.81294279369779
SPT35472	SPT35414	0.80652372726349
SPT35472	SPT35348	0.812481248124812
SPT35472	SPT35417	0.808085874799358
SPT35472	SPT35571	0.806559083810515
SPT35472	SPT35349	0.806335565104427
SPT35472	SPT35351	0.803516900073707
SPT35472	SPT35418	0.811621838619028
SPT35472	SPT35419	0.814060776251128
SPT35472	SPT35566	0.814640629792455
SPT35472	SPT35567	0.805486034638102
SPT35472	SPT35420	0.798452727820758
SPT35472	SPT35423	0.807064945461823
SPT35472	SPT35564	0.801463952672215
SPT35472	SPT35352	0.808733886279604
SPT35472	SPT35424	0.80701578048045
SPT35472	SPT35357	0.807938412317536
SPT35472	SPT35437	0.807168602322787
SPT35472	SPT35563	0.805916450129922
SPT35472	SPT35308	0.812883127323887
SPT35472	SPT35425	0.80712379388216
SPT35472	SPT35440	0.810859825048005
SPT35472	SPT35354	0.8125374925015
SPT35472	SPT35309	0.804286858974359
SPT35472	SPT35310	0.805015610836942
SPT35472	SPT35355	0.803421368547419
SPT35472	SPT35332	0.80185944216735
SPT35472	SPT35333	0.806316210273836
SPT35472	SPT35561	0.813661476644902
SPT35472	SPT35363	0.810675729708117
SPT35472	SPT35427	0.80863539445629
SPT35472	SPT35752	0.810389871382637
SPT35472	SPT35430	0.806503412284223
SPT35472	SPT35431	0.810022137250956
SPT35472	SPT35313	0.812018027040561
SPT35472	SPT35780	0.803917567843297
SPT35472	SPT35315	0.809485691414849
SPT35472	SPT35316	0.809633486881634
SPT35472	SPT35317	0.806
SPT35472	SPT35334	0.810113931641015
SPT35472	SPT35543	0.807858421995154
SPT35529	SPT35517	0.829229068248065
SPT35529	SPT35516	0.82947219983884
SPT35529	SPT35360	0.823570782678589
SPT35529	SPT35515	0.831521739130435
SPT35529	SPT35518	0.815696914882926
SPT35529	SPT35475	0.996684416758766
SPT35529	SPT35520	0.816498993963783
SPT35529	SPT35324	0.82045866022933
SPT35529	SPT35476	0.832695021165088
SPT35529	SPT35485	0.819903303787268
SPT35529	SPT35389	0.823978311075409
SPT35529	SPT35487	0.832981609888453
SPT35529	SPT35369	0.823677076011648
SPT35529	SPT35370	0.829282988551918
SPT35529	SPT35382	0.829547738693467
SPT35529	SPT35521	0.823661190526989
SPT35529	SPT35553	0.8184835076428
SPT35529	SPT35532	0.832334721234894
SPT35529	SPT35384	0.82417913445125
SPT35529	SPT35522	0.823990355635925
SPT35529	SPT35361	0.824846841418098
SPT35529	SPT35342	0.820680628272251
SPT35529	SPT35556	0.819438712340074
SPT35529	SPT35557	0.817784996447061
SPT35529	SPT35328	0.814509646302251
SPT35529	SPT35592	0.824619723985091
SPT35529	SPT35435	0.833165626886697
SPT35529	SPT35304	0.8289592760181
SPT35529	SPT35390	0.825497287522604
SPT35529	SPT35436	0.819452887537994
SPT35529	SPT35580	0.820822731128075
SPT35529	SPT35538	0.826680672268908
SPT35529	SPT35537	0.825272515610117
SPT35529	SPT35320	0.823307854215132
SPT35529	SPT35541	0.818098627351296
SPT35529	SPT35673	0.818366655371061
SPT35529	SPT35502	0.815183509301156
SPT35529	SPT35330	0.826929654543382
SPT35529	SPT35546	0.824317086234601
SPT35529	SPT35547	0.824115044247788
SPT35529	SPT35544	0.822235735279214
SPT35529	SPT35362	0.822773370820364
SPT35529	SPT35499	0.820916616192207
SPT35529	SPT35336	0.824658918645781
SPT35529	SPT35577	0.820094634048122
SPT35529	SPT35325	0.813595380407254
SPT35529	SPT35331	0.824379957827091
SPT35529	SPT35337	0.825632784250703
SPT35529	SPT35306	0.828643216080402
SPT35529	SPT35407	0.830065359477124
SPT35529	SPT35346	0.823978311075409
SPT35529	SPT35405	0.83043164726486
SPT35529	SPT35410	0.82017941739744
SPT35529	SPT35575	0.823523503415026
SPT35529	SPT35576	0.825165695922876
SPT35529	SPT35766	0.823424743562906
SPT35529	SPT35347	0.823819095477387
SPT35529	SPT35412	0.817257808364214
SPT35529	SPT35414	0.824801142157862
SPT35529	SPT35348	0.824741232036981
SPT35529	SPT35417	0.826135105204873
SPT35529	SPT35571	0.824211405890955
SPT35529	SPT35349	0.824279546139171
SPT35529	SPT35351	0.823983095615425
SPT35529	SPT35418	0.818988107236444
SPT35529	SPT35419	0.825627077666969
SPT35529	SPT35566	0.825204918032787
SPT35529	SPT35567	0.819004524886878
SPT35529	SPT35420	0.818447875668584
SPT35529	SPT35423	0.817761703837653
SPT35529	SPT35564	0.823878495272581
SPT35529	SPT35352	0.821166783813636
SPT35529	SPT35424	0.823339390268524
SPT35529	SPT35357	0.820976491862568
SPT35529	SPT35437	0.823015075376884
SPT35529	SPT35563	0.818437437236393
SPT35529	SPT35308	0.829179699323983
SPT35529	SPT35425	0.820082389289392
SPT35529	SPT35440	0.827198801626364
SPT35529	SPT35354	0.827606992163954
SPT35529	SPT35309	0.818968118274163
SPT35529	SPT35310	0.819670474072577
SPT35529	SPT35355	0.821195379206429
SPT35529	SPT35332	0.813479308959421
SPT35529	SPT35333	0.820245029122314
SPT35529	SPT35561	0.824324324324324
SPT35529	SPT35363	0.818903173965448
SPT35529	SPT35427	0.822925577416595
SPT35529	SPT35752	0.817347453353505
SPT35529	SPT35430	0.822338604089032
SPT35529	SPT35431	0.821183360258481
SPT35529	SPT35313	0.823831070889894
SPT35529	SPT35780	0.818488943488944
SPT35529	SPT35315	0.821791134787416
SPT35529	SPT35316	0.82168359650005
SPT35529	SPT35317	0.81963424437299
SPT35529	SPT35334	0.825567383008636
SPT35529	SPT35543	0.818489170628632
SPT35517	SPT35516	0.902943836029338
SPT35517	SPT35360	0.817626439659489
SPT35517	SPT35515	0.914239807190199
SPT35517	SPT35518	0.81650641025641
SPT35517	SPT35475	0.829109486126415
SPT35517	SPT35520	0.811453214321532
SPT35517	SPT35324	0.820314850095257
SPT35517	SPT35476	0.924452481414507
SPT35517	SPT35485	0.819095477386935
SPT35517	SPT35389	0.818036232609348
SPT35517	SPT35487	0.91515576480016
SPT35517	SPT35369	0.817135421879692
SPT35517	SPT35370	0.827427427427427
SPT35517	SPT35382	0.824083350030054
SPT35517	SPT35521	0.818394969625919
SPT35517	SPT35553	0.810789130652762
SPT35517	SPT35532	0.911863033127343
SPT35517	SPT35384	0.817235511960765
SPT35517	SPT35522	0.822115384615385
SPT35517	SPT35361	0.819865825573245
SPT35517	SPT35342	0.814777632767794
SPT35517	SPT35556	0.816452442159383
SPT35517	SPT35557	0.814481012658228
SPT35517	SPT35328	0.819911858974359
SPT35517	SPT35592	0.825715720743345
SPT35517	SPT35435	0.901706827309237
SPT35517	SPT35304	0.819867682437851
SPT35517	SPT35390	0.82084918886441
SPT35517	SPT35436	0.815536922921507
SPT35517	SPT35580	0.813736903376019
SPT35517	SPT35538	0.812650791985734
SPT35517	SPT35537	0.814528920376441
SPT35517	SPT35320	0.815830201193898
SPT35517	SPT35541	0.815728056823947
SPT35517	SPT35673	0.817269755382708
SPT35517	SPT35502	0.810913832881934
SPT35517	SPT35330	0.816609783845279
SPT35517	SPT35546	0.817744521646179
SPT35517	SPT35547	0.818400481058328
SPT35517	SPT35544	0.815222884868089
SPT35517	SPT35362	0.814533079771795
SPT35517	SPT35499	0.81992954202315
SPT35517	SPT35336	0.817202135159633
SPT35517	SPT35577	0.814413329318478
SPT35517	SPT35325	0.810712481051036
SPT35517	SPT35331	0.817535782203984
SPT35517	SPT35337	0.818081698037645
SPT35517	SPT35306	0.817498496692724
SPT35517	SPT35407	0.832247067081119
SPT35517	SPT35346	0.820038034230808
SPT35517	SPT35405	0.831587594988704
SPT35517	SPT35410	0.812299035369775
SPT35517	SPT35575	0.812744214006613
SPT35517	SPT35576	0.824471813357365
SPT35517	SPT35766	0.815371762740184
SPT35517	SPT35347	0.817890413703296
SPT35517	SPT35412	0.811574269995768
SPT35517	SPT35414	0.819133794225295
SPT35517	SPT35348	0.819593308624662
SPT35517	SPT35417	0.819258961743147
SPT35517	SPT35571	0.814525372512243
SPT35517	SPT35349	0.814332899609649
SPT35517	SPT35351	0.819742941424357
SPT35517	SPT35418	0.816053847699417
SPT35517	SPT35419	0.827374974894557
SPT35517	SPT35566	0.825117610963387
SPT35517	SPT35567	0.81251253258472
SPT35517	SPT35420	0.809777688361332
SPT35517	SPT35423	0.813389456804971
SPT35517	SPT35564	0.812305530462712
SPT35517	SPT35352	0.818937043339005
SPT35517	SPT35424	0.816644862634598
SPT35517	SPT35357	0.811736431003405
SPT35517	SPT35437	0.867542364383836
SPT35517	SPT35563	0.812812812812813
SPT35517	SPT35308	0.819965784441985
SPT35517	SPT35425	0.815743500154147
SPT35517	SPT35440	0.818259476775227
SPT35517	SPT35354	0.819447226116563
SPT35517	SPT35309	0.815575824396111
SPT35517	SPT35310	0.81551637279597
SPT35517	SPT35355	0.81563126252505
SPT35517	SPT35332	0.809971966359632
SPT35517	SPT35333	0.814114114114114
SPT35517	SPT35561	0.827464788732394
SPT35517	SPT35363	0.820985182218662
SPT35517	SPT35427	0.813479790977925
SPT35517	SPT35752	0.814159292035398
SPT35517	SPT35430	0.810126582278481
SPT35517	SPT35431	0.820654911838791
SPT35517	SPT35313	0.81495589414595
SPT35517	SPT35780	0.815332788893426
SPT35517	SPT35315	0.814428857715431
SPT35517	SPT35316	0.817425305795067
SPT35517	SPT35317	0.817808493589744
SPT35517	SPT35334	0.818118118118118
SPT35517	SPT35543	0.816571790006325
SPT35516	SPT35360	0.822956416951195
SPT35516	SPT35515	0.903430238406599
SPT35516	SPT35518	0.813397609721804
SPT35516	SPT35475	0.829483832094798
SPT35516	SPT35520	0.814259855189059
SPT35516	SPT35324	0.820915032679739
SPT35516	SPT35476	0.877569528415961
SPT35516	SPT35485	0.821835028703797
SPT35516	SPT35389	0.821356884785227
SPT35516	SPT35487	0.918240257131378
SPT35516	SPT35369	0.818747490967483
SPT35516	SPT35370	0.823747867108301
SPT35516	SPT35382	0.821295831240583
SPT35516	SPT35521	0.822155880157799
SPT35516	SPT35553	0.815540812223563
SPT35516	SPT35532	0.899989846684943
SPT35516	SPT35384	0.817242071457246
SPT35516	SPT35522	0.820198775223371
SPT35516	SPT35361	0.819915679582413
SPT35516	SPT35342	0.815619967793881
SPT35516	SPT35556	0.817573135558302
SPT35516	SPT35557	0.817324272238564
SPT35516	SPT35328	0.814721831693111
SPT35516	SPT35592	0.829793658782084
SPT35516	SPT35435	0.933205914897898
SPT35516	SPT35304	0.821023012762536
SPT35516	SPT35390	0.822472135756602
SPT35516	SPT35436	0.813214610948093
SPT35516	SPT35580	0.813877118644068
SPT35516	SPT35538	0.816377952755906
SPT35516	SPT35537	0.816179584921643
SPT35516	SPT35320	0.816389811738649
SPT35516	SPT35541	0.815872370694035
SPT35516	SPT35673	0.815379403794038
SPT35516	SPT35502	0.813273001508296
SPT35516	SPT35330	0.821070615034169
SPT35516	SPT35546	0.818970131677551
SPT35516	SPT35547	0.81910405785456
SPT35516	SPT35544	0.817794892582083
SPT35516	SPT35362	0.818145323163388
SPT35516	SPT35499	0.821244830021184
SPT35516	SPT35336	0.81788814859681
SPT35516	SPT35577	0.816681758728242
SPT35516	SPT35325	0.810411180879076
SPT35516	SPT35331	0.820553994379767
SPT35516	SPT35337	0.819761020182749
SPT35516	SPT35306	0.823440795420307
SPT35516	SPT35407	0.834170854271357
SPT35516	SPT35346	0.822460859092734
SPT35516	SPT35405	0.832373508844097
SPT35516	SPT35410	0.815415617128463
SPT35516	SPT35575	0.816392125351547
SPT35516	SPT35576	0.824480369515012
SPT35516	SPT35766	0.81584179135712
SPT35516	SPT35347	0.822784810126582
SPT35516	SPT35412	0.810224386113463
SPT35516	SPT35414	0.819737244118546
SPT35516	SPT35348	0.820409803133789
SPT35516	SPT35417	0.818804107106906
SPT35516	SPT35571	0.816283924843424
SPT35516	SPT35349	0.817041348855881
SPT35516	SPT35351	0.819429778247096
SPT35516	SPT35418	0.816433390393717
SPT35516	SPT35419	0.829423018829927
SPT35516	SPT35566	0.826300696435887
SPT35516	SPT35567	0.815979899497487
SPT35516	SPT35420	0.812525211778943
SPT35516	SPT35423	0.813717613978711
SPT35516	SPT35564	0.815183509301156
SPT35516	SPT35352	0.817743877960658
SPT35516	SPT35424	0.816980941817082
SPT35516	SPT35357	0.814740435786726
SPT35516	SPT35437	0.856454043194375
SPT35516	SPT35563	0.816037735849057
SPT35516	SPT35308	0.821910905059464
SPT35516	SPT35425	0.819117193126865
SPT35516	SPT35440	0.821107784431138
SPT35516	SPT35354	0.820564313686113
SPT35516	SPT35309	0.816976393771974
SPT35516	SPT35310	0.817144588045234
SPT35516	SPT35355	0.814985938127762
SPT35516	SPT35332	0.809437751004016
SPT35516	SPT35333	0.811803673592291
SPT35516	SPT35561	0.83385421917532
SPT35516	SPT35363	0.821905431181608
SPT35516	SPT35427	0.815404337143468
SPT35516	SPT35752	0.816375920137138
SPT35516	SPT35430	0.811455607006241
SPT35516	SPT35431	0.819440234414469
SPT35516	SPT35313	0.81867524374309
SPT35516	SPT35780	0.816247186412932
SPT35516	SPT35315	0.820036173633441
SPT35516	SPT35316	0.82054890921886
SPT35516	SPT35317	0.821130862709652
SPT35516	SPT35334	0.820837097259862
SPT35516	SPT35543	0.818297063173463
SPT35360	SPT35515	0.817570955771738
SPT35360	SPT35518	0.810537892421516
SPT35360	SPT35475	0.823894336601961
SPT35360	SPT35520	0.805766920304365
SPT35360	SPT35324	0.819691815089053
SPT35360	SPT35476	0.822655151636875
SPT35360	SPT35485	0.813673325971288
SPT35360	SPT35389	0.814748201438849
SPT35360	SPT35487	0.8191
SPT35360	SPT35369	0.817645883293365
SPT35360	SPT35370	0.825404757145713
SPT35360	SPT35382	0.820871651339464
SPT35360	SPT35521	0.815015974440895
SPT35360	SPT35553	0.813601762820513
SPT35360	SPT35532	0.820095112819994
SPT35360	SPT35384	0.82583932853717
SPT35360	SPT35522	0.823211605802901
SPT35360	SPT35361	0.814355693292012
SPT35360	SPT35342	0.809581078372419
SPT35360	SPT35556	0.814677767499229
SPT35360	SPT35557	0.815467152545804
SPT35360	SPT35328	0.818118188181182
SPT35360	SPT35592	0.808290675499348
SPT35360	SPT35435	0.817425305795067
SPT35360	SPT35304	0.817535782203984
SPT35360	SPT35390	0.82583932853717
SPT35360	SPT35436	0.814310223029569
SPT35360	SPT35580	0.810153358011634
SPT35360	SPT35538	0.811176347242609
SPT35360	SPT35537	0.809302325581395
SPT35360	SPT35320	0.822202565236621
SPT35360	SPT35541	0.813304938647196
SPT35360	SPT35673	0.810195105447164
SPT35360	SPT35502	0.807491987179487
SPT35360	SPT35330	0.822679708826206
SPT35360	SPT35546	0.817083600598674
SPT35360	SPT35547	0.815141197676747
SPT35360	SPT35544	0.816813175709811
SPT35360	SPT35362	0.810732487258919
SPT35360	SPT35499	0.810840707964602
SPT35360	SPT35336	0.82518115942029
SPT35360	SPT35577	0.816942355889724
SPT35360	SPT35325	0.808566521870896
SPT35360	SPT35331	0.817128010392725
SPT35360	SPT35337	0.822553234029791
SPT35360	SPT35306	0.817472230561393
SPT35360	SPT35407	0.850320384461354
SPT35360	SPT35346	0.819444444444444
SPT35360	SPT35405	0.849250359416718
SPT35360	SPT35410	0.813227619429948
SPT35360	SPT35575	0.809604802401201
SPT35360	SPT35576	0.844431113777245
SPT35360	SPT35766	0.814366256003341
SPT35360	SPT35347	0.999600119964011
SPT35360	SPT35412	0.81911407125489
SPT35360	SPT35414	0.819124072756834
SPT35360	SPT35348	0.8194
SPT35360	SPT35417	0.819522471910112
SPT35360	SPT35571	0.813007284079084
SPT35360	SPT35349	0.811550759392486
SPT35360	SPT35351	0.817071887169772
SPT35360	SPT35418	0.821145551208747
SPT35360	SPT35419	0.845451810249724
SPT35360	SPT35566	0.836912065439673
SPT35360	SPT35567	0.81499649614576
SPT35360	SPT35420	0.807974289444612
SPT35360	SPT35423	0.807284370622373
SPT35360	SPT35564	0.813515139362342
SPT35360	SPT35352	0.815347721822542
SPT35360	SPT35424	0.804905015579455
SPT35360	SPT35357	0.818554433669899
SPT35360	SPT35437	0.810372446936324
SPT35360	SPT35563	0.815410753547871
SPT35360	SPT35308	0.81830971761632
SPT35360	SPT35425	0.81382214006983
SPT35360	SPT35440	0.815775429608283
SPT35360	SPT35354	0.825139888089528
SPT35360	SPT35309	0.815222834251377
SPT35360	SPT35310	0.8160306112174
SPT35360	SPT35355	0.820717928207179
SPT35360	SPT35332	0.808076769292283
SPT35360	SPT35333	0.81233136804237
SPT35360	SPT35561	0.81209807073955
SPT35360	SPT35363	0.810613631820908
SPT35360	SPT35427	0.822224592087021
SPT35360	SPT35752	0.813184604562356
SPT35360	SPT35430	0.81371072969989
SPT35360	SPT35431	0.81825500654121
SPT35360	SPT35313	0.819929894842263
SPT35360	SPT35780	0.810631568207326
SPT35360	SPT35315	0.821164232846569
SPT35360	SPT35316	0.81935548438751
SPT35360	SPT35317	0.828717128287171
SPT35360	SPT35334	0.8198261217148
SPT35360	SPT35543	0.81763590391909
SPT35515	SPT35518	0.813640922768305
SPT35515	SPT35475	0.831310801323839
SPT35515	SPT35520	0.809198634263908
SPT35515	SPT35324	0.818437437236393
SPT35515	SPT35476	0.905375478155828
SPT35515	SPT35485	0.815418679549114
SPT35515	SPT35389	0.815976746516989
SPT35515	SPT35487	0.912629150366135
SPT35515	SPT35369	0.816277438107648
SPT35515	SPT35370	0.823376102646351
SPT35515	SPT35382	0.820224719101124
SPT35515	SPT35521	0.816370030906959
SPT35515	SPT35553	0.815041670850487
SPT35515	SPT35532	0.904988846075847
SPT35515	SPT35384	0.813571213791721
SPT35515	SPT35522	0.817589249899719
SPT35515	SPT35361	0.819967923015237
SPT35515	SPT35342	0.810495626822157
SPT35515	SPT35556	0.812705930807249
SPT35515	SPT35557	0.81714980741942
SPT35515	SPT35328	0.813659612877344
SPT35515	SPT35592	0.828654794244894
SPT35515	SPT35435	0.916884422110553
SPT35515	SPT35304	0.813409615577637
SPT35515	SPT35390	0.817890092258323
SPT35515	SPT35436	0.811482866673405
SPT35515	SPT35580	0.816112640271014
SPT35515	SPT35538	0.815853018372703
SPT35515	SPT35537	0.816104115966564
SPT35515	SPT35320	0.812382323623879
SPT35515	SPT35541	0.809668901076579
SPT35515	SPT35673	0.814722818109969
SPT35515	SPT35502	0.810265166733628
SPT35515	SPT35330	0.821761893922149
SPT35515	SPT35546	0.812607020547945
SPT35515	SPT35547	0.814457831325301
SPT35515	SPT35544	0.814574898785425
SPT35515	SPT35362	0.814874210684575
SPT35515	SPT35499	0.814370654036078
SPT35515	SPT35336	0.814190553088413
SPT35515	SPT35577	0.811921994370728
SPT35515	SPT35325	0.810463468933414
SPT35515	SPT35331	0.81587651598677
SPT35515	SPT35337	0.821317557404993
SPT35515	SPT35306	0.82034306349684
SPT35515	SPT35407	0.832078691157282
SPT35515	SPT35346	0.820687581437306
SPT35515	SPT35405	0.829955765867709
SPT35515	SPT35410	0.813443348762326
SPT35515	SPT35575	0.814788803050065
SPT35515	SPT35576	0.823706377858002
SPT35515	SPT35766	0.812878946268033
SPT35515	SPT35347	0.817516051364366
SPT35515	SPT35412	0.810244470314319
SPT35515	SPT35414	0.812398208469055
SPT35515	SPT35348	0.817935600361119
SPT35515	SPT35417	0.812851971037812
SPT35515	SPT35571	0.81047797954498
SPT35515	SPT35349	0.81176706424777
SPT35515	SPT35351	0.819860700717602
SPT35515	SPT35418	0.815429491048079
SPT35515	SPT35419	0.826427996781979
SPT35515	SPT35566	0.826269451269451
SPT35515	SPT35567	0.81216134858519
SPT35515	SPT35420	0.809509418756926
SPT35515	SPT35423	0.81308317447577
SPT35515	SPT35564	0.810810810810811
SPT35515	SPT35352	0.817279743409843
SPT35515	SPT35424	0.815717884130982
SPT35515	SPT35357	0.812675491375852
SPT35515	SPT35437	0.862619167084797
SPT35515	SPT35563	0.811246992782678
SPT35515	SPT35308	0.815042287555377
SPT35515	SPT35425	0.818807810894142
SPT35515	SPT35440	0.81785141635489
SPT35515	SPT35354	0.816285599679102
SPT35515	SPT35309	0.809695874736525
SPT35515	SPT35310	0.810437064701726
SPT35515	SPT35355	0.812261689745133
SPT35515	SPT35332	0.809585881881079
SPT35515	SPT35333	0.81565757818765
SPT35515	SPT35561	0.831453886427708
SPT35515	SPT35363	0.819631040705835
SPT35515	SPT35427	0.814735718099306
SPT35515	SPT35752	0.815352070111816
SPT35515	SPT35430	0.808987634462652
SPT35515	SPT35431	0.820135176031474
SPT35515	SPT35313	0.818337015464953
SPT35515	SPT35780	0.813247470101196
SPT35515	SPT35315	0.817059708981435
SPT35515	SPT35316	0.818190944684269
SPT35515	SPT35317	0.819977936014442
SPT35515	SPT35334	0.822273456295108
SPT35515	SPT35543	0.813911758496939
SPT35518	SPT35475	0.815252201761409
SPT35518	SPT35520	0.806028439815742
SPT35518	SPT35324	0.807688457303033
SPT35518	SPT35476	0.818720498142011
SPT35518	SPT35485	0.813755020080321
SPT35518	SPT35389	0.811413152108735
SPT35518	SPT35487	0.814062812562512
SPT35518	SPT35369	0.805716570057965
SPT35518	SPT35370	0.812375049980008
SPT35518	SPT35382	0.811381138113811
SPT35518	SPT35521	0.815441959531416
SPT35518	SPT35553	0.808755760368664
SPT35518	SPT35532	0.813581621293391
SPT35518	SPT35384	0.805916450129922
SPT35518	SPT35522	0.810686411847108
SPT35518	SPT35361	0.812037592481504
SPT35518	SPT35342	0.809141940657578
SPT35518	SPT35556	0.808799342105263
SPT35518	SPT35557	0.8082995951417
SPT35518	SPT35328	0.8074
SPT35518	SPT35592	0.809476008833568
SPT35518	SPT35435	0.812493733079314
SPT35518	SPT35304	0.813695064571028
SPT35518	SPT35390	0.807057882635209
SPT35518	SPT35436	0.804804198627372
SPT35518	SPT35580	0.807594668923207
SPT35518	SPT35538	0.808954597881933
SPT35518	SPT35537	0.808119251506502
SPT35518	SPT35320	0.804600243282097
SPT35518	SPT35541	0.803163979312443
SPT35518	SPT35673	0.80523288598173
SPT35518	SPT35502	0.802945301542777
SPT35518	SPT35330	0.814789533560865
SPT35518	SPT35546	0.810114401796215
SPT35518	SPT35547	0.810816224336505
SPT35518	SPT35544	0.807719510962918
SPT35518	SPT35362	0.807296351824088
SPT35518	SPT35499	0.812028562808006
SPT35518	SPT35336	0.806542526421741
SPT35518	SPT35577	0.806897934630038
SPT35518	SPT35325	0.803010405091423
SPT35518	SPT35331	0.812493753123438
SPT35518	SPT35337	0.809119088091191
SPT35518	SPT35306	0.808546837469976
SPT35518	SPT35407	0.815641898658121
SPT35518	SPT35346	0.807615430741555
SPT35518	SPT35405	0.816716295307526
SPT35518	SPT35410	0.805159606504718
SPT35518	SPT35575	0.807765435805064
SPT35518	SPT35576	0.812918708129187
SPT35518	SPT35766	0.803487522188577
SPT35518	SPT35347	0.810843252975893
SPT35518	SPT35412	0.808692893401015
SPT35518	SPT35414	0.811807743115537
SPT35518	SPT35348	0.804560912182437
SPT35518	SPT35417	0.810555890026089
SPT35518	SPT35571	0.81186881832379
SPT35518	SPT35349	0.802118728762742
SPT35518	SPT35351	0.804801010739103
SPT35518	SPT35418	0.808128449573507
SPT35518	SPT35419	0.811415387701876
SPT35518	SPT35566	0.813580120666735
SPT35518	SPT35567	0.806448382897767
SPT35518	SPT35420	0.802451768488746
SPT35518	SPT35423	0.801160812568798
SPT35518	SPT35564	0.808563979141597
SPT35518	SPT35352	0.807515490705577
SPT35518	SPT35424	0.804865788680004
SPT35518	SPT35357	0.809419058094191
SPT35518	SPT35437	0.811135589825756
SPT35518	SPT35563	0.806977209116354
SPT35518	SPT35308	0.812964824120603
SPT35518	SPT35425	0.811543596590326
SPT35518	SPT35440	0.812913553895411
SPT35518	SPT35354	0.808557432770169
SPT35518	SPT35309	0.801362315937093
SPT35518	SPT35310	0.801591298217343
SPT35518	SPT35355	0.806822729091637
SPT35518	SPT35332	0.802939412117576
SPT35518	SPT35333	0.808695652173913
SPT35518	SPT35561	0.809868354939202
SPT35518	SPT35363	0.809576169532187
SPT35518	SPT35427	0.810707049162845
SPT35518	SPT35752	0.804120603015075
SPT35518	SPT35430	0.809676771732584
SPT35518	SPT35431	0.810990338164251
SPT35518	SPT35313	0.814785134729039
SPT35518	SPT35780	0.805734108764412
SPT35518	SPT35315	0.806603301650825
SPT35518	SPT35316	0.806567881457749
SPT35518	SPT35317	0.8048
SPT35518	SPT35334	0.807896051974013
SPT35518	SPT35543	0.807817932778422
SPT35475	SPT35520	0.81623246492986
SPT35475	SPT35324	0.820058110409779
SPT35475	SPT35476	0.831960626757734
SPT35475	SPT35485	0.819277108433735
SPT35475	SPT35389	0.8241
SPT35475	SPT35487	0.831965572457966
SPT35475	SPT35369	0.8241
SPT35475	SPT35370	0.829382938293829
SPT35475	SPT35382	0.829446501851666
SPT35475	SPT35521	0.822614991482112
SPT35475	SPT35553	0.818837675350701
SPT35475	SPT35532	0.831527791839627
SPT35475	SPT35384	0.8246
SPT35475	SPT35522	0.823158526821457
SPT35475	SPT35361	0.824764952990598
SPT35475	SPT35342	0.820962888665998
SPT35475	SPT35556	0.818686401480111
SPT35475	SPT35557	0.817307692307692
SPT35475	SPT35328	0.81448869321593
SPT35475	SPT35592	0.824031319012247
SPT35475	SPT35435	0.832915454818975
SPT35475	SPT35304	0.82795914279992
SPT35475	SPT35390	0.826913456728364
SPT35475	SPT35436	0.819539765845781
SPT35475	SPT35580	0.820238976419583
SPT35475	SPT35538	0.825699612199979
SPT35475	SPT35537	0.824561403508772
SPT35475	SPT35320	0.822111663902709
SPT35475	SPT35541	0.816715691246577
SPT35475	SPT35673	0.817607935971142
SPT35475	SPT35502	0.815494086991381
SPT35475	SPT35330	0.825750682438581
SPT35475	SPT35546	0.823233942502939
SPT35475	SPT35547	0.823482268082549
SPT35475	SPT35544	0.822067293119127
SPT35475	SPT35362	0.8225
SPT35475	SPT35499	0.82044059953727
SPT35475	SPT35336	0.824808699154249
SPT35475	SPT35577	0.81927590011032
SPT35475	SPT35325	0.813415496514799
SPT35475	SPT35331	0.8239
SPT35475	SPT35337	0.825447634290287
SPT35475	SPT35306	0.828677280464604
SPT35475	SPT35407	0.829409996994891
SPT35475	SPT35346	0.8232
SPT35475	SPT35405	0.829208175002567
SPT35475	SPT35410	0.819979919678715
SPT35475	SPT35575	0.822404645109621
SPT35475	SPT35576	0.824894936962177
SPT35475	SPT35766	0.822897098726779
SPT35475	SPT35347	0.824124124124124
SPT35475	SPT35412	0.816816499206769
SPT35475	SPT35414	0.823947956901809
SPT35475	SPT35348	0.825760608486789
SPT35475	SPT35417	0.825454180467731
SPT35475	SPT35571	0.824013329167968
SPT35475	SPT35349	0.8249
SPT35475	SPT35351	0.82422327540811
SPT35475	SPT35418	0.818409957839791
SPT35475	SPT35419	0.825306040537829
SPT35475	SPT35566	0.824473522796974
SPT35475	SPT35567	0.818709935897436
SPT35475	SPT35420	0.818373705900091
SPT35475	SPT35423	0.817262441173526
SPT35475	SPT35564	0.823187243004714
SPT35475	SPT35352	0.8204
SPT35475	SPT35424	0.822825540472599
SPT35475	SPT35357	0.820810405202601
SPT35475	SPT35437	0.822616185897436
SPT35475	SPT35563	0.818381838183818
SPT35475	SPT35308	0.828792600784156
SPT35475	SPT35425	0.819283293972687
SPT35475	SPT35440	0.8263933376041
SPT35475	SPT35354	0.828214107053527
SPT35475	SPT35309	0.818828242363545
SPT35475	SPT35310	0.819180014102951
SPT35475	SPT35355	0.820502552808089
SPT35475	SPT35332	0.813544063218966
SPT35475	SPT35333	0.820982098209821
SPT35475	SPT35561	0.823683152392441
SPT35475	SPT35363	0.819545863759128
SPT35475	SPT35427	0.822613333333333
SPT35475	SPT35752	0.817048652995577
SPT35475	SPT35430	0.822124071471592
SPT35475	SPT35431	0.820414737265955
SPT35475	SPT35313	0.823028359555066
SPT35475	SPT35780	0.817922024903041
SPT35475	SPT35315	0.82263395092639
SPT35475	SPT35316	0.822280104187538
SPT35475	SPT35317	0.820074051836285
SPT35475	SPT35334	0.825182518251825
SPT35475	SPT35543	0.817722052470762
SPT35520	SPT35324	0.811817726589885
SPT35520	SPT35476	0.81657280772325
SPT35520	SPT35485	0.808585503166784
SPT35520	SPT35389	0.804982989793876
SPT35520	SPT35487	0.811273528233881
SPT35520	SPT35369	0.803882329397639
SPT35520	SPT35370	0.810348278622898
SPT35520	SPT35382	0.810816224336505
SPT35520	SPT35521	0.809934974949366
SPT35520	SPT35553	0.80657775995187
SPT35520	SPT35532	0.81187316381319
SPT35520	SPT35384	0.805783470082049
SPT35520	SPT35522	0.808855940693248
SPT35520	SPT35361	0.806587245970568
SPT35520	SPT35342	0.80469219971927
SPT35520	SPT35556	0.801851851851852
SPT35520	SPT35557	0.804358844399392
SPT35520	SPT35328	0.802242915790528
SPT35520	SPT35592	0.805929648241206
SPT35520	SPT35435	0.811646586345382
SPT35520	SPT35304	0.802846547058234
SPT35520	SPT35390	0.804985484032436
SPT35520	SPT35436	0.80238432006466
SPT35520	SPT35580	0.807496823379924
SPT35520	SPT35538	0.805940386230059
SPT35520	SPT35537	0.805881730667513
SPT35520	SPT35320	0.806290840624654
SPT35520	SPT35541	0.806294416243655
SPT35520	SPT35673	0.799729058478212
SPT35520	SPT35502	0.804012036108325
SPT35520	SPT35330	0.814350797266515
SPT35520	SPT35546	0.807898116438356
SPT35520	SPT35547	0.807460890493381
SPT35520	SPT35544	0.808194233687405
SPT35520	SPT35362	0.801260882617832
SPT35520	SPT35499	0.808943498841777
SPT35520	SPT35336	0.805482765571457
SPT35520	SPT35577	0.803132215641
SPT35520	SPT35325	0.804288459593405
SPT35520	SPT35331	0.808165716001201
SPT35520	SPT35337	0.803684052457703
SPT35520	SPT35306	0.807935076645627
SPT35520	SPT35407	0.817598717177791
SPT35520	SPT35346	0.813488092855713
SPT35520	SPT35405	0.816527906259636
SPT35520	SPT35410	0.804055410560129
SPT35520	SPT35575	0.802324416391143
SPT35520	SPT35576	0.811273528233881
SPT35520	SPT35766	0.808005852842809
SPT35520	SPT35347	0.805769808674747
SPT35520	SPT35412	0.804235044997353
SPT35520	SPT35414	0.806205493387589
SPT35520	SPT35348	0.80452633687162
SPT35520	SPT35417	0.806309021498895
SPT35520	SPT35571	0.810884070058382
SPT35520	SPT35349	0.800780468280969
SPT35520	SPT35351	0.802404048924504
SPT35520	SPT35418	0.80737540192926
SPT35520	SPT35419	0.814242728184554
SPT35520	SPT35566	0.812672740300952
SPT35520	SPT35567	0.805232558139535
SPT35520	SPT35420	0.801891538384143
SPT35520	SPT35423	0.807815631262525
SPT35520	SPT35564	0.802610441767068
SPT35520	SPT35352	0.808685211126676
SPT35520	SPT35424	0.802656737445909
SPT35520	SPT35357	0.804084492942236
SPT35520	SPT35437	0.807137129109864
SPT35520	SPT35563	0.805344275420336
SPT35520	SPT35308	0.803300130797867
SPT35520	SPT35425	0.803288797533402
SPT35520	SPT35440	0.807478632478632
SPT35520	SPT35354	0.807388126939634
SPT35520	SPT35309	0.808444489018153
SPT35520	SPT35310	0.808289632916499
SPT35520	SPT35355	0.801662826805569
SPT35520	SPT35332	0.804004004004004
SPT35520	SPT35333	0.801360952666867
SPT35520	SPT35561	0.807301619229609
SPT35520	SPT35363	0.803823441096987
SPT35520	SPT35427	0.80465414175918
SPT35520	SPT35752	0.802656737445909
SPT35520	SPT35430	0.803517587939699
SPT35520	SPT35431	0.808765743073048
SPT35520	SPT35313	0.81209265015542
SPT35520	SPT35780	0.807802287581699
SPT35520	SPT35315	0.808636409177437
SPT35520	SPT35316	0.809886694074
SPT35520	SPT35317	0.807149294082307
SPT35520	SPT35334	0.804162914039828
SPT35520	SPT35543	0.809051587720224
SPT35324	SPT35476	0.822961696994069
SPT35324	SPT35485	0.817249698431846
SPT35324	SPT35389	0.83271635817909
SPT35324	SPT35487	0.819565435065585
SPT35324	SPT35369	0.815407703851926
SPT35324	SPT35370	0.821074752326629
SPT35324	SPT35382	0.829246321689521
SPT35324	SPT35521	0.81573896353167
SPT35324	SPT35553	0.810770156438027
SPT35324	SPT35532	0.820364741641337
SPT35324	SPT35384	0.825912956478239
SPT35324	SPT35522	0.814785134729039
SPT35324	SPT35361	0.816016016016016
SPT35324	SPT35342	0.812669139019745
SPT35324	SPT35556	0.813316867345889
SPT35324	SPT35557	0.813925205229553
SPT35324	SPT35328	0.813476171405687
SPT35324	SPT35592	0.811658291457286
SPT35324	SPT35435	0.819696817588595
SPT35324	SPT35304	0.830827821206655
SPT35324	SPT35390	0.820610305152576
SPT35324	SPT35436	0.810529506871463
SPT35324	SPT35580	0.816458377462402
SPT35324	SPT35538	0.812828049548604
SPT35324	SPT35537	0.812023708721422
SPT35324	SPT35320	0.813330380868025
SPT35324	SPT35541	0.810234541577825
SPT35324	SPT35673	0.81029810298103
SPT35324	SPT35502	0.809246815765721
SPT35324	SPT35330	0.818337129840547
SPT35324	SPT35546	0.814279597516592
SPT35324	SPT35547	0.812995086734182
SPT35324	SPT35544	0.810217501264542
SPT35324	SPT35362	0.807784670802482
SPT35324	SPT35499	0.813349441256418
SPT35324	SPT35336	0.824347475561826
SPT35324	SPT35577	0.809194017866105
SPT35324	SPT35325	0.808050161812298
SPT35324	SPT35331	0.816289773864319
SPT35324	SPT35337	0.811411411411411
SPT35324	SPT35306	0.816933867735471
SPT35324	SPT35407	0.823959899749373
SPT35324	SPT35346	0.818009004502251
SPT35324	SPT35405	0.824509098385936
SPT35324	SPT35410	0.816019271303824
SPT35324	SPT35575	0.811360448807854
SPT35324	SPT35576	0.82012012012012
SPT35324	SPT35766	0.813107557227971
SPT35324	SPT35347	0.819801781960156
SPT35324	SPT35412	0.80969517358171
SPT35324	SPT35414	0.813917997761725
SPT35324	SPT35348	0.816060879142886
SPT35324	SPT35417	0.813397609721804
SPT35324	SPT35571	0.810565801813067
SPT35324	SPT35349	0.809004502251126
SPT35324	SPT35351	0.827291886195996
SPT35324	SPT35418	0.812995882293864
SPT35324	SPT35419	0.819658976930792
SPT35324	SPT35566	0.820759545501075
SPT35324	SPT35567	0.809943865276664
SPT35324	SPT35420	0.80440466613033
SPT35324	SPT35423	0.809037170624186
SPT35324	SPT35564	0.809996988858777
SPT35324	SPT35352	0.809004502251126
SPT35324	SPT35424	0.809701117037335
SPT35324	SPT35357	0.813813813813814
SPT35324	SPT35437	0.811729323308271
SPT35324	SPT35563	0.810367257079956
SPT35324	SPT35308	0.831153149527068
SPT35324	SPT35425	0.810694087403599
SPT35324	SPT35440	0.814703996580466
SPT35324	SPT35354	0.827213606803402
SPT35324	SPT35309	0.816385880465303
SPT35324	SPT35310	0.815468387617223
SPT35324	SPT35355	0.813676411694033
SPT35324	SPT35332	0.809028125312781
SPT35324	SPT35333	0.812187312387432
SPT35324	SPT35561	0.812072434607646
SPT35324	SPT35363	0.812049639711769
SPT35324	SPT35427	0.813620836891546
SPT35324	SPT35752	0.806620384344501
SPT35324	SPT35430	0.809064415636619
SPT35324	SPT35431	0.814710327455919
SPT35324	SPT35313	0.815802667201444
SPT35324	SPT35780	0.813751532488762
SPT35324	SPT35315	0.828843264897346
SPT35324	SPT35316	0.82184368737475
SPT35324	SPT35317	0.811173408089708
SPT35324	SPT35334	0.812687612567541
SPT35324	SPT35543	0.814154625039553
SPT35476	SPT35485	0.822954453849254
SPT35476	SPT35389	0.820152549177037
SPT35476	SPT35487	0.886500602651667
SPT35476	SPT35369	0.820152549177037
SPT35476	SPT35370	0.830272006423768
SPT35476	SPT35382	0.825916624811652
SPT35476	SPT35521	0.821866666666667
SPT35476	SPT35553	0.813172448466566
SPT35476	SPT35532	0.912439123376623
SPT35476	SPT35384	0.821758329987957
SPT35476	SPT35522	0.822318200080354
SPT35476	SPT35361	0.820180722891566
SPT35476	SPT35342	0.815381518018925
SPT35476	SPT35556	0.817807089859852
SPT35476	SPT35557	0.820728860014212
SPT35476	SPT35328	0.81691272471628
SPT35476	SPT35592	0.828145461871663
SPT35476	SPT35435	0.900130876875063
SPT35476	SPT35304	0.822074788902292
SPT35476	SPT35390	0.821166783813636
SPT35476	SPT35436	0.812943082843832
SPT35476	SPT35580	0.815580286168522
SPT35476	SPT35538	0.814608512874409
SPT35476	SPT35537	0.812983162130679
SPT35476	SPT35320	0.818504155124654
SPT35476	SPT35541	0.816139851610936
SPT35476	SPT35673	0.821424540015803
SPT35476	SPT35502	0.812009656004828
SPT35476	SPT35330	0.822014585232452
SPT35476	SPT35546	0.819349315068493
SPT35476	SPT35547	0.820767993566546
SPT35476	SPT35544	0.818384514036688
SPT35476	SPT35362	0.81945002007226
SPT35476	SPT35499	0.821410553929977
SPT35476	SPT35336	0.821991114701131
SPT35476	SPT35577	0.814404989437682
SPT35476	SPT35325	0.810145808019441
SPT35476	SPT35331	0.819249297470895
SPT35476	SPT35337	0.819295251480775
SPT35476	SPT35306	0.819770946353225
SPT35476	SPT35407	0.835142742259751
SPT35476	SPT35346	0.825471698113208
SPT35476	SPT35405	0.833178964701039
SPT35476	SPT35410	0.818502469011388
SPT35476	SPT35575	0.812317894102281
SPT35476	SPT35576	0.826623832948499
SPT35476	SPT35766	0.817839590086793
SPT35476	SPT35347	0.822802611752888
SPT35476	SPT35412	0.816901408450704
SPT35476	SPT35414	0.825537552226638
SPT35476	SPT35348	0.823222177581358
SPT35476	SPT35417	0.825400020126799
SPT35476	SPT35571	0.818931329576289
SPT35476	SPT35349	0.813428342031313
SPT35476	SPT35351	0.820025348542459
SPT35476	SPT35418	0.819738167170191
SPT35476	SPT35419	0.829791519790513
SPT35476	SPT35566	0.8261314765513
SPT35476	SPT35567	0.813348075183436
SPT35476	SPT35420	0.813458434221146
SPT35476	SPT35423	0.811495176848875
SPT35476	SPT35564	0.815008550447641
SPT35476	SPT35352	0.819349658771578
SPT35476	SPT35424	0.81862201150005
SPT35476	SPT35357	0.819258961743147
SPT35476	SPT35437	0.876834908505932
SPT35476	SPT35563	0.813390885364385
SPT35476	SPT35308	0.822876739963688
SPT35476	SPT35425	0.81877122568694
SPT35476	SPT35440	0.822768572955639
SPT35476	SPT35354	0.820564313686113
SPT35476	SPT35309	0.817450743868114
SPT35476	SPT35310	0.8177225421845
SPT35476	SPT35355	0.821259921631669
SPT35476	SPT35332	0.810159622527859
SPT35476	SPT35333	0.81762521328917
SPT35476	SPT35561	0.831568330811901
SPT35476	SPT35363	0.818893685372954
SPT35476	SPT35427	0.816590156933917
SPT35476	SPT35752	0.819905213270142
SPT35476	SPT35430	0.816597844697351
SPT35476	SPT35431	0.824414378029079
SPT35476	SPT35313	0.818839851211421
SPT35476	SPT35780	0.821910801963993
SPT35476	SPT35315	0.8213603938511
SPT35476	SPT35316	0.821471652593486
SPT35476	SPT35317	0.818738702550713
SPT35476	SPT35334	0.818628927030011
SPT35476	SPT35543	0.820493879273955
SPT35485	SPT35389	0.817899066920839
SPT35485	SPT35487	0.817953609800181
SPT35485	SPT35369	0.812481187920136
SPT35485	SPT35370	0.817379088902268
SPT35485	SPT35382	0.818537859007833
SPT35485	SPT35521	0.987542589437819
SPT35485	SPT35553	0.809303727519341
SPT35485	SPT35532	0.819916759719825
SPT35485	SPT35384	0.81398615430922
SPT35485	SPT35522	0.812933025404157
SPT35485	SPT35361	0.81766181635725
SPT35485	SPT35342	0.809739410403461
SPT35485	SPT35556	0.811933223413026
SPT35485	SPT35557	0.811954536228943
SPT35485	SPT35328	0.807367998393897
SPT35485	SPT35592	0.809380032206119
SPT35485	SPT35435	0.81850175967823
SPT35485	SPT35304	0.813341370303396
SPT35485	SPT35390	0.812989359566352
SPT35485	SPT35436	0.805406499949377
SPT35485	SPT35580	0.805917912822144
SPT35485	SPT35538	0.808173127429352
SPT35485	SPT35537	0.808702096125344
SPT35485	SPT35320	0.807270309209797
SPT35485	SPT35541	0.805592272496187
SPT35485	SPT35673	0.808544303797468
SPT35485	SPT35502	0.808963923223797
SPT35485	SPT35330	0.812998859749145
SPT35485	SPT35546	0.816330904414916
SPT35485	SPT35547	0.814610128617363
SPT35485	SPT35544	0.809909818623974
SPT35485	SPT35362	0.811076552623658
SPT35485	SPT35499	0.807346856393178
SPT35485	SPT35336	0.814747474747475
SPT35485	SPT35577	0.810218243990747
SPT35485	SPT35325	0.803506282934739
SPT35485	SPT35331	0.806862646734223
SPT35485	SPT35337	0.813591648263401
SPT35485	SPT35306	0.812977099236641
SPT35485	SPT35407	0.819551893901336
SPT35485	SPT35346	0.810775559345841
SPT35485	SPT35405	0.819024088943792
SPT35485	SPT35410	0.807432772686071
SPT35485	SPT35575	0.808692160995684
SPT35485	SPT35576	0.816539542352469
SPT35485	SPT35766	0.809817877328867
SPT35485	SPT35347	0.813818035750151
SPT35485	SPT35412	0.810169491525424
SPT35485	SPT35414	0.814984709480122
SPT35485	SPT35348	0.813435083843759
SPT35485	SPT35417	0.815921900161031
SPT35485	SPT35571	0.809106098579783
SPT35485	SPT35349	0.805759004715561
SPT35485	SPT35351	0.814110688635403
SPT35485	SPT35418	0.811379657603223
SPT35485	SPT35419	0.815720611916264
SPT35485	SPT35566	0.817175650748104
SPT35485	SPT35567	0.809222423146474
SPT35485	SPT35420	0.80649062688974
SPT35485	SPT35423	0.806506677377247
SPT35485	SPT35564	0.813675213675214
SPT35485	SPT35352	0.810675228253236
SPT35485	SPT35424	0.808894715611134
SPT35485	SPT35357	0.810881349126681
SPT35485	SPT35437	0.81251255272143
SPT35485	SPT35563	0.809872579512391
SPT35485	SPT35308	0.813937071399758
SPT35485	SPT35425	0.815851775604735
SPT35485	SPT35440	0.816645271715875
SPT35485	SPT35354	0.818610720738807
SPT35485	SPT35309	0.810571801828962
SPT35485	SPT35310	0.810808080808081
SPT35485	SPT35355	0.809074483035535
SPT35485	SPT35332	0.805781391147245
SPT35485	SPT35333	0.813666465984347
SPT35485	SPT35561	0.8105602579605
SPT35485	SPT35363	0.812242849974912
SPT35485	SPT35427	0.812633604104318
SPT35485	SPT35752	0.80703699969755
SPT35485	SPT35430	0.813733387031816
SPT35485	SPT35431	0.815438950554995
SPT35485	SPT35313	0.810835259825108
SPT35485	SPT35780	0.808266830366278
SPT35485	SPT35315	0.811953792064289
SPT35485	SPT35316	0.812763819095477
SPT35485	SPT35317	0.815763052208835
SPT35485	SPT35334	0.813766807144291
SPT35485	SPT35543	0.812651811173302
SPT35389	SPT35487	0.819408354987008
SPT35389	SPT35369	0.810465348512083
SPT35389	SPT35370	0.814422692768678
SPT35389	SPT35382	0.817491254372814
SPT35389	SPT35521	0.816943380161771
SPT35389	SPT35553	0.814414414414414
SPT35389	SPT35532	0.817575083426029
SPT35389	SPT35384	0.812961853405233
SPT35389	SPT35522	0.815918408159184
SPT35389	SPT35361	0.816964731741433
SPT35389	SPT35342	0.808193108974359
SPT35389	SPT35556	0.808115048793015
SPT35389	SPT35557	0.812038442083966
SPT35389	SPT35328	0.805935844908564
SPT35389	SPT35592	0.807402949142341
SPT35389	SPT35435	0.818036072144289
SPT35389	SPT35304	0.821346403921176
SPT35389	SPT35390	0.819662303926466
SPT35389	SPT35436	0.806656580937973
SPT35389	SPT35580	0.809745270056019
SPT35389	SPT35538	0.808780385582565
SPT35389	SPT35537	0.80646524403127
SPT35389	SPT35320	0.813128522488673
SPT35389	SPT35541	0.813317117664944
SPT35389	SPT35673	0.808971035726361
SPT35389	SPT35502	0.807407407407407
SPT35389	SPT35330	0.815277935659884
SPT35389	SPT35546	0.811304626562667
SPT35389	SPT35547	0.811549239391513
SPT35389	SPT35544	0.813591840856306
SPT35389	SPT35362	0.812044342354939
SPT35389	SPT35499	0.811739873354106
SPT35389	SPT35336	0.813116073224703
SPT35389	SPT35577	0.811141168219617
SPT35389	SPT35325	0.809692074709743
SPT35389	SPT35331	0.814141615899331
SPT35389	SPT35337	0.814766709961035
SPT35389	SPT35306	0.810681068106811
SPT35389	SPT35407	0.822193315989594
SPT35389	SPT35346	0.809566606750549
SPT35389	SPT35405	0.819870676383044
SPT35389	SPT35410	0.805215646940822
SPT35389	SPT35575	0.807519248075192
SPT35389	SPT35576	0.81554756195044
SPT35389	SPT35766	0.809265442404007
SPT35389	SPT35347	0.814855543336999
SPT35389	SPT35412	0.813742071881607
SPT35389	SPT35414	0.81994516096273
SPT35389	SPT35348	0.817109734159504
SPT35389	SPT35417	0.818728694605976
SPT35389	SPT35571	0.80647175111851
SPT35389	SPT35349	0.809466746554823
SPT35389	SPT35351	0.81561776468112
SPT35389	SPT35418	0.815947843530592
SPT35389	SPT35419	0.815575824396111
SPT35389	SPT35566	0.820253423257715
SPT35389	SPT35567	0.811205602801401
SPT35389	SPT35420	0.803976702149026
SPT35389	SPT35423	0.8092
SPT35389	SPT35564	0.808817635270541
SPT35389	SPT35352	0.806670661074496
SPT35389	SPT35424	0.806830738322451
SPT35389	SPT35357	0.810270756319313
SPT35389	SPT35437	0.811586952171303
SPT35389	SPT35563	0.811825809029165
SPT35389	SPT35308	0.821432158280607
SPT35389	SPT35425	0.814347290640394
SPT35389	SPT35440	0.815573333333333
SPT35389	SPT35354	0.81636527125587
SPT35389	SPT35309	0.819937944149735
SPT35389	SPT35310	0.819142512077295
SPT35389	SPT35355	0.813056083175048
SPT35389	SPT35332	0.811588411588412
SPT35389	SPT35333	0.813442524717867
SPT35389	SPT35561	0.809600321349669
SPT35389	SPT35363	0.807811407451803
SPT35389	SPT35427	0.813172759245444
SPT35389	SPT35752	0.810384654012253
SPT35389	SPT35430	0.812518808305748
SPT35389	SPT35431	0.814040028160515
SPT35389	SPT35313	0.812631368231408
SPT35389	SPT35780	0.81401040073417
SPT35389	SPT35315	0.811081108110811
SPT35389	SPT35316	0.810567397178025
SPT35389	SPT35317	0.80603577495753
SPT35389	SPT35334	0.814740836912014
SPT35389	SPT35543	0.817645820172668
SPT35487	SPT35369	0.815710573655807
SPT35487	SPT35370	0.821971211515394
SPT35487	SPT35382	0.822746824047214
SPT35487	SPT35521	0.817717206132879
SPT35487	SPT35553	0.813000801282051
SPT35487	SPT35532	0.910535370913875
SPT35487	SPT35384	0.817309614231461
SPT35487	SPT35522	0.823076153307315
SPT35487	SPT35361	0.82051794820518
SPT35487	SPT35342	0.816158781074579
SPT35487	SPT35556	0.818480830506732
SPT35487	SPT35557	0.818062164624886
SPT35487	SPT35328	0.820882088208821
SPT35487	SPT35592	0.818492119265134
SPT35487	SPT35435	0.899017248295227
SPT35487	SPT35304	0.821103213534888
SPT35487	SPT35390	0.817918208179182
SPT35487	SPT35436	0.816732263598749
SPT35487	SPT35580	0.811528291909043
SPT35487	SPT35538	0.81778150555672
SPT35487	SPT35537	0.819556025369979
SPT35487	SPT35320	0.814954097998009
SPT35487	SPT35541	0.814687087939953
SPT35487	SPT35673	0.810914421017026
SPT35487	SPT35502	0.813464235624123
SPT35487	SPT35330	0.816537761601456
SPT35487	SPT35546	0.815052384006842
SPT35487	SPT35547	0.816105769230769
SPT35487	SPT35544	0.817786760990399
SPT35487	SPT35362	0.812593703148426
SPT35487	SPT35499	0.818227542500754
SPT35487	SPT35336	0.817193476947856
SPT35487	SPT35577	0.813095357465156
SPT35487	SPT35325	0.814425699565613
SPT35487	SPT35331	0.819590204897551
SPT35487	SPT35337	0.817318268173183
SPT35487	SPT35306	0.821174822375663
SPT35487	SPT35407	0.828694433319984
SPT35487	SPT35346	0.8199080551669
SPT35487	SPT35405	0.82766765944336
SPT35487	SPT35410	0.812688215217828
SPT35487	SPT35575	0.81787251075753
SPT35487	SPT35576	0.8212
SPT35487	SPT35766	0.810542797494781
SPT35487	SPT35347	0.819009504752376
SPT35487	SPT35412	0.812738044858231
SPT35487	SPT35414	0.816278833451885
SPT35487	SPT35348	0.817363472694539
SPT35487	SPT35417	0.81637567730283
SPT35487	SPT35571	0.813098708871304
SPT35487	SPT35349	0.814511293224066
SPT35487	SPT35351	0.819608256107835
SPT35487	SPT35418	0.815900421602088
SPT35487	SPT35419	0.826863276156084
SPT35487	SPT35566	0.827624987220121
SPT35487	SPT35567	0.812556323220186
SPT35487	SPT35420	0.812261306532663
SPT35487	SPT35423	0.811349079263411
SPT35487	SPT35564	0.812073806658644
SPT35487	SPT35352	0.817509494303418
SPT35487	SPT35424	0.817633457323816
SPT35487	SPT35357	0.811718828117188
SPT35487	SPT35437	0.833266573202483
SPT35487	SPT35563	0.812774890043982
SPT35487	SPT35308	0.821791134787416
SPT35487	SPT35425	0.81762168823167
SPT35487	SPT35440	0.813747465044295
SPT35487	SPT35354	0.821117888211179
SPT35487	SPT35309	0.8152859861765
SPT35487	SPT35310	0.815672844480258
SPT35487	SPT35355	0.811205602801401
SPT35487	SPT35332	0.814737052589482
SPT35487	SPT35333	0.816791604197901
SPT35487	SPT35561	0.819935691318328
SPT35487	SPT35363	0.818854343696891
SPT35487	SPT35427	0.816805288974195
SPT35487	SPT35752	0.816061915770429
SPT35487	SPT35430	0.809977916081108
SPT35487	SPT35431	0.818822345244087
SPT35487	SPT35313	0.815623435152729
SPT35487	SPT35780	0.81503774739849
SPT35487	SPT35315	0.819773841689182
SPT35487	SPT35316	0.817426139208813
SPT35487	SPT35317	0.816581658165817
SPT35487	SPT35334	0.817291354322839
SPT35487	SPT35543	0.817281348788198
SPT35369	SPT35370	0.852177387135437
SPT35369	SPT35382	0.818690654672664
SPT35369	SPT35521	0.812366964665815
SPT35369	SPT35553	0.811711711711712
SPT35369	SPT35532	0.822428961472343
SPT35369	SPT35384	0.8147593369283
SPT35369	SPT35522	0.818218178182182
SPT35369	SPT35361	0.819062843440903
SPT35369	SPT35342	0.812800480769231
SPT35369	SPT35556	0.80698510529019
SPT35369	SPT35557	0.816287303995954
SPT35369	SPT35328	0.813130808434096
SPT35369	SPT35592	0.814525027585515
SPT35369	SPT35435	0.821643286573146
SPT35369	SPT35304	0.816845053516055
SPT35369	SPT35390	0.816665001498651
SPT35369	SPT35436	0.810590015128593
SPT35369	SPT35580	0.813550364654899
SPT35369	SPT35538	0.814752724224644
SPT35369	SPT35537	0.815022184660892
SPT35369	SPT35320	0.819759089402144
SPT35369	SPT35541	0.810884767406507
SPT35369	SPT35673	0.813253690972614
SPT35369	SPT35502	0.80960960960961
SPT35369	SPT35330	0.823462544049108
SPT35369	SPT35546	0.812479965808313
SPT35369	SPT35547	0.812249799839872
SPT35369	SPT35544	0.813389881853984
SPT35369	SPT35362	0.813642265055428
SPT35369	SPT35499	0.810734747210775
SPT35369	SPT35336	0.814121907060954
SPT35369	SPT35577	0.81033964532612
SPT35369	SPT35325	0.809893992932862
SPT35369	SPT35331	0.81394187556177
SPT35369	SPT35337	0.820461584573884
SPT35369	SPT35306	0.813181318131813
SPT35369	SPT35407	0.830798479087453
SPT35369	SPT35346	0.821549830237667
SPT35369	SPT35405	0.827671148516884
SPT35369	SPT35410	0.811133400200602
SPT35369	SPT35575	0.815018498150185
SPT35369	SPT35576	0.821043165467626
SPT35369	SPT35766	0.808743739565943
SPT35369	SPT35347	0.817554733579926
SPT35369	SPT35412	0.811416490486258
SPT35369	SPT35414	0.813547273281202
SPT35369	SPT35348	0.81421147311613
SPT35369	SPT35417	0.814016442751153
SPT35369	SPT35571	0.807200083237957
SPT35369	SPT35349	0.809866187337727
SPT35369	SPT35351	0.812671016628078
SPT35369	SPT35418	0.82086258776329
SPT35369	SPT35419	0.843339681266914
SPT35369	SPT35566	0.817698753321071
SPT35369	SPT35567	0.812406203101551
SPT35369	SPT35420	0.809499899578229
SPT35369	SPT35423	0.8142
SPT35369	SPT35564	0.811422845691383
SPT35369	SPT35352	0.812861993209507
SPT35369	SPT35424	0.808638874937218
SPT35369	SPT35357	0.81176940753322
SPT35369	SPT35437	0.813388032819692
SPT35369	SPT35563	0.812924490611266
SPT35369	SPT35308	0.81751531585819
SPT35369	SPT35425	0.811473727422003
SPT35369	SPT35440	0.815466666666667
SPT35369	SPT35354	0.816964731741433
SPT35369	SPT35309	0.810629566609949
SPT35369	SPT35310	0.811493558776167
SPT35369	SPT35355	0.814955513345996
SPT35369	SPT35332	0.809390609390609
SPT35369	SPT35333	0.811345251173474
SPT35369	SPT35561	0.816027314721832
SPT35369	SPT35363	0.809109979023075
SPT35369	SPT35427	0.817116060961313
SPT35369	SPT35752	0.807773425730642
SPT35369	SPT35430	0.808406058782225
SPT35369	SPT35431	0.815850346977773
SPT35369	SPT35313	0.820838754879391
SPT35369	SPT35780	0.817069440195779
SPT35369	SPT35315	0.818981898189819
SPT35369	SPT35316	0.815871109776844
SPT35369	SPT35317	0.808034375936844
SPT35369	SPT35334	0.821532008389094
SPT35369	SPT35543	0.808170141082333
SPT35370	SPT35382	0.885334399680096
SPT35370	SPT35521	0.818114091102597
SPT35370	SPT35553	0.812493743117429
SPT35370	SPT35532	0.828461616263781
SPT35370	SPT35384	0.819316819816221
SPT35370	SPT35522	0.8247
SPT35370	SPT35361	0.829219546317578
SPT35370	SPT35342	0.82398316970547
SPT35370	SPT35556	0.818779535648243
SPT35370	SPT35557	0.819690377415764
SPT35370	SPT35328	0.815092453773113
SPT35370	SPT35592	0.816512841091493
SPT35370	SPT35435	0.828121868109842
SPT35370	SPT35304	0.822428971588635
SPT35370	SPT35390	0.82612171479964
SPT35370	SPT35436	0.812285656647166
SPT35370	SPT35580	0.815327695560254
SPT35370	SPT35538	0.819429888912178
SPT35370	SPT35537	0.817643951399894
SPT35370	SPT35320	0.820844385499558
SPT35370	SPT35541	0.816034867220758
SPT35370	SPT35673	0.812781785392245
SPT35370	SPT35502	0.811874249098919
SPT35370	SPT35330	0.822532969531605
SPT35370	SPT35546	0.818104093192263
SPT35370	SPT35547	0.819537583825443
SPT35370	SPT35544	0.815794788931529
SPT35370	SPT35362	0.815421494206952
SPT35370	SPT35499	0.815924399316377
SPT35370	SPT35336	0.819718309859155
SPT35370	SPT35577	0.815731462925852
SPT35370	SPT35325	0.812380086842371
SPT35370	SPT35331	0.8174190970835
SPT35370	SPT35337	0.814929549315479
SPT35370	SPT35306	0.817645293588076
SPT35370	SPT35407	0.843490443310317
SPT35370	SPT35346	0.818118258090292
SPT35370	SPT35405	0.83514678710737
SPT35370	SPT35410	0.812920052161701
SPT35370	SPT35575	0.817381738173817
SPT35370	SPT35576	0.831001399160504
SPT35370	SPT35766	0.818011061254304
SPT35370	SPT35347	0.825334933013397
SPT35370	SPT35412	0.814568136166614
SPT35370	SPT35414	0.81403615681495
SPT35370	SPT35348	0.821471411435426
SPT35370	SPT35417	0.815201042815602
SPT35370	SPT35571	0.816005827869705
SPT35370	SPT35349	0.815221733919297
SPT35370	SPT35351	0.821597726555099
SPT35370	SPT35418	0.81811797752809
SPT35370	SPT35419	0.86397353648757
SPT35370	SPT35566	0.829432805314257
SPT35370	SPT35567	0.812087252351411
SPT35370	SPT35420	0.808356769787063
SPT35370	SPT35423	0.806861372274455
SPT35370	SPT35564	0.812205631826836
SPT35370	SPT35352	0.821214542548941
SPT35370	SPT35424	0.812920727418869
SPT35370	SPT35357	0.817327870490657
SPT35370	SPT35437	0.818072650855599
SPT35370	SPT35563	0.811988011988012
SPT35370	SPT35308	0.822400803616273
SPT35370	SPT35425	0.81781792055835
SPT35370	SPT35440	0.820460849157243
SPT35370	SPT35354	0.860197861496952
SPT35370	SPT35309	0.811911911911912
SPT35370	SPT35310	0.812160257700825
SPT35370	SPT35355	0.819218078192181
SPT35370	SPT35332	0.812350119904077
SPT35370	SPT35333	0.813704924582959
SPT35370	SPT35561	0.818820929998996
SPT35370	SPT35363	0.812169047856929
SPT35370	SPT35427	0.817629503304199
SPT35370	SPT35752	0.812355600200904
SPT35370	SPT35430	0.810073241697602
SPT35370	SPT35431	0.817724574992455
SPT35370	SPT35313	0.819319319319319
SPT35370	SPT35780	0.82133387721803
SPT35370	SPT35315	0.818445533660098
SPT35370	SPT35316	0.851666499849865
SPT35370	SPT35317	0.818390804597701
SPT35370	SPT35334	0.81839976026371
SPT35370	SPT35543	0.817416026113509
SPT35382	SPT35521	0.818259294769362
SPT35382	SPT35553	0.813645927261797
SPT35382	SPT35532	0.822064777327935
SPT35382	SPT35384	0.826486756621689
SPT35382	SPT35522	0.818654923939151
SPT35382	SPT35361	0.8552
SPT35382	SPT35342	0.817744360902256
SPT35382	SPT35556	0.817499485914045
SPT35382	SPT35557	0.818550020251114
SPT35382	SPT35328	0.809261852370474
SPT35382	SPT35592	0.817871485943775
SPT35382	SPT35435	0.820880553605456
SPT35382	SPT35304	0.823788546255507
SPT35382	SPT35390	0.823288355822089
SPT35382	SPT35436	0.812638804764789
SPT35382	SPT35580	0.816335167160389
SPT35382	SPT35538	0.815312008390142
SPT35382	SPT35537	0.814337069147811
SPT35382	SPT35320	0.820353982300885
SPT35382	SPT35541	0.814769730168391
SPT35382	SPT35673	0.812450659749633
SPT35382	SPT35502	0.811116675012519
SPT35382	SPT35330	0.818957669549386
SPT35382	SPT35546	0.821497326203209
SPT35382	SPT35547	0.821095862967044
SPT35382	SPT35544	0.813017990701435
SPT35382	SPT35362	0.813974410235906
SPT35382	SPT35499	0.815913891962579
SPT35382	SPT35336	0.826135105204873
SPT35382	SPT35577	0.815683914961893
SPT35382	SPT35325	0.809114793856104
SPT35382	SPT35331	0.816773290683727
SPT35382	SPT35337	0.816
SPT35382	SPT35306	0.82012012012012
SPT35382	SPT35407	0.83014521782674
SPT35382	SPT35346	0.820489755122439
SPT35382	SPT35405	0.828762198253724
SPT35382	SPT35410	0.811966670013051
SPT35382	SPT35575	0.812850280224179
SPT35382	SPT35576	0.819281928192819
SPT35382	SPT35766	0.819843342036554
SPT35382	SPT35347	0.820982098209821
SPT35382	SPT35412	0.817047377326565
SPT35382	SPT35414	0.818865623094125
SPT35382	SPT35348	0.824347304191257
SPT35382	SPT35417	0.819869543401907
SPT35382	SPT35571	0.817216612886437
SPT35382	SPT35349	0.810594702648676
SPT35382	SPT35351	0.824910507475258
SPT35382	SPT35418	0.817698404735628
SPT35382	SPT35419	0.823234349919743
SPT35382	SPT35566	0.824383757798916
SPT35382	SPT35567	0.812337272181053
SPT35382	SPT35420	0.807615029134017
SPT35382	SPT35423	0.811029926934241
SPT35382	SPT35564	0.81275699528633
SPT35382	SPT35352	0.818390804597701
SPT35382	SPT35424	0.813693947315504
SPT35382	SPT35357	0.815
SPT35382	SPT35437	0.815823735603405
SPT35382	SPT35563	0.812456263121064
SPT35382	SPT35308	0.824688379573784
SPT35382	SPT35425	0.814894709809964
SPT35382	SPT35440	0.816463805253043
SPT35382	SPT35354	0.929135432283858
SPT35382	SPT35309	0.812963334001202
SPT35382	SPT35310	0.813236627379873
SPT35382	SPT35355	0.817163432686537
SPT35382	SPT35332	0.80971902809719
SPT35382	SPT35333	0.811075569772091
SPT35382	SPT35561	0.817971655442758
SPT35382	SPT35363	0.813137372525495
SPT35382	SPT35427	0.818113932152763
SPT35382	SPT35752	0.811419380780056
SPT35382	SPT35430	0.81004016064257
SPT35382	SPT35431	0.817998792027381
SPT35382	SPT35313	0.815868563414145
SPT35382	SPT35780	0.815204081632653
SPT35382	SPT35315	0.818909454727364
SPT35382	SPT35316	0.911638146702692
SPT35382	SPT35317	0.816363272654531
SPT35382	SPT35334	0.816073570571771
SPT35382	SPT35543	0.816735167035515
SPT35521	SPT35553	0.810335641981886
SPT35521	SPT35532	0.819554508460056
SPT35521	SPT35384	0.815134099616858
SPT35521	SPT35522	0.813797508783136
SPT35521	SPT35361	0.817049808429119
SPT35521	SPT35342	0.810631938514091
SPT35521	SPT35556	0.814203496579433
SPT35521	SPT35557	0.811434087739998
SPT35521	SPT35328	0.807475242253221
SPT35521	SPT35592	0.810306198655713
SPT35521	SPT35435	0.820381622428313
SPT35521	SPT35304	0.814131940743898
SPT35521	SPT35390	0.813864338196145
SPT35521	SPT35436	0.807947729220223
SPT35521	SPT35580	0.810633810633811
SPT35521	SPT35538	0.810551822887983
SPT35521	SPT35537	0.810873915943963
SPT35521	SPT35320	0.81046511627907
SPT35521	SPT35541	0.807173447537473
SPT35521	SPT35673	0.810674486803519
SPT35521	SPT35502	0.809742059262417
SPT35521	SPT35330	0.813922994397425
SPT35521	SPT35546	0.81804932735426
SPT35521	SPT35547	0.81606134838641
SPT35521	SPT35544	0.809905862216517
SPT35521	SPT35362	0.81215410813112
SPT35521	SPT35499	0.81010899764907
SPT35521	SPT35336	0.815558880102586
SPT35521	SPT35577	0.81240673630356
SPT35521	SPT35325	0.8055822906641
SPT35521	SPT35331	0.808641975308642
SPT35521	SPT35337	0.814183792993291
SPT35521	SPT35306	0.814389101745424
SPT35521	SPT35407	0.823855165069223
SPT35521	SPT35346	0.810983397190294
SPT35521	SPT35405	0.823988721396812
SPT35521	SPT35410	0.808908352916044
SPT35521	SPT35575	0.810197998722589
SPT35521	SPT35576	0.818568994889267
SPT35521	SPT35766	0.809136832857457
SPT35521	SPT35347	0.815315795079348
SPT35521	SPT35412	0.814925704147261
SPT35521	SPT35414	0.817986461802944
SPT35521	SPT35348	0.816254793353217
SPT35521	SPT35417	0.818550106609808
SPT35521	SPT35571	0.812128549416685
SPT35521	SPT35349	0.809280544912729
SPT35521	SPT35351	0.816138007790762
SPT35521	SPT35418	0.812853032079292
SPT35521	SPT35419	0.817755014938114
SPT35521	SPT35566	0.817848674283251
SPT35521	SPT35567	0.811176157530601
SPT35521	SPT35420	0.806661684637557
SPT35521	SPT35423	0.807303310976259
SPT35521	SPT35564	0.815781066979022
SPT35521	SPT35352	0.813537675606641
SPT35521	SPT35424	0.808964781216649
SPT35521	SPT35357	0.813158735228362
SPT35521	SPT35437	0.81371087928465
SPT35521	SPT35563	0.811302681992337
SPT35521	SPT35308	0.814830644299605
SPT35521	SPT35425	0.81765087605451
SPT35521	SPT35440	0.818069861173309
SPT35521	SPT35354	0.818123735491428
SPT35521	SPT35309	0.81171458998935
SPT35521	SPT35310	0.811532301121196
SPT35521	SPT35355	0.811308699818976
SPT35521	SPT35332	0.806345150644097
SPT35521	SPT35333	0.815114422565194
SPT35521	SPT35561	0.811540102389078
SPT35521	SPT35363	0.814050026609899
SPT35521	SPT35427	0.815892557358702
SPT35521	SPT35752	0.807643040136635
SPT35521	SPT35430	0.81445166791005
SPT35521	SPT35431	0.814427489062
SPT35521	SPT35313	0.810848252344416
SPT35521	SPT35780	0.810355987055016
SPT35521	SPT35315	0.811614278103356
SPT35521	SPT35316	0.813113006396588
SPT35521	SPT35317	0.818317358892439
SPT35521	SPT35334	0.814495530012771
SPT35521	SPT35543	0.813963813963814
SPT35553	SPT35532	0.814931118314425
SPT35553	SPT35384	0.813113113113113
SPT35553	SPT35522	0.812518778167251
SPT35553	SPT35361	0.81143601041458
SPT35553	SPT35342	0.806244352976609
SPT35553	SPT35556	0.808329048843188
SPT35553	SPT35557	0.809340492351332
SPT35553	SPT35328	0.802764699989983
SPT35553	SPT35592	0.812600482315113
SPT35553	SPT35435	0.814238377347123
SPT35553	SPT35304	0.811265911596672
SPT35553	SPT35390	0.810215322984477
SPT35553	SPT35436	0.805757575757576
SPT35553	SPT35580	0.812235393734124
SPT35553	SPT35538	0.809463854789634
SPT35553	SPT35537	0.808924606111875
SPT35553	SPT35320	0.810335288259378
SPT35553	SPT35541	0.804323556277276
SPT35553	SPT35673	0.809158583352132
SPT35553	SPT35502	0.805878812199037
SPT35553	SPT35330	0.817271589486859
SPT35553	SPT35546	0.810033158626591
SPT35553	SPT35547	0.811409665129336
SPT35553	SPT35544	0.809100101112235
SPT35553	SPT35362	0.807607607607608
SPT35553	SPT35499	0.808718413369576
SPT35553	SPT35336	0.812418103013809
SPT35553	SPT35577	0.803151977514555
SPT35553	SPT35325	0.805117313915858
SPT35553	SPT35331	0.812512512512513
SPT35553	SPT35337	0.807811717576364
SPT35553	SPT35306	0.804890269566089
SPT35553	SPT35407	0.822409300461014
SPT35553	SPT35346	0.814714714714715
SPT35553	SPT35405	0.819788348916059
SPT35553	SPT35410	0.805245703949352
SPT35553	SPT35575	0.807314629258517
SPT35553	SPT35576	0.816060879142886
SPT35553	SPT35766	0.80869292654895
SPT35553	SPT35347	0.813946498346859
SPT35553	SPT35412	0.809503651180019
SPT35553	SPT35414	0.814362730139355
SPT35553	SPT35348	0.81526748146664
SPT35553	SPT35417	0.813033437092078
SPT35553	SPT35571	0.805711903272879
SPT35553	SPT35349	0.808708708708709
SPT35553	SPT35351	0.80927291886196
SPT35553	SPT35418	0.81087327906743
SPT35553	SPT35419	0.814037553971282
SPT35553	SPT35566	0.814750409165303
SPT35553	SPT35567	0.809103669540806
SPT35553	SPT35420	0.803018108651911
SPT35553	SPT35423	0.804530874097835
SPT35553	SPT35564	0.805299076676034
SPT35553	SPT35352	0.806806806806807
SPT35553	SPT35424	0.803039452495974
SPT35553	SPT35357	0.810816224336505
SPT35553	SPT35437	0.809986964804973
SPT35553	SPT35563	0.80970970970971
SPT35553	SPT35308	0.812216966891416
SPT35553	SPT35425	0.80840353400452
SPT35553	SPT35440	0.80915786103106
SPT35553	SPT35354	0.810716074111167
SPT35553	SPT35309	0.804151624548736
SPT35553	SPT35310	0.804255748285599
SPT35553	SPT35355	0.807295320172362
SPT35553	SPT35332	0.805828159423193
SPT35553	SPT35333	0.805085594153569
SPT35553	SPT35561	0.813537161822388
SPT35553	SPT35363	0.804045258836487
SPT35553	SPT35427	0.807318894697535
SPT35553	SPT35752	0.806376986521827
SPT35553	SPT35430	0.806027122049221
SPT35553	SPT35431	0.812254358560919
SPT35553	SPT35313	0.814098064774892
SPT35553	SPT35780	0.808882082695253
SPT35553	SPT35315	0.810220440881763
SPT35553	SPT35316	0.811973525872443
SPT35553	SPT35317	0.807172192727637
SPT35553	SPT35334	0.808689558514366
SPT35553	SPT35543	0.806138592975425
SPT35532	SPT35384	0.818586308019011
SPT35532	SPT35522	0.818743042202206
SPT35532	SPT35361	0.81962569549823
SPT35532	SPT35342	0.816715691246577
SPT35532	SPT35556	0.814626556016598
SPT35532	SPT35557	0.821388406093446
SPT35532	SPT35328	0.815624367536936
SPT35532	SPT35592	0.823977261191757
SPT35532	SPT35435	0.908224318020485
SPT35532	SPT35304	0.818881685575365
SPT35532	SPT35390	0.817482800485633
SPT35532	SPT35436	0.813009787928222
SPT35532	SPT35580	0.813317732156154
SPT35532	SPT35538	0.816550559425797
SPT35532	SPT35537	0.817678381256656
SPT35532	SPT35320	0.819083714190168
SPT35532	SPT35541	0.810385362363283
SPT35532	SPT35673	0.81832597123117
SPT35532	SPT35502	0.811290159116246
SPT35532	SPT35330	0.818484118793716
SPT35532	SPT35546	0.817643257216717
SPT35532	SPT35547	0.817887167021169
SPT35532	SPT35544	0.816809465524276
SPT35532	SPT35362	0.817961165048544
SPT35532	SPT35499	0.817627325404087
SPT35532	SPT35336	0.819236641221374
SPT35532	SPT35577	0.815426718021488
SPT35532	SPT35325	0.812391725262407
SPT35532	SPT35331	0.816545307443366
SPT35532	SPT35337	0.816774585188183
SPT35532	SPT35306	0.816966997367888
SPT35532	SPT35407	0.835172623266174
SPT35532	SPT35346	0.825361512791991
SPT35532	SPT35405	0.832400497512438
SPT35532	SPT35410	0.816751269035533
SPT35532	SPT35575	0.815549706418303
SPT35532	SPT35576	0.822898755942146
SPT35532	SPT35766	0.815850325835611
SPT35532	SPT35347	0.820022269460472
SPT35532	SPT35412	0.812845597618035
SPT35532	SPT35414	0.822094691535151
SPT35532	SPT35348	0.819552676854569
SPT35532	SPT35417	0.820026377193872
SPT35532	SPT35571	0.81187598528639
SPT35532	SPT35349	0.81241783800182
SPT35532	SPT35351	0.820957446808511
SPT35532	SPT35418	0.820450395617772
SPT35532	SPT35419	0.82827873009433
SPT35532	SPT35566	0.825061779242175
SPT35532	SPT35567	0.811519384553092
SPT35532	SPT35420	0.813610970035551
SPT35532	SPT35423	0.808019441069259
SPT35532	SPT35564	0.812892763024529
SPT35532	SPT35352	0.815856001617959
SPT35532	SPT35424	0.81692573402418
SPT35532	SPT35357	0.815256980979361
SPT35532	SPT35437	0.866187196110211
SPT35532	SPT35563	0.811469606554061
SPT35532	SPT35308	0.819290578310804
SPT35532	SPT35425	0.818802358051505
SPT35532	SPT35440	0.81619937694704
SPT35532	SPT35354	0.816471064346418
SPT35532	SPT35309	0.815584152396393
SPT35532	SPT35310	0.815770755004573
SPT35532	SPT35355	0.815954646689613
SPT35532	SPT35332	0.81284774911482
SPT35532	SPT35333	0.813207928802589
SPT35532	SPT35561	0.827186833282536
SPT35532	SPT35363	0.816407040258952
SPT35532	SPT35427	0.814866459294219
SPT35532	SPT35752	0.820757591144511
SPT35532	SPT35430	0.812816872845265
SPT35532	SPT35431	0.818024791709002
SPT35532	SPT35313	0.818697457712955
SPT35532	SPT35780	0.820821748532592
SPT35532	SPT35315	0.818706346796234
SPT35532	SPT35316	0.818458109614021
SPT35532	SPT35317	0.81866019024489
SPT35532	SPT35334	0.816848705501618
SPT35532	SPT35543	0.816224814422057
SPT35384	SPT35522	0.817918208179182
SPT35384	SPT35361	0.815166350284744
SPT35384	SPT35342	0.811097756410256
SPT35384	SPT35556	0.808012326656394
SPT35384	SPT35557	0.812038442083966
SPT35384	SPT35328	0.815928849805136
SPT35384	SPT35592	0.809509479386097
SPT35384	SPT35435	0.814629258517034
SPT35384	SPT35304	0.824347304191257
SPT35384	SPT35390	0.811369767209511
SPT35384	SPT35436	0.805547150781644
SPT35384	SPT35580	0.811436423211077
SPT35384	SPT35538	0.810875943000838
SPT35384	SPT35537	0.811219099936615
SPT35384	SPT35320	0.817106862636755
SPT35384	SPT35541	0.811188811188811
SPT35384	SPT35673	0.802885157218528
SPT35384	SPT35502	0.804004004004004
SPT35384	SPT35330	0.81618733659202
SPT35384	SPT35546	0.816647077679239
SPT35384	SPT35547	0.817854283426741
SPT35384	SPT35544	0.814601635867919
SPT35384	SPT35362	0.810945770498352
SPT35384	SPT35499	0.817770630214092
SPT35384	SPT35336	0.996479581573124
SPT35384	SPT35577	0.812944594729987
SPT35384	SPT35325	0.810600706713781
SPT35384	SPT35331	0.818036552481774
SPT35384	SPT35337	0.821960235787791
SPT35384	SPT35306	0.816481648164816
SPT35384	SPT35407	0.827296377826696
SPT35384	SPT35346	0.816856401038546
SPT35384	SPT35405	0.827055321769475
SPT35384	SPT35410	0.812136409227683
SPT35384	SPT35575	0.81021897810219
SPT35384	SPT35576	0.816746602717826
SPT35384	SPT35766	0.813334724540901
SPT35384	SPT35347	0.825952214335699
SPT35384	SPT35412	0.814587737843552
SPT35384	SPT35414	0.813648827053925
SPT35384	SPT35348	0.824505296821907
SPT35384	SPT35417	0.814016442751153
SPT35384	SPT35571	0.810945791280824
SPT35384	SPT35349	0.810365488316357
SPT35384	SPT35351	0.822353188802357
SPT35384	SPT35418	0.814142427281845
SPT35384	SPT35419	0.822391500451037
SPT35384	SPT35566	0.823625587574085
SPT35384	SPT35567	0.811305652826413
SPT35384	SPT35420	0.808294838320948
SPT35384	SPT35423	0.8055
SPT35384	SPT35564	0.807114228456914
SPT35384	SPT35352	0.81775514280008
SPT35384	SPT35424	0.805123053741838
SPT35384	SPT35357	0.816465181336797
SPT35384	SPT35437	0.812587552531519
SPT35384	SPT35563	0.811426288453855
SPT35384	SPT35308	0.824645977704128
SPT35384	SPT35425	0.811473727422003
SPT35384	SPT35440	0.81472
SPT35384	SPT35354	0.821260865221301
SPT35384	SPT35309	0.817035331798619
SPT35384	SPT35310	0.817532206119163
SPT35384	SPT35355	0.809957012896131
SPT35384	SPT35332	0.810789210789211
SPT35384	SPT35333	0.81064615999201
SPT35384	SPT35561	0.810805382606949
SPT35384	SPT35363	0.808310858056138
SPT35384	SPT35427	0.810188639028029
SPT35384	SPT35752	0.813598473435774
SPT35384	SPT35430	0.812518808305748
SPT35384	SPT35431	0.813838881625264
SPT35384	SPT35313	0.814833350015014
SPT35384	SPT35780	0.813092688895687
SPT35384	SPT35315	0.825582558255826
SPT35384	SPT35316	0.81717202041429
SPT35384	SPT35317	0.817327870490657
SPT35384	SPT35334	0.820633176870069
SPT35384	SPT35543	0.810486418193304
SPT35522	SPT35361	0.818381838183818
SPT35522	SPT35342	0.812155250225654
SPT35522	SPT35556	0.811549527332511
SPT35522	SPT35557	0.813619346352322
SPT35522	SPT35328	0.812206103051526
SPT35522	SPT35592	0.81308974101586
SPT35522	SPT35435	0.818856569709127
SPT35522	SPT35304	0.819347085920288
SPT35522	SPT35390	0.821728691476591
SPT35522	SPT35436	0.808639483245862
SPT35522	SPT35580	0.814192047377327
SPT35522	SPT35538	0.807192283497589
SPT35522	SPT35537	0.807883335094579
SPT35522	SPT35320	0.815809839690437
SPT35522	SPT35541	0.815629434421245
SPT35522	SPT35673	0.804531619885019
SPT35522	SPT35502	0.810583283223091
SPT35522	SPT35330	0.82103467879477
SPT35522	SPT35546	0.81607352784012
SPT35522	SPT35547	0.817125688532799
SPT35522	SPT35544	0.811029188970811
SPT35522	SPT35362	0.80961903809619
SPT35522	SPT35499	0.810941271118262
SPT35522	SPT35336	0.81745871929118
SPT35522	SPT35577	0.810808101062763
SPT35522	SPT35325	0.809191919191919
SPT35522	SPT35331	0.818018198180182
SPT35522	SPT35337	0.833533413365346
SPT35522	SPT35306	0.811774128954746
SPT35522	SPT35407	0.853064903846154
SPT35522	SPT35346	0.817218278172183
SPT35522	SPT35405	0.851041987475619
SPT35522	SPT35410	0.811464712378275
SPT35522	SPT35575	0.805486034638102
SPT35522	SPT35576	0.845153546063819
SPT35522	SPT35766	0.811710677382319
SPT35522	SPT35347	0.82335868694956
SPT35522	SPT35412	0.812896405919662
SPT35522	SPT35414	0.817257851407663
SPT35522	SPT35348	0.815270689482638
SPT35522	SPT35417	0.818063221274461
SPT35522	SPT35571	0.81274734430327
SPT35522	SPT35349	0.811318868113189
SPT35522	SPT35351	0.811604886267902
SPT35522	SPT35418	0.814833400240867
SPT35522	SPT35419	0.842094703049759
SPT35522	SPT35566	0.826264690853347
SPT35522	SPT35567	0.817526289434151
SPT35522	SPT35420	0.810294561174223
SPT35522	SPT35423	0.806806806806807
SPT35522	SPT35564	0.81074578989575
SPT35522	SPT35352	0.812518748125187
SPT35522	SPT35424	0.809633950120676
SPT35522	SPT35357	0.819127651060424
SPT35522	SPT35437	0.817826740110165
SPT35522	SPT35563	0.8176
SPT35522	SPT35308	0.819195979899497
SPT35522	SPT35425	0.815419361461862
SPT35522	SPT35440	0.816174117144991
SPT35522	SPT35354	0.817627050820328
SPT35522	SPT35309	0.815705128205128
SPT35522	SPT35310	0.814986403464599
SPT35522	SPT35355	0.812212212212212
SPT35522	SPT35332	0.810243072921877
SPT35522	SPT35333	0.8062
SPT35522	SPT35561	0.81427135678392
SPT35522	SPT35363	0.810462092418484
SPT35522	SPT35427	0.810407336319045
SPT35522	SPT35752	0.811840385968439
SPT35522	SPT35430	0.812023283821758
SPT35522	SPT35431	0.817760773258155
SPT35522	SPT35313	0.817271087958325
SPT35522	SPT35780	0.81126300754948
SPT35522	SPT35315	0.808570284341209
SPT35522	SPT35316	0.814421632448673
SPT35522	SPT35317	0.81699019411647
SPT35522	SPT35334	0.8309
SPT35522	SPT35543	0.816055625790139
SPT35361	SPT35342	0.81611383906203
SPT35361	SPT35556	0.808877928483354
SPT35361	SPT35557	0.811734951947395
SPT35361	SPT35328	0.825669732107157
SPT35361	SPT35592	0.81426851294401
SPT35361	SPT35435	0.818619100110232
SPT35361	SPT35304	0.81416991894326
SPT35361	SPT35390	0.814174330267893
SPT35361	SPT35436	0.810249167759508
SPT35361	SPT35580	0.81353065539112
SPT35361	SPT35538	0.807797107524628
SPT35361	SPT35537	0.811284868977177
SPT35361	SPT35320	0.817820030952907
SPT35361	SPT35541	0.811169673626596
SPT35361	SPT35673	0.813190529875987
SPT35361	SPT35502	0.807530542759864
SPT35361	SPT35330	0.818667576170987
SPT35361	SPT35546	0.812246206454371
SPT35361	SPT35547	0.811855412035646
SPT35361	SPT35544	0.812039187960812
SPT35361	SPT35362	0.812250199840128
SPT35361	SPT35499	0.813913742837036
SPT35361	SPT35336	0.814934084733823
SPT35361	SPT35577	0.809041700080192
SPT35361	SPT35325	0.805129240710824
SPT35361	SPT35331	0.816247002398082
SPT35361	SPT35337	0.810375849660136
SPT35361	SPT35306	0.815807903951976
SPT35361	SPT35407	0.826043439095186
SPT35361	SPT35346	0.820161854331102
SPT35361	SPT35405	0.823118776306334
SPT35361	SPT35410	0.809452137266707
SPT35361	SPT35575	0.806922769107643
SPT35361	SPT35576	0.816973210715714
SPT35361	SPT35766	0.817802358342899
SPT35361	SPT35347	0.814462892578516
SPT35361	SPT35412	0.813722380801353
SPT35361	SPT35414	0.819853688274741
SPT35361	SPT35348	0.814918508149185
SPT35361	SPT35417	0.819640886748922
SPT35361	SPT35571	0.810242531487457
SPT35361	SPT35349	0.81107003696673
SPT35361	SPT35351	0.813118551273952
SPT35361	SPT35418	0.820626003210273
SPT35361	SPT35419	0.821801042920177
SPT35361	SPT35566	0.826469085334696
SPT35361	SPT35567	0.811230107096387
SPT35361	SPT35420	0.807615029134017
SPT35361	SPT35423	0.809423769507803
SPT35361	SPT35564	0.808860378871404
SPT35361	SPT35352	0.811169947047657
SPT35361	SPT35424	0.810973771480253
SPT35361	SPT35357	0.822471011595362
SPT35361	SPT35437	0.81535228182546
SPT35361	SPT35563	0.811650679456435
SPT35361	SPT35308	0.815067805123054
SPT35361	SPT35425	0.812788668787848
SPT35361	SPT35440	0.817580541924472
SPT35361	SPT35354	0.83796481407437
SPT35361	SPT35309	0.810291320452498
SPT35361	SPT35310	0.80964364807731
SPT35361	SPT35355	0.81376275255051
SPT35361	SPT35332	0.8063968015992
SPT35361	SPT35333	0.809852118305356
SPT35361	SPT35561	0.815488147850542
SPT35361	SPT35363	0.811931647846507
SPT35361	SPT35427	0.816989980814325
SPT35361	SPT35752	0.807495227569577
SPT35361	SPT35430	0.811095505617977
SPT35361	SPT35431	0.818492806117316
SPT35361	SPT35313	0.816543160424594
SPT35361	SPT35780	0.818459969403366
SPT35361	SPT35315	0.814388633179908
SPT35361	SPT35316	0.828028028028028
SPT35361	SPT35317	0.813037392521496
SPT35361	SPT35334	0.811051159072742
SPT35361	SPT35543	0.812111637704055
SPT35342	SPT35556	0.807989292700504
SPT35342	SPT35557	0.807102993404363
SPT35342	SPT35328	0.805953693495039
SPT35342	SPT35592	0.806256915803239
SPT35342	SPT35435	0.813203376205788
SPT35342	SPT35304	0.812882512290559
SPT35342	SPT35390	0.809800581220563
SPT35342	SPT35436	0.810015174506828
SPT35342	SPT35580	0.811048669282155
SPT35342	SPT35538	0.811364352483983
SPT35342	SPT35537	0.809191020753918
SPT35342	SPT35320	0.811391843971631
SPT35342	SPT35541	0.807258310460506
SPT35342	SPT35673	0.80045197740113
SPT35342	SPT35502	0.797329853443084
SPT35342	SPT35330	0.819414378489233
SPT35342	SPT35546	0.812787833351183
SPT35342	SPT35547	0.810078297530616
SPT35342	SPT35544	0.808568824065634
SPT35342	SPT35362	0.810477812280877
SPT35342	SPT35499	0.810263131364049
SPT35342	SPT35336	0.810532687651332
SPT35342	SPT35577	0.807255552205808
SPT35342	SPT35325	0.803443037974684
SPT35342	SPT35331	0.81248121807072
SPT35342	SPT35337	0.814510471991181
SPT35342	SPT35306	0.809710101314074
SPT35342	SPT35407	0.819650742673625
SPT35342	SPT35346	0.817908653846154
SPT35342	SPT35405	0.82031491200988
SPT35342	SPT35410	0.810992765273312
SPT35342	SPT35575	0.810087235535947
SPT35342	SPT35576	0.817698937662858
SPT35342	SPT35766	0.808143186100063
SPT35342	SPT35347	0.809686152612053
SPT35342	SPT35412	0.805555555555556
SPT35342	SPT35414	0.810227156972599
SPT35342	SPT35348	0.815457097032879
SPT35342	SPT35417	0.811142397425583
SPT35342	SPT35571	0.806219346759887
SPT35342	SPT35349	0.809895833333333
SPT35342	SPT35351	0.80933277027027
SPT35342	SPT35418	0.807545271629779
SPT35342	SPT35419	0.819158550055226
SPT35342	SPT35566	0.817566875064057
SPT35342	SPT35567	0.802408429503261
SPT35342	SPT35420	0.803686543110395
SPT35342	SPT35423	0.799438427597272
SPT35342	SPT35564	0.802552250803859
SPT35342	SPT35352	0.809294871794872
SPT35342	SPT35424	0.804030226700252
SPT35342	SPT35357	0.811203527407556
SPT35342	SPT35437	0.809452137266707
SPT35342	SPT35563	0.802244039270687
SPT35342	SPT35308	0.813740304220812
SPT35342	SPT35425	0.805641342392423
SPT35342	SPT35440	0.811290495028333
SPT35342	SPT35354	0.81461068243311
SPT35342	SPT35309	0.80744905130007
SPT35342	SPT35310	0.807793256612154
SPT35342	SPT35355	0.814335839598997
SPT35342	SPT35332	0.804008016032064
SPT35342	SPT35333	0.809776620254433
SPT35342	SPT35561	0.803121852970796
SPT35342	SPT35363	0.80853621881575
SPT35342	SPT35427	0.808358272766139
SPT35342	SPT35752	0.806688828447668
SPT35342	SPT35430	0.808833886708924
SPT35342	SPT35431	0.810993444276349
SPT35342	SPT35313	0.818391727738179
SPT35342	SPT35780	0.809450751764345
SPT35342	SPT35315	0.813923161801585
SPT35342	SPT35316	0.815115928937067
SPT35342	SPT35317	0.808860378871404
SPT35342	SPT35334	0.821596714414505
SPT35342	SPT35543	0.810519645120406
SPT35556	SPT35557	0.810141020323517
SPT35556	SPT35328	0.805735430157262
SPT35556	SPT35592	0.825007724791431
SPT35556	SPT35435	0.814681354885205
SPT35556	SPT35304	0.811869985599671
SPT35556	SPT35390	0.809660842754368
SPT35556	SPT35436	0.805193461618043
SPT35556	SPT35580	0.80958044982699
SPT35556	SPT35538	0.809865182965975
SPT35556	SPT35537	0.808752025931929
SPT35556	SPT35320	0.810765064319567
SPT35556	SPT35541	0.808143762335099
SPT35556	SPT35673	0.805870886366242
SPT35556	SPT35502	0.802758904673667
SPT35556	SPT35330	0.818950538630835
SPT35556	SPT35546	0.813297002724796
SPT35556	SPT35547	0.811266447368421
SPT35556	SPT35544	0.809400559064085
SPT35556	SPT35362	0.811196712891628
SPT35556	SPT35499	0.810197130766849
SPT35556	SPT35336	0.808347969831594
SPT35556	SPT35577	0.809239633707172
SPT35556	SPT35325	0.807497152324739
SPT35556	SPT35331	0.807293271700051
SPT35556	SPT35337	0.806269270298047
SPT35556	SPT35306	0.81294964028777
SPT35556	SPT35407	0.825023131489668
SPT35556	SPT35346	0.813045711350796
SPT35556	SPT35405	0.821986782754642
SPT35556	SPT35410	0.805297876726448
SPT35556	SPT35575	0.805715460526316
SPT35556	SPT35576	0.816051793238105
SPT35556	SPT35766	0.807774455360957
SPT35556	SPT35347	0.814845276035777
SPT35556	SPT35412	0.807787725164491
SPT35556	SPT35414	0.810788295324378
SPT35556	SPT35348	0.811163651315789
SPT35556	SPT35417	0.811470345963756
SPT35556	SPT35571	0.805023414218817
SPT35556	SPT35349	0.809142270159219
SPT35556	SPT35351	0.808928186327367
SPT35556	SPT35418	0.811540443070582
SPT35556	SPT35419	0.817591925018024
SPT35556	SPT35566	0.821510536198623
SPT35556	SPT35567	0.806826359617559
SPT35556	SPT35420	0.805567010309278
SPT35556	SPT35423	0.80779514603044
SPT35556	SPT35564	0.803376569899115
SPT35556	SPT35352	0.805752439650745
SPT35556	SPT35424	0.810707654219105
SPT35556	SPT35357	0.80896105230706
SPT35556	SPT35437	0.811825192802057
SPT35556	SPT35563	0.806368772470467
SPT35556	SPT35308	0.81250644928284
SPT35556	SPT35425	0.80992342389594
SPT35556	SPT35440	0.815904139433551
SPT35556	SPT35354	0.816032887975334
SPT35556	SPT35309	0.808676878790994
SPT35556	SPT35310	0.809022401156189
SPT35556	SPT35355	0.806252570958453
SPT35556	SPT35332	0.808241701777823
SPT35556	SPT35333	0.810766385863982
SPT35556	SPT35561	0.816307597154933
SPT35556	SPT35363	0.807561902804891
SPT35556	SPT35427	0.806767489935807
SPT35556	SPT35752	0.806185567010309
SPT35556	SPT35430	0.808959835221421
SPT35556	SPT35431	0.808347969831594
SPT35556	SPT35313	0.815694744420446
SPT35556	SPT35780	0.811259661583455
SPT35556	SPT35315	0.810032894736842
SPT35556	SPT35316	0.813393683777389
SPT35556	SPT35317	0.813219572368421
SPT35556	SPT35334	0.806965276350935
SPT35556	SPT35543	0.814531754574812
SPT35557	SPT35328	0.808906882591093
SPT35557	SPT35592	0.809862012987013
SPT35557	SPT35435	0.817462731974445
SPT35557	SPT35304	0.810657481511498
SPT35557	SPT35390	0.808198380566802
SPT35557	SPT35436	0.805708460754332
SPT35557	SPT35580	0.809361339161958
SPT35557	SPT35538	0.811093502377179
SPT35557	SPT35537	0.809889173060529
SPT35557	SPT35320	0.806523433151508
SPT35557	SPT35541	0.806933224256059
SPT35557	SPT35673	0.804421768707483
SPT35557	SPT35502	0.806062449310625
SPT35557	SPT35330	0.813472095150961
SPT35557	SPT35546	0.810046251478972
SPT35557	SPT35547	0.808260781534724
SPT35557	SPT35544	0.811792308476997
SPT35557	SPT35362	0.807163091865641
SPT35557	SPT35499	0.811362943388556
SPT35557	SPT35336	0.811902339776195
SPT35557	SPT35577	0.807926211230489
SPT35557	SPT35325	0.808057113717491
SPT35557	SPT35331	0.809388911371914
SPT35557	SPT35337	0.8082995951417
SPT35557	SPT35306	0.810121457489879
SPT35557	SPT35407	0.820502431118314
SPT35557	SPT35346	0.806879109762266
SPT35557	SPT35405	0.818548387096774
SPT35557	SPT35410	0.807454046917843
SPT35557	SPT35575	0.808140123519287
SPT35557	SPT35576	0.814061709661103
SPT35557	SPT35766	0.806733298264072
SPT35557	SPT35347	0.815531031689784
SPT35557	SPT35412	0.807708688245315
SPT35557	SPT35414	0.808370947886746
SPT35557	SPT35348	0.811582464311026
SPT35557	SPT35417	0.808799675587997
SPT35557	SPT35571	0.804123711340206
SPT35557	SPT35349	0.807283763277693
SPT35557	SPT35351	0.810302708443972
SPT35557	SPT35418	0.807364576993305
SPT35557	SPT35419	0.814796021920032
SPT35557	SPT35566	0.81642113938395
SPT35557	SPT35567	0.808366251392687
SPT35557	SPT35420	0.803596829912619
SPT35557	SPT35423	0.806601863102471
SPT35557	SPT35564	0.804662949822605
SPT35557	SPT35352	0.806980273141123
SPT35557	SPT35424	0.809489941068888
SPT35557	SPT35357	0.806618093503339
SPT35557	SPT35437	0.816064012964651
SPT35557	SPT35563	0.807890743550835
SPT35557	SPT35308	0.811134816620949
SPT35557	SPT35425	0.815980128337818
SPT35557	SPT35440	0.811060899505057
SPT35557	SPT35354	0.813967611336032
SPT35557	SPT35309	0.806843490585139
SPT35557	SPT35310	0.806792759812894
SPT35557	SPT35355	0.806765242049828
SPT35557	SPT35332	0.808318996053031
SPT35557	SPT35333	0.808984216916228
SPT35557	SPT35561	0.807235037089727
SPT35557	SPT35363	0.807972480777013
SPT35557	SPT35427	0.812614161383905
SPT35557	SPT35752	0.807290080211189
SPT35557	SPT35430	0.810257449827691
SPT35557	SPT35431	0.812512716174975
SPT35557	SPT35313	0.809625126646403
SPT35557	SPT35780	0.81298969072165
SPT35557	SPT35315	0.811664641555286
SPT35557	SPT35316	0.814222042139384
SPT35557	SPT35317	0.80807774066201
SPT35557	SPT35334	0.808680696074464
SPT35557	SPT35543	0.806794055201699
SPT35328	SPT35592	0.80688547626217
SPT35328	SPT35435	0.814736842105263
SPT35328	SPT35304	0.812406203101551
SPT35328	SPT35390	0.817036592681464
SPT35328	SPT35436	0.804823897466949
SPT35328	SPT35580	0.807509254362771
SPT35328	SPT35538	0.808869784021808
SPT35328	SPT35537	0.806850618458611
SPT35328	SPT35320	0.81015037593985
SPT35328	SPT35541	0.801358750760495
SPT35328	SPT35673	0.806608028867839
SPT35328	SPT35502	0.802263848542522
SPT35328	SPT35330	0.824385805277525
SPT35328	SPT35546	0.803271677536619
SPT35328	SPT35547	0.804406609914872
SPT35328	SPT35544	0.803172678589472
SPT35328	SPT35362	0.80791525084949
SPT35328	SPT35499	0.809293904646952
SPT35328	SPT35336	0.815702063412179
SPT35328	SPT35577	0.804190896330459
SPT35328	SPT35325	0.802303262955854
SPT35328	SPT35331	0.827603437937238
SPT35328	SPT35337	0.804439112177564
SPT35328	SPT35306	0.815952762209768
SPT35328	SPT35407	0.818764393711825
SPT35328	SPT35346	0.812531228140302
SPT35328	SPT35405	0.81678134949163
SPT35328	SPT35410	0.809514251304697
SPT35328	SPT35575	0.806083650190114
SPT35328	SPT35576	0.817836432713457
SPT35328	SPT35766	0.803757828810021
SPT35328	SPT35347	0.818427370948379
SPT35328	SPT35412	0.806854241590861
SPT35328	SPT35414	0.808943089430894
SPT35328	SPT35348	0.80948094809481
SPT35328	SPT35417	0.807564964382462
SPT35328	SPT35571	0.802998750520616
SPT35328	SPT35349	0.805036474467873
SPT35328	SPT35351	0.806319115323855
SPT35328	SPT35418	0.811421116017664
SPT35328	SPT35419	0.817953861584754
SPT35328	SPT35566	0.814723926380368
SPT35328	SPT35567	0.807488237060767
SPT35328	SPT35420	0.799919606069742
SPT35328	SPT35423	0.803962773941759
SPT35328	SPT35564	0.801764764865136
SPT35328	SPT35352	0.805036474467873
SPT35328	SPT35424	0.805086449537595
SPT35328	SPT35357	0.817836432713457
SPT35328	SPT35437	0.809371245494593
SPT35328	SPT35563	0.808495752123938
SPT35328	SPT35308	0.812958312405826
SPT35328	SPT35425	0.808174163072499
SPT35328	SPT35440	0.810992529348986
SPT35328	SPT35354	0.811637672465507
SPT35328	SPT35309	0.820831246870306
SPT35328	SPT35310	0.820946626384693
SPT35328	SPT35355	0.82843137254902
SPT35328	SPT35332	0.801959412176347
SPT35328	SPT35333	0.80541674995003
SPT35328	SPT35561	0.808681672025723
SPT35328	SPT35363	0.80599700149925
SPT35328	SPT35427	0.801172707889126
SPT35328	SPT35752	0.80321608040201
SPT35328	SPT35430	0.802669878550637
SPT35328	SPT35431	0.809197947066519
SPT35328	SPT35313	0.82084918886441
SPT35328	SPT35780	0.80738624770455
SPT35328	SPT35315	0.805844675740592
SPT35328	SPT35316	0.809990990089098
SPT35328	SPT35317	0.8152
SPT35328	SPT35334	0.808315010993404
SPT35328	SPT35543	0.800821571518854
SPT35592	SPT35435	0.833869670152856
SPT35592	SPT35304	0.814264188849824
SPT35592	SPT35390	0.815234845443597
SPT35592	SPT35436	0.801395489938315
SPT35592	SPT35580	0.807627118644068
SPT35592	SPT35538	0.80707462999895
SPT35592	SPT35537	0.806926498623173
SPT35592	SPT35320	0.807159481325502
SPT35592	SPT35541	0.80730119991865
SPT35592	SPT35673	0.814526149327911
SPT35592	SPT35502	0.800422068133856
SPT35592	SPT35330	0.815312749230945
SPT35592	SPT35546	0.815513177630169
SPT35592	SPT35547	0.814546915812739
SPT35592	SPT35544	0.807559789217673
SPT35592	SPT35362	0.806700772394423
SPT35592	SPT35499	0.809869815319407
SPT35592	SPT35336	0.808379606259465
SPT35592	SPT35577	0.811123403399376
SPT35592	SPT35325	0.807177615571776
SPT35592	SPT35331	0.809710101314074
SPT35592	SPT35337	0.816138097149739
SPT35592	SPT35306	0.811546184738956
SPT35592	SPT35407	0.823789431384368
SPT35592	SPT35346	0.816430935901294
SPT35592	SPT35405	0.817620419925895
SPT35592	SPT35410	0.811033927312997
SPT35592	SPT35575	0.806823883592574
SPT35592	SPT35576	0.816621499548329
SPT35592	SPT35766	0.808637456865001
SPT35592	SPT35347	0.808232931726908
SPT35592	SPT35412	0.811268798983266
SPT35592	SPT35414	0.809780947529292
SPT35592	SPT35348	0.810460797108724
SPT35592	SPT35417	0.810908724967294
SPT35592	SPT35571	0.809041553560242
SPT35592	SPT35349	0.806199217574481
SPT35592	SPT35351	0.813106796116505
SPT35592	SPT35418	0.814047091970215
SPT35592	SPT35419	0.818593419861153
SPT35592	SPT35566	0.816943249334153
SPT35592	SPT35567	0.810767376456408
SPT35592	SPT35420	0.804111245465538
SPT35592	SPT35423	0.806908324128929
SPT35592	SPT35564	0.811123403399376
SPT35592	SPT35352	0.813822850837597
SPT35592	SPT35424	0.813029447357806
SPT35592	SPT35357	0.809815335206744
SPT35592	SPT35437	0.825283663018375
SPT35592	SPT35563	0.811195826645265
SPT35592	SPT35308	0.814553517436001
SPT35592	SPT35425	0.814121037463977
SPT35592	SPT35440	0.813776874532036
SPT35592	SPT35354	0.816338819751104
SPT35592	SPT35309	0.810585517726223
SPT35592	SPT35310	0.810283867057279
SPT35592	SPT35355	0.811885163621763
SPT35592	SPT35332	0.80863020572002
SPT35592	SPT35333	0.810192616372392
SPT35592	SPT35561	0.966448362720403
SPT35592	SPT35363	0.80794701986755
SPT35592	SPT35427	0.808933532806155
SPT35592	SPT35752	0.803951214595303
SPT35592	SPT35430	0.808114366253901
SPT35592	SPT35431	0.814796124343964
SPT35592	SPT35313	0.81105527638191
SPT35592	SPT35780	0.812455261274159
SPT35592	SPT35315	0.807332998493219
SPT35592	SPT35316	0.812600482315113
SPT35592	SPT35317	0.810699588477366
SPT35592	SPT35334	0.819121187800963
SPT35592	SPT35543	0.824635537713924
SPT35435	SPT35304	0.820855078281815
SPT35435	SPT35390	0.818847117794486
SPT35435	SPT35436	0.810553983016579
SPT35435	SPT35580	0.815022777836635
SPT35435	SPT35538	0.815300661139679
SPT35435	SPT35537	0.814371891205419
SPT35435	SPT35320	0.819007532122286
SPT35435	SPT35541	0.814321990858304
SPT35435	SPT35673	0.818602551078
SPT35435	SPT35502	0.81148363782373
SPT35435	SPT35330	0.823060271163268
SPT35435	SPT35546	0.817919075144509
SPT35435	SPT35547	0.819897600642506
SPT35435	SPT35544	0.817408906882591
SPT35435	SPT35362	0.814710892875038
SPT35435	SPT35499	0.818639798488665
SPT35435	SPT35336	0.81495308243366
SPT35435	SPT35577	0.816948130277443
SPT35435	SPT35325	0.8123291831157
SPT35435	SPT35331	0.815813207736246
SPT35435	SPT35337	0.81984962406015
SPT35435	SPT35306	0.821611317347246
SPT35435	SPT35407	0.835524335173106
SPT35435	SPT35346	0.82064128256513
SPT35435	SPT35405	0.833401934554435
SPT35435	SPT35410	0.815638522692966
SPT35435	SPT35575	0.814781387886081
SPT35435	SPT35576	0.82387730553328
SPT35435	SPT35766	0.815016208302834
SPT35435	SPT35347	0.817151454363089
SPT35435	SPT35412	0.810244470314319
SPT35435	SPT35414	0.817024742897872
SPT35435	SPT35348	0.816987565182511
SPT35435	SPT35417	0.816262940999095
SPT35435	SPT35571	0.816418066131219
SPT35435	SPT35349	0.814629258517034
SPT35435	SPT35351	0.819189360354655
SPT35435	SPT35418	0.814121907060954
SPT35435	SPT35419	0.827853192559075
SPT35435	SPT35566	0.825348075348075
SPT35435	SPT35567	0.810599217103282
SPT35435	SPT35420	0.81067472306143
SPT35435	SPT35423	0.81482596047748
SPT35435	SPT35564	0.811796623794212
SPT35435	SPT35352	0.817635270541082
SPT35435	SPT35424	0.818557324199073
SPT35435	SPT35357	0.8131328320802
SPT35435	SPT35437	0.870773552723989
SPT35435	SPT35563	0.811103316965628
SPT35435	SPT35308	0.821514907332796
SPT35435	SPT35425	0.815012853470437
SPT35435	SPT35440	0.82113473661716
SPT35435	SPT35354	0.817744360902256
SPT35435	SPT35309	0.814357429718875
SPT35435	SPT35310	0.81414589849662
SPT35435	SPT35355	0.814380264741276
SPT35435	SPT35332	0.81144747393745
SPT35435	SPT35333	0.811905000501052
SPT35435	SPT35561	0.833870318163512
SPT35435	SPT35363	0.819202244938866
SPT35435	SPT35427	0.814708079837763
SPT35435	SPT35752	0.814867042707494
SPT35435	SPT35430	0.810318817258373
SPT35435	SPT35431	0.818576038725292
SPT35435	SPT35313	0.820162666934431
SPT35435	SPT35780	0.816332788225675
SPT35435	SPT35315	0.818802046754289
SPT35435	SPT35316	0.817506524794218
SPT35435	SPT35317	0.819612954978442
SPT35435	SPT35334	0.820322677623008
SPT35435	SPT35543	0.814439518682711
SPT35304	SPT35390	0.82175740592474
SPT35304	SPT35436	0.807412643910321
SPT35304	SPT35580	0.812129551227773
SPT35304	SPT35538	0.814519513218632
SPT35304	SPT35537	0.810979479585361
SPT35304	SPT35320	0.81759822910902
SPT35304	SPT35541	0.806962346493454
SPT35304	SPT35673	0.810088016249154
SPT35304	SPT35502	0.809485611150105
SPT35304	SPT35330	0.820830961866818
SPT35304	SPT35546	0.816673801369863
SPT35304	SPT35547	0.815356856455493
SPT35304	SPT35544	0.812316715542522
SPT35304	SPT35362	0.812743823146944
SPT35304	SPT35499	0.808637004227904
SPT35304	SPT35336	0.824904291759017
SPT35304	SPT35577	0.814970901063616
SPT35304	SPT35325	0.813024572757609
SPT35304	SPT35331	0.822046613984195
SPT35304	SPT35337	0.814151321056846
SPT35304	SPT35306	0.809976960833417
SPT35304	SPT35407	0.827254509018036
SPT35304	SPT35346	0.81704511353406
SPT35304	SPT35405	0.827387683766835
SPT35304	SPT35410	0.813862380713209
SPT35304	SPT35575	0.812099358974359
SPT35304	SPT35576	0.823941547392653
SPT35304	SPT35766	0.816130380275804
SPT35304	SPT35347	0.817462701511966
SPT35304	SPT35412	0.815391129459088
SPT35304	SPT35414	0.817007425490794
SPT35304	SPT35348	0.820402442686956
SPT35304	SPT35417	0.816648257857215
SPT35304	SPT35571	0.813880783659858
SPT35304	SPT35349	0.809442832849855
SPT35304	SPT35351	0.824831365935919
SPT35304	SPT35418	0.817277749874435
SPT35304	SPT35419	0.817305761895202
SPT35304	SPT35566	0.823270568972575
SPT35304	SPT35567	0.806212424849699
SPT35304	SPT35420	0.809916524187871
SPT35304	SPT35423	0.810978663728338
SPT35304	SPT35564	0.810957254665864
SPT35304	SPT35352	0.817745323597079
SPT35304	SPT35424	0.810060362173038
SPT35304	SPT35357	0.814651721377102
SPT35304	SPT35437	0.814410261549253
SPT35304	SPT35563	0.806141842552766
SPT35304	SPT35308	0.996583601286174
SPT35304	SPT35425	0.814015618577887
SPT35304	SPT35440	0.815617989531033
SPT35304	SPT35354	0.82015612489992
SPT35304	SPT35309	0.822792422571915
SPT35304	SPT35310	0.821975806451613
SPT35304	SPT35355	0.817744842779892
SPT35304	SPT35332	0.812568798158711
SPT35304	SPT35333	0.820328131252501
SPT35304	SPT35561	0.815567176186645
SPT35304	SPT35363	0.808985391234741
SPT35304	SPT35427	0.818501920614597
SPT35304	SPT35752	0.807282236974452
SPT35304	SPT35430	0.812135824794053
SPT35304	SPT35431	0.817568248211947
SPT35304	SPT35313	0.818983662423574
SPT35304	SPT35780	0.811702236291228
SPT35304	SPT35315	0.825285513925065
SPT35304	SPT35316	0.818518889668303
SPT35304	SPT35317	0.813813813813814
SPT35304	SPT35334	0.81672669067627
SPT35304	SPT35543	0.813073273589879
SPT35390	SPT35436	0.809182643794147
SPT35390	SPT35580	0.811019458544839
SPT35390	SPT35538	0.80836565677744
SPT35390	SPT35537	0.809533875911637
SPT35390	SPT35320	0.825298540468819
SPT35390	SPT35541	0.806631514905699
SPT35390	SPT35673	0.804239963915201
SPT35390	SPT35502	0.806409614421633
SPT35390	SPT35330	0.82302092811647
SPT35390	SPT35546	0.809065640367757
SPT35390	SPT35547	0.809652548312807
SPT35390	SPT35544	0.809355425338452
SPT35390	SPT35362	0.813848920863309
SPT35390	SPT35499	0.811060834590246
SPT35390	SPT35336	0.81110999295562
SPT35390	SPT35577	0.810645549318364
SPT35390	SPT35325	0.804040404040404
SPT35390	SPT35331	0.819444444444444
SPT35390	SPT35337	0.811675329868053
SPT35390	SPT35306	0.820292175305183
SPT35390	SPT35407	0.851136249874862
SPT35390	SPT35346	0.814766709961035
SPT35390	SPT35405	0.849060478488551
SPT35390	SPT35410	0.812844957350728
SPT35390	SPT35575	0.807823129251701
SPT35390	SPT35576	0.8370488853344
SPT35390	SPT35766	0.807391168180395
SPT35390	SPT35347	0.825952214335699
SPT35390	SPT35412	0.81353065539112
SPT35390	SPT35414	0.809489941068888
SPT35390	SPT35348	0.813318668133187
SPT35390	SPT35417	0.809208546494132
SPT35390	SPT35571	0.808136510248673
SPT35390	SPT35349	0.807872914377061
SPT35390	SPT35351	0.81635445169438
SPT35390	SPT35418	0.812938816449348
SPT35390	SPT35419	0.834636983553951
SPT35390	SPT35566	0.826909313976076
SPT35390	SPT35567	0.811211211211211
SPT35390	SPT35420	0.801667001405905
SPT35390	SPT35423	0.809604802401201
SPT35390	SPT35564	0.808320802005013
SPT35390	SPT35352	0.813667699070836
SPT35390	SPT35424	0.812462311557789
SPT35390	SPT35357	0.813674530187925
SPT35390	SPT35437	0.816398037841626
SPT35390	SPT35563	0.811831717797542
SPT35390	SPT35308	0.822246784565916
SPT35390	SPT35425	0.813635896909334
SPT35390	SPT35440	0.809284951974386
SPT35390	SPT35354	0.827854930562494
SPT35390	SPT35309	0.808331664330062
SPT35390	SPT35310	0.807874332896989
SPT35390	SPT35355	0.816036792641472
SPT35390	SPT35332	0.805297351324338
SPT35390	SPT35333	0.808752997601918
SPT35390	SPT35561	0.81603536622124
SPT35390	SPT35363	0.81231261243254
SPT35390	SPT35427	0.81445937300064
SPT35390	SPT35752	0.808581189710611
SPT35390	SPT35430	0.805499799277399
SPT35390	SPT35431	0.815153954518012
SPT35390	SPT35313	0.823052273182455
SPT35390	SPT35780	0.813711487451541
SPT35390	SPT35315	0.819281928192819
SPT35390	SPT35316	0.817572300610427
SPT35390	SPT35317	0.818336332733453
SPT35390	SPT35334	0.813848920863309
SPT35390	SPT35543	0.815969661856105
SPT35436	SPT35580	0.808510638297872
SPT35436	SPT35538	0.804554079696395
SPT35436	SPT35537	0.803508771929825
SPT35436	SPT35320	0.809370131315379
SPT35436	SPT35541	0.805067429505517
SPT35436	SPT35673	0.806162909255693
SPT35436	SPT35502	0.800545895673271
SPT35436	SPT35330	0.809158557527189
SPT35436	SPT35546	0.808673194877865
SPT35436	SPT35547	0.81001918998081
SPT35436	SPT35544	0.81111903064861
SPT35436	SPT35362	0.80292486132123
SPT35436	SPT35499	0.809939148073022
SPT35436	SPT35336	0.807001522070015
SPT35436	SPT35577	0.805541510769542
SPT35436	SPT35325	0.802098187003463
SPT35436	SPT35331	0.808774583963691
SPT35436	SPT35337	0.808375378405651
SPT35436	SPT35306	0.809845657217795
SPT35436	SPT35407	0.816695265973554
SPT35436	SPT35346	0.807362581946546
SPT35436	SPT35405	0.817223198594025
SPT35436	SPT35410	0.802935222672065
SPT35436	SPT35575	0.802322059565876
SPT35436	SPT35576	0.813824419778002
SPT35436	SPT35766	0.805415617128463
SPT35436	SPT35347	0.814033316506815
SPT35436	SPT35412	0.811663479923518
SPT35436	SPT35414	0.804174340085942
SPT35436	SPT35348	0.811244574543252
SPT35436	SPT35417	0.804470969047137
SPT35436	SPT35571	0.807793023986593
SPT35436	SPT35349	0.802218860312658
SPT35436	SPT35351	0.808580508474576
SPT35436	SPT35418	0.805805603317488
SPT35436	SPT35419	0.810520991401113
SPT35436	SPT35566	0.813426688632619
SPT35436	SPT35567	0.80575466935891
SPT35436	SPT35420	0.806624797406807
SPT35436	SPT35423	0.807331111784308
SPT35436	SPT35564	0.806572295247725
SPT35436	SPT35352	0.802622289460413
SPT35436	SPT35424	0.800628102522541
SPT35436	SPT35357	0.81333871455958
SPT35436	SPT35437	0.806643780290792
SPT35436	SPT35563	0.805748865355522
SPT35436	SPT35308	0.808323207776428
SPT35436	SPT35425	0.808165374677003
SPT35436	SPT35440	0.810352233676976
SPT35436	SPT35354	0.809081735620585
SPT35436	SPT35309	0.809893992932862
SPT35436	SPT35310	0.809465772902702
SPT35436	SPT35355	0.806946688206785
SPT35436	SPT35332	0.802239935425285
SPT35436	SPT35333	0.807746620940085
SPT35436	SPT35561	0.803848101265823
SPT35436	SPT35363	0.799031476997579
SPT35436	SPT35427	0.808026612297457
SPT35436	SPT35752	0.807965139845967
SPT35436	SPT35430	0.808334176190958
SPT35436	SPT35431	0.809378806333739
SPT35436	SPT35313	0.806992724333064
SPT35436	SPT35780	0.804767776407727
SPT35436	SPT35315	0.809552660809856
SPT35436	SPT35316	0.810567791473025
SPT35436	SPT35317	0.809163386820063
SPT35436	SPT35334	0.808553560621344
SPT35436	SPT35543	0.811318751327246
SPT35580	SPT35538	0.806593406593407
SPT35580	SPT35537	0.808896757773597
SPT35580	SPT35320	0.818655248235158
SPT35580	SPT35541	0.811254396248535
SPT35580	SPT35673	0.810912071186044
SPT35580	SPT35502	0.802986971719098
SPT35580	SPT35330	0.812060541055893
SPT35580	SPT35546	0.818608287724785
SPT35580	SPT35547	0.815257644693683
SPT35580	SPT35544	0.80952380952381
SPT35580	SPT35362	0.817566853398161
SPT35580	SPT35499	0.814555484829196
SPT35580	SPT35336	0.811657288459497
SPT35580	SPT35577	0.808913825958077
SPT35580	SPT35325	0.804885820499203
SPT35580	SPT35331	0.810485149561357
SPT35580	SPT35337	0.815461082910321
SPT35580	SPT35306	0.812605752961083
SPT35580	SPT35407	0.817970155572018
SPT35580	SPT35346	0.817038368037205
SPT35580	SPT35405	0.818329015544041
SPT35580	SPT35410	0.814806957997454
SPT35580	SPT35575	0.805141225007934
SPT35580	SPT35576	0.813722380801353
SPT35580	SPT35766	0.809627769894116
SPT35580	SPT35347	0.810304697418536
SPT35580	SPT35412	0.810885405166703
SPT35580	SPT35414	0.814276554819406
SPT35580	SPT35348	0.812228922035333
SPT35580	SPT35417	0.81453235886029
SPT35580	SPT35571	0.815285229387934
SPT35580	SPT35349	0.809005390550682
SPT35580	SPT35351	0.811696942844484
SPT35580	SPT35418	0.81014400677679
SPT35580	SPT35419	0.818066157760814
SPT35580	SPT35566	0.816280566280566
SPT35580	SPT35567	0.811568150576293
SPT35580	SPT35420	0.806407128460804
SPT35580	SPT35423	0.809881506559458
SPT35580	SPT35564	0.812572759022119
SPT35580	SPT35352	0.811647817355459
SPT35580	SPT35424	0.805131467345208
SPT35580	SPT35357	0.810087765676219
SPT35580	SPT35437	0.809014919056185
SPT35580	SPT35563	0.811859211499841
SPT35580	SPT35308	0.812944297082228
SPT35580	SPT35425	0.806093884582257
SPT35580	SPT35440	0.812827663134412
SPT35580	SPT35354	0.816835871404399
SPT35580	SPT35309	0.807549962990378
SPT35580	SPT35310	0.808328035600763
SPT35580	SPT35355	0.814391534391534
SPT35580	SPT35332	0.805117902083113
SPT35580	SPT35333	0.812896405919662
SPT35580	SPT35561	0.808488063660477
SPT35580	SPT35363	0.811059420596321
SPT35580	SPT35427	0.805926916221034
SPT35580	SPT35752	0.808670765316939
SPT35580	SPT35430	0.81399534194368
SPT35580	SPT35431	0.813129706225475
SPT35580	SPT35313	0.811216931216931
SPT35580	SPT35780	0.814120419970002
SPT35580	SPT35315	0.812506613056819
SPT35580	SPT35316	0.813340391741662
SPT35580	SPT35317	0.81427815970386
SPT35580	SPT35334	0.814501638304619
SPT35580	SPT35543	0.811287477954145
SPT35538	SPT35537	0.976532514530102
SPT35538	SPT35320	0.809589197848724
SPT35538	SPT35541	0.805009511731135
SPT35538	SPT35673	0.812209302325581
SPT35538	SPT35502	0.802917410011544
SPT35538	SPT35330	0.819903540759911
SPT35538	SPT35546	0.814282555825779
SPT35538	SPT35547	0.810238120213994
SPT35538	SPT35544	0.812724203418443
SPT35538	SPT35362	0.812532746515771
SPT35538	SPT35499	0.813361388742767
SPT35538	SPT35336	0.810711279461279
SPT35538	SPT35577	0.807660020986359
SPT35538	SPT35325	0.803097345132743
SPT35538	SPT35331	0.806350204338258
SPT35538	SPT35337	0.808929881563777
SPT35538	SPT35306	0.813285834031853
SPT35538	SPT35407	0.815474942335919
SPT35538	SPT35346	0.811923721709975
SPT35538	SPT35405	0.813655305053959
SPT35538	SPT35410	0.809128194342202
SPT35538	SPT35575	0.984491250130986
SPT35538	SPT35576	0.808680155152532
SPT35538	SPT35766	0.809044682462404
SPT35538	SPT35347	0.811287107940837
SPT35538	SPT35412	0.815155497152869
SPT35538	SPT35414	0.812566221657131
SPT35538	SPT35348	0.81115654818077
SPT35538	SPT35417	0.811968503937008
SPT35538	SPT35571	0.809281144963678
SPT35538	SPT35349	0.812238055322716
SPT35538	SPT35351	0.809272687321468
SPT35538	SPT35418	0.816339388848052
SPT35538	SPT35419	0.817465321563682
SPT35538	SPT35566	0.815479350249496
SPT35538	SPT35567	0.810547284546026
SPT35538	SPT35420	0.802332912988651
SPT35538	SPT35423	0.803081115070216
SPT35538	SPT35564	0.805369127516778
SPT35538	SPT35352	0.806999161777033
SPT35538	SPT35424	0.810469883317565
SPT35538	SPT35357	0.813102725366876
SPT35538	SPT35437	0.809768368095587
SPT35538	SPT35563	0.810247275775356
SPT35538	SPT35308	0.814627994955864
SPT35538	SPT35425	0.814174404952503
SPT35538	SPT35440	0.809813239031937
SPT35538	SPT35354	0.811091309361568
SPT35538	SPT35309	0.807002830485376
SPT35538	SPT35310	0.808562112127906
SPT35538	SPT35355	0.809853249475891
SPT35538	SPT35332	0.803060475841107
SPT35538	SPT35333	0.808655559048517
SPT35538	SPT35561	0.80943872188354
SPT35538	SPT35363	0.805680746253013
SPT35538	SPT35427	0.81288682581786
SPT35538	SPT35752	0.807231448391844
SPT35538	SPT35430	0.81053846961268
SPT35538	SPT35431	0.818210493113237
SPT35538	SPT35313	0.817705055590518
SPT35538	SPT35780	0.810152176226455
SPT35538	SPT35315	0.808874436169097
SPT35538	SPT35316	0.812112942164375
SPT35538	SPT35317	0.805829314321661
SPT35538	SPT35334	0.810037720033529
SPT35538	SPT35543	0.812506844814369
SPT35537	SPT35320	0.80822235089751
SPT35537	SPT35541	0.804005112910098
SPT35537	SPT35673	0.811260997067449
SPT35537	SPT35502	0.801565474931246
SPT35537	SPT35330	0.81950578966217
SPT35537	SPT35546	0.813051737624316
SPT35537	SPT35547	0.810505178609173
SPT35537	SPT35544	0.811282597126131
SPT35537	SPT35362	0.811007817451933
SPT35537	SPT35499	0.811100498779582
SPT35537	SPT35336	0.811398853746551
SPT35537	SPT35577	0.807619047619048
SPT35537	SPT35325	0.804082066546189
SPT35537	SPT35331	0.805514472850201
SPT35537	SPT35337	0.810333896872358
SPT35537	SPT35306	0.813589770685829
SPT35537	SPT35407	0.812050739957717
SPT35537	SPT35346	0.808789351362772
SPT35537	SPT35405	0.809667348476693
SPT35537	SPT35410	0.807953340402969
SPT35537	SPT35575	0.984787661102895
SPT35537	SPT35576	0.80885460693153
SPT35537	SPT35766	0.810819672131148
SPT35537	SPT35347	0.809347573226182
SPT35537	SPT35412	0.813183173236171
SPT35537	SPT35414	0.81038350603568
SPT35537	SPT35348	0.809684922816663
SPT35537	SPT35417	0.810985289448619
SPT35537	SPT35571	0.808387167414869
SPT35537	SPT35349	0.814705260933869
SPT35537	SPT35351	0.810595145738668
SPT35537	SPT35418	0.813830350524198
SPT35537	SPT35419	0.815552494967687
SPT35537	SPT35566	0.814727350794332
SPT35537	SPT35567	0.810087765676219
SPT35537	SPT35420	0.803094531581178
SPT35537	SPT35423	0.806127839408347
SPT35537	SPT35564	0.806325364924899
SPT35537	SPT35352	0.811007817451933
SPT35537	SPT35424	0.810266200021211
SPT35537	SPT35357	0.810168058344784
SPT35537	SPT35437	0.810987849973587
SPT35537	SPT35563	0.810057046270864
SPT35537	SPT35308	0.811558854718982
SPT35537	SPT35425	0.81132888218824
SPT35537	SPT35440	0.811226194453725
SPT35537	SPT35354	0.81270478807737
SPT35537	SPT35309	0.80845665961945
SPT35537	SPT35310	0.810084925690021
SPT35537	SPT35355	0.806806172056648
SPT35537	SPT35332	0.803254437869823
SPT35537	SPT35333	0.810353935552034
SPT35537	SPT35561	0.808711318355235
SPT35537	SPT35363	0.805347141498468
SPT35537	SPT35427	0.813265079011796
SPT35537	SPT35752	0.809882303043156
SPT35537	SPT35430	0.808359788359788
SPT35537	SPT35431	0.815203562340967
SPT35537	SPT35313	0.814998942246668
SPT35537	SPT35780	0.810448401630551
SPT35537	SPT35315	0.808098963840135
SPT35537	SPT35316	0.810899470899471
SPT35537	SPT35317	0.806850618458611
SPT35537	SPT35334	0.810268328755546
SPT35537	SPT35543	0.814140745643062
SPT35320	SPT35541	0.8099376114082
SPT35320	SPT35673	0.808907870652837
SPT35320	SPT35502	0.806912595546693
SPT35320	SPT35330	0.820024721878863
SPT35320	SPT35546	0.813328681088625
SPT35320	SPT35547	0.812424007958439
SPT35320	SPT35544	0.814279359430605
SPT35320	SPT35362	0.819317051607912
SPT35320	SPT35499	0.810918774966711
SPT35320	SPT35336	0.817788621492736
SPT35320	SPT35577	0.806287358866504
SPT35320	SPT35325	0.806494661921708
SPT35320	SPT35331	0.81942756105647
SPT35320	SPT35337	0.818352681039248
SPT35320	SPT35306	0.810308594182059
SPT35320	SPT35407	0.834144722283691
SPT35320	SPT35346	0.820090617747817
SPT35320	SPT35405	0.832112676056338
SPT35320	SPT35410	0.812201885745979
SPT35320	SPT35575	0.807785888077859
SPT35320	SPT35576	0.826721184661289
SPT35320	SPT35766	0.814428260121574
SPT35320	SPT35347	0.822273833222738
SPT35320	SPT35412	0.810763888888889
SPT35320	SPT35414	0.81924882629108
SPT35320	SPT35348	0.820413579564304
SPT35320	SPT35417	0.820112844341188
SPT35320	SPT35571	0.811264709242545
SPT35320	SPT35349	0.810034257929053
SPT35320	SPT35351	0.815971421986633
SPT35320	SPT35418	0.81072695035461
SPT35320	SPT35419	0.836216455976935
SPT35320	SPT35566	0.823166629289078
SPT35320	SPT35567	0.808875608676406
SPT35320	SPT35420	0.798513258626429
SPT35320	SPT35423	0.809982293050022
SPT35320	SPT35564	0.809260079751883
SPT35320	SPT35352	0.811581390208863
SPT35320	SPT35424	0.800244146043724
SPT35320	SPT35357	0.81549856290073
SPT35320	SPT35437	0.809940225813593
SPT35320	SPT35563	0.809129089301503
SPT35320	SPT35308	0.817727424191936
SPT35320	SPT35425	0.810152284263959
SPT35320	SPT35440	0.814819136522754
SPT35320	SPT35354	0.817558602388324
SPT35320	SPT35309	0.814220944376866
SPT35320	SPT35310	0.815077605321508
SPT35320	SPT35355	0.815777826952866
SPT35320	SPT35332	0.806323236789741
SPT35320	SPT35333	0.808597635097801
SPT35320	SPT35561	0.807991120976693
SPT35320	SPT35363	0.80450878550116
SPT35320	SPT35427	0.811208406304729
SPT35320	SPT35752	0.810783879539415
SPT35320	SPT35430	0.808991252353006
SPT35320	SPT35431	0.818302976454909
SPT35320	SPT35313	0.816985513656972
SPT35320	SPT35780	0.813791554357592
SPT35320	SPT35315	0.840061940050879
SPT35320	SPT35316	0.817708909795241
SPT35320	SPT35317	0.814089803140898
SPT35320	SPT35334	0.816443805945408
SPT35320	SPT35543	0.810704810243396
SPT35541	SPT35673	0.804800724637681
SPT35541	SPT35502	0.805403209425147
SPT35541	SPT35330	0.813689520752121
SPT35541	SPT35546	0.816341909785768
SPT35541	SPT35547	0.815581253804017
SPT35541	SPT35544	0.811842776927004
SPT35541	SPT35362	0.805209283470153
SPT35541	SPT35499	0.814663951120163
SPT35541	SPT35336	0.811538069513811
SPT35541	SPT35577	0.810031475276678
SPT35541	SPT35325	0.806468067741277
SPT35541	SPT35331	0.808756460930374
SPT35541	SPT35337	0.810281890083147
SPT35541	SPT35306	0.810712111990262
SPT35541	SPT35407	0.821732954545455
SPT35541	SPT35346	0.811188811188811
SPT35541	SPT35405	0.819322069037006
SPT35541	SPT35410	0.80824008138352
SPT35541	SPT35575	0.802069595211525
SPT35541	SPT35576	0.813482007095793
SPT35541	SPT35766	0.80546792849632
SPT35541	SPT35347	0.813146682897139
SPT35541	SPT35412	0.81063829787234
SPT35541	SPT35414	0.814925066721412
SPT35541	SPT35348	0.811745613145349
SPT35541	SPT35417	0.813516260162602
SPT35541	SPT35571	0.807372301211164
SPT35541	SPT35349	0.803182324921455
SPT35541	SPT35351	0.808904985087346
SPT35541	SPT35418	0.810994817599837
SPT35541	SPT35419	0.81378328928644
SPT35541	SPT35566	0.812010712814174
SPT35541	SPT35567	0.807626001419734
SPT35541	SPT35420	0.804803582332587
SPT35541	SPT35423	0.806350172448773
SPT35541	SPT35564	0.801298964887355
SPT35541	SPT35352	0.805817371034762
SPT35541	SPT35424	0.801648687156523
SPT35541	SPT35357	0.807239910768607
SPT35541	SPT35437	0.806818181818182
SPT35541	SPT35563	0.807318062031218
SPT35541	SPT35308	0.807328244274809
SPT35541	SPT35425	0.806999378753365
SPT35541	SPT35440	0.812432896714623
SPT35541	SPT35354	0.811397282498479
SPT35541	SPT35309	0.806634878766359
SPT35541	SPT35310	0.807715798045603
SPT35541	SPT35355	0.809963474025974
SPT35541	SPT35332	0.806549731319071
SPT35541	SPT35333	0.807622136630853
SPT35541	SPT35561	0.809669211195929
SPT35541	SPT35363	0.809832742017233
SPT35541	SPT35427	0.809917355371901
SPT35541	SPT35752	0.804617575264443
SPT35541	SPT35430	0.804650218296274
SPT35541	SPT35431	0.809950147522637
SPT35541	SPT35313	0.809398152846849
SPT35541	SPT35780	0.806122448979592
SPT35541	SPT35315	0.808137175324675
SPT35541	SPT35316	0.809987819732034
SPT35541	SPT35317	0.811257606490872
SPT35541	SPT35334	0.809041151429151
SPT35541	SPT35543	0.81312380547887
SPT35673	SPT35502	0.801468097120271
SPT35673	SPT35330	0.815145045836996
SPT35673	SPT35546	0.808228895720028
SPT35673	SPT35547	0.806673430278435
SPT35673	SPT35544	0.810333106730116
SPT35673	SPT35362	0.813253690972614
SPT35673	SPT35499	0.808149405772496
SPT35673	SPT35336	0.803888323725557
SPT35673	SPT35577	0.807197653429603
SPT35673	SPT35325	0.796970382093602
SPT35673	SPT35331	0.809196438634058
SPT35673	SPT35337	0.805524239007892
SPT35673	SPT35306	0.807622913847542
SPT35673	SPT35407	0.817915162454874
SPT35673	SPT35346	0.815056914234194
SPT35673	SPT35405	0.819704094506251
SPT35673	SPT35410	0.808801900667496
SPT35673	SPT35575	0.809496954658245
SPT35673	SPT35576	0.810527502254283
SPT35673	SPT35766	0.81460023174971
SPT35673	SPT35347	0.810377890580936
SPT35673	SPT35412	0.811826697892272
SPT35673	SPT35414	0.811095983662355
SPT35673	SPT35348	0.809475465313029
SPT35673	SPT35417	0.810518000225708
SPT35673	SPT35571	0.813145976077111
SPT35673	SPT35349	0.807055111010932
SPT35673	SPT35351	0.805812727059651
SPT35673	SPT35418	0.811082270624083
SPT35673	SPT35419	0.810853589598643
SPT35673	SPT35566	0.813126709206928
SPT35673	SPT35567	0.808208366219416
SPT35673	SPT35420	0.802057427085689
SPT35673	SPT35423	0.801872954981383
SPT35673	SPT35564	0.809545300688255
SPT35673	SPT35352	0.807505916826327
SPT35673	SPT35424	0.80185268865793
SPT35673	SPT35357	0.809695603156708
SPT35673	SPT35437	0.814848245515063
SPT35673	SPT35563	0.808520229910966
SPT35673	SPT35308	0.810660932548665
SPT35673	SPT35425	0.811234412538611
SPT35673	SPT35440	0.81464908148846
SPT35673	SPT35354	0.810554803788904
SPT35673	SPT35309	0.80464434674783
SPT35673	SPT35310	0.804765130984643
SPT35673	SPT35355	0.806702775897089
SPT35673	SPT35332	0.797406989853439
SPT35673	SPT35333	0.809400360685302
SPT35673	SPT35561	0.818387425081986
SPT35673	SPT35363	0.803404351256905
SPT35673	SPT35427	0.805225373661292
SPT35673	SPT35752	0.805527354765933
SPT35673	SPT35430	0.810899244048291
SPT35673	SPT35431	0.811250423585225
SPT35673	SPT35313	0.809067328295929
SPT35673	SPT35780	0.809197763323063
SPT35673	SPT35315	0.806156968876861
SPT35673	SPT35316	0.814079422382672
SPT35673	SPT35317	0.808503439720311
SPT35673	SPT35334	0.806153499380142
SPT35673	SPT35543	0.805295220243674
SPT35502	SPT35330	0.806447938026885
SPT35502	SPT35546	0.807581111468037
SPT35502	SPT35547	0.809227683049147
SPT35502	SPT35544	0.810482646969544
SPT35502	SPT35362	0.810091100210231
SPT35502	SPT35499	0.803666767402035
SPT35502	SPT35336	0.803205968343583
SPT35502	SPT35577	0.804378389234786
SPT35502	SPT35325	0.798724954462659
SPT35502	SPT35331	0.809790769846832
SPT35502	SPT35337	0.806609914872308
SPT35502	SPT35306	0.805213032581454
SPT35502	SPT35407	0.819376190953766
SPT35502	SPT35346	0.809409409409409
SPT35502	SPT35405	0.816620384654942
SPT35502	SPT35410	0.808786568814718
SPT35502	SPT35575	0.803224514320048
SPT35502	SPT35576	0.812199519230769
SPT35502	SPT35766	0.803722681166998
SPT35502	SPT35347	0.807634505560565
SPT35502	SPT35412	0.8071995764955
SPT35502	SPT35414	0.808040712468193
SPT35502	SPT35348	0.806351432578642
SPT35502	SPT35417	0.807394755350146
SPT35502	SPT35571	0.807527890730894
SPT35502	SPT35349	0.803803803803804
SPT35502	SPT35351	0.805209871335161
SPT35502	SPT35418	0.807116293094783
SPT35502	SPT35419	0.811432589913603
SPT35502	SPT35566	0.810260086012697
SPT35502	SPT35567	0.805354993983153
SPT35502	SPT35420	0.802153567475093
SPT35502	SPT35423	0.805469297806271
SPT35502	SPT35564	0.805781391147245
SPT35502	SPT35352	0.806406406406406
SPT35502	SPT35424	0.805659047427248
SPT35502	SPT35357	0.804306459689534
SPT35502	SPT35437	0.805271597514532
SPT35502	SPT35563	0.806167400881057
SPT35502	SPT35308	0.810448963156835
SPT35502	SPT35425	0.806541190990435
SPT35502	SPT35440	0.81054207206244
SPT35502	SPT35354	0.808813219829745
SPT35502	SPT35309	0.806982343499197
SPT35502	SPT35310	0.807424593967517
SPT35502	SPT35355	0.805627879030643
SPT35502	SPT35332	0.799018626076507
SPT35502	SPT35333	0.799679647612374
SPT35502	SPT35561	0.800321899205311
SPT35502	SPT35363	0.803844998498047
SPT35502	SPT35427	0.804719197095879
SPT35502	SPT35752	0.803643317230274
SPT35502	SPT35430	0.80410091466479
SPT35502	SPT35431	0.809269521410579
SPT35502	SPT35313	0.805176565008026
SPT35502	SPT35780	0.803943604413568
SPT35502	SPT35315	0.808822055137845
SPT35502	SPT35316	0.807800280729898
SPT35502	SPT35317	0.808774917359511
SPT35502	SPT35334	0.805986585243768
SPT35502	SPT35543	0.804347826086957
SPT35330	SPT35546	0.815368068833652
SPT35330	SPT35547	0.813850352513077
SPT35330	SPT35544	0.818535469107551
SPT35330	SPT35362	0.821075366602251
SPT35330	SPT35499	0.820433789954338
SPT35330	SPT35336	0.816594384843643
SPT35330	SPT35577	0.815687613843352
SPT35330	SPT35325	0.810476952990964
SPT35330	SPT35331	0.823917244515176
SPT35330	SPT35337	0.817013533492551
SPT35330	SPT35306	0.817964752700398
SPT35330	SPT35407	0.832745477301172
SPT35330	SPT35346	0.861657383198818
SPT35330	SPT35405	0.831789766149572
SPT35330	SPT35410	0.815546170528478
SPT35330	SPT35575	0.817633674630262
SPT35330	SPT35576	0.825943610732151
SPT35330	SPT35766	0.815743028591599
SPT35330	SPT35347	0.823000796268911
SPT35330	SPT35412	0.818646688072303
SPT35330	SPT35414	0.821202713579395
SPT35330	SPT35348	0.816971903082698
SPT35330	SPT35417	0.821379781420765
SPT35330	SPT35571	0.820573038985439
SPT35330	SPT35349	0.810162555416619
SPT35330	SPT35351	0.822651344627414
SPT35330	SPT35418	0.832080200501253
SPT35330	SPT35419	0.825729927007299
SPT35330	SPT35566	0.824517019319227
SPT35330	SPT35567	0.810509554140127
SPT35330	SPT35420	0.809675947056139
SPT35330	SPT35423	0.812243969048703
SPT35330	SPT35564	0.818782014797951
SPT35330	SPT35352	0.81505058542685
SPT35330	SPT35424	0.814332990984823
SPT35330	SPT35357	0.828974300659541
SPT35330	SPT35437	0.820054632369679
SPT35330	SPT35563	0.810958281232238
SPT35330	SPT35308	0.821575342465753
SPT35330	SPT35425	0.816295781177561
SPT35330	SPT35440	0.818127178747446
SPT35330	SPT35354	0.820518653321201
SPT35330	SPT35309	0.819308619513305
SPT35330	SPT35310	0.819748858447489
SPT35330	SPT35355	0.812997951286137
SPT35330	SPT35332	0.810780077325449
SPT35330	SPT35333	0.816166439290587
SPT35330	SPT35561	0.817248459958932
SPT35330	SPT35363	0.812073669849932
SPT35330	SPT35427	0.817099567099567
SPT35330	SPT35752	0.805194805194805
SPT35330	SPT35430	0.813275646134578
SPT35330	SPT35431	0.813722126929674
SPT35330	SPT35313	0.9812308042316
SPT35330	SPT35780	0.813827331486611
SPT35330	SPT35315	0.816630644977818
SPT35330	SPT35316	0.828002276607854
SPT35330	SPT35317	0.819701967921738
SPT35330	SPT35334	0.819142889621462
SPT35330	SPT35543	0.818171021377672
SPT35546	SPT35547	0.988562266167825
SPT35546	SPT35544	0.813796067476093
SPT35546	SPT35362	0.812887369095961
SPT35546	SPT35499	0.811254019292605
SPT35546	SPT35336	0.817381974248927
SPT35546	SPT35577	0.88892455858748
SPT35546	SPT35325	0.808782477990122
SPT35546	SPT35331	0.811070741611455
SPT35546	SPT35337	0.816394143422037
SPT35546	SPT35306	0.811371165972
SPT35546	SPT35407	0.82427807486631
SPT35546	SPT35346	0.817929265947217
SPT35546	SPT35405	0.822659562900946
SPT35546	SPT35410	0.812097812097812
SPT35546	SPT35575	0.813408896492729
SPT35546	SPT35576	0.816394143422037
SPT35546	SPT35766	0.809644670050761
SPT35546	SPT35347	0.8169375534645
SPT35546	SPT35412	0.813022633515442
SPT35546	SPT35414	0.813938411669368
SPT35546	SPT35348	0.817559619292054
SPT35546	SPT35417	0.813336187520069
SPT35546	SPT35571	0.866084264071658
SPT35546	SPT35349	0.81077038145101
SPT35546	SPT35351	0.810034640741982
SPT35546	SPT35418	0.814561027837259
SPT35546	SPT35419	0.823081868838406
SPT35546	SPT35566	0.81656932727666
SPT35546	SPT35567	0.810501550636296
SPT35546	SPT35420	0.803150450064295
SPT35546	SPT35423	0.809325205860336
SPT35546	SPT35564	0.809376003425024
SPT35546	SPT35352	0.809595042205364
SPT35546	SPT35424	0.810376246114267
SPT35546	SPT35357	0.80970707718623
SPT35546	SPT35437	0.814204727778372
SPT35546	SPT35563	0.810643299850395
SPT35546	SPT35308	0.818035599399528
SPT35546	SPT35425	0.809539330725771
SPT35546	SPT35440	0.814092446448703
SPT35546	SPT35354	0.818473380372033
SPT35546	SPT35309	0.811564771269773
SPT35546	SPT35310	0.812419562419562
SPT35546	SPT35355	0.808194266153188
SPT35546	SPT35332	0.808892689183412
SPT35546	SPT35333	0.81010899764907
SPT35546	SPT35561	0.816466552315609
SPT35546	SPT35363	0.812353066894636
SPT35546	SPT35427	0.809647244449453
SPT35546	SPT35752	0.814513539548325
SPT35546	SPT35430	0.813543003851091
SPT35546	SPT35431	0.821850182442584
SPT35546	SPT35313	0.812814204727778
SPT35546	SPT35780	0.810541156056827
SPT35546	SPT35315	0.809259061263766
SPT35546	SPT35316	0.817160586284369
SPT35546	SPT35317	0.807120709932642
SPT35546	SPT35334	0.816219681589913
SPT35546	SPT35543	0.811824963812493
SPT35547	SPT35544	0.813119062057813
SPT35547	SPT35362	0.811749399519616
SPT35547	SPT35499	0.811877201811777
SPT35547	SPT35336	0.817668983580135
SPT35547	SPT35577	0.893437688139675
SPT35547	SPT35325	0.809605662285137
SPT35547	SPT35331	0.811449159327462
SPT35547	SPT35337	0.816561529988986
SPT35547	SPT35306	0.81150415873334
SPT35547	SPT35407	0.825428657374912
SPT35547	SPT35346	0.816353082465973
SPT35547	SPT35405	0.821131533011603
SPT35547	SPT35410	0.811495176848875
SPT35547	SPT35575	0.81107883401783
SPT35547	SPT35576	0.817280736884261
SPT35547	SPT35766	0.808419513214248
SPT35547	SPT35347	0.814985475308024
SPT35547	SPT35412	0.810279187817259
SPT35547	SPT35414	0.812176034149812
SPT35547	SPT35348	0.81660657051282
SPT35547	SPT35417	0.812330555276634
SPT35547	SPT35571	0.866888865743152
SPT35547	SPT35349	0.81044835868695
SPT35547	SPT35351	0.810110584518167
SPT35547	SPT35418	0.81305876443998
SPT35547	SPT35419	0.822773370820364
SPT35547	SPT35566	0.817363738623581
SPT35547	SPT35567	0.811328320802005
SPT35547	SPT35420	0.802333769238507
SPT35547	SPT35423	0.808998897685139
SPT35547	SPT35564	0.80841027699719
SPT35547	SPT35352	0.811248999199359
SPT35547	SPT35424	0.812298711755233
SPT35547	SPT35357	0.810954240512667
SPT35547	SPT35437	0.813834586466165
SPT35547	SPT35563	0.811511511511511
SPT35547	SPT35308	0.816197183098592
SPT35547	SPT35425	0.808976070658314
SPT35547	SPT35440	0.814921549791867
SPT35547	SPT35354	0.817462701511966
SPT35547	SPT35309	0.810846030473136
SPT35547	SPT35310	0.811064087061669
SPT35547	SPT35355	0.808636409177437
SPT35547	SPT35332	0.809771726071286
SPT35547	SPT35333	0.809728755880292
SPT35547	SPT35561	0.815675621289868
SPT35547	SPT35363	0.812393632996296
SPT35547	SPT35427	0.808086195860892
SPT35547	SPT35752	0.813392318520008
SPT35547	SPT35430	0.812757408337519
SPT35547	SPT35431	0.821424972286607
SPT35547	SPT35313	0.812550120288693
SPT35547	SPT35780	0.809698825931598
SPT35547	SPT35315	0.810721442885772
SPT35547	SPT35316	0.815319831562061
SPT35547	SPT35317	0.806710065097646
SPT35547	SPT35334	0.816134521068962
SPT35547	SPT35543	0.811109939917782
SPT35544	SPT35362	0.804604665252954
SPT35544	SPT35499	0.81253804017042
SPT35544	SPT35336	0.814792238138779
SPT35544	SPT35577	0.81607450146776
SPT35544	SPT35325	0.805106296409317
SPT35544	SPT35331	0.81470261536908
SPT35544	SPT35337	0.816730652657102
SPT35544	SPT35306	0.808248256342869
SPT35544	SPT35407	0.818457495198625
SPT35544	SPT35346	0.814803594870241
SPT35544	SPT35405	0.821181094218637
SPT35544	SPT35410	0.809769940204723
SPT35544	SPT35575	0.8088933804952
SPT35544	SPT35576	0.813976974348616
SPT35544	SPT35766	0.813877808104136
SPT35544	SPT35347	0.816675088428499
SPT35544	SPT35412	0.811204422238758
SPT35544	SPT35414	0.815296406265998
SPT35544	SPT35348	0.81677614957049
SPT35544	SPT35417	0.814316087880935
SPT35544	SPT35571	0.809653725078699
SPT35544	SPT35349	0.805715439765728
SPT35544	SPT35351	0.807023127519627
SPT35544	SPT35418	0.81399351964358
SPT35544	SPT35419	0.817767423014587
SPT35544	SPT35566	0.820995270409212
SPT35544	SPT35567	0.808816095440299
SPT35544	SPT35420	0.806082108464268
SPT35544	SPT35423	0.808310585380649
SPT35544	SPT35564	0.807567786321327
SPT35544	SPT35352	0.807432091285469
SPT35544	SPT35424	0.806841250507511
SPT35544	SPT35357	0.812689432208527
SPT35544	SPT35437	0.809889776519365
SPT35544	SPT35563	0.809148742805211
SPT35544	SPT35308	0.812861344963992
SPT35544	SPT35425	0.812390294269489
SPT35544	SPT35440	0.816582645071329
SPT35544	SPT35354	0.812689432208527
SPT35544	SPT35309	0.807521229276183
SPT35544	SPT35310	0.807266822287628
SPT35544	SPT35355	0.810756166599272
SPT35544	SPT35332	0.805939993938782
SPT35544	SPT35333	0.810846293678045
SPT35544	SPT35561	0.807828820606429
SPT35544	SPT35363	0.807777777777778
SPT35544	SPT35427	0.811702925731433
SPT35544	SPT35752	0.811492854971116
SPT35544	SPT35430	0.81591737545565
SPT35544	SPT35431	0.812633289326699
SPT35544	SPT35313	0.816380182002022
SPT35544	SPT35780	0.8159111933395
SPT35544	SPT35315	0.814754926730672
SPT35544	SPT35316	0.814560161779575
SPT35544	SPT35317	0.811559058300495
SPT35544	SPT35334	0.815794788931529
SPT35544	SPT35543	0.810306436220973
SPT35362	SPT35499	0.816546039404906
SPT35362	SPT35336	0.811890151896188
SPT35362	SPT35577	0.811341548942992
SPT35362	SPT35325	0.802605008077544
SPT35362	SPT35331	0.813742135224209
SPT35362	SPT35337	0.811250999200639
SPT35362	SPT35306	0.810262052410482
SPT35362	SPT35407	0.818691214728837
SPT35362	SPT35346	0.824328373114951
SPT35362	SPT35405	0.818023196140819
SPT35362	SPT35410	0.815145436308927
SPT35362	SPT35575	0.8098
SPT35362	SPT35576	0.815928849805136
SPT35362	SPT35766	0.809474123539232
SPT35362	SPT35347	0.811056682995101
SPT35362	SPT35412	0.805179704016913
SPT35362	SPT35414	0.818828069462781
SPT35362	SPT35348	0.818290854572714
SPT35362	SPT35417	0.819731301383597
SPT35362	SPT35571	0.811550468262227
SPT35362	SPT35349	0.808648756616399
SPT35362	SPT35351	0.814670595664071
SPT35362	SPT35418	0.821346173136724
SPT35362	SPT35419	0.815174902275233
SPT35362	SPT35566	0.81555283057429
SPT35362	SPT35567	0.809604802401201
SPT35362	SPT35420	0.803856583308225
SPT35362	SPT35423	0.810681068106811
SPT35362	SPT35564	0.804509018036072
SPT35362	SPT35352	0.810246679316888
SPT35362	SPT35424	0.808418726140245
SPT35362	SPT35357	0.81984412470024
SPT35362	SPT35437	0.809585751450871
SPT35362	SPT35563	0.80960942962741
SPT35362	SPT35308	0.812675773402973
SPT35362	SPT35425	0.8123973727422
SPT35362	SPT35440	0.813013333333333
SPT35362	SPT35354	0.811950439648281
SPT35362	SPT35309	0.81133019717746
SPT35362	SPT35310	0.812783090085556
SPT35362	SPT35355	0.815236952609478
SPT35362	SPT35332	0.801778399440504
SPT35362	SPT35333	0.808529764282861
SPT35362	SPT35561	0.807491464149428
SPT35362	SPT35363	0.809190809190809
SPT35362	SPT35427	0.814345092188
SPT35362	SPT35752	0.808356769787063
SPT35362	SPT35430	0.80989165329053
SPT35362	SPT35431	0.810098571715953
SPT35362	SPT35313	0.817535782203984
SPT35362	SPT35780	0.806464770062201
SPT35362	SPT35315	0.817163432686537
SPT35362	SPT35316	0.811349079263411
SPT35362	SPT35317	0.81361183290026
SPT35362	SPT35334	0.810926887734718
SPT35362	SPT35543	0.811855127395241
SPT35499	SPT35336	0.816774585188183
SPT35499	SPT35577	0.810440391010783
SPT35499	SPT35325	0.803692807142133
SPT35499	SPT35331	0.81664656212304
SPT35499	SPT35337	0.809131134352373
SPT35499	SPT35306	0.812455981487071
SPT35499	SPT35407	0.821439355812783
SPT35499	SPT35346	0.816966529299427
SPT35499	SPT35405	0.820626416649495
SPT35499	SPT35410	0.808600847970927
SPT35499	SPT35575	0.809720265647011
SPT35499	SPT35576	0.811802553533729
SPT35499	SPT35766	0.810691823899371
SPT35499	SPT35347	0.810846161585673
SPT35499	SPT35412	0.807382265591854
SPT35499	SPT35414	0.813125127577057
SPT35499	SPT35348	0.813700834926064
SPT35499	SPT35417	0.813728454792864
SPT35499	SPT35571	0.812023000522739
SPT35499	SPT35349	0.805910141722786
SPT35499	SPT35351	0.810107845210404
SPT35499	SPT35418	0.809538213349466
SPT35499	SPT35419	0.815330307614725
SPT35499	SPT35566	0.818508258951472
SPT35499	SPT35567	0.806685461135723
SPT35499	SPT35420	0.806282193717806
SPT35499	SPT35423	0.805896558663715
SPT35499	SPT35564	0.811423390752493
SPT35499	SPT35352	0.812443461654438
SPT35499	SPT35424	0.813011415294474
SPT35499	SPT35357	0.81446098149638
SPT35499	SPT35437	0.810612162706404
SPT35499	SPT35563	0.80659429030961
SPT35499	SPT35308	0.808119571803676
SPT35499	SPT35425	0.812061855670103
SPT35499	SPT35440	0.81491801521809
SPT35499	SPT35354	0.811060834590246
SPT35499	SPT35309	0.809844976847191
SPT35499	SPT35310	0.81041456016178
SPT35499	SPT35355	0.811952912767884
SPT35499	SPT35332	0.804323780794369
SPT35499	SPT35333	0.808504221954162
SPT35499	SPT35561	0.80886958278614
SPT35499	SPT35363	0.813090689724512
SPT35499	SPT35427	0.808021390374332
SPT35499	SPT35752	0.809389197375063
SPT35499	SPT35430	0.810037287110753
SPT35499	SPT35431	0.813998179427531
SPT35499	SPT35313	0.817559403946838
SPT35499	SPT35780	0.818060680606806
SPT35499	SPT35315	0.812877263581489
SPT35499	SPT35316	0.808919762408134
SPT35499	SPT35317	0.811305572319453
SPT35499	SPT35334	0.808202653799759
SPT35499	SPT35543	0.81577834179357
SPT35336	SPT35577	0.813111447302068
SPT35336	SPT35325	0.810171556187189
SPT35336	SPT35331	0.818529323005734
SPT35336	SPT35337	0.820569588406964
SPT35336	SPT35306	0.816351188078937
SPT35336	SPT35407	0.826884320838372
SPT35336	SPT35346	0.816737075035204
SPT35336	SPT35405	0.827315865483804
SPT35336	SPT35410	0.812241187758812
SPT35336	SPT35575	0.809806685461136
SPT35336	SPT35576	0.816443594646271
SPT35336	SPT35766	0.814189897296164
SPT35336	SPT35347	0.825193837478602
SPT35336	SPT35412	0.81460256818423
SPT35336	SPT35414	0.814451928965095
SPT35336	SPT35348	0.823233340044292
SPT35336	SPT35417	0.814568200161421
SPT35336	SPT35571	0.811192468619247
SPT35336	SPT35349	0.809796821565077
SPT35336	SPT35351	0.821912013536379
SPT35336	SPT35418	0.81422805247225
SPT35336	SPT35419	0.822466693580945
SPT35336	SPT35566	0.824157764995892
SPT35336	SPT35567	0.81112118464793
SPT35336	SPT35420	0.807560137457045
SPT35336	SPT35423	0.805477245267821
SPT35336	SPT35564	0.806838813798669
SPT35336	SPT35352	0.81844699255683
SPT35336	SPT35424	0.80523549626036
SPT35336	SPT35357	0.816141692663782
SPT35336	SPT35437	0.812695214105793
SPT35336	SPT35563	0.810984810381249
SPT35336	SPT35308	0.825414476344521
SPT35336	SPT35425	0.812332439678284
SPT35336	SPT35440	0.815671162491972
SPT35336	SPT35354	0.82107275837778
SPT35336	SPT35309	0.816377921031426
SPT35336	SPT35310	0.817767423014587
SPT35336	SPT35355	0.81008961836673
SPT35336	SPT35332	0.810525256590863
SPT35336	SPT35333	0.81068302987627
SPT35336	SPT35561	0.811097634930261
SPT35336	SPT35363	0.8082302042459
SPT35336	SPT35427	0.811256152364648
SPT35336	SPT35752	0.813175709811054
SPT35336	SPT35430	0.814070858988594
SPT35336	SPT35431	0.814233650536546
SPT35336	SPT35313	0.815983069636199
SPT35336	SPT35780	0.813173284087412
SPT35336	SPT35315	0.825057911169302
SPT35336	SPT35316	0.817173956863536
SPT35336	SPT35317	0.816507297433317
SPT35336	SPT35334	0.819352243009455
SPT35336	SPT35543	0.811171056807363
SPT35577	SPT35325	0.807408157069123
SPT35577	SPT35331	0.81033964532612
SPT35577	SPT35337	0.810144346431435
SPT35577	SPT35306	0.808807302638178
SPT35577	SPT35407	0.823966278602971
SPT35577	SPT35346	0.817352970644224
SPT35577	SPT35405	0.821256038647343
SPT35577	SPT35410	0.809997988332328
SPT35577	SPT35575	0.806199217574481
SPT35577	SPT35576	0.819985967725769
SPT35577	SPT35766	0.806498798453662
SPT35577	SPT35347	0.816987565182511
SPT35577	SPT35412	0.807387025082019
SPT35577	SPT35414	0.810057003257329
SPT35577	SPT35348	0.811992379424446
SPT35577	SPT35417	0.809169515383069
SPT35577	SPT35571	0.830899228040893
SPT35577	SPT35349	0.802124035667769
SPT35577	SPT35351	0.808986393840312
SPT35577	SPT35418	0.811487777889548
SPT35577	SPT35419	0.819863289103337
SPT35577	SPT35566	0.818135298331798
SPT35577	SPT35567	0.803772070626003
SPT35577	SPT35420	0.79796555544365
SPT35577	SPT35423	0.804975922953451
SPT35577	SPT35564	0.804319437468609
SPT35577	SPT35352	0.80603145977357
SPT35577	SPT35424	0.807452165156093
SPT35577	SPT35357	0.811065450536233
SPT35577	SPT35437	0.80921316740265
SPT35577	SPT35563	0.80378795470488
SPT35577	SPT35308	0.814967767929089
SPT35577	SPT35425	0.809768637532134
SPT35577	SPT35440	0.810790598290598
SPT35577	SPT35354	0.813051323175621
SPT35577	SPT35309	0.80827143143947
SPT35577	SPT35310	0.808356039963669
SPT35577	SPT35355	0.810130391173521
SPT35577	SPT35332	0.806555076676356
SPT35577	SPT35333	0.806513026052104
SPT35577	SPT35561	0.811039484286865
SPT35577	SPT35363	0.810483062738024
SPT35577	SPT35427	0.809925293489861
SPT35577	SPT35752	0.807893677003625
SPT35577	SPT35430	0.814542894498642
SPT35577	SPT35431	0.815898315343488
SPT35577	SPT35313	0.813892792611925
SPT35577	SPT35780	0.808049851874553
SPT35577	SPT35315	0.804073033707865
SPT35577	SPT35316	0.815034122842232
SPT35577	SPT35317	0.806196109885703
SPT35577	SPT35334	0.81062124248497
SPT35577	SPT35543	0.80561122244489
SPT35325	SPT35331	0.806239903069467
SPT35325	SPT35337	0.806927193779663
SPT35325	SPT35306	0.807012225927049
SPT35325	SPT35407	0.812474727052163
SPT35325	SPT35346	0.807470974255427
SPT35325	SPT35405	0.81380450506303
SPT35325	SPT35410	0.805333062962587
SPT35325	SPT35575	0.801273627817649
SPT35325	SPT35576	0.808461227786753
SPT35325	SPT35766	0.806438083254692
SPT35325	SPT35347	0.808570851020821
SPT35325	SPT35412	0.805924195774498
SPT35325	SPT35414	0.805524296675192
SPT35325	SPT35348	0.807820551682328
SPT35325	SPT35417	0.805834092980857
SPT35325	SPT35571	0.806109594793198
SPT35325	SPT35349	0.801716304896517
SPT35325	SPT35351	0.808386411889597
SPT35325	SPT35418	0.808833958058961
SPT35325	SPT35419	0.813640048642075
SPT35325	SPT35566	0.811896445448942
SPT35325	SPT35567	0.811665992721391
SPT35325	SPT35420	0.802455357142857
SPT35325	SPT35423	0.800949782762453
SPT35325	SPT35564	0.800808897876643
SPT35325	SPT35352	0.808884401817264
SPT35325	SPT35424	0.798783578307147
SPT35325	SPT35357	0.808282828282828
SPT35325	SPT35437	0.806794055201699
SPT35325	SPT35563	0.811389337641357
SPT35325	SPT35308	0.813165635459986
SPT35325	SPT35425	0.812016104056984
SPT35325	SPT35440	0.808977930147847
SPT35325	SPT35354	0.81030303030303
SPT35325	SPT35309	0.805985239106258
SPT35325	SPT35310	0.807076236820762
SPT35325	SPT35355	0.803011926420053
SPT35325	SPT35332	0.991920824075944
SPT35325	SPT35333	0.806845718901454
SPT35325	SPT35561	0.807462232586434
SPT35325	SPT35363	0.803272066249243
SPT35325	SPT35427	0.807066381156317
SPT35325	SPT35752	0.804237631792376
SPT35325	SPT35430	0.810001012248203
SPT35325	SPT35431	0.806268384217466
SPT35325	SPT35313	0.80671249494541
SPT35325	SPT35780	0.802549080069894
SPT35325	SPT35315	0.808162440650571
SPT35325	SPT35316	0.809745248685807
SPT35325	SPT35317	0.810788968582685
SPT35325	SPT35334	0.809975767366721
SPT35325	SPT35543	0.805084745762712
SPT35331	SPT35337	0.811650679456435
SPT35331	SPT35306	0.821764352870574
SPT35331	SPT35407	0.829097458475085
SPT35331	SPT35346	0.817037850793968
SPT35331	SPT35405	0.824899928153546
SPT35331	SPT35410	0.813941825476429
SPT35331	SPT35575	0.8074
SPT35331	SPT35576	0.818327170980314
SPT35331	SPT35766	0.808743739565943
SPT35331	SPT35347	0.817454763570929
SPT35331	SPT35412	0.815010570824524
SPT35331	SPT35414	0.813141058190312
SPT35331	SPT35348	0.813093453273363
SPT35331	SPT35417	0.812111489873672
SPT35331	SPT35571	0.814360041623309
SPT35331	SPT35349	0.812743433536403
SPT35331	SPT35351	0.809934750578825
SPT35331	SPT35418	0.818738088073026
SPT35331	SPT35419	0.816277438107648
SPT35331	SPT35566	0.816063764561619
SPT35331	SPT35567	0.810305152576288
SPT35331	SPT35420	0.803053128452345
SPT35331	SPT35423	0.80998099809981
SPT35331	SPT35564	0.807414829659319
SPT35331	SPT35352	0.821532008389094
SPT35331	SPT35424	0.806108097247338
SPT35331	SPT35357	0.817745803357314
SPT35331	SPT35437	0.808385031018611
SPT35331	SPT35563	0.811507341923884
SPT35331	SPT35308	0.823021293692246
SPT35331	SPT35425	0.810139573070608
SPT35331	SPT35440	0.80992
SPT35331	SPT35354	0.814548361310951
SPT35331	SPT35309	0.812331097988189
SPT35331	SPT35310	0.811776547559134
SPT35331	SPT35355	0.831633673265347
SPT35331	SPT35332	0.807473274053352
SPT35331	SPT35333	0.808230123851378
SPT35331	SPT35561	0.810805382606949
SPT35331	SPT35363	0.810689310689311
SPT35331	SPT35427	0.810614941916232
SPT35331	SPT35752	0.807251908396947
SPT35331	SPT35430	0.810894863563403
SPT35331	SPT35431	0.811909072621203
SPT35331	SPT35313	0.818236412771494
SPT35331	SPT35780	0.814214336698277
SPT35331	SPT35315	0.812062412482497
SPT35331	SPT35316	0.815452361889512
SPT35331	SPT35317	0.812712372576454
SPT35331	SPT35334	0.810926887734718
SPT35331	SPT35543	0.811749842072015
SPT35337	SPT35306	0.811286772063238
SPT35337	SPT35407	0.843227550305336
SPT35337	SPT35346	0.819662303926466
SPT35337	SPT35405	0.839802834257548
SPT35337	SPT35410	0.809232313095835
SPT35337	SPT35575	0.809823929571829
SPT35337	SPT35576	0.830950714785564
SPT35337	SPT35766	0.812734864300626
SPT35337	SPT35347	0.822864572914583
SPT35337	SPT35412	0.808143839238498
SPT35337	SPT35414	0.810810810810811
SPT35337	SPT35348	0.821917808219178
SPT35337	SPT35417	0.811114454809911
SPT35337	SPT35571	0.808869456589631
SPT35337	SPT35349	0.810270756319313
SPT35337	SPT35351	0.822786142992524
SPT35337	SPT35418	0.819969894631209
SPT35337	SPT35419	0.833533894905736
SPT35337	SPT35566	0.824660055209079
SPT35337	SPT35567	0.806206206206206
SPT35337	SPT35420	0.804079172108912
SPT35337	SPT35423	0.809904952476238
SPT35337	SPT35564	0.814736842105263
SPT35337	SPT35352	0.815965630932161
SPT35337	SPT35424	0.80964824120603
SPT35337	SPT35357	0.821471411435426
SPT35337	SPT35437	0.813394734207628
SPT35337	SPT35563	0.806135705006495
SPT35337	SPT35308	0.815112540192926
SPT35337	SPT35425	0.812711777389876
SPT35337	SPT35440	0.813660618996798
SPT35337	SPT35354	0.828768492602959
SPT35337	SPT35309	0.814740636891648
SPT35337	SPT35310	0.813815325747659
SPT35337	SPT35355	0.809461892378476
SPT35337	SPT35332	0.80731561063362
SPT35337	SPT35333	0.811250999200639
SPT35337	SPT35561	0.814829699588064
SPT35337	SPT35363	0.808215070957426
SPT35337	SPT35427	0.810960656786438
SPT35337	SPT35752	0.809987942122186
SPT35337	SPT35430	0.8129265355279
SPT35337	SPT35431	0.814285714285714
SPT35337	SPT35313	0.812938113358702
SPT35337	SPT35780	0.808610487655581
SPT35337	SPT35315	0.821092655593356
SPT35337	SPT35316	0.826091309571486
SPT35337	SPT35317	0.826834633073385
SPT35337	SPT35334	0.966726618705036
SPT35337	SPT35543	0.812072053091752
SPT35306	SPT35407	0.82401842948718
SPT35306	SPT35346	0.813781378137814
SPT35306	SPT35405	0.823613963039014
SPT35306	SPT35410	0.812029320212873
SPT35306	SPT35575	0.809371245494593
SPT35306	SPT35576	0.816071249874912
SPT35306	SPT35766	0.805593238025671
SPT35306	SPT35347	0.817280736884261
SPT35306	SPT35412	0.811548223350254
SPT35306	SPT35414	0.811439601747435
SPT35306	SPT35348	0.822940646581924
SPT35306	SPT35417	0.810517864311522
SPT35306	SPT35571	0.812897176789249
SPT35306	SPT35349	0.805280528052805
SPT35306	SPT35351	0.820996104032853
SPT35306	SPT35418	0.813290503914877
SPT35306	SPT35419	0.816557952834922
SPT35306	SPT35566	0.818479149632052
SPT35306	SPT35567	0.807711567351027
SPT35306	SPT35420	0.804603477736456
SPT35306	SPT35423	0.808088897787566
SPT35306	SPT35564	0.806619859578736
SPT35306	SPT35352	0.80988098809881
SPT35306	SPT35424	0.810960281548517
SPT35306	SPT35357	0.826495897538523
SPT35306	SPT35437	0.815085645597516
SPT35306	SPT35563	0.808542562768831
SPT35306	SPT35308	0.810490353697749
SPT35306	SPT35425	0.814328235656369
SPT35306	SPT35440	0.813834329632792
SPT35306	SPT35354	0.82379427656594
SPT35306	SPT35309	0.81198036662326
SPT35306	SPT35310	0.812732950538934
SPT35306	SPT35355	0.828093712454946
SPT35306	SPT35332	0.808004002001001
SPT35306	SPT35333	0.80996199239848
SPT35306	SPT35561	0.814491005929052
SPT35306	SPT35363	0.810324129651861
SPT35306	SPT35427	0.811367029217317
SPT35306	SPT35752	0.808867886587573
SPT35306	SPT35430	0.810818948213569
SPT35306	SPT35431	0.817055980668546
SPT35306	SPT35313	0.813527054108216
SPT35306	SPT35780	0.809081632653061
SPT35306	SPT35315	0.814058275758486
SPT35306	SPT35316	0.818919731436016
SPT35306	SPT35317	0.870809566696688
SPT35306	SPT35334	0.80996199239848
SPT35306	SPT35543	0.80927291886196
SPT35407	SPT35346	0.829897938763258
SPT35407	SPT35405	0.975649851022295
SPT35407	SPT35410	0.820391762933199
SPT35407	SPT35575	0.814666399519134
SPT35407	SPT35576	0.897186905596156
SPT35407	SPT35766	0.825065274151436
SPT35407	SPT35347	0.850460737179487
SPT35407	SPT35412	0.819316619062731
SPT35407	SPT35414	0.826723611958511
SPT35407	SPT35348	0.833466853595033
SPT35407	SPT35417	0.826789838337182
SPT35407	SPT35571	0.82067312701886
SPT35407	SPT35349	0.822293376025615
SPT35407	SPT35351	0.82467600885049
SPT35407	SPT35418	0.824929690638811
SPT35407	SPT35419	0.896385542168675
SPT35407	SPT35566	0.857128247085294
SPT35407	SPT35567	0.819502906394067
SPT35407	SPT35420	0.810941271118262
SPT35407	SPT35423	0.818336673346693
SPT35407	SPT35564	0.819130783900432
SPT35407	SPT35352	0.827696617970782
SPT35407	SPT35424	0.816700201207244
SPT35407	SPT35357	0.825708279107018
SPT35407	SPT35437	0.823529411764706
SPT35407	SPT35563	0.819591755053032
SPT35407	SPT35308	0.826895996781332
SPT35407	SPT35425	0.821439572851422
SPT35407	SPT35440	0.823391313627148
SPT35407	SPT35354	0.832415657222945
SPT35407	SPT35309	0.821535993583317
SPT35407	SPT35310	0.821115256630029
SPT35407	SPT35355	0.825002504257237
SPT35407	SPT35332	0.813013013013013
SPT35407	SPT35333	0.818272790953668
SPT35407	SPT35561	0.826314202432405
SPT35407	SPT35363	0.82213992593334
SPT35407	SPT35427	0.821516153108007
SPT35407	SPT35752	0.820020120724346
SPT35407	SPT35430	0.821432158280607
SPT35407	SPT35431	0.822000604412209
SPT35407	SPT35313	0.830258672548626
SPT35407	SPT35780	0.821169745840563
SPT35407	SPT35315	0.832999398918053
SPT35407	SPT35316	0.826649288149188
SPT35407	SPT35317	0.844698107539802
SPT35407	SPT35334	0.839787851496047
SPT35407	SPT35543	0.821966902076526
SPT35346	SPT35405	0.828594888637996
SPT35346	SPT35410	0.813340020060181
SPT35346	SPT35575	0.809319068093191
SPT35346	SPT35576	0.825939248601119
SPT35346	SPT35766	0.80822203672788
SPT35346	SPT35347	0.819854043786864
SPT35346	SPT35412	0.812050739957717
SPT35346	SPT35414	0.817000101553773
SPT35346	SPT35348	0.827503497901259
SPT35346	SPT35417	0.815921395628634
SPT35346	SPT35571	0.81365102486734
SPT35346	SPT35349	0.806371080487318
SPT35346	SPT35351	0.815512523679225
SPT35346	SPT35418	0.865295887662989
SPT35346	SPT35419	0.824295880525208
SPT35346	SPT35566	0.82086654404251
SPT35346	SPT35567	0.815007503751876
SPT35346	SPT35420	0.806989355292227
SPT35346	SPT35423	0.8073
SPT35346	SPT35564	0.813026052104208
SPT35346	SPT35352	0.810365488316357
SPT35346	SPT35424	0.808638874937218
SPT35346	SPT35357	0.851833349985013
SPT35346	SPT35437	0.813588152891735
SPT35346	SPT35563	0.816120655213744
SPT35346	SPT35308	0.816410565431355
SPT35346	SPT35425	0.810857963875205
SPT35346	SPT35440	0.813653333333333
SPT35346	SPT35354	0.818063742631632
SPT35346	SPT35309	0.809928936042438
SPT35346	SPT35310	0.809681964573269
SPT35346	SPT35355	0.812456263121064
SPT35346	SPT35332	0.808891108891109
SPT35346	SPT35333	0.810845900329572
SPT35346	SPT35561	0.818437437236393
SPT35346	SPT35363	0.81230646289082
SPT35346	SPT35427	0.817222636683363
SPT35346	SPT35752	0.807371698302702
SPT35346	SPT35430	0.812619119269736
SPT35346	SPT35431	0.820174997485668
SPT35346	SPT35313	0.867781002902612
SPT35346	SPT35780	0.810033649434078
SPT35346	SPT35315	0.82008200820082
SPT35346	SPT35316	0.84379065345742
SPT35346	SPT35317	0.819226541421005
SPT35346	SPT35334	0.821232397882752
SPT35346	SPT35543	0.813118551273952
SPT35405	SPT35410	0.819118252987227
SPT35405	SPT35575	0.810785824345146
SPT35405	SPT35576	0.894364028333847
SPT35405	SPT35766	0.824432363287496
SPT35405	SPT35347	0.849337578309541
SPT35405	SPT35412	0.821990092612535
SPT35405	SPT35414	0.82825974025974
SPT35405	SPT35348	0.835233692860812
SPT35405	SPT35417	0.827490490387581
SPT35405	SPT35571	0.821976149914821
SPT35405	SPT35349	0.81781792055835
SPT35405	SPT35351	0.825913978494624
SPT35405	SPT35418	0.823305564126299
SPT35405	SPT35419	0.891953076764766
SPT35405	SPT35566	0.852103120759837
SPT35405	SPT35567	0.816462850683383
SPT35405	SPT35420	0.80875386199794
SPT35405	SPT35423	0.817565485362096
SPT35405	SPT35564	0.817302746631005
SPT35405	SPT35352	0.825926306065893
SPT35405	SPT35424	0.816055234954658
SPT35405	SPT35357	0.823595851730157
SPT35405	SPT35437	0.822048700297955
SPT35405	SPT35563	0.816753926701571
SPT35405	SPT35308	0.827959204697641
SPT35405	SPT35425	0.821031662822395
SPT35405	SPT35440	0.822050500653026
SPT35405	SPT35354	0.831707567512065
SPT35405	SPT35309	0.821076417419885
SPT35405	SPT35310	0.820890905341307
SPT35405	SPT35355	0.823178875988904
SPT35405	SPT35332	0.813244353182752
SPT35405	SPT35333	0.817696571545884
SPT35405	SPT35561	0.821590440873506
SPT35405	SPT35363	0.82135523613963
SPT35405	SPT35427	0.820974921289762
SPT35405	SPT35752	0.817451323786958
SPT35405	SPT35430	0.821230199547418
SPT35405	SPT35431	0.819176385591908
SPT35405	SPT35313	0.828333675775632
SPT35405	SPT35780	0.820970266040689
SPT35405	SPT35315	0.828404189772027
SPT35405	SPT35316	0.825729551993424
SPT35405	SPT35317	0.84031628671185
SPT35405	SPT35334	0.836173270375693
SPT35405	SPT35543	0.820821682082168
SPT35410	SPT35575	0.806707500753088
SPT35410	SPT35576	0.815435568044962
SPT35410	SPT35766	0.806238877839422
SPT35410	SPT35347	0.813372151390423
SPT35410	SPT35412	0.807320954907162
SPT35410	SPT35414	0.808562691131498
SPT35410	SPT35348	0.808371812888978
SPT35410	SPT35417	0.808555611474585
SPT35410	SPT35571	0.805912462133083
SPT35410	SPT35349	0.811935807422267
SPT35410	SPT35351	0.809528840059159
SPT35410	SPT35418	0.810511478050745
SPT35410	SPT35419	0.820263078622352
SPT35410	SPT35566	0.813660137421803
SPT35410	SPT35567	0.806568243446821
SPT35410	SPT35420	0.80344723314182
SPT35410	SPT35423	0.802732020891924
SPT35410	SPT35564	0.806299054135641
SPT35410	SPT35352	0.806318956870612
SPT35410	SPT35424	0.803186126235128
SPT35410	SPT35357	0.814952333166081
SPT35410	SPT35437	0.813259668508287
SPT35410	SPT35563	0.806982343499197
SPT35410	SPT35308	0.815083686227062
SPT35410	SPT35425	0.808381383855025
SPT35410	SPT35440	0.810599571734475
SPT35410	SPT35354	0.812844957350728
SPT35410	SPT35309	0.805667202572347
SPT35410	SPT35310	0.805962607377463
SPT35410	SPT35355	0.810824379957827
SPT35410	SPT35332	0.805237808549067
SPT35410	SPT35333	0.806600461430434
SPT35410	SPT35561	0.812052806610904
SPT35410	SPT35363	0.804354369419083
SPT35410	SPT35427	0.808169375534645
SPT35410	SPT35752	0.800544519511949
SPT35410	SPT35430	0.809164149043303
SPT35410	SPT35431	0.811793214862682
SPT35410	SPT35313	0.813046537340436
SPT35410	SPT35780	0.808471454880295
SPT35410	SPT35315	0.807835258663988
SPT35410	SPT35316	0.810169832177671
SPT35410	SPT35317	0.810097360232862
SPT35410	SPT35334	0.811114454809911
SPT35410	SPT35543	0.808285774677658
SPT35575	SPT35576	0.808304152076038
SPT35575	SPT35766	0.809275120116984
SPT35575	SPT35347	0.809928936042438
SPT35575	SPT35412	0.811270881793191
SPT35575	SPT35414	0.80780567130806
SPT35575	SPT35348	0.808365856099269
SPT35575	SPT35417	0.807746337547662
SPT35575	SPT35571	0.807976673956055
SPT35575	SPT35349	0.81031896810319
SPT35575	SPT35351	0.809142616389299
SPT35575	SPT35418	0.81285140562249
SPT35575	SPT35419	0.815873971503111
SPT35575	SPT35566	0.814704980059311
SPT35575	SPT35567	0.807873384754082
SPT35575	SPT35420	0.801809045226131
SPT35575	SPT35423	0.80458274964979
SPT35575	SPT35564	0.804591939041508
SPT35575	SPT35352	0.808319168083192
SPT35575	SPT35424	0.808086904043452
SPT35575	SPT35357	0.810924369747899
SPT35575	SPT35437	0.809990990089098
SPT35575	SPT35563	0.808580858085809
SPT35575	SPT35308	0.812267471091001
SPT35575	SPT35425	0.810105782068399
SPT35575	SPT35440	0.807367859049653
SPT35575	SPT35354	0.810124049619848
SPT35575	SPT35309	0.807935076645627
SPT35575	SPT35310	0.808765743073048
SPT35575	SPT35355	0.808042412723817
SPT35575	SPT35332	0.801240372111633
SPT35575	SPT35333	0.8091
SPT35575	SPT35561	0.809083601286174
SPT35575	SPT35363	0.805061012202441
SPT35575	SPT35427	0.80896
SPT35575	SPT35752	0.808140703517588
SPT35575	SPT35430	0.806746310611384
SPT35575	SPT35431	0.816800804828974
SPT35575	SPT35313	0.814228456913828
SPT35575	SPT35780	0.807083801163622
SPT35575	SPT35315	0.807850205266847
SPT35575	SPT35316	0.811241358581305
SPT35575	SPT35317	0.804482689613768
SPT35575	SPT35334	0.8109
SPT35575	SPT35543	0.811380400421496
SPT35576	SPT35766	0.817745302713987
SPT35576	SPT35347	0.844553366009803
SPT35576	SPT35412	0.81562533037319
SPT35576	SPT35414	0.822549517521585
SPT35576	SPT35348	0.8246
SPT35576	SPT35417	0.822703569995989
SPT35576	SPT35571	0.816715237302248
SPT35576	SPT35349	0.815947242206235
SPT35576	SPT35351	0.816966635091043
SPT35576	SPT35418	0.817543155359293
SPT35576	SPT35419	0.883662621602648
SPT35576	SPT35566	0.84721512519162
SPT35576	SPT35567	0.808308308308308
SPT35576	SPT35420	0.813504823151125
SPT35576	SPT35423	0.812287372423454
SPT35576	SPT35564	0.810984165163359
SPT35576	SPT35352	0.817645883293365
SPT35576	SPT35424	0.811155778894472
SPT35576	SPT35357	0.821653503948815
SPT35576	SPT35437	0.818181818181818
SPT35576	SPT35563	0.808814711173296
SPT35576	SPT35308	0.823736307908753
SPT35576	SPT35425	0.815381456001643
SPT35576	SPT35440	0.81536
SPT35576	SPT35354	0.825952214335699
SPT35576	SPT35309	0.815141197676747
SPT35576	SPT35310	0.814154837410651
SPT35576	SPT35355	0.821046313894168
SPT35576	SPT35332	0.8093762495002
SPT35576	SPT35333	0.818027380833417
SPT35576	SPT35561	0.820739549839228
SPT35576	SPT35363	0.81800919448331
SPT35576	SPT35427	0.815091122242353
SPT35576	SPT35752	0.814665996986439
SPT35576	SPT35430	0.811898073836276
SPT35576	SPT35431	0.81841046277666
SPT35576	SPT35313	0.823588305967161
SPT35576	SPT35780	0.816540893330614
SPT35576	SPT35315	0.816026410564226
SPT35576	SPT35316	0.817599359295225
SPT35576	SPT35317	0.832916708329167
SPT35576	SPT35334	0.832017587688618
SPT35576	SPT35543	0.818765796124684
SPT35766	SPT35347	0.814516971279373
SPT35766	SPT35412	0.813801373596424
SPT35766	SPT35414	0.815658963807112
SPT35766	SPT35348	0.813511538059935
SPT35766	SPT35417	0.814218504966022
SPT35766	SPT35571	0.806674586888433
SPT35766	SPT35349	0.809891485809683
SPT35766	SPT35351	0.809195402298851
SPT35766	SPT35418	0.811872909698997
SPT35766	SPT35419	0.817906076770212
SPT35766	SPT35566	0.813274055255637
SPT35766	SPT35567	0.808788226698674
SPT35766	SPT35420	0.801465201465202
SPT35766	SPT35423	0.809190600522193
SPT35766	SPT35564	0.80996656916005
SPT35766	SPT35352	0.808952420701169
SPT35766	SPT35424	0.807885379627693
SPT35766	SPT35357	0.80843511848836
SPT35766	SPT35437	0.811070496083551
SPT35766	SPT35563	0.80893248460816
SPT35766	SPT35308	0.817087215998325
SPT35766	SPT35425	0.808436039099023
SPT35766	SPT35440	0.81419624217119
SPT35766	SPT35354	0.819709781814386
SPT35766	SPT35309	0.812212943632568
SPT35766	SPT35310	0.813782991202346
SPT35766	SPT35355	0.805599080747937
SPT35766	SPT35332	0.806492015447239
SPT35766	SPT35333	0.810184702076594
SPT35766	SPT35561	0.811387900355872
SPT35766	SPT35363	0.8104581985179
SPT35766	SPT35427	0.808225203430833
SPT35766	SPT35752	0.804964910443071
SPT35766	SPT35430	0.809782608695652
SPT35766	SPT35431	0.809404126086501
SPT35766	SPT35313	0.810135841170324
SPT35766	SPT35780	0.812063492063492
SPT35766	SPT35315	0.814706496762064
SPT35766	SPT35316	0.811598746081505
SPT35766	SPT35317	0.814992691584882
SPT35766	SPT35334	0.81300219138057
SPT35766	SPT35543	0.808455001089562
SPT35347	SPT35412	0.819287300412393
SPT35347	SPT35414	0.819170563122586
SPT35347	SPT35348	0.819709854927464
SPT35347	SPT35417	0.819668840943302
SPT35347	SPT35571	0.813241723922548
SPT35347	SPT35349	0.811256623013096
SPT35347	SPT35351	0.817138646173281
SPT35347	SPT35418	0.821292394140076
SPT35347	SPT35419	0.845706260032103
SPT35347	SPT35566	0.837287788913888
SPT35347	SPT35567	0.815141197676747
SPT35347	SPT35420	0.807715491259795
SPT35347	SPT35423	0.8072880168185
SPT35347	SPT35564	0.813440320962889
SPT35347	SPT35352	0.815055483354993
SPT35347	SPT35424	0.805108608205953
SPT35347	SPT35357	0.818863772754551
SPT35347	SPT35437	0.810296474358974
SPT35347	SPT35563	0.815518448155184
SPT35347	SPT35308	0.818218379247939
SPT35347	SPT35425	0.814092029580937
SPT35347	SPT35440	0.815716421097587
SPT35347	SPT35354	0.825252424272718
SPT35347	SPT35309	0.81534916341048
SPT35347	SPT35310	0.816038686278461
SPT35347	SPT35355	0.821028411364546
SPT35347	SPT35332	0.808180818081808
SPT35347	SPT35333	0.812437512497501
SPT35347	SPT35561	0.812060301507538
SPT35347	SPT35363	0.810537892421516
SPT35347	SPT35427	0.82208
SPT35347	SPT35752	0.813511611541168
SPT35347	SPT35430	0.813435083843759
SPT35347	SPT35431	0.818364881192106
SPT35347	SPT35313	0.820076137046684
SPT35347	SPT35780	0.810816326530612
SPT35347	SPT35315	0.821174822375663
SPT35347	SPT35316	0.819483380056067
SPT35347	SPT35317	0.82843137254902
SPT35347	SPT35334	0.820135972805439
SPT35347	SPT35543	0.817578248498261
SPT35412	SPT35414	0.817502668089648
SPT35412	SPT35348	0.814998942246668
SPT35412	SPT35417	0.816199047114876
SPT35412	SPT35571	0.811172819340085
SPT35412	SPT35349	0.806025369978858
SPT35412	SPT35351	0.809981229987855
SPT35412	SPT35418	0.853062519834973
SPT35412	SPT35419	0.815859217640199
SPT35412	SPT35566	0.816732641489248
SPT35412	SPT35567	0.812222457179108
SPT35412	SPT35420	0.801864801864802
SPT35412	SPT35423	0.808944808627617
SPT35412	SPT35564	0.806956337879268
SPT35412	SPT35352	0.817653276955603
SPT35412	SPT35424	0.805231942385088
SPT35412	SPT35357	0.811422527763088
SPT35412	SPT35437	0.811250925240563
SPT35412	SPT35563	0.812262156448203
SPT35412	SPT35308	0.816514733941064
SPT35412	SPT35425	0.813708637730984
SPT35412	SPT35440	0.810798800133319
SPT35412	SPT35354	0.815116279069767
SPT35412	SPT35309	0.808269881556684
SPT35412	SPT35310	0.809776269748701
SPT35412	SPT35355	0.809599323395708
SPT35412	SPT35332	0.806281061647457
SPT35412	SPT35333	0.809705042816365
SPT35412	SPT35561	0.815513404683692
SPT35412	SPT35363	0.810616474569102
SPT35412	SPT35427	0.816635160680529
SPT35412	SPT35752	0.805997033269761
SPT35412	SPT35430	0.812619098030913
SPT35412	SPT35431	0.816456367299332
SPT35412	SPT35313	0.815680880330124
SPT35412	SPT35780	0.807964033397559
SPT35412	SPT35315	0.808290155440414
SPT35412	SPT35316	0.818556919170546
SPT35412	SPT35317	0.813941188914745
SPT35412	SPT35334	0.810887949260042
SPT35412	SPT35543	0.81265153184924
SPT35414	SPT35348	0.814005488362639
SPT35414	SPT35417	0.991752367376031
SPT35414	SPT35571	0.813310832190697
SPT35414	SPT35349	0.816695440235605
SPT35414	SPT35351	0.81026023890785
SPT35414	SPT35418	0.814811042069879
SPT35414	SPT35419	0.821635937659163
SPT35414	SPT35566	0.822373862696443
SPT35414	SPT35567	0.810327302297215
SPT35414	SPT35420	0.81072265824075
SPT35414	SPT35423	0.806038426349497
SPT35414	SPT35564	0.810434252008543
SPT35414	SPT35352	0.813750380826648
SPT35414	SPT35424	0.806283790676324
SPT35414	SPT35357	0.812639707376549
SPT35414	SPT35437	0.811858029085732
SPT35414	SPT35563	0.81056373793804
SPT35414	SPT35308	0.817894307284228
SPT35414	SPT35425	0.810344827586207
SPT35414	SPT35440	0.818074105988798
SPT35414	SPT35354	0.81700873806137
SPT35414	SPT35309	0.813014743263854
SPT35414	SPT35310	0.813336056366793
SPT35414	SPT35355	0.809577063847092
SPT35414	SPT35332	0.805343899217718
SPT35414	SPT35333	0.81586431037985
SPT35414	SPT35561	0.810378224079927
SPT35414	SPT35363	0.812373019097928
SPT35414	SPT35427	0.812587412587413
SPT35414	SPT35752	0.810237585398185
SPT35414	SPT35430	0.809242671009772
SPT35414	SPT35431	0.815295078619563
SPT35414	SPT35313	0.817691916624301
SPT35414	SPT35780	0.813035843404607
SPT35414	SPT35315	0.808333333333333
SPT35414	SPT35316	0.812430068151765
SPT35414	SPT35317	0.8102835077736
SPT35414	SPT35334	0.814442413162706
SPT35414	SPT35543	0.815374787052811
SPT35348	SPT35417	0.813666465984347
SPT35348	SPT35571	0.810931806350859
SPT35348	SPT35349	0.811613032180692
SPT35348	SPT35351	0.835176408636124
SPT35348	SPT35418	0.818108813491267
SPT35348	SPT35419	0.82646203230013
SPT35348	SPT35566	0.818590857960937
SPT35348	SPT35567	0.810353459497346
SPT35348	SPT35420	0.807638190954774
SPT35348	SPT35423	0.808446757405925
SPT35348	SPT35564	0.812274368231047
SPT35348	SPT35352	0.81361183290026
SPT35348	SPT35424	0.807881773399015
SPT35348	SPT35357	0.811218878112189
SPT35348	SPT35437	0.816643300620869
SPT35348	SPT35563	0.810075969612155
SPT35348	SPT35308	0.820987033872751
SPT35348	SPT35425	0.814092029580937
SPT35348	SPT35440	0.817657734600192
SPT35348	SPT35354	0.822017798220178
SPT35348	SPT35309	0.811780026044275
SPT35348	SPT35310	0.812248186946011
SPT35348	SPT35355	0.809104552276138
SPT35348	SPT35332	0.806138772245551
SPT35348	SPT35333	0.810094952523738
SPT35348	SPT35561	0.813668341708543
SPT35348	SPT35363	0.812356293112066
SPT35348	SPT35427	0.812693333333333
SPT35348	SPT35752	0.813046537340436
SPT35348	SPT35430	0.812167453066961
SPT35348	SPT35431	0.816004026170106
SPT35348	SPT35313	0.816187518781929
SPT35348	SPT35780	0.811836734693878
SPT35348	SPT35315	0.81773596236613
SPT35348	SPT35316	0.822333500250376
SPT35348	SPT35317	0.823582358235824
SPT35348	SPT35334	0.826086956521739
SPT35348	SPT35543	0.815068493150685
SPT35417	SPT35571	0.812167379734947
SPT35417	SPT35349	0.816322438339683
SPT35417	SPT35351	0.809699525566684
SPT35417	SPT35418	0.813965187644632
SPT35417	SPT35419	0.821482449964799
SPT35417	SPT35566	0.821132384560254
SPT35417	SPT35567	0.809600321349669
SPT35417	SPT35420	0.811524126120681
SPT35417	SPT35423	0.805321285140562
SPT35417	SPT35564	0.811903086357696
SPT35417	SPT35352	0.813615400040104
SPT35417	SPT35424	0.807196129812538
SPT35417	SPT35357	0.812719430233725
SPT35417	SPT35437	0.811771795901969
SPT35417	SPT35563	0.809466506217409
SPT35417	SPT35308	0.817558713839331
SPT35417	SPT35425	0.809195638757457
SPT35417	SPT35440	0.817569733889067
SPT35417	SPT35354	0.817734978433143
SPT35417	SPT35309	0.813498041578789
SPT35417	SPT35310	0.813692820357467
SPT35417	SPT35355	0.809595503362441
SPT35417	SPT35332	0.805215646940822
SPT35417	SPT35333	0.817306728166048
SPT35417	SPT35561	0.811221920016118
SPT35417	SPT35363	0.810751178417411
SPT35417	SPT35427	0.812233134073442
SPT35417	SPT35752	0.811423390752493
SPT35417	SPT35430	0.809073533849713
SPT35417	SPT35431	0.81542032495711
SPT35417	SPT35313	0.817369477911647
SPT35417	SPT35780	0.811943961550261
SPT35417	SPT35315	0.810016057808109
SPT35417	SPT35316	0.813579750903977
SPT35417	SPT35317	0.810374234975419
SPT35417	SPT35334	0.81481852817325
SPT35417	SPT35543	0.81563126252505
SPT35571	SPT35349	0.807512225574862
SPT35571	SPT35351	0.812411540555253
SPT35571	SPT35418	0.811783107403545
SPT35571	SPT35419	0.82138010230713
SPT35571	SPT35566	0.814034716342083
SPT35571	SPT35567	0.810109431995831
SPT35571	SPT35420	0.801253263707572
SPT35571	SPT35423	0.804270833333333
SPT35571	SPT35564	0.803942016894358
SPT35571	SPT35352	0.811778170845906
SPT35571	SPT35424	0.805604935689637
SPT35571	SPT35357	0.816383886749245
SPT35571	SPT35437	0.811692371821592
SPT35571	SPT35563	0.810633648943918
SPT35571	SPT35308	0.814563309653155
SPT35571	SPT35425	0.812034078807242
SPT35571	SPT35440	0.815153854637697
SPT35571	SPT35354	0.812090313182811
SPT35571	SPT35309	0.811190997186621
SPT35571	SPT35310	0.811144862260396
SPT35571	SPT35355	0.804497189256715
SPT35571	SPT35332	0.804641965029142
SPT35571	SPT35333	0.808428720083247
SPT35571	SPT35561	0.81065274151436
SPT35571	SPT35363	0.808701082431307
SPT35571	SPT35427	0.81211385701677
SPT35571	SPT35752	0.80754362135618
SPT35571	SPT35430	0.806849029024849
SPT35571	SPT35431	0.81636496808622
SPT35571	SPT35313	0.815471226021685
SPT35571	SPT35780	0.812374405076679
SPT35571	SPT35315	0.805893991461002
SPT35571	SPT35316	0.816126679862486
SPT35571	SPT35317	0.81018325697626
SPT35571	SPT35334	0.809573361082206
SPT35571	SPT35543	0.808120497707924
SPT35349	SPT35351	0.80519890549358
SPT35349	SPT35418	0.803811434302909
SPT35349	SPT35419	0.816979051819184
SPT35349	SPT35566	0.817085632536276
SPT35349	SPT35567	0.8056028014007
SPT35349	SPT35420	0.798754770034143
SPT35349	SPT35423	0.8028
SPT35349	SPT35564	0.802304609218437
SPT35349	SPT35352	0.808268424206111
SPT35349	SPT35424	0.806127574083375
SPT35349	SPT35357	0.814067339394545
SPT35349	SPT35437	0.807784670802482
SPT35349	SPT35563	0.806332401118658
SPT35349	SPT35308	0.810083358441298
SPT35349	SPT35425	0.810755336617406
SPT35349	SPT35440	0.810346666666667
SPT35349	SPT35354	0.808172644619842
SPT35349	SPT35309	0.80392353117806
SPT35349	SPT35310	0.803643317230274
SPT35349	SPT35355	0.808657402779166
SPT35349	SPT35332	0.801798201798202
SPT35349	SPT35333	0.809747328472985
SPT35349	SPT35561	0.810102430206869
SPT35349	SPT35363	0.811107781440416
SPT35349	SPT35427	0.809016306085474
SPT35349	SPT35752	0.80375615145124
SPT35349	SPT35430	0.810211656134015
SPT35349	SPT35431	0.80860907170874
SPT35349	SPT35313	0.808227404664198
SPT35349	SPT35780	0.805241154277557
SPT35349	SPT35315	0.80998099809981
SPT35349	SPT35316	0.805463824677274
SPT35349	SPT35317	0.808633956230639
SPT35349	SPT35334	0.811345251173474
SPT35349	SPT35543	0.813644977890082
SPT35351	SPT35418	0.814088368659707
SPT35351	SPT35419	0.818412162162162
SPT35351	SPT35566	0.822495982860204
SPT35351	SPT35567	0.808515122773738
SPT35351	SPT35420	0.803209459459459
SPT35351	SPT35423	0.813889767098746
SPT35351	SPT35564	0.804157433787063
SPT35351	SPT35352	0.811618606609135
SPT35351	SPT35424	0.805458584576325
SPT35351	SPT35357	0.811414130778141
SPT35351	SPT35437	0.815747865500158
SPT35351	SPT35563	0.808862225028944
SPT35351	SPT35308	0.824505761708426
SPT35351	SPT35425	0.8162517512663
SPT35351	SPT35440	0.809826912339475
SPT35351	SPT35354	0.819616922753105
SPT35351	SPT35309	0.819953645174884
SPT35351	SPT35310	0.82031746031746
SPT35351	SPT35355	0.809583991574513
SPT35351	SPT35332	0.807558690388462
SPT35351	SPT35333	0.810019997894958
SPT35351	SPT35561	0.811647817355459
SPT35351	SPT35363	0.805874302558164
SPT35351	SPT35427	0.8064048203526
SPT35351	SPT35752	0.801604899165875
SPT35351	SPT35430	0.807237813884786
SPT35351	SPT35431	0.817488884183782
SPT35351	SPT35313	0.818287158959233
SPT35351	SPT35780	0.815322062914616
SPT35351	SPT35315	0.825263157894737
SPT35351	SPT35316	0.819005478297514
SPT35351	SPT35317	0.815711878685762
SPT35351	SPT35334	0.825299936855399
SPT35351	SPT35543	0.812237220624032
SPT35418	SPT35419	0.822837022132797
SPT35418	SPT35566	0.818768568794181
SPT35418	SPT35567	0.808878176157477
SPT35418	SPT35420	0.8081377782254
SPT35418	SPT35423	0.808414499447736
SPT35418	SPT35564	0.810074401769556
SPT35418	SPT35352	0.815145436308927
SPT35418	SPT35424	0.810508269463493
SPT35418	SPT35357	0.841746111389865
SPT35418	SPT35437	0.811815533005124
SPT35418	SPT35563	0.808506369746213
SPT35418	SPT35308	0.817229219143577
SPT35418	SPT35425	0.808657207485092
SPT35418	SPT35440	0.813555698097071
SPT35418	SPT35354	0.820361083249749
SPT35418	SPT35309	0.814000200863714
SPT35418	SPT35310	0.814096738362112
SPT35418	SPT35355	0.810498845729198
SPT35418	SPT35332	0.808850090307044
SPT35418	SPT35333	0.806399839502458
SPT35418	SPT35561	0.815434213177514
SPT35418	SPT35363	0.810775559345841
SPT35418	SPT35427	0.81601708489055
SPT35418	SPT35752	0.811164852881902
SPT35418	SPT35430	0.808512779231234
SPT35418	SPT35431	0.816612838110618
SPT35418	SPT35313	0.828241206030151
SPT35418	SPT35780	0.809265698506852
SPT35418	SPT35315	0.813874109025198
SPT35418	SPT35316	0.818455668239783
SPT35418	SPT35317	0.816840626254516
SPT35418	SPT35334	0.821063189568706
SPT35418	SPT35543	0.818872704243192
SPT35419	SPT35566	0.851563300871348
SPT35419	SPT35567	0.814614072066647
SPT35419	SPT35420	0.811178247734139
SPT35419	SPT35423	0.811220393416299
SPT35419	SPT35564	0.814900462497486
SPT35419	SPT35352	0.820687581437306
SPT35419	SPT35424	0.809835735160738
SPT35419	SPT35357	0.819193742478941
SPT35419	SPT35437	0.81939564300773
SPT35419	SPT35563	0.814436090225564
SPT35419	SPT35308	0.817751360064477
SPT35419	SPT35425	0.815104434612615
SPT35419	SPT35440	0.818444420669734
SPT35419	SPT35354	0.826514239871641
SPT35419	SPT35309	0.817433219521992
SPT35419	SPT35310	0.816685183314817
SPT35419	SPT35355	0.822496488059402
SPT35419	SPT35332	0.814198335505866
SPT35419	SPT35333	0.813652766639936
SPT35419	SPT35561	0.820425017625139
SPT35419	SPT35363	0.813515139362342
SPT35419	SPT35427	0.818405301410859
SPT35419	SPT35752	0.814691656590085
SPT35419	SPT35430	0.811512528932273
SPT35419	SPT35431	0.816264756331349
SPT35419	SPT35313	0.822117316191242
SPT35419	SPT35780	0.818748722142711
SPT35419	SPT35315	0.821019875527003
SPT35419	SPT35316	0.820126544139801
SPT35419	SPT35317	0.834704112337011
SPT35419	SPT35334	0.831295108259824
SPT35419	SPT35543	0.816664906537121
SPT35566	SPT35567	0.810039873223597
SPT35566	SPT35420	0.810691565770573
SPT35566	SPT35423	0.812193126022913
SPT35566	SPT35564	0.815856777493606
SPT35566	SPT35352	0.820559983650112
SPT35566	SPT35424	0.811897435897436
SPT35566	SPT35357	0.820366015744811
SPT35566	SPT35437	0.817205400981997
SPT35566	SPT35563	0.809913132345427
SPT35566	SPT35308	0.823945829485996
SPT35566	SPT35425	0.817092235539343
SPT35566	SPT35440	0.817759030932295
SPT35566	SPT35354	0.824353338104488
SPT35566	SPT35309	0.818665031176531
SPT35566	SPT35310	0.818759610456176
SPT35566	SPT35355	0.813913043478261
SPT35566	SPT35332	0.811918634365737
SPT35566	SPT35333	0.812570260602964
SPT35566	SPT35561	0.817230769230769
SPT35566	SPT35363	0.816332788225675
SPT35566	SPT35427	0.820263555843595
SPT35566	SPT35752	0.814773076529044
SPT35566	SPT35430	0.816953316953317
SPT35566	SPT35431	0.821139045664443
SPT35566	SPT35313	0.822458580486807
SPT35566	SPT35780	0.812266500622665
SPT35566	SPT35315	0.828834355828221
SPT35566	SPT35316	0.819521178637201
SPT35566	SPT35317	0.827811860940695
SPT35566	SPT35334	0.824629535002555
SPT35566	SPT35543	0.820106951871658
SPT35567	SPT35420	0.80605268449628
SPT35567	SPT35423	0.803666232595412
SPT35567	SPT35564	0.809390048154093
SPT35567	SPT35352	0.811305652826413
SPT35567	SPT35424	0.804968819151076
SPT35567	SPT35357	0.808308308308308
SPT35567	SPT35437	0.810540026049494
SPT35567	SPT35563	0.998198739117382
SPT35567	SPT35308	0.806214802896219
SPT35567	SPT35425	0.816389402341343
SPT35567	SPT35440	0.805549626467449
SPT35567	SPT35354	0.810810810810811
SPT35567	SPT35309	0.807376227700942
SPT35567	SPT35310	0.80747908476968
SPT35567	SPT35355	0.806290064102564
SPT35567	SPT35332	0.810729656691022
SPT35567	SPT35333	0.806583950370222
SPT35567	SPT35561	0.811620426216325
SPT35567	SPT35363	0.807846277021617
SPT35567	SPT35427	0.807975263887408
SPT35567	SPT35752	0.806617055510861
SPT35567	SPT35430	0.811006226149829
SPT35567	SPT35431	0.811581067472306
SPT35567	SPT35313	0.80930419089633
SPT35567	SPT35780	0.801856953372105
SPT35567	SPT35315	0.809318637274549
SPT35567	SPT35316	0.812951082598236
SPT35567	SPT35317	0.809871846215459
SPT35567	SPT35334	0.80828497098259
SPT35567	SPT35543	0.817865795849573
SPT35420	SPT35423	0.803700724054706
SPT35420	SPT35564	0.808602800443236
SPT35420	SPT35352	0.805683872263507
SPT35420	SPT35424	0.804442200908632
SPT35420	SPT35357	0.803777755450618
SPT35420	SPT35437	0.803178115256965
SPT35420	SPT35563	0.806166516018881
SPT35420	SPT35308	0.810393541876892
SPT35420	SPT35425	0.805435453983941
SPT35420	SPT35440	0.807836420083503
SPT35420	SPT35354	0.806888933520787
SPT35420	SPT35309	0.805209171359614
SPT35420	SPT35310	0.806350490443928
SPT35420	SPT35355	0.802934378454427
SPT35420	SPT35332	0.802089612216194
SPT35420	SPT35333	0.804660038164106
SPT35420	SPT35561	0.805566760790641
SPT35420	SPT35363	0.80652938221999
SPT35420	SPT35427	0.80502405130946
SPT35420	SPT35752	0.843337032179966
SPT35420	SPT35430	0.806324906838554
SPT35420	SPT35431	0.808306386418755
SPT35420	SPT35313	0.807727135526713
SPT35420	SPT35780	0.807676560900716
SPT35420	SPT35315	0.806714242637451
SPT35420	SPT35316	0.806918744971842
SPT35420	SPT35317	0.806150135664757
SPT35420	SPT35334	0.804760470021091
SPT35420	SPT35543	0.804120443740095
SPT35423	SPT35564	0.801763880537182
SPT35423	SPT35352	0.8106
SPT35423	SPT35424	0.802272955848335
SPT35423	SPT35357	0.807003501750875
SPT35423	SPT35437	0.806787466212834
SPT35423	SPT35563	0.804060812162433
SPT35423	SPT35308	0.811017289907519
SPT35423	SPT35425	0.805937949455517
SPT35423	SPT35440	0.807581420181527
SPT35423	SPT35354	0.811805902951476
SPT35423	SPT35309	0.803025748922954
SPT35423	SPT35310	0.803929471032746
SPT35423	SPT35355	0.805422168867547
SPT35423	SPT35332	0.800720288115246
SPT35423	SPT35333	0.803680368036804
SPT35423	SPT35561	0.80625062807758
SPT35423	SPT35363	0.807942382714814
SPT35423	SPT35427	0.80819287390655
SPT35423	SPT35752	0.801669516242583
SPT35423	SPT35430	0.80289185661211
SPT35423	SPT35431	0.807568438003221
SPT35423	SPT35313	0.809581078372419
SPT35423	SPT35780	0.807554874936192
SPT35423	SPT35315	0.807330262367314
SPT35423	SPT35316	0.807495741056218
SPT35423	SPT35317	0.810367257079956
SPT35423	SPT35334	0.810981098109811
SPT35423	SPT35543	0.806577421735006
SPT35564	SPT35352	0.811322645290581
SPT35564	SPT35424	0.803745846339744
SPT35564	SPT35357	0.805413533834586
SPT35564	SPT35437	0.814361648781466
SPT35564	SPT35563	0.809399739452851
SPT35564	SPT35308	0.812002819454234
SPT35564	SPT35425	0.809171293440263
SPT35564	SPT35440	0.808842375053396
SPT35564	SPT35354	0.814035087719298
SPT35564	SPT35309	0.806422478675364
SPT35564	SPT35310	0.806659939455096
SPT35564	SPT35355	0.803428227746592
SPT35564	SPT35332	0.800621491579791
SPT35564	SPT35333	0.805792163543441
SPT35564	SPT35561	0.811191626409018
SPT35564	SPT35363	0.807156459857673
SPT35564	SPT35427	0.810138740661686
SPT35564	SPT35752	0.805558352633169
SPT35564	SPT35430	0.808504221954162
SPT35564	SPT35431	0.808688640258039
SPT35564	SPT35313	0.814814814814815
SPT35564	SPT35780	0.807621577441765
SPT35564	SPT35315	0.808687800963082
SPT35564	SPT35316	0.807186590384422
SPT35564	SPT35317	0.80878371603329
SPT35564	SPT35334	0.815312155526606
SPT35564	SPT35543	0.814951497258541
SPT35352	SPT35424	0.806931190356605
SPT35352	SPT35357	0.809471475671895
SPT35352	SPT35437	0.815889533720232
SPT35352	SPT35563	0.811126648022373
SPT35352	SPT35308	0.817615747715175
SPT35352	SPT35425	0.80931855500821
SPT35352	SPT35440	0.810773333333333
SPT35352	SPT35354	0.81176940753322
SPT35352	SPT35309	0.809828845961365
SPT35352	SPT35310	0.810185185185185
SPT35352	SPT35355	0.809657102869139
SPT35352	SPT35332	0.807692307692308
SPT35352	SPT35333	0.809547588135424
SPT35352	SPT35561	0.815223940550311
SPT35352	SPT35363	0.81400459494556
SPT35352	SPT35427	0.813172759245444
SPT35352	SPT35752	0.807773425730642
SPT35352	SPT35430	0.809007924566155
SPT35352	SPT35431	0.813738308357638
SPT35352	SPT35313	0.812331097988189
SPT35352	SPT35780	0.812174977057204
SPT35352	SPT35315	0.811981198119812
SPT35352	SPT35316	0.815570899629741
SPT35352	SPT35317	0.811531927650645
SPT35352	SPT35334	0.815340057924698
SPT35352	SPT35543	0.81785639081912
SPT35424	SPT35357	0.809868354939202
SPT35424	SPT35437	0.812091338899507
SPT35424	SPT35563	0.805203938115331
SPT35424	SPT35308	0.811162696810658
SPT35424	SPT35425	0.809538524927894
SPT35424	SPT35440	0.804233935635625
SPT35424	SPT35354	0.811658291457286
SPT35424	SPT35309	0.805795934795734
SPT35424	SPT35310	0.805460060667341
SPT35424	SPT35355	0.805711987127916
SPT35424	SPT35332	0.799216159179982
SPT35424	SPT35333	0.803596544102873
SPT35424	SPT35561	0.814190553088413
SPT35424	SPT35363	0.812198553054662
SPT35424	SPT35427	0.810449834384015
SPT35424	SPT35752	0.806099777822662
SPT35424	SPT35430	0.80528385600484
SPT35424	SPT35431	0.810687948277604
SPT35424	SPT35313	0.810266733769502
SPT35424	SPT35780	0.80878288463507
SPT35424	SPT35315	0.805250980786641
SPT35424	SPT35316	0.808857574232511
SPT35424	SPT35317	0.807901085645356
SPT35424	SPT35334	0.809423347398031
SPT35424	SPT35543	0.811139294018178
SPT35357	SPT35437	0.811993192511763
SPT35357	SPT35563	0.80953332667133
SPT35357	SPT35308	0.815514469453376
SPT35357	SPT35425	0.805934900913852
SPT35357	SPT35440	0.813447171824973
SPT35357	SPT35354	0.810875649740104
SPT35357	SPT35309	0.81163629080713
SPT35357	SPT35310	0.812103514248313
SPT35357	SPT35355	0.837667533506701
SPT35357	SPT35332	0.808695652173913
SPT35357	SPT35333	0.808852917665867
SPT35357	SPT35561	0.810609866371948
SPT35357	SPT35363	0.809714171497102
SPT35357	SPT35427	0.81618509435974
SPT35357	SPT35752	0.8116961414791
SPT35357	SPT35430	0.811421116017664
SPT35357	SPT35431	0.814047091970215
SPT35357	SPT35313	0.829461245744042
SPT35357	SPT35780	0.813730490666123
SPT35357	SPT35315	0.8138883329998
SPT35357	SPT35316	0.818382058470164
SPT35357	SPT35317	0.825734853029394
SPT35357	SPT35334	0.819944044764189
SPT35357	SPT35543	0.813145144301664
SPT35437	SPT35563	0.810967677374162
SPT35437	SPT35308	0.815969428801287
SPT35437	SPT35425	0.812756778964667
SPT35437	SPT35440	0.813067150635209
SPT35437	SPT35354	0.813795174692161
SPT35437	SPT35309	0.808841218925421
SPT35437	SPT35310	0.809274193548387
SPT35437	SPT35355	0.810710710710711
SPT35437	SPT35332	0.805605605605606
SPT35437	SPT35333	0.80906634644251
SPT35437	SPT35561	0.828493921430724
SPT35437	SPT35363	0.813632269042138
SPT35437	SPT35427	0.810285958173282
SPT35437	SPT35752	0.808551307847083
SPT35437	SPT35430	0.806208559373116
SPT35437	SPT35431	0.819810750956312
SPT35437	SPT35313	0.818127130539402
SPT35437	SPT35780	0.811210945476823
SPT35437	SPT35315	0.805691953101513
SPT35437	SPT35316	0.81453634085213
SPT35437	SPT35317	0.812756583558626
SPT35437	SPT35334	0.813169218452917
SPT35437	SPT35543	0.809448486765791
SPT35563	SPT35308	0.806328478151683
SPT35563	SPT35425	0.816091954022989
SPT35563	SPT35440	0.805546666666667
SPT35563	SPT35354	0.81093234735685
SPT35563	SPT35309	0.807607607607608
SPT35563	SPT35310	0.80793235353332
SPT35563	SPT35355	0.807119288071193
SPT35563	SPT35332	0.811250999200639
SPT35563	SPT35333	0.806712616122266
SPT35563	SPT35561	0.81160875677847
SPT35563	SPT35363	0.808572284943551
SPT35563	SPT35427	0.808057124587019
SPT35563	SPT35752	0.80664925672961
SPT35563	SPT35430	0.810593900481541
SPT35563	SPT35431	0.810984810381249
SPT35563	SPT35313	0.809390329362298
SPT35563	SPT35780	0.8019579849072
SPT35563	SPT35315	0.808642592777833
SPT35563	SPT35316	0.812750200160128
SPT35563	SPT35317	0.810294852573713
SPT35563	SPT35334	0.808710418539606
SPT35563	SPT35543	0.817186183656276
SPT35308	SPT35425	0.814360770577933
SPT35308	SPT35440	0.817062727467352
SPT35308	SPT35354	0.821241961414791
SPT35308	SPT35309	0.823174411587206
SPT35308	SPT35310	0.822631206390939
SPT35308	SPT35355	0.818318922179771
SPT35308	SPT35332	0.812719782980006
SPT35308	SPT35333	0.821313780634793
SPT35308	SPT35561	0.816870144284129
SPT35308	SPT35363	0.809925658026924
SPT35308	SPT35427	0.818765379266075
SPT35308	SPT35752	0.807894205532001
SPT35308	SPT35430	0.813545656117718
SPT35308	SPT35431	0.817593528816987
SPT35308	SPT35313	0.818977661501308
SPT35308	SPT35780	0.812269561655059
SPT35308	SPT35315	0.82590767374032
SPT35308	SPT35316	0.819315895372233
SPT35308	SPT35317	0.814691990754698
SPT35308	SPT35334	0.817496986741663
SPT35308	SPT35543	0.813306536915591
SPT35425	SPT35440	0.809224091155724
SPT35425	SPT35354	0.816716295307526
SPT35425	SPT35309	0.811665639761758
SPT35425	SPT35310	0.812016901989076
SPT35425	SPT35355	0.806637213603206
SPT35425	SPT35332	0.811415665742737
SPT35425	SPT35333	0.811351739710561
SPT35425	SPT35561	0.816412685337726
SPT35425	SPT35363	0.811415665742737
SPT35425	SPT35427	0.813211845102506
SPT35425	SPT35752	0.806056236481615
SPT35425	SPT35430	0.810816368496813
SPT35425	SPT35431	0.820195775373519
SPT35425	SPT35313	0.811632925701367
SPT35425	SPT35780	0.805254378648874
SPT35425	SPT35315	0.809636326279022
SPT35425	SPT35316	0.812191611842105
SPT35425	SPT35317	0.809303758471965
SPT35425	SPT35334	0.812378117622909
SPT35425	SPT35543	0.81549023814632
SPT35440	SPT35354	0.81974386339381
SPT35440	SPT35309	0.811939342161469
SPT35440	SPT35310	0.812928082191781
SPT35440	SPT35355	0.815356685177275
SPT35440	SPT35332	0.809432351685873
SPT35440	SPT35333	0.811286537230638
SPT35440	SPT35561	0.814553237025147
SPT35440	SPT35363	0.810519577509869
SPT35440	SPT35427	0.814086081609838
SPT35440	SPT35752	0.809946524064171
SPT35440	SPT35430	0.808699369456022
SPT35440	SPT35431	0.813249143835616
SPT35440	SPT35313	0.811252268602541
SPT35440	SPT35780	0.811951932445599
SPT35440	SPT35315	0.813980789754536
SPT35440	SPT35316	0.81544376802307
SPT35440	SPT35317	0.811739594450374
SPT35440	SPT35334	0.81408
SPT35440	SPT35543	0.817928730512249
SPT35354	SPT35309	0.813138393751252
SPT35354	SPT35310	0.813412546571342
SPT35354	SPT35355	0.819436112777445
SPT35354	SPT35332	0.811094452773613
SPT35354	SPT35333	0.812549960031974
SPT35354	SPT35561	0.817944338390435
SPT35354	SPT35363	0.812412552468519
SPT35354	SPT35427	0.812646619748347
SPT35354	SPT35752	0.810088424437299
SPT35354	SPT35430	0.812525090325171
SPT35354	SPT35431	0.816663312537734
SPT35354	SPT35313	0.81624273983577
SPT35354	SPT35780	0.816466027341359
SPT35354	SPT35315	0.817581758175818
SPT35354	SPT35316	0.879715801060743
SPT35354	SPT35317	0.81873625274945
SPT35354	SPT35334	0.829236610711431
SPT35354	SPT35543	0.816180343410934
SPT35309	SPT35310	0.996272040302267
SPT35309	SPT35355	0.815230460921844
SPT35309	SPT35332	0.805747471713227
SPT35309	SPT35333	0.803903903903904
SPT35309	SPT35561	0.811670020120724
SPT35309	SPT35363	0.806567881457749
SPT35309	SPT35427	0.809000746507412
SPT35309	SPT35752	0.806256915803239
SPT35309	SPT35430	0.811345381526104
SPT35309	SPT35431	0.812915575256901
SPT35309	SPT35313	0.811572402727637
SPT35309	SPT35780	0.807472437729686
SPT35309	SPT35315	0.821170809943865
SPT35309	SPT35316	0.810369033293221
SPT35309	SPT35317	0.810496794871795
SPT35309	SPT35334	0.815333800420378
SPT35309	SPT35543	0.808535300316122
SPT35310	SPT35355	0.814206549118388
SPT35310	SPT35332	0.806484091824406
SPT35310	SPT35333	0.802818319073981
SPT35310	SPT35561	0.8113742157458
SPT35310	SPT35363	0.806120394604389
SPT35310	SPT35427	0.810221319362771
SPT35310	SPT35752	0.806950196989595
SPT35310	SPT35430	0.81120646138314
SPT35310	SPT35431	0.813435855928774
SPT35310	SPT35313	0.812033864140294
SPT35310	SPT35780	0.807570007180224
SPT35310	SPT35315	0.820975216602861
SPT35310	SPT35316	0.810363947978627
SPT35310	SPT35317	0.8098499345352
SPT35310	SPT35334	0.813990941117262
SPT35310	SPT35543	0.809216784695064
SPT35355	SPT35332	0.802880288028803
SPT35355	SPT35333	0.805538892221556
SPT35355	SPT35561	0.813806270096463
SPT35355	SPT35363	0.8057
SPT35355	SPT35427	0.809539052496799
SPT35355	SPT35752	0.80766137140559
SPT35355	SPT35430	0.808294838320948
SPT35355	SPT35431	0.813543972630308
SPT35355	SPT35313	0.812424849699399
SPT35355	SPT35780	0.809105757452021
SPT35355	SPT35315	0.809747798238591
SPT35355	SPT35316	0.813839375125175
SPT35355	SPT35317	0.819727891156463
SPT35355	SPT35334	0.810437912417517
SPT35355	SPT35543	0.810899125118583
SPT35332	SPT35333	0.805574982515736
SPT35332	SPT35561	0.808217801888688
SPT35332	SPT35363	0.802438293194764
SPT35332	SPT35427	0.806056082738032
SPT35332	SPT35752	0.802572088817442
SPT35332	SPT35430	0.809232313095835
SPT35332	SPT35431	0.807344064386318
SPT35332	SPT35313	0.807549814759187
SPT35332	SPT35780	0.803937570131592
SPT35332	SPT35315	0.808404202101051
SPT35332	SPT35316	0.810091100210231
SPT35332	SPT35317	0.810256922923123
SPT35332	SPT35334	0.810270756319313
SPT35332	SPT35543	0.80556140720455
SPT35333	SPT35561	0.810585517726223
SPT35333	SPT35363	0.811388611388611
SPT35333	SPT35427	0.806118098486463
SPT35333	SPT35752	0.807653676175171
SPT35333	SPT35430	0.807082664526485
SPT35333	SPT35431	0.816435324884329
SPT35333	SPT35313	0.814714714714715
SPT35333	SPT35780	0.808688558025699
SPT35333	SPT35315	0.811962392478496
SPT35333	SPT35316	0.811148919135308
SPT35333	SPT35317	0.810813511892864
SPT35333	SPT35334	0.809928086296444
SPT35333	SPT35543	0.810782352321786
SPT35561	SPT35363	0.809141135107986
SPT35561	SPT35427	0.81193200042767
SPT35561	SPT35752	0.804905127169964
SPT35561	SPT35430	0.808060453400504
SPT35561	SPT35431	0.814792361321613
SPT35561	SPT35313	0.813801428427724
SPT35561	SPT35780	0.814515303511107
SPT35561	SPT35315	0.809188700110586
SPT35561	SPT35316	0.813499647922744
SPT35561	SPT35317	0.8116961414791
SPT35561	SPT35334	0.81711358843025
SPT35561	SPT35543	0.838498149127446
SPT35363	SPT35427	0.809828376505703
SPT35363	SPT35752	0.811533052039381
SPT35363	SPT35430	0.809471255141968
SPT35363	SPT35431	0.811789558394528
SPT35363	SPT35313	0.811874249098919
SPT35363	SPT35780	0.808057113717491
SPT35363	SPT35315	0.810924369747899
SPT35363	SPT35316	0.805305305305305
SPT35363	SPT35317	0.810375849660136
SPT35363	SPT35334	0.810889110889111
SPT35363	SPT35543	0.810953133228015
SPT35427	SPT35752	0.809727418492785
SPT35427	SPT35430	0.809432351685873
SPT35427	SPT35431	0.816501015282676
SPT35427	SPT35313	0.812673351824195
SPT35427	SPT35780	0.809894145603802
SPT35427	SPT35315	0.814226298389677
SPT35427	SPT35316	0.814281139929555
SPT35427	SPT35317	0.807167235494881
SPT35427	SPT35334	0.810614941916232
SPT35427	SPT35543	0.810922033144255
SPT35752	SPT35430	0.808300594338672
SPT35752	SPT35431	0.809783707297352
SPT35752	SPT35313	0.80217238258071
SPT35752	SPT35780	0.812083973374296
SPT35752	SPT35315	0.811519903498191
SPT35752	SPT35316	0.80971537765262
SPT35752	SPT35317	0.812179680434127
SPT35752	SPT35334	0.808658095620731
SPT35752	SPT35543	0.810142630744849
SPT35430	SPT35431	0.812531530622541
SPT35430	SPT35313	0.81071033859138
SPT35430	SPT35780	0.807483897352009
SPT35430	SPT35315	0.809901586663989
SPT35430	SPT35316	0.807796644227871
SPT35430	SPT35317	0.810379441879141
SPT35430	SPT35334	0.809289727126806
SPT35430	SPT35543	0.809302816158633
SPT35431	SPT35313	0.814635621409132
SPT35431	SPT35780	0.814587174759271
SPT35431	SPT35315	0.816497129620304
SPT35431	SPT35316	0.816083845611206
SPT35431	SPT35317	0.812399355877617
SPT35431	SPT35334	0.816837658418829
SPT35431	SPT35543	0.812513210737688
SPT35313	SPT35780	0.812557427258806
SPT35313	SPT35315	0.815950305580603
SPT35313	SPT35316	0.825045117304993
SPT35313	SPT35317	0.817007211538462
SPT35313	SPT35334	0.815415415415415
SPT35313	SPT35543	0.813198397638625
SPT35780	SPT35315	0.813042147157873
SPT35780	SPT35316	0.810681098744001
SPT35780	SPT35317	0.811632653061224
SPT35780	SPT35334	0.809708341831532
SPT35780	SPT35543	0.80951871657754
SPT35315	SPT35316	0.817344281994793
SPT35315	SPT35317	0.82227559291504
SPT35315	SPT35334	0.824664932986597
SPT35315	SPT35543	0.816505059021922
SPT35316	SPT35317	0.817462701511966
SPT35316	SPT35334	0.825660528422738
SPT35316	SPT35543	0.80985024256486
SPT35317	SPT35334	0.825804517289626
SPT35317	SPT35543	0.808766199557476
SPT35334	SPT35543	0.812782984100242
