rec_rate,bottleneck_size,est,chr_length,n_populations,migration_rate,Ne,outbreak_size,sampling_proportion,generations,mutation_rate,s,h,g_sel_start,selfing_rate,replicate_id,scenario_id,outdir,rec_category,bottle_category,est_category
1e-09,1,0.3,640851,3,0.001,10000,1000,0.05,200,2.13e-08,0.0,0.5,80,0.0,1,MIG001_very_low_tight_moderate_mlow,sim_migration,very_low,tight,
1e-09,1,0.3,640851,3,0.001,10000,1000,0.05,200,2.13e-08,0.0,0.5,80,0.0,2,MIG002_very_low_tight_moderate_mlow,sim_migration,very_low,tight,
1e-09,1,0.3,640851,3,0.001,10000,1000,0.05,200,2.13e-08,0.0,0.5,80,0.0,3,MIG003_very_low_tight_moderate_mlow,sim_migration,very_low,tight,
1e-09,1,0.3,640851,3,0.001,10000,1000,0.05,200,2.13e-08,0.0,0.5,80,0.0,4,MIG004_very_low_tight_moderate_mlow,sim_migration,very_low,tight,
1e-09,1,0.3,640851,3,0.001,10000,1000,0.05,200,2.13e-08,0.0,0.5,80,0.0,5,MIG005_very_low_tight_moderate_mlow,sim_migration,very_low,tight,
1e-09,1,0.3,640851,3,0.001,10000,1000,0.05,200,2.13e-08,0.0,0.5,80,0.0,6,MIG006_very_low_tight_moderate_mlow,sim_migration,very_low,tight,
1e-09,1,0.3,640851,3,0.001,10000,1000,0.05,200,2.13e-08,0.0,0.5,80,0.0,7,MIG007_very_low_tight_moderate_mlow,sim_migration,very_low,tight,
1e-09,1,0.3,640851,3,0.001,10000,1000,0.05,200,2.13e-08,0.0,0.5,80,0.0,8,MIG008_very_low_tight_moderate_mlow,sim_migration,very_low,tight,
1e-09,1,0.3,640851,3,0.001,10000,1000,0.05,200,2.13e-08,0.0,0.5,80,0.0,9,MIG009_very_low_tight_moderate_mlow,sim_migration,very_low,tight,
1e-09,1,0.3,640851,3,0.001,10000,1000,0.05,200,2.13e-08,0.0,0.5,80,0.0,10,MIG010_very_low_tight_moderate_mlow,sim_migration,very_low,tight,
1e-09,1,0.3,640851,3,0.001,10000,1000,0.05,200,2.13e-08,0.0,0.5,80,0.0,11,MIG011_very_low_tight_moderate_mlow,sim_migration,very_low,tight,
1e-09,1,0.3,640851,3,0.001,10000,1000,0.05,200,2.13e-08,0.0,0.5,80,0.0,12,MIG012_very_low_tight_moderate_mlow,sim_migration,very_low,tight,
1e-09,1,0.3,640851,3,0.001,10000,1000,0.05,200,2.13e-08,0.0,0.5,80,0.0,13,MIG013_very_low_tight_moderate_mlow,sim_migration,very_low,tight,
1e-09,1,0.3,640851,3,0.001,10000,1000,0.05,200,2.13e-08,0.0,0.5,80,0.0,14,MIG014_very_low_tight_moderate_mlow,sim_migration,very_low,tight,
1e-09,1,0.3,640851,3,0.001,10000,1000,0.05,200,2.13e-08,0.0,0.5,80,0.0,15,MIG015_very_low_tight_moderate_mlow,sim_migration,very_low,tight,
1e-09,1,0.3,640851,3,0.001,10000,1000,0.05,200,2.13e-08,0.0,0.5,80,0.0,16,MIG016_very_low_tight_moderate_mlow,sim_migration,very_low,tight,
1e-09,1,0.3,640851,3,0.001,10000,1000,0.05,200,2.13e-08,0.0,0.5,80,0.0,17,MIG017_very_low_tight_moderate_mlow,sim_migration,very_low,tight,
1e-09,1,0.3,640851,3,0.001,10000,1000,0.05,200,2.13e-08,0.0,0.5,80,0.0,18,MIG018_very_low_tight_moderate_mlow,sim_migration,very_low,tight,
1e-09,1,0.3,640851,3,0.001,10000,1000,0.05,200,2.13e-08,0.0,0.5,80,0.0,19,MIG019_very_low_tight_moderate_mlow,sim_migration,very_low,tight,
1e-09,1,0.3,640851,3,0.001,10000,1000,0.05,200,2.13e-08,0.0,0.5,80,0.0,20,MIG020_very_low_tight_moderate_mlow,sim_migration,very_low,tight,
1e-09,1,0.3,640851,3,0.001,10000,1000,0.1,200,2.13e-08,0.0,0.5,80,0.0,1,MIG021_very_low_tight_moderate_mlow,sim_migration,very_low,tight,
1e-09,1,0.3,640851,3,0.001,10000,1000,0.1,200,2.13e-08,0.0,0.5,80,0.0,2,MIG022_very_low_tight_moderate_mlow,sim_migration,very_low,tight,
1e-09,1,0.3,640851,3,0.001,10000,1000,0.1,200,2.13e-08,0.0,0.5,80,0.0,3,MIG023_very_low_tight_moderate_mlow,sim_migration,very_low,tight,
1e-09,1,0.3,640851,3,0.001,10000,1000,0.1,200,2.13e-08,0.0,0.5,80,0.0,4,MIG024_very_low_tight_moderate_mlow,sim_migration,very_low,tight,
1e-09,1,0.3,640851,3,0.001,10000,1000,0.1,200,2.13e-08,0.0,0.5,80,0.0,5,MIG025_very_low_tight_moderate_mlow,sim_migration,very_low,tight,
1e-09,1,0.3,640851,3,0.001,10000,1000,0.1,200,2.13e-08,0.0,0.5,80,0.0,6,MIG026_very_low_tight_moderate_mlow,sim_migration,very_low,tight,
1e-09,1,0.3,640851,3,0.001,10000,1000,0.1,200,2.13e-08,0.0,0.5,80,0.0,7,MIG027_very_low_tight_moderate_mlow,sim_migration,very_low,tight,
1e-09,1,0.3,640851,3,0.001,10000,1000,0.1,200,2.13e-08,0.0,0.5,80,0.0,8,MIG028_very_low_tight_moderate_mlow,sim_migration,very_low,tight,
1e-09,1,0.3,640851,3,0.001,10000,1000,0.1,200,2.13e-08,0.0,0.5,80,0.0,9,MIG029_very_low_tight_moderate_mlow,sim_migration,very_low,tight,
1e-09,1,0.3,640851,3,0.001,10000,1000,0.1,200,2.13e-08,0.0,0.5,80,0.0,10,MIG030_very_low_tight_moderate_mlow,sim_migration,very_low,tight,
1e-09,1,0.3,640851,3,0.001,10000,1000,0.1,200,2.13e-08,0.0,0.5,80,0.0,11,MIG031_very_low_tight_moderate_mlow,sim_migration,very_low,tight,
1e-09,1,0.3,640851,3,0.001,10000,1000,0.1,200,2.13e-08,0.0,0.5,80,0.0,12,MIG032_very_low_tight_moderate_mlow,sim_migration,very_low,tight,
1e-09,1,0.3,640851,3,0.001,10000,1000,0.1,200,2.13e-08,0.0,0.5,80,0.0,13,MIG033_very_low_tight_moderate_mlow,sim_migration,very_low,tight,
1e-09,1,0.3,640851,3,0.001,10000,1000,0.1,200,2.13e-08,0.0,0.5,80,0.0,14,MIG034_very_low_tight_moderate_mlow,sim_migration,very_low,tight,
1e-09,1,0.3,640851,3,0.001,10000,1000,0.1,200,2.13e-08,0.0,0.5,80,0.0,15,MIG035_very_low_tight_moderate_mlow,sim_migration,very_low,tight,
1e-09,1,0.3,640851,3,0.001,10000,1000,0.1,200,2.13e-08,0.0,0.5,80,0.0,16,MIG036_very_low_tight_moderate_mlow,sim_migration,very_low,tight,
1e-09,1,0.3,640851,3,0.001,10000,1000,0.1,200,2.13e-08,0.0,0.5,80,0.0,17,MIG037_very_low_tight_moderate_mlow,sim_migration,very_low,tight,
1e-09,1,0.3,640851,3,0.001,10000,1000,0.1,200,2.13e-08,0.0,0.5,80,0.0,18,MIG038_very_low_tight_moderate_mlow,sim_migration,very_low,tight,
1e-09,1,0.3,640851,3,0.001,10000,1000,0.1,200,2.13e-08,0.0,0.5,80,0.0,19,MIG039_very_low_tight_moderate_mlow,sim_migration,very_low,tight,
1e-09,1,0.3,640851,3,0.001,10000,1000,0.1,200,2.13e-08,0.0,0.5,80,0.0,20,MIG040_very_low_tight_moderate_mlow,sim_migration,very_low,tight,
1e-09,1,0.3,640851,3,0.001,10000,1000,0.2,200,2.13e-08,0.0,0.5,80,0.0,1,MIG041_very_low_tight_moderate_mlow,sim_migration,very_low,tight,
1e-09,1,0.3,640851,3,0.001,10000,1000,0.2,200,2.13e-08,0.0,0.5,80,0.0,2,MIG042_very_low_tight_moderate_mlow,sim_migration,very_low,tight,
1e-09,1,0.3,640851,3,0.001,10000,1000,0.2,200,2.13e-08,0.0,0.5,80,0.0,3,MIG043_very_low_tight_moderate_mlow,sim_migration,very_low,tight,
1e-09,1,0.3,640851,3,0.001,10000,1000,0.2,200,2.13e-08,0.0,0.5,80,0.0,4,MIG044_very_low_tight_moderate_mlow,sim_migration,very_low,tight,
1e-09,1,0.3,640851,3,0.001,10000,1000,0.2,200,2.13e-08,0.0,0.5,80,0.0,5,MIG045_very_low_tight_moderate_mlow,sim_migration,very_low,tight,
1e-09,1,0.3,640851,3,0.001,10000,1000,0.2,200,2.13e-08,0.0,0.5,80,0.0,6,MIG046_very_low_tight_moderate_mlow,sim_migration,very_low,tight,
1e-09,1,0.3,640851,3,0.001,10000,1000,0.2,200,2.13e-08,0.0,0.5,80,0.0,7,MIG047_very_low_tight_moderate_mlow,sim_migration,very_low,tight,
1e-09,1,0.3,640851,3,0.001,10000,1000,0.2,200,2.13e-08,0.0,0.5,80,0.0,8,MIG048_very_low_tight_moderate_mlow,sim_migration,very_low,tight,
1e-09,1,0.3,640851,3,0.001,10000,1000,0.2,200,2.13e-08,0.0,0.5,80,0.0,9,MIG049_very_low_tight_moderate_mlow,sim_migration,very_low,tight,
1e-09,1,0.3,640851,3,0.001,10000,1000,0.2,200,2.13e-08,0.0,0.5,80,0.0,10,MIG050_very_low_tight_moderate_mlow,sim_migration,very_low,tight,
1e-09,1,0.3,640851,3,0.001,10000,1000,0.2,200,2.13e-08,0.0,0.5,80,0.0,11,MIG051_very_low_tight_moderate_mlow,sim_migration,very_low,tight,
1e-09,1,0.3,640851,3,0.001,10000,1000,0.2,200,2.13e-08,0.0,0.5,80,0.0,12,MIG052_very_low_tight_moderate_mlow,sim_migration,very_low,tight,
1e-09,1,0.3,640851,3,0.001,10000,1000,0.2,200,2.13e-08,0.0,0.5,80,0.0,13,MIG053_very_low_tight_moderate_mlow,sim_migration,very_low,tight,
1e-09,1,0.3,640851,3,0.001,10000,1000,0.2,200,2.13e-08,0.0,0.5,80,0.0,14,MIG054_very_low_tight_moderate_mlow,sim_migration,very_low,tight,
1e-09,1,0.3,640851,3,0.001,10000,1000,0.2,200,2.13e-08,0.0,0.5,80,0.0,15,MIG055_very_low_tight_moderate_mlow,sim_migration,very_low,tight,
1e-09,1,0.3,640851,3,0.001,10000,1000,0.2,200,2.13e-08,0.0,0.5,80,0.0,16,MIG056_very_low_tight_moderate_mlow,sim_migration,very_low,tight,
1e-09,1,0.3,640851,3,0.001,10000,1000,0.2,200,2.13e-08,0.0,0.5,80,0.0,17,MIG057_very_low_tight_moderate_mlow,sim_migration,very_low,tight,
1e-09,1,0.3,640851,3,0.001,10000,1000,0.2,200,2.13e-08,0.0,0.5,80,0.0,18,MIG058_very_low_tight_moderate_mlow,sim_migration,very_low,tight,
1e-09,1,0.3,640851,3,0.001,10000,1000,0.2,200,2.13e-08,0.0,0.5,80,0.0,19,MIG059_very_low_tight_moderate_mlow,sim_migration,very_low,tight,
1e-09,1,0.3,640851,3,0.001,10000,1000,0.2,200,2.13e-08,0.0,0.5,80,0.0,20,MIG060_very_low_tight_moderate_mlow,sim_migration,very_low,tight,
1e-09,1,0.3,640851,3,0.01,10000,1000,0.05,200,2.13e-08,0.0,0.5,80,0.0,1,MIG061_very_low_tight_moderate_mmedium,sim_migration,very_low,tight,
1e-09,1,0.3,640851,3,0.01,10000,1000,0.05,200,2.13e-08,0.0,0.5,80,0.0,2,MIG062_very_low_tight_moderate_mmedium,sim_migration,very_low,tight,
1e-09,1,0.3,640851,3,0.01,10000,1000,0.05,200,2.13e-08,0.0,0.5,80,0.0,3,MIG063_very_low_tight_moderate_mmedium,sim_migration,very_low,tight,
1e-09,1,0.3,640851,3,0.01,10000,1000,0.05,200,2.13e-08,0.0,0.5,80,0.0,4,MIG064_very_low_tight_moderate_mmedium,sim_migration,very_low,tight,
1e-09,1,0.3,640851,3,0.01,10000,1000,0.05,200,2.13e-08,0.0,0.5,80,0.0,5,MIG065_very_low_tight_moderate_mmedium,sim_migration,very_low,tight,
1e-09,1,0.3,640851,3,0.01,10000,1000,0.05,200,2.13e-08,0.0,0.5,80,0.0,6,MIG066_very_low_tight_moderate_mmedium,sim_migration,very_low,tight,
1e-09,1,0.3,640851,3,0.01,10000,1000,0.05,200,2.13e-08,0.0,0.5,80,0.0,7,MIG067_very_low_tight_moderate_mmedium,sim_migration,very_low,tight,
1e-09,1,0.3,640851,3,0.01,10000,1000,0.05,200,2.13e-08,0.0,0.5,80,0.0,8,MIG068_very_low_tight_moderate_mmedium,sim_migration,very_low,tight,
1e-09,1,0.3,640851,3,0.01,10000,1000,0.05,200,2.13e-08,0.0,0.5,80,0.0,9,MIG069_very_low_tight_moderate_mmedium,sim_migration,very_low,tight,
1e-09,1,0.3,640851,3,0.01,10000,1000,0.05,200,2.13e-08,0.0,0.5,80,0.0,10,MIG070_very_low_tight_moderate_mmedium,sim_migration,very_low,tight,
1e-09,1,0.3,640851,3,0.01,10000,1000,0.05,200,2.13e-08,0.0,0.5,80,0.0,11,MIG071_very_low_tight_moderate_mmedium,sim_migration,very_low,tight,
1e-09,1,0.3,640851,3,0.01,10000,1000,0.05,200,2.13e-08,0.0,0.5,80,0.0,12,MIG072_very_low_tight_moderate_mmedium,sim_migration,very_low,tight,
1e-09,1,0.3,640851,3,0.01,10000,1000,0.05,200,2.13e-08,0.0,0.5,80,0.0,13,MIG073_very_low_tight_moderate_mmedium,sim_migration,very_low,tight,
1e-09,1,0.3,640851,3,0.01,10000,1000,0.05,200,2.13e-08,0.0,0.5,80,0.0,14,MIG074_very_low_tight_moderate_mmedium,sim_migration,very_low,tight,
1e-09,1,0.3,640851,3,0.01,10000,1000,0.05,200,2.13e-08,0.0,0.5,80,0.0,15,MIG075_very_low_tight_moderate_mmedium,sim_migration,very_low,tight,
1e-09,1,0.3,640851,3,0.01,10000,1000,0.05,200,2.13e-08,0.0,0.5,80,0.0,16,MIG076_very_low_tight_moderate_mmedium,sim_migration,very_low,tight,
1e-09,1,0.3,640851,3,0.01,10000,1000,0.05,200,2.13e-08,0.0,0.5,80,0.0,17,MIG077_very_low_tight_moderate_mmedium,sim_migration,very_low,tight,
1e-09,1,0.3,640851,3,0.01,10000,1000,0.05,200,2.13e-08,0.0,0.5,80,0.0,18,MIG078_very_low_tight_moderate_mmedium,sim_migration,very_low,tight,
1e-09,1,0.3,640851,3,0.01,10000,1000,0.05,200,2.13e-08,0.0,0.5,80,0.0,19,MIG079_very_low_tight_moderate_mmedium,sim_migration,very_low,tight,
1e-09,1,0.3,640851,3,0.01,10000,1000,0.05,200,2.13e-08,0.0,0.5,80,0.0,20,MIG080_very_low_tight_moderate_mmedium,sim_migration,very_low,tight,
1e-09,1,0.3,640851,3,0.01,10000,1000,0.1,200,2.13e-08,0.0,0.5,80,0.0,1,MIG081_very_low_tight_moderate_mmedium,sim_migration,very_low,tight,
1e-09,1,0.3,640851,3,0.01,10000,1000,0.1,200,2.13e-08,0.0,0.5,80,0.0,2,MIG082_very_low_tight_moderate_mmedium,sim_migration,very_low,tight,
1e-09,1,0.3,640851,3,0.01,10000,1000,0.1,200,2.13e-08,0.0,0.5,80,0.0,3,MIG083_very_low_tight_moderate_mmedium,sim_migration,very_low,tight,
1e-09,1,0.3,640851,3,0.01,10000,1000,0.1,200,2.13e-08,0.0,0.5,80,0.0,4,MIG084_very_low_tight_moderate_mmedium,sim_migration,very_low,tight,
1e-09,1,0.3,640851,3,0.01,10000,1000,0.1,200,2.13e-08,0.0,0.5,80,0.0,5,MIG085_very_low_tight_moderate_mmedium,sim_migration,very_low,tight,
1e-09,1,0.3,640851,3,0.01,10000,1000,0.1,200,2.13e-08,0.0,0.5,80,0.0,6,MIG086_very_low_tight_moderate_mmedium,sim_migration,very_low,tight,
1e-09,1,0.3,640851,3,0.01,10000,1000,0.1,200,2.13e-08,0.0,0.5,80,0.0,7,MIG087_very_low_tight_moderate_mmedium,sim_migration,very_low,tight,
1e-09,1,0.3,640851,3,0.01,10000,1000,0.1,200,2.13e-08,0.0,0.5,80,0.0,8,MIG088_very_low_tight_moderate_mmedium,sim_migration,very_low,tight,
1e-09,1,0.3,640851,3,0.01,10000,1000,0.1,200,2.13e-08,0.0,0.5,80,0.0,9,MIG089_very_low_tight_moderate_mmedium,sim_migration,very_low,tight,
1e-09,1,0.3,640851,3,0.01,10000,1000,0.1,200,2.13e-08,0.0,0.5,80,0.0,10,MIG090_very_low_tight_moderate_mmedium,sim_migration,very_low,tight,
1e-09,1,0.3,640851,3,0.01,10000,1000,0.1,200,2.13e-08,0.0,0.5,80,0.0,11,MIG091_very_low_tight_moderate_mmedium,sim_migration,very_low,tight,
1e-09,1,0.3,640851,3,0.01,10000,1000,0.1,200,2.13e-08,0.0,0.5,80,0.0,12,MIG092_very_low_tight_moderate_mmedium,sim_migration,very_low,tight,
1e-09,1,0.3,640851,3,0.01,10000,1000,0.1,200,2.13e-08,0.0,0.5,80,0.0,13,MIG093_very_low_tight_moderate_mmedium,sim_migration,very_low,tight,
1e-09,1,0.3,640851,3,0.01,10000,1000,0.1,200,2.13e-08,0.0,0.5,80,0.0,14,MIG094_very_low_tight_moderate_mmedium,sim_migration,very_low,tight,
1e-09,1,0.3,640851,3,0.01,10000,1000,0.1,200,2.13e-08,0.0,0.5,80,0.0,15,MIG095_very_low_tight_moderate_mmedium,sim_migration,very_low,tight,
1e-09,1,0.3,640851,3,0.01,10000,1000,0.1,200,2.13e-08,0.0,0.5,80,0.0,16,MIG096_very_low_tight_moderate_mmedium,sim_migration,very_low,tight,
1e-09,1,0.3,640851,3,0.01,10000,1000,0.1,200,2.13e-08,0.0,0.5,80,0.0,17,MIG097_very_low_tight_moderate_mmedium,sim_migration,very_low,tight,
1e-09,1,0.3,640851,3,0.01,10000,1000,0.1,200,2.13e-08,0.0,0.5,80,0.0,18,MIG098_very_low_tight_moderate_mmedium,sim_migration,very_low,tight,
1e-09,1,0.3,640851,3,0.01,10000,1000,0.1,200,2.13e-08,0.0,0.5,80,0.0,19,MIG099_very_low_tight_moderate_mmedium,sim_migration,very_low,tight,
1e-09,1,0.3,640851,3,0.01,10000,1000,0.1,200,2.13e-08,0.0,0.5,80,0.0,20,MIG100_very_low_tight_moderate_mmedium,sim_migration,very_low,tight,
1e-09,1,0.3,640851,3,0.01,10000,1000,0.2,200,2.13e-08,0.0,0.5,80,0.0,1,MIG101_very_low_tight_moderate_mmedium,sim_migration,very_low,tight,
1e-09,1,0.3,640851,3,0.01,10000,1000,0.2,200,2.13e-08,0.0,0.5,80,0.0,2,MIG102_very_low_tight_moderate_mmedium,sim_migration,very_low,tight,
1e-09,1,0.3,640851,3,0.01,10000,1000,0.2,200,2.13e-08,0.0,0.5,80,0.0,3,MIG103_very_low_tight_moderate_mmedium,sim_migration,very_low,tight,
1e-09,1,0.3,640851,3,0.01,10000,1000,0.2,200,2.13e-08,0.0,0.5,80,0.0,4,MIG104_very_low_tight_moderate_mmedium,sim_migration,very_low,tight,
1e-09,1,0.3,640851,3,0.01,10000,1000,0.2,200,2.13e-08,0.0,0.5,80,0.0,5,MIG105_very_low_tight_moderate_mmedium,sim_migration,very_low,tight,
1e-09,1,0.3,640851,3,0.01,10000,1000,0.2,200,2.13e-08,0.0,0.5,80,0.0,6,MIG106_very_low_tight_moderate_mmedium,sim_migration,very_low,tight,
1e-09,1,0.3,640851,3,0.01,10000,1000,0.2,200,2.13e-08,0.0,0.5,80,0.0,7,MIG107_very_low_tight_moderate_mmedium,sim_migration,very_low,tight,
1e-09,1,0.3,640851,3,0.01,10000,1000,0.2,200,2.13e-08,0.0,0.5,80,0.0,8,MIG108_very_low_tight_moderate_mmedium,sim_migration,very_low,tight,
1e-09,1,0.3,640851,3,0.01,10000,1000,0.2,200,2.13e-08,0.0,0.5,80,0.0,9,MIG109_very_low_tight_moderate_mmedium,sim_migration,very_low,tight,
1e-09,1,0.3,640851,3,0.01,10000,1000,0.2,200,2.13e-08,0.0,0.5,80,0.0,10,MIG110_very_low_tight_moderate_mmedium,sim_migration,very_low,tight,
1e-09,1,0.3,640851,3,0.01,10000,1000,0.2,200,2.13e-08,0.0,0.5,80,0.0,11,MIG111_very_low_tight_moderate_mmedium,sim_migration,very_low,tight,
1e-09,1,0.3,640851,3,0.01,10000,1000,0.2,200,2.13e-08,0.0,0.5,80,0.0,12,MIG112_very_low_tight_moderate_mmedium,sim_migration,very_low,tight,
1e-09,1,0.3,640851,3,0.01,10000,1000,0.2,200,2.13e-08,0.0,0.5,80,0.0,13,MIG113_very_low_tight_moderate_mmedium,sim_migration,very_low,tight,
1e-09,1,0.3,640851,3,0.01,10000,1000,0.2,200,2.13e-08,0.0,0.5,80,0.0,14,MIG114_very_low_tight_moderate_mmedium,sim_migration,very_low,tight,
1e-09,1,0.3,640851,3,0.01,10000,1000,0.2,200,2.13e-08,0.0,0.5,80,0.0,15,MIG115_very_low_tight_moderate_mmedium,sim_migration,very_low,tight,
1e-09,1,0.3,640851,3,0.01,10000,1000,0.2,200,2.13e-08,0.0,0.5,80,0.0,16,MIG116_very_low_tight_moderate_mmedium,sim_migration,very_low,tight,
1e-09,1,0.3,640851,3,0.01,10000,1000,0.2,200,2.13e-08,0.0,0.5,80,0.0,17,MIG117_very_low_tight_moderate_mmedium,sim_migration,very_low,tight,
1e-09,1,0.3,640851,3,0.01,10000,1000,0.2,200,2.13e-08,0.0,0.5,80,0.0,18,MIG118_very_low_tight_moderate_mmedium,sim_migration,very_low,tight,
1e-09,1,0.3,640851,3,0.01,10000,1000,0.2,200,2.13e-08,0.0,0.5,80,0.0,19,MIG119_very_low_tight_moderate_mmedium,sim_migration,very_low,tight,
1e-09,1,0.3,640851,3,0.01,10000,1000,0.2,200,2.13e-08,0.0,0.5,80,0.0,20,MIG120_very_low_tight_moderate_mmedium,sim_migration,very_low,tight,
1e-09,1,0.3,640851,3,0.05,10000,1000,0.05,200,2.13e-08,0.0,0.5,80,0.0,1,MIG121_very_low_tight_moderate_mhigh,sim_migration,very_low,tight,
1e-09,1,0.3,640851,3,0.05,10000,1000,0.05,200,2.13e-08,0.0,0.5,80,0.0,2,MIG122_very_low_tight_moderate_mhigh,sim_migration,very_low,tight,
1e-09,1,0.3,640851,3,0.05,10000,1000,0.05,200,2.13e-08,0.0,0.5,80,0.0,3,MIG123_very_low_tight_moderate_mhigh,sim_migration,very_low,tight,
1e-09,1,0.3,640851,3,0.05,10000,1000,0.05,200,2.13e-08,0.0,0.5,80,0.0,4,MIG124_very_low_tight_moderate_mhigh,sim_migration,very_low,tight,
1e-09,1,0.3,640851,3,0.05,10000,1000,0.05,200,2.13e-08,0.0,0.5,80,0.0,5,MIG125_very_low_tight_moderate_mhigh,sim_migration,very_low,tight,
1e-09,1,0.3,640851,3,0.05,10000,1000,0.05,200,2.13e-08,0.0,0.5,80,0.0,6,MIG126_very_low_tight_moderate_mhigh,sim_migration,very_low,tight,
1e-09,1,0.3,640851,3,0.05,10000,1000,0.05,200,2.13e-08,0.0,0.5,80,0.0,7,MIG127_very_low_tight_moderate_mhigh,sim_migration,very_low,tight,
1e-09,1,0.3,640851,3,0.05,10000,1000,0.05,200,2.13e-08,0.0,0.5,80,0.0,8,MIG128_very_low_tight_moderate_mhigh,sim_migration,very_low,tight,
1e-09,1,0.3,640851,3,0.05,10000,1000,0.05,200,2.13e-08,0.0,0.5,80,0.0,9,MIG129_very_low_tight_moderate_mhigh,sim_migration,very_low,tight,
1e-09,1,0.3,640851,3,0.05,10000,1000,0.05,200,2.13e-08,0.0,0.5,80,0.0,10,MIG130_very_low_tight_moderate_mhigh,sim_migration,very_low,tight,
1e-09,1,0.3,640851,3,0.05,10000,1000,0.05,200,2.13e-08,0.0,0.5,80,0.0,11,MIG131_very_low_tight_moderate_mhigh,sim_migration,very_low,tight,
1e-09,1,0.3,640851,3,0.05,10000,1000,0.05,200,2.13e-08,0.0,0.5,80,0.0,12,MIG132_very_low_tight_moderate_mhigh,sim_migration,very_low,tight,
1e-09,1,0.3,640851,3,0.05,10000,1000,0.05,200,2.13e-08,0.0,0.5,80,0.0,13,MIG133_very_low_tight_moderate_mhigh,sim_migration,very_low,tight,
1e-09,1,0.3,640851,3,0.05,10000,1000,0.05,200,2.13e-08,0.0,0.5,80,0.0,14,MIG134_very_low_tight_moderate_mhigh,sim_migration,very_low,tight,
1e-09,1,0.3,640851,3,0.05,10000,1000,0.05,200,2.13e-08,0.0,0.5,80,0.0,15,MIG135_very_low_tight_moderate_mhigh,sim_migration,very_low,tight,
1e-09,1,0.3,640851,3,0.05,10000,1000,0.05,200,2.13e-08,0.0,0.5,80,0.0,16,MIG136_very_low_tight_moderate_mhigh,sim_migration,very_low,tight,
1e-09,1,0.3,640851,3,0.05,10000,1000,0.05,200,2.13e-08,0.0,0.5,80,0.0,17,MIG137_very_low_tight_moderate_mhigh,sim_migration,very_low,tight,
1e-09,1,0.3,640851,3,0.05,10000,1000,0.05,200,2.13e-08,0.0,0.5,80,0.0,18,MIG138_very_low_tight_moderate_mhigh,sim_migration,very_low,tight,
1e-09,1,0.3,640851,3,0.05,10000,1000,0.05,200,2.13e-08,0.0,0.5,80,0.0,19,MIG139_very_low_tight_moderate_mhigh,sim_migration,very_low,tight,
1e-09,1,0.3,640851,3,0.05,10000,1000,0.05,200,2.13e-08,0.0,0.5,80,0.0,20,MIG140_very_low_tight_moderate_mhigh,sim_migration,very_low,tight,
1e-09,1,0.3,640851,3,0.05,10000,1000,0.1,200,2.13e-08,0.0,0.5,80,0.0,1,MIG141_very_low_tight_moderate_mhigh,sim_migration,very_low,tight,
1e-09,1,0.3,640851,3,0.05,10000,1000,0.1,200,2.13e-08,0.0,0.5,80,0.0,2,MIG142_very_low_tight_moderate_mhigh,sim_migration,very_low,tight,
1e-09,1,0.3,640851,3,0.05,10000,1000,0.1,200,2.13e-08,0.0,0.5,80,0.0,3,MIG143_very_low_tight_moderate_mhigh,sim_migration,very_low,tight,
1e-09,1,0.3,640851,3,0.05,10000,1000,0.1,200,2.13e-08,0.0,0.5,80,0.0,4,MIG144_very_low_tight_moderate_mhigh,sim_migration,very_low,tight,
1e-09,1,0.3,640851,3,0.05,10000,1000,0.1,200,2.13e-08,0.0,0.5,80,0.0,5,MIG145_very_low_tight_moderate_mhigh,sim_migration,very_low,tight,
1e-09,1,0.3,640851,3,0.05,10000,1000,0.1,200,2.13e-08,0.0,0.5,80,0.0,6,MIG146_very_low_tight_moderate_mhigh,sim_migration,very_low,tight,
1e-09,1,0.3,640851,3,0.05,10000,1000,0.1,200,2.13e-08,0.0,0.5,80,0.0,7,MIG147_very_low_tight_moderate_mhigh,sim_migration,very_low,tight,
1e-09,1,0.3,640851,3,0.05,10000,1000,0.1,200,2.13e-08,0.0,0.5,80,0.0,8,MIG148_very_low_tight_moderate_mhigh,sim_migration,very_low,tight,
1e-09,1,0.3,640851,3,0.05,10000,1000,0.1,200,2.13e-08,0.0,0.5,80,0.0,9,MIG149_very_low_tight_moderate_mhigh,sim_migration,very_low,tight,
1e-09,1,0.3,640851,3,0.05,10000,1000,0.1,200,2.13e-08,0.0,0.5,80,0.0,10,MIG150_very_low_tight_moderate_mhigh,sim_migration,very_low,tight,
1e-09,1,0.3,640851,3,0.05,10000,1000,0.1,200,2.13e-08,0.0,0.5,80,0.0,11,MIG151_very_low_tight_moderate_mhigh,sim_migration,very_low,tight,
1e-09,1,0.3,640851,3,0.05,10000,1000,0.1,200,2.13e-08,0.0,0.5,80,0.0,12,MIG152_very_low_tight_moderate_mhigh,sim_migration,very_low,tight,
1e-09,1,0.3,640851,3,0.05,10000,1000,0.1,200,2.13e-08,0.0,0.5,80,0.0,13,MIG153_very_low_tight_moderate_mhigh,sim_migration,very_low,tight,
1e-09,1,0.3,640851,3,0.05,10000,1000,0.1,200,2.13e-08,0.0,0.5,80,0.0,14,MIG154_very_low_tight_moderate_mhigh,sim_migration,very_low,tight,
1e-09,1,0.3,640851,3,0.05,10000,1000,0.1,200,2.13e-08,0.0,0.5,80,0.0,15,MIG155_very_low_tight_moderate_mhigh,sim_migration,very_low,tight,
1e-09,1,0.3,640851,3,0.05,10000,1000,0.1,200,2.13e-08,0.0,0.5,80,0.0,16,MIG156_very_low_tight_moderate_mhigh,sim_migration,very_low,tight,
1e-09,1,0.3,640851,3,0.05,10000,1000,0.1,200,2.13e-08,0.0,0.5,80,0.0,17,MIG157_very_low_tight_moderate_mhigh,sim_migration,very_low,tight,
1e-09,1,0.3,640851,3,0.05,10000,1000,0.1,200,2.13e-08,0.0,0.5,80,0.0,18,MIG158_very_low_tight_moderate_mhigh,sim_migration,very_low,tight,
1e-09,1,0.3,640851,3,0.05,10000,1000,0.1,200,2.13e-08,0.0,0.5,80,0.0,19,MIG159_very_low_tight_moderate_mhigh,sim_migration,very_low,tight,
1e-09,1,0.3,640851,3,0.05,10000,1000,0.1,200,2.13e-08,0.0,0.5,80,0.0,20,MIG160_very_low_tight_moderate_mhigh,sim_migration,very_low,tight,
1e-09,1,0.3,640851,3,0.05,10000,1000,0.2,200,2.13e-08,0.0,0.5,80,0.0,1,MIG161_very_low_tight_moderate_mhigh,sim_migration,very_low,tight,
1e-09,1,0.3,640851,3,0.05,10000,1000,0.2,200,2.13e-08,0.0,0.5,80,0.0,2,MIG162_very_low_tight_moderate_mhigh,sim_migration,very_low,tight,
1e-09,1,0.3,640851,3,0.05,10000,1000,0.2,200,2.13e-08,0.0,0.5,80,0.0,3,MIG163_very_low_tight_moderate_mhigh,sim_migration,very_low,tight,
1e-09,1,0.3,640851,3,0.05,10000,1000,0.2,200,2.13e-08,0.0,0.5,80,0.0,4,MIG164_very_low_tight_moderate_mhigh,sim_migration,very_low,tight,
1e-09,1,0.3,640851,3,0.05,10000,1000,0.2,200,2.13e-08,0.0,0.5,80,0.0,5,MIG165_very_low_tight_moderate_mhigh,sim_migration,very_low,tight,
1e-09,1,0.3,640851,3,0.05,10000,1000,0.2,200,2.13e-08,0.0,0.5,80,0.0,6,MIG166_very_low_tight_moderate_mhigh,sim_migration,very_low,tight,
1e-09,1,0.3,640851,3,0.05,10000,1000,0.2,200,2.13e-08,0.0,0.5,80,0.0,7,MIG167_very_low_tight_moderate_mhigh,sim_migration,very_low,tight,
1e-09,1,0.3,640851,3,0.05,10000,1000,0.2,200,2.13e-08,0.0,0.5,80,0.0,8,MIG168_very_low_tight_moderate_mhigh,sim_migration,very_low,tight,
1e-09,1,0.3,640851,3,0.05,10000,1000,0.2,200,2.13e-08,0.0,0.5,80,0.0,9,MIG169_very_low_tight_moderate_mhigh,sim_migration,very_low,tight,
1e-09,1,0.3,640851,3,0.05,10000,1000,0.2,200,2.13e-08,0.0,0.5,80,0.0,10,MIG170_very_low_tight_moderate_mhigh,sim_migration,very_low,tight,
1e-09,1,0.3,640851,3,0.05,10000,1000,0.2,200,2.13e-08,0.0,0.5,80,0.0,11,MIG171_very_low_tight_moderate_mhigh,sim_migration,very_low,tight,
1e-09,1,0.3,640851,3,0.05,10000,1000,0.2,200,2.13e-08,0.0,0.5,80,0.0,12,MIG172_very_low_tight_moderate_mhigh,sim_migration,very_low,tight,
1e-09,1,0.3,640851,3,0.05,10000,1000,0.2,200,2.13e-08,0.0,0.5,80,0.0,13,MIG173_very_low_tight_moderate_mhigh,sim_migration,very_low,tight,
1e-09,1,0.3,640851,3,0.05,10000,1000,0.2,200,2.13e-08,0.0,0.5,80,0.0,14,MIG174_very_low_tight_moderate_mhigh,sim_migration,very_low,tight,
1e-09,1,0.3,640851,3,0.05,10000,1000,0.2,200,2.13e-08,0.0,0.5,80,0.0,15,MIG175_very_low_tight_moderate_mhigh,sim_migration,very_low,tight,
1e-09,1,0.3,640851,3,0.05,10000,1000,0.2,200,2.13e-08,0.0,0.5,80,0.0,16,MIG176_very_low_tight_moderate_mhigh,sim_migration,very_low,tight,
1e-09,1,0.3,640851,3,0.05,10000,1000,0.2,200,2.13e-08,0.0,0.5,80,0.0,17,MIG177_very_low_tight_moderate_mhigh,sim_migration,very_low,tight,
1e-09,1,0.3,640851,3,0.05,10000,1000,0.2,200,2.13e-08,0.0,0.5,80,0.0,18,MIG178_very_low_tight_moderate_mhigh,sim_migration,very_low,tight,
1e-09,1,0.3,640851,3,0.05,10000,1000,0.2,200,2.13e-08,0.0,0.5,80,0.0,19,MIG179_very_low_tight_moderate_mhigh,sim_migration,very_low,tight,
1e-09,1,0.3,640851,3,0.05,10000,1000,0.2,200,2.13e-08,0.0,0.5,80,0.0,20,MIG180_very_low_tight_moderate_mhigh,sim_migration,very_low,tight,
1e-08,5,0.3,640851,3,0.001,10000,1000,0.05,200,2.13e-08,0.0,0.5,80,0.0,1,MIG181_low_medium_moderate_mlow,sim_migration,low,medium,
1e-08,5,0.3,640851,3,0.001,10000,1000,0.05,200,2.13e-08,0.0,0.5,80,0.0,2,MIG182_low_medium_moderate_mlow,sim_migration,low,medium,
1e-08,5,0.3,640851,3,0.001,10000,1000,0.05,200,2.13e-08,0.0,0.5,80,0.0,3,MIG183_low_medium_moderate_mlow,sim_migration,low,medium,
1e-08,5,0.3,640851,3,0.001,10000,1000,0.05,200,2.13e-08,0.0,0.5,80,0.0,4,MIG184_low_medium_moderate_mlow,sim_migration,low,medium,
1e-08,5,0.3,640851,3,0.001,10000,1000,0.05,200,2.13e-08,0.0,0.5,80,0.0,5,MIG185_low_medium_moderate_mlow,sim_migration,low,medium,
1e-08,5,0.3,640851,3,0.001,10000,1000,0.05,200,2.13e-08,0.0,0.5,80,0.0,6,MIG186_low_medium_moderate_mlow,sim_migration,low,medium,
1e-08,5,0.3,640851,3,0.001,10000,1000,0.05,200,2.13e-08,0.0,0.5,80,0.0,7,MIG187_low_medium_moderate_mlow,sim_migration,low,medium,
1e-08,5,0.3,640851,3,0.001,10000,1000,0.05,200,2.13e-08,0.0,0.5,80,0.0,8,MIG188_low_medium_moderate_mlow,sim_migration,low,medium,
1e-08,5,0.3,640851,3,0.001,10000,1000,0.05,200,2.13e-08,0.0,0.5,80,0.0,9,MIG189_low_medium_moderate_mlow,sim_migration,low,medium,
1e-08,5,0.3,640851,3,0.001,10000,1000,0.05,200,2.13e-08,0.0,0.5,80,0.0,10,MIG190_low_medium_moderate_mlow,sim_migration,low,medium,
1e-08,5,0.3,640851,3,0.001,10000,1000,0.05,200,2.13e-08,0.0,0.5,80,0.0,11,MIG191_low_medium_moderate_mlow,sim_migration,low,medium,
1e-08,5,0.3,640851,3,0.001,10000,1000,0.05,200,2.13e-08,0.0,0.5,80,0.0,12,MIG192_low_medium_moderate_mlow,sim_migration,low,medium,
1e-08,5,0.3,640851,3,0.001,10000,1000,0.05,200,2.13e-08,0.0,0.5,80,0.0,13,MIG193_low_medium_moderate_mlow,sim_migration,low,medium,
1e-08,5,0.3,640851,3,0.001,10000,1000,0.05,200,2.13e-08,0.0,0.5,80,0.0,14,MIG194_low_medium_moderate_mlow,sim_migration,low,medium,
1e-08,5,0.3,640851,3,0.001,10000,1000,0.05,200,2.13e-08,0.0,0.5,80,0.0,15,MIG195_low_medium_moderate_mlow,sim_migration,low,medium,
1e-08,5,0.3,640851,3,0.001,10000,1000,0.05,200,2.13e-08,0.0,0.5,80,0.0,16,MIG196_low_medium_moderate_mlow,sim_migration,low,medium,
1e-08,5,0.3,640851,3,0.001,10000,1000,0.05,200,2.13e-08,0.0,0.5,80,0.0,17,MIG197_low_medium_moderate_mlow,sim_migration,low,medium,
1e-08,5,0.3,640851,3,0.001,10000,1000,0.05,200,2.13e-08,0.0,0.5,80,0.0,18,MIG198_low_medium_moderate_mlow,sim_migration,low,medium,
1e-08,5,0.3,640851,3,0.001,10000,1000,0.05,200,2.13e-08,0.0,0.5,80,0.0,19,MIG199_low_medium_moderate_mlow,sim_migration,low,medium,
1e-08,5,0.3,640851,3,0.001,10000,1000,0.05,200,2.13e-08,0.0,0.5,80,0.0,20,MIG200_low_medium_moderate_mlow,sim_migration,low,medium,
1e-08,5,0.3,640851,3,0.001,10000,1000,0.1,200,2.13e-08,0.0,0.5,80,0.0,1,MIG201_low_medium_moderate_mlow,sim_migration,low,medium,
1e-08,5,0.3,640851,3,0.001,10000,1000,0.1,200,2.13e-08,0.0,0.5,80,0.0,2,MIG202_low_medium_moderate_mlow,sim_migration,low,medium,
1e-08,5,0.3,640851,3,0.001,10000,1000,0.1,200,2.13e-08,0.0,0.5,80,0.0,3,MIG203_low_medium_moderate_mlow,sim_migration,low,medium,
1e-08,5,0.3,640851,3,0.001,10000,1000,0.1,200,2.13e-08,0.0,0.5,80,0.0,4,MIG204_low_medium_moderate_mlow,sim_migration,low,medium,
1e-08,5,0.3,640851,3,0.001,10000,1000,0.1,200,2.13e-08,0.0,0.5,80,0.0,5,MIG205_low_medium_moderate_mlow,sim_migration,low,medium,
1e-08,5,0.3,640851,3,0.001,10000,1000,0.1,200,2.13e-08,0.0,0.5,80,0.0,6,MIG206_low_medium_moderate_mlow,sim_migration,low,medium,
1e-08,5,0.3,640851,3,0.001,10000,1000,0.1,200,2.13e-08,0.0,0.5,80,0.0,7,MIG207_low_medium_moderate_mlow,sim_migration,low,medium,
1e-08,5,0.3,640851,3,0.001,10000,1000,0.1,200,2.13e-08,0.0,0.5,80,0.0,8,MIG208_low_medium_moderate_mlow,sim_migration,low,medium,
1e-08,5,0.3,640851,3,0.001,10000,1000,0.1,200,2.13e-08,0.0,0.5,80,0.0,9,MIG209_low_medium_moderate_mlow,sim_migration,low,medium,
1e-08,5,0.3,640851,3,0.001,10000,1000,0.1,200,2.13e-08,0.0,0.5,80,0.0,10,MIG210_low_medium_moderate_mlow,sim_migration,low,medium,
1e-08,5,0.3,640851,3,0.001,10000,1000,0.1,200,2.13e-08,0.0,0.5,80,0.0,11,MIG211_low_medium_moderate_mlow,sim_migration,low,medium,
1e-08,5,0.3,640851,3,0.001,10000,1000,0.1,200,2.13e-08,0.0,0.5,80,0.0,12,MIG212_low_medium_moderate_mlow,sim_migration,low,medium,
1e-08,5,0.3,640851,3,0.001,10000,1000,0.1,200,2.13e-08,0.0,0.5,80,0.0,13,MIG213_low_medium_moderate_mlow,sim_migration,low,medium,
1e-08,5,0.3,640851,3,0.001,10000,1000,0.1,200,2.13e-08,0.0,0.5,80,0.0,14,MIG214_low_medium_moderate_mlow,sim_migration,low,medium,
1e-08,5,0.3,640851,3,0.001,10000,1000,0.1,200,2.13e-08,0.0,0.5,80,0.0,15,MIG215_low_medium_moderate_mlow,sim_migration,low,medium,
1e-08,5,0.3,640851,3,0.001,10000,1000,0.1,200,2.13e-08,0.0,0.5,80,0.0,16,MIG216_low_medium_moderate_mlow,sim_migration,low,medium,
1e-08,5,0.3,640851,3,0.001,10000,1000,0.1,200,2.13e-08,0.0,0.5,80,0.0,17,MIG217_low_medium_moderate_mlow,sim_migration,low,medium,
1e-08,5,0.3,640851,3,0.001,10000,1000,0.1,200,2.13e-08,0.0,0.5,80,0.0,18,MIG218_low_medium_moderate_mlow,sim_migration,low,medium,
1e-08,5,0.3,640851,3,0.001,10000,1000,0.1,200,2.13e-08,0.0,0.5,80,0.0,19,MIG219_low_medium_moderate_mlow,sim_migration,low,medium,
1e-08,5,0.3,640851,3,0.001,10000,1000,0.1,200,2.13e-08,0.0,0.5,80,0.0,20,MIG220_low_medium_moderate_mlow,sim_migration,low,medium,
1e-08,5,0.3,640851,3,0.001,10000,1000,0.2,200,2.13e-08,0.0,0.5,80,0.0,1,MIG221_low_medium_moderate_mlow,sim_migration,low,medium,
1e-08,5,0.3,640851,3,0.001,10000,1000,0.2,200,2.13e-08,0.0,0.5,80,0.0,2,MIG222_low_medium_moderate_mlow,sim_migration,low,medium,
1e-08,5,0.3,640851,3,0.001,10000,1000,0.2,200,2.13e-08,0.0,0.5,80,0.0,3,MIG223_low_medium_moderate_mlow,sim_migration,low,medium,
1e-08,5,0.3,640851,3,0.001,10000,1000,0.2,200,2.13e-08,0.0,0.5,80,0.0,4,MIG224_low_medium_moderate_mlow,sim_migration,low,medium,
1e-08,5,0.3,640851,3,0.001,10000,1000,0.2,200,2.13e-08,0.0,0.5,80,0.0,5,MIG225_low_medium_moderate_mlow,sim_migration,low,medium,
1e-08,5,0.3,640851,3,0.001,10000,1000,0.2,200,2.13e-08,0.0,0.5,80,0.0,6,MIG226_low_medium_moderate_mlow,sim_migration,low,medium,
1e-08,5,0.3,640851,3,0.001,10000,1000,0.2,200,2.13e-08,0.0,0.5,80,0.0,7,MIG227_low_medium_moderate_mlow,sim_migration,low,medium,
1e-08,5,0.3,640851,3,0.001,10000,1000,0.2,200,2.13e-08,0.0,0.5,80,0.0,8,MIG228_low_medium_moderate_mlow,sim_migration,low,medium,
1e-08,5,0.3,640851,3,0.001,10000,1000,0.2,200,2.13e-08,0.0,0.5,80,0.0,9,MIG229_low_medium_moderate_mlow,sim_migration,low,medium,
1e-08,5,0.3,640851,3,0.001,10000,1000,0.2,200,2.13e-08,0.0,0.5,80,0.0,10,MIG230_low_medium_moderate_mlow,sim_migration,low,medium,
1e-08,5,0.3,640851,3,0.001,10000,1000,0.2,200,2.13e-08,0.0,0.5,80,0.0,11,MIG231_low_medium_moderate_mlow,sim_migration,low,medium,
1e-08,5,0.3,640851,3,0.001,10000,1000,0.2,200,2.13e-08,0.0,0.5,80,0.0,12,MIG232_low_medium_moderate_mlow,sim_migration,low,medium,
1e-08,5,0.3,640851,3,0.001,10000,1000,0.2,200,2.13e-08,0.0,0.5,80,0.0,13,MIG233_low_medium_moderate_mlow,sim_migration,low,medium,
1e-08,5,0.3,640851,3,0.001,10000,1000,0.2,200,2.13e-08,0.0,0.5,80,0.0,14,MIG234_low_medium_moderate_mlow,sim_migration,low,medium,
1e-08,5,0.3,640851,3,0.001,10000,1000,0.2,200,2.13e-08,0.0,0.5,80,0.0,15,MIG235_low_medium_moderate_mlow,sim_migration,low,medium,
1e-08,5,0.3,640851,3,0.001,10000,1000,0.2,200,2.13e-08,0.0,0.5,80,0.0,16,MIG236_low_medium_moderate_mlow,sim_migration,low,medium,
1e-08,5,0.3,640851,3,0.001,10000,1000,0.2,200,2.13e-08,0.0,0.5,80,0.0,17,MIG237_low_medium_moderate_mlow,sim_migration,low,medium,
1e-08,5,0.3,640851,3,0.001,10000,1000,0.2,200,2.13e-08,0.0,0.5,80,0.0,18,MIG238_low_medium_moderate_mlow,sim_migration,low,medium,
1e-08,5,0.3,640851,3,0.001,10000,1000,0.2,200,2.13e-08,0.0,0.5,80,0.0,19,MIG239_low_medium_moderate_mlow,sim_migration,low,medium,
1e-08,5,0.3,640851,3,0.001,10000,1000,0.2,200,2.13e-08,0.0,0.5,80,0.0,20,MIG240_low_medium_moderate_mlow,sim_migration,low,medium,
1e-08,5,0.3,640851,3,0.01,10000,1000,0.05,200,2.13e-08,0.0,0.5,80,0.0,1,MIG241_low_medium_moderate_mmedium,sim_migration,low,medium,
1e-08,5,0.3,640851,3,0.01,10000,1000,0.05,200,2.13e-08,0.0,0.5,80,0.0,2,MIG242_low_medium_moderate_mmedium,sim_migration,low,medium,
1e-08,5,0.3,640851,3,0.01,10000,1000,0.05,200,2.13e-08,0.0,0.5,80,0.0,3,MIG243_low_medium_moderate_mmedium,sim_migration,low,medium,
1e-08,5,0.3,640851,3,0.01,10000,1000,0.05,200,2.13e-08,0.0,0.5,80,0.0,4,MIG244_low_medium_moderate_mmedium,sim_migration,low,medium,
1e-08,5,0.3,640851,3,0.01,10000,1000,0.05,200,2.13e-08,0.0,0.5,80,0.0,5,MIG245_low_medium_moderate_mmedium,sim_migration,low,medium,
1e-08,5,0.3,640851,3,0.01,10000,1000,0.05,200,2.13e-08,0.0,0.5,80,0.0,6,MIG246_low_medium_moderate_mmedium,sim_migration,low,medium,
1e-08,5,0.3,640851,3,0.01,10000,1000,0.05,200,2.13e-08,0.0,0.5,80,0.0,7,MIG247_low_medium_moderate_mmedium,sim_migration,low,medium,
1e-08,5,0.3,640851,3,0.01,10000,1000,0.05,200,2.13e-08,0.0,0.5,80,0.0,8,MIG248_low_medium_moderate_mmedium,sim_migration,low,medium,
1e-08,5,0.3,640851,3,0.01,10000,1000,0.05,200,2.13e-08,0.0,0.5,80,0.0,9,MIG249_low_medium_moderate_mmedium,sim_migration,low,medium,
1e-08,5,0.3,640851,3,0.01,10000,1000,0.05,200,2.13e-08,0.0,0.5,80,0.0,10,MIG250_low_medium_moderate_mmedium,sim_migration,low,medium,
1e-08,5,0.3,640851,3,0.01,10000,1000,0.05,200,2.13e-08,0.0,0.5,80,0.0,11,MIG251_low_medium_moderate_mmedium,sim_migration,low,medium,
1e-08,5,0.3,640851,3,0.01,10000,1000,0.05,200,2.13e-08,0.0,0.5,80,0.0,12,MIG252_low_medium_moderate_mmedium,sim_migration,low,medium,
1e-08,5,0.3,640851,3,0.01,10000,1000,0.05,200,2.13e-08,0.0,0.5,80,0.0,13,MIG253_low_medium_moderate_mmedium,sim_migration,low,medium,
1e-08,5,0.3,640851,3,0.01,10000,1000,0.05,200,2.13e-08,0.0,0.5,80,0.0,14,MIG254_low_medium_moderate_mmedium,sim_migration,low,medium,
1e-08,5,0.3,640851,3,0.01,10000,1000,0.05,200,2.13e-08,0.0,0.5,80,0.0,15,MIG255_low_medium_moderate_mmedium,sim_migration,low,medium,
1e-08,5,0.3,640851,3,0.01,10000,1000,0.05,200,2.13e-08,0.0,0.5,80,0.0,16,MIG256_low_medium_moderate_mmedium,sim_migration,low,medium,
1e-08,5,0.3,640851,3,0.01,10000,1000,0.05,200,2.13e-08,0.0,0.5,80,0.0,17,MIG257_low_medium_moderate_mmedium,sim_migration,low,medium,
1e-08,5,0.3,640851,3,0.01,10000,1000,0.05,200,2.13e-08,0.0,0.5,80,0.0,18,MIG258_low_medium_moderate_mmedium,sim_migration,low,medium,
1e-08,5,0.3,640851,3,0.01,10000,1000,0.05,200,2.13e-08,0.0,0.5,80,0.0,19,MIG259_low_medium_moderate_mmedium,sim_migration,low,medium,
1e-08,5,0.3,640851,3,0.01,10000,1000,0.05,200,2.13e-08,0.0,0.5,80,0.0,20,MIG260_low_medium_moderate_mmedium,sim_migration,low,medium,
1e-08,5,0.3,640851,3,0.01,10000,1000,0.1,200,2.13e-08,0.0,0.5,80,0.0,1,MIG261_low_medium_moderate_mmedium,sim_migration,low,medium,
1e-08,5,0.3,640851,3,0.01,10000,1000,0.1,200,2.13e-08,0.0,0.5,80,0.0,2,MIG262_low_medium_moderate_mmedium,sim_migration,low,medium,
1e-08,5,0.3,640851,3,0.01,10000,1000,0.1,200,2.13e-08,0.0,0.5,80,0.0,3,MIG263_low_medium_moderate_mmedium,sim_migration,low,medium,
1e-08,5,0.3,640851,3,0.01,10000,1000,0.1,200,2.13e-08,0.0,0.5,80,0.0,4,MIG264_low_medium_moderate_mmedium,sim_migration,low,medium,
1e-08,5,0.3,640851,3,0.01,10000,1000,0.1,200,2.13e-08,0.0,0.5,80,0.0,5,MIG265_low_medium_moderate_mmedium,sim_migration,low,medium,
1e-08,5,0.3,640851,3,0.01,10000,1000,0.1,200,2.13e-08,0.0,0.5,80,0.0,6,MIG266_low_medium_moderate_mmedium,sim_migration,low,medium,
1e-08,5,0.3,640851,3,0.01,10000,1000,0.1,200,2.13e-08,0.0,0.5,80,0.0,7,MIG267_low_medium_moderate_mmedium,sim_migration,low,medium,
1e-08,5,0.3,640851,3,0.01,10000,1000,0.1,200,2.13e-08,0.0,0.5,80,0.0,8,MIG268_low_medium_moderate_mmedium,sim_migration,low,medium,
1e-08,5,0.3,640851,3,0.01,10000,1000,0.1,200,2.13e-08,0.0,0.5,80,0.0,9,MIG269_low_medium_moderate_mmedium,sim_migration,low,medium,
1e-08,5,0.3,640851,3,0.01,10000,1000,0.1,200,2.13e-08,0.0,0.5,80,0.0,10,MIG270_low_medium_moderate_mmedium,sim_migration,low,medium,
1e-08,5,0.3,640851,3,0.01,10000,1000,0.1,200,2.13e-08,0.0,0.5,80,0.0,11,MIG271_low_medium_moderate_mmedium,sim_migration,low,medium,
1e-08,5,0.3,640851,3,0.01,10000,1000,0.1,200,2.13e-08,0.0,0.5,80,0.0,12,MIG272_low_medium_moderate_mmedium,sim_migration,low,medium,
1e-08,5,0.3,640851,3,0.01,10000,1000,0.1,200,2.13e-08,0.0,0.5,80,0.0,13,MIG273_low_medium_moderate_mmedium,sim_migration,low,medium,
1e-08,5,0.3,640851,3,0.01,10000,1000,0.1,200,2.13e-08,0.0,0.5,80,0.0,14,MIG274_low_medium_moderate_mmedium,sim_migration,low,medium,
1e-08,5,0.3,640851,3,0.01,10000,1000,0.1,200,2.13e-08,0.0,0.5,80,0.0,15,MIG275_low_medium_moderate_mmedium,sim_migration,low,medium,
1e-08,5,0.3,640851,3,0.01,10000,1000,0.1,200,2.13e-08,0.0,0.5,80,0.0,16,MIG276_low_medium_moderate_mmedium,sim_migration,low,medium,
1e-08,5,0.3,640851,3,0.01,10000,1000,0.1,200,2.13e-08,0.0,0.5,80,0.0,17,MIG277_low_medium_moderate_mmedium,sim_migration,low,medium,
1e-08,5,0.3,640851,3,0.01,10000,1000,0.1,200,2.13e-08,0.0,0.5,80,0.0,18,MIG278_low_medium_moderate_mmedium,sim_migration,low,medium,
1e-08,5,0.3,640851,3,0.01,10000,1000,0.1,200,2.13e-08,0.0,0.5,80,0.0,19,MIG279_low_medium_moderate_mmedium,sim_migration,low,medium,
1e-08,5,0.3,640851,3,0.01,10000,1000,0.1,200,2.13e-08,0.0,0.5,80,0.0,20,MIG280_low_medium_moderate_mmedium,sim_migration,low,medium,
1e-08,5,0.3,640851,3,0.01,10000,1000,0.2,200,2.13e-08,0.0,0.5,80,0.0,1,MIG281_low_medium_moderate_mmedium,sim_migration,low,medium,
1e-08,5,0.3,640851,3,0.01,10000,1000,0.2,200,2.13e-08,0.0,0.5,80,0.0,2,MIG282_low_medium_moderate_mmedium,sim_migration,low,medium,
1e-08,5,0.3,640851,3,0.01,10000,1000,0.2,200,2.13e-08,0.0,0.5,80,0.0,3,MIG283_low_medium_moderate_mmedium,sim_migration,low,medium,
1e-08,5,0.3,640851,3,0.01,10000,1000,0.2,200,2.13e-08,0.0,0.5,80,0.0,4,MIG284_low_medium_moderate_mmedium,sim_migration,low,medium,
1e-08,5,0.3,640851,3,0.01,10000,1000,0.2,200,2.13e-08,0.0,0.5,80,0.0,5,MIG285_low_medium_moderate_mmedium,sim_migration,low,medium,
1e-08,5,0.3,640851,3,0.01,10000,1000,0.2,200,2.13e-08,0.0,0.5,80,0.0,6,MIG286_low_medium_moderate_mmedium,sim_migration,low,medium,
1e-08,5,0.3,640851,3,0.01,10000,1000,0.2,200,2.13e-08,0.0,0.5,80,0.0,7,MIG287_low_medium_moderate_mmedium,sim_migration,low,medium,
1e-08,5,0.3,640851,3,0.01,10000,1000,0.2,200,2.13e-08,0.0,0.5,80,0.0,8,MIG288_low_medium_moderate_mmedium,sim_migration,low,medium,
1e-08,5,0.3,640851,3,0.01,10000,1000,0.2,200,2.13e-08,0.0,0.5,80,0.0,9,MIG289_low_medium_moderate_mmedium,sim_migration,low,medium,
1e-08,5,0.3,640851,3,0.01,10000,1000,0.2,200,2.13e-08,0.0,0.5,80,0.0,10,MIG290_low_medium_moderate_mmedium,sim_migration,low,medium,
1e-08,5,0.3,640851,3,0.01,10000,1000,0.2,200,2.13e-08,0.0,0.5,80,0.0,11,MIG291_low_medium_moderate_mmedium,sim_migration,low,medium,
1e-08,5,0.3,640851,3,0.01,10000,1000,0.2,200,2.13e-08,0.0,0.5,80,0.0,12,MIG292_low_medium_moderate_mmedium,sim_migration,low,medium,
1e-08,5,0.3,640851,3,0.01,10000,1000,0.2,200,2.13e-08,0.0,0.5,80,0.0,13,MIG293_low_medium_moderate_mmedium,sim_migration,low,medium,
1e-08,5,0.3,640851,3,0.01,10000,1000,0.2,200,2.13e-08,0.0,0.5,80,0.0,14,MIG294_low_medium_moderate_mmedium,sim_migration,low,medium,
1e-08,5,0.3,640851,3,0.01,10000,1000,0.2,200,2.13e-08,0.0,0.5,80,0.0,15,MIG295_low_medium_moderate_mmedium,sim_migration,low,medium,
1e-08,5,0.3,640851,3,0.01,10000,1000,0.2,200,2.13e-08,0.0,0.5,80,0.0,16,MIG296_low_medium_moderate_mmedium,sim_migration,low,medium,
1e-08,5,0.3,640851,3,0.01,10000,1000,0.2,200,2.13e-08,0.0,0.5,80,0.0,17,MIG297_low_medium_moderate_mmedium,sim_migration,low,medium,
1e-08,5,0.3,640851,3,0.01,10000,1000,0.2,200,2.13e-08,0.0,0.5,80,0.0,18,MIG298_low_medium_moderate_mmedium,sim_migration,low,medium,
1e-08,5,0.3,640851,3,0.01,10000,1000,0.2,200,2.13e-08,0.0,0.5,80,0.0,19,MIG299_low_medium_moderate_mmedium,sim_migration,low,medium,
1e-08,5,0.3,640851,3,0.01,10000,1000,0.2,200,2.13e-08,0.0,0.5,80,0.0,20,MIG300_low_medium_moderate_mmedium,sim_migration,low,medium,
1e-08,5,0.3,640851,3,0.05,10000,1000,0.05,200,2.13e-08,0.0,0.5,80,0.0,1,MIG301_low_medium_moderate_mhigh,sim_migration,low,medium,
1e-08,5,0.3,640851,3,0.05,10000,1000,0.05,200,2.13e-08,0.0,0.5,80,0.0,2,MIG302_low_medium_moderate_mhigh,sim_migration,low,medium,
1e-08,5,0.3,640851,3,0.05,10000,1000,0.05,200,2.13e-08,0.0,0.5,80,0.0,3,MIG303_low_medium_moderate_mhigh,sim_migration,low,medium,
1e-08,5,0.3,640851,3,0.05,10000,1000,0.05,200,2.13e-08,0.0,0.5,80,0.0,4,MIG304_low_medium_moderate_mhigh,sim_migration,low,medium,
1e-08,5,0.3,640851,3,0.05,10000,1000,0.05,200,2.13e-08,0.0,0.5,80,0.0,5,MIG305_low_medium_moderate_mhigh,sim_migration,low,medium,
1e-08,5,0.3,640851,3,0.05,10000,1000,0.05,200,2.13e-08,0.0,0.5,80,0.0,6,MIG306_low_medium_moderate_mhigh,sim_migration,low,medium,
1e-08,5,0.3,640851,3,0.05,10000,1000,0.05,200,2.13e-08,0.0,0.5,80,0.0,7,MIG307_low_medium_moderate_mhigh,sim_migration,low,medium,
1e-08,5,0.3,640851,3,0.05,10000,1000,0.05,200,2.13e-08,0.0,0.5,80,0.0,8,MIG308_low_medium_moderate_mhigh,sim_migration,low,medium,
1e-08,5,0.3,640851,3,0.05,10000,1000,0.05,200,2.13e-08,0.0,0.5,80,0.0,9,MIG309_low_medium_moderate_mhigh,sim_migration,low,medium,
1e-08,5,0.3,640851,3,0.05,10000,1000,0.05,200,2.13e-08,0.0,0.5,80,0.0,10,MIG310_low_medium_moderate_mhigh,sim_migration,low,medium,
1e-08,5,0.3,640851,3,0.05,10000,1000,0.05,200,2.13e-08,0.0,0.5,80,0.0,11,MIG311_low_medium_moderate_mhigh,sim_migration,low,medium,
1e-08,5,0.3,640851,3,0.05,10000,1000,0.05,200,2.13e-08,0.0,0.5,80,0.0,12,MIG312_low_medium_moderate_mhigh,sim_migration,low,medium,
1e-08,5,0.3,640851,3,0.05,10000,1000,0.05,200,2.13e-08,0.0,0.5,80,0.0,13,MIG313_low_medium_moderate_mhigh,sim_migration,low,medium,
1e-08,5,0.3,640851,3,0.05,10000,1000,0.05,200,2.13e-08,0.0,0.5,80,0.0,14,MIG314_low_medium_moderate_mhigh,sim_migration,low,medium,
1e-08,5,0.3,640851,3,0.05,10000,1000,0.05,200,2.13e-08,0.0,0.5,80,0.0,15,MIG315_low_medium_moderate_mhigh,sim_migration,low,medium,
1e-08,5,0.3,640851,3,0.05,10000,1000,0.05,200,2.13e-08,0.0,0.5,80,0.0,16,MIG316_low_medium_moderate_mhigh,sim_migration,low,medium,
1e-08,5,0.3,640851,3,0.05,10000,1000,0.05,200,2.13e-08,0.0,0.5,80,0.0,17,MIG317_low_medium_moderate_mhigh,sim_migration,low,medium,
1e-08,5,0.3,640851,3,0.05,10000,1000,0.05,200,2.13e-08,0.0,0.5,80,0.0,18,MIG318_low_medium_moderate_mhigh,sim_migration,low,medium,
1e-08,5,0.3,640851,3,0.05,10000,1000,0.05,200,2.13e-08,0.0,0.5,80,0.0,19,MIG319_low_medium_moderate_mhigh,sim_migration,low,medium,
1e-08,5,0.3,640851,3,0.05,10000,1000,0.05,200,2.13e-08,0.0,0.5,80,0.0,20,MIG320_low_medium_moderate_mhigh,sim_migration,low,medium,
1e-08,5,0.3,640851,3,0.05,10000,1000,0.1,200,2.13e-08,0.0,0.5,80,0.0,1,MIG321_low_medium_moderate_mhigh,sim_migration,low,medium,
1e-08,5,0.3,640851,3,0.05,10000,1000,0.1,200,2.13e-08,0.0,0.5,80,0.0,2,MIG322_low_medium_moderate_mhigh,sim_migration,low,medium,
1e-08,5,0.3,640851,3,0.05,10000,1000,0.1,200,2.13e-08,0.0,0.5,80,0.0,3,MIG323_low_medium_moderate_mhigh,sim_migration,low,medium,
1e-08,5,0.3,640851,3,0.05,10000,1000,0.1,200,2.13e-08,0.0,0.5,80,0.0,4,MIG324_low_medium_moderate_mhigh,sim_migration,low,medium,
1e-08,5,0.3,640851,3,0.05,10000,1000,0.1,200,2.13e-08,0.0,0.5,80,0.0,5,MIG325_low_medium_moderate_mhigh,sim_migration,low,medium,
1e-08,5,0.3,640851,3,0.05,10000,1000,0.1,200,2.13e-08,0.0,0.5,80,0.0,6,MIG326_low_medium_moderate_mhigh,sim_migration,low,medium,
1e-08,5,0.3,640851,3,0.05,10000,1000,0.1,200,2.13e-08,0.0,0.5,80,0.0,7,MIG327_low_medium_moderate_mhigh,sim_migration,low,medium,
1e-08,5,0.3,640851,3,0.05,10000,1000,0.1,200,2.13e-08,0.0,0.5,80,0.0,8,MIG328_low_medium_moderate_mhigh,sim_migration,low,medium,
1e-08,5,0.3,640851,3,0.05,10000,1000,0.1,200,2.13e-08,0.0,0.5,80,0.0,9,MIG329_low_medium_moderate_mhigh,sim_migration,low,medium,
1e-08,5,0.3,640851,3,0.05,10000,1000,0.1,200,2.13e-08,0.0,0.5,80,0.0,10,MIG330_low_medium_moderate_mhigh,sim_migration,low,medium,
1e-08,5,0.3,640851,3,0.05,10000,1000,0.1,200,2.13e-08,0.0,0.5,80,0.0,11,MIG331_low_medium_moderate_mhigh,sim_migration,low,medium,
1e-08,5,0.3,640851,3,0.05,10000,1000,0.1,200,2.13e-08,0.0,0.5,80,0.0,12,MIG332_low_medium_moderate_mhigh,sim_migration,low,medium,
1e-08,5,0.3,640851,3,0.05,10000,1000,0.1,200,2.13e-08,0.0,0.5,80,0.0,13,MIG333_low_medium_moderate_mhigh,sim_migration,low,medium,
1e-08,5,0.3,640851,3,0.05,10000,1000,0.1,200,2.13e-08,0.0,0.5,80,0.0,14,MIG334_low_medium_moderate_mhigh,sim_migration,low,medium,
1e-08,5,0.3,640851,3,0.05,10000,1000,0.1,200,2.13e-08,0.0,0.5,80,0.0,15,MIG335_low_medium_moderate_mhigh,sim_migration,low,medium,
1e-08,5,0.3,640851,3,0.05,10000,1000,0.1,200,2.13e-08,0.0,0.5,80,0.0,16,MIG336_low_medium_moderate_mhigh,sim_migration,low,medium,
1e-08,5,0.3,640851,3,0.05,10000,1000,0.1,200,2.13e-08,0.0,0.5,80,0.0,17,MIG337_low_medium_moderate_mhigh,sim_migration,low,medium,
1e-08,5,0.3,640851,3,0.05,10000,1000,0.1,200,2.13e-08,0.0,0.5,80,0.0,18,MIG338_low_medium_moderate_mhigh,sim_migration,low,medium,
1e-08,5,0.3,640851,3,0.05,10000,1000,0.1,200,2.13e-08,0.0,0.5,80,0.0,19,MIG339_low_medium_moderate_mhigh,sim_migration,low,medium,
1e-08,5,0.3,640851,3,0.05,10000,1000,0.1,200,2.13e-08,0.0,0.5,80,0.0,20,MIG340_low_medium_moderate_mhigh,sim_migration,low,medium,
1e-08,5,0.3,640851,3,0.05,10000,1000,0.2,200,2.13e-08,0.0,0.5,80,0.0,1,MIG341_low_medium_moderate_mhigh,sim_migration,low,medium,
1e-08,5,0.3,640851,3,0.05,10000,1000,0.2,200,2.13e-08,0.0,0.5,80,0.0,2,MIG342_low_medium_moderate_mhigh,sim_migration,low,medium,
1e-08,5,0.3,640851,3,0.05,10000,1000,0.2,200,2.13e-08,0.0,0.5,80,0.0,3,MIG343_low_medium_moderate_mhigh,sim_migration,low,medium,
1e-08,5,0.3,640851,3,0.05,10000,1000,0.2,200,2.13e-08,0.0,0.5,80,0.0,4,MIG344_low_medium_moderate_mhigh,sim_migration,low,medium,
1e-08,5,0.3,640851,3,0.05,10000,1000,0.2,200,2.13e-08,0.0,0.5,80,0.0,5,MIG345_low_medium_moderate_mhigh,sim_migration,low,medium,
1e-08,5,0.3,640851,3,0.05,10000,1000,0.2,200,2.13e-08,0.0,0.5,80,0.0,6,MIG346_low_medium_moderate_mhigh,sim_migration,low,medium,
1e-08,5,0.3,640851,3,0.05,10000,1000,0.2,200,2.13e-08,0.0,0.5,80,0.0,7,MIG347_low_medium_moderate_mhigh,sim_migration,low,medium,
1e-08,5,0.3,640851,3,0.05,10000,1000,0.2,200,2.13e-08,0.0,0.5,80,0.0,8,MIG348_low_medium_moderate_mhigh,sim_migration,low,medium,
1e-08,5,0.3,640851,3,0.05,10000,1000,0.2,200,2.13e-08,0.0,0.5,80,0.0,9,MIG349_low_medium_moderate_mhigh,sim_migration,low,medium,
1e-08,5,0.3,640851,3,0.05,10000,1000,0.2,200,2.13e-08,0.0,0.5,80,0.0,10,MIG350_low_medium_moderate_mhigh,sim_migration,low,medium,
1e-08,5,0.3,640851,3,0.05,10000,1000,0.2,200,2.13e-08,0.0,0.5,80,0.0,11,MIG351_low_medium_moderate_mhigh,sim_migration,low,medium,
1e-08,5,0.3,640851,3,0.05,10000,1000,0.2,200,2.13e-08,0.0,0.5,80,0.0,12,MIG352_low_medium_moderate_mhigh,sim_migration,low,medium,
1e-08,5,0.3,640851,3,0.05,10000,1000,0.2,200,2.13e-08,0.0,0.5,80,0.0,13,MIG353_low_medium_moderate_mhigh,sim_migration,low,medium,
1e-08,5,0.3,640851,3,0.05,10000,1000,0.2,200,2.13e-08,0.0,0.5,80,0.0,14,MIG354_low_medium_moderate_mhigh,sim_migration,low,medium,
1e-08,5,0.3,640851,3,0.05,10000,1000,0.2,200,2.13e-08,0.0,0.5,80,0.0,15,MIG355_low_medium_moderate_mhigh,sim_migration,low,medium,
1e-08,5,0.3,640851,3,0.05,10000,1000,0.2,200,2.13e-08,0.0,0.5,80,0.0,16,MIG356_low_medium_moderate_mhigh,sim_migration,low,medium,
1e-08,5,0.3,640851,3,0.05,10000,1000,0.2,200,2.13e-08,0.0,0.5,80,0.0,17,MIG357_low_medium_moderate_mhigh,sim_migration,low,medium,
1e-08,5,0.3,640851,3,0.05,10000,1000,0.2,200,2.13e-08,0.0,0.5,80,0.0,18,MIG358_low_medium_moderate_mhigh,sim_migration,low,medium,
1e-08,5,0.3,640851,3,0.05,10000,1000,0.2,200,2.13e-08,0.0,0.5,80,0.0,19,MIG359_low_medium_moderate_mhigh,sim_migration,low,medium,
1e-08,5,0.3,640851,3,0.05,10000,1000,0.2,200,2.13e-08,0.0,0.5,80,0.0,20,MIG360_low_medium_moderate_mhigh,sim_migration,low,medium,
1e-07,20,0.145,640851,3,0.001,10000,1000,0.05,200,1.03e-08,0.0,0.5,80,0.0,1,MIG361_medium_loose_low_mlow,sim_migration,medium,loose,
1e-07,20,0.145,640851,3,0.001,10000,1000,0.05,200,1.03e-08,0.0,0.5,80,0.0,2,MIG362_medium_loose_low_mlow,sim_migration,medium,loose,
1e-07,20,0.145,640851,3,0.001,10000,1000,0.05,200,1.03e-08,0.0,0.5,80,0.0,3,MIG363_medium_loose_low_mlow,sim_migration,medium,loose,
1e-07,20,0.145,640851,3,0.001,10000,1000,0.05,200,1.03e-08,0.0,0.5,80,0.0,4,MIG364_medium_loose_low_mlow,sim_migration,medium,loose,
1e-07,20,0.145,640851,3,0.001,10000,1000,0.05,200,1.03e-08,0.0,0.5,80,0.0,5,MIG365_medium_loose_low_mlow,sim_migration,medium,loose,
1e-07,20,0.145,640851,3,0.001,10000,1000,0.05,200,1.03e-08,0.0,0.5,80,0.0,6,MIG366_medium_loose_low_mlow,sim_migration,medium,loose,
1e-07,20,0.145,640851,3,0.001,10000,1000,0.05,200,1.03e-08,0.0,0.5,80,0.0,7,MIG367_medium_loose_low_mlow,sim_migration,medium,loose,
1e-07,20,0.145,640851,3,0.001,10000,1000,0.05,200,1.03e-08,0.0,0.5,80,0.0,8,MIG368_medium_loose_low_mlow,sim_migration,medium,loose,
1e-07,20,0.145,640851,3,0.001,10000,1000,0.05,200,1.03e-08,0.0,0.5,80,0.0,9,MIG369_medium_loose_low_mlow,sim_migration,medium,loose,
1e-07,20,0.145,640851,3,0.001,10000,1000,0.05,200,1.03e-08,0.0,0.5,80,0.0,10,MIG370_medium_loose_low_mlow,sim_migration,medium,loose,
1e-07,20,0.145,640851,3,0.001,10000,1000,0.05,200,1.03e-08,0.0,0.5,80,0.0,11,MIG371_medium_loose_low_mlow,sim_migration,medium,loose,
1e-07,20,0.145,640851,3,0.001,10000,1000,0.05,200,1.03e-08,0.0,0.5,80,0.0,12,MIG372_medium_loose_low_mlow,sim_migration,medium,loose,
1e-07,20,0.145,640851,3,0.001,10000,1000,0.05,200,1.03e-08,0.0,0.5,80,0.0,13,MIG373_medium_loose_low_mlow,sim_migration,medium,loose,
1e-07,20,0.145,640851,3,0.001,10000,1000,0.05,200,1.03e-08,0.0,0.5,80,0.0,14,MIG374_medium_loose_low_mlow,sim_migration,medium,loose,
1e-07,20,0.145,640851,3,0.001,10000,1000,0.05,200,1.03e-08,0.0,0.5,80,0.0,15,MIG375_medium_loose_low_mlow,sim_migration,medium,loose,
1e-07,20,0.145,640851,3,0.001,10000,1000,0.05,200,1.03e-08,0.0,0.5,80,0.0,16,MIG376_medium_loose_low_mlow,sim_migration,medium,loose,
1e-07,20,0.145,640851,3,0.001,10000,1000,0.05,200,1.03e-08,0.0,0.5,80,0.0,17,MIG377_medium_loose_low_mlow,sim_migration,medium,loose,
1e-07,20,0.145,640851,3,0.001,10000,1000,0.05,200,1.03e-08,0.0,0.5,80,0.0,18,MIG378_medium_loose_low_mlow,sim_migration,medium,loose,
1e-07,20,0.145,640851,3,0.001,10000,1000,0.05,200,1.03e-08,0.0,0.5,80,0.0,19,MIG379_medium_loose_low_mlow,sim_migration,medium,loose,
1e-07,20,0.145,640851,3,0.001,10000,1000,0.05,200,1.03e-08,0.0,0.5,80,0.0,20,MIG380_medium_loose_low_mlow,sim_migration,medium,loose,
1e-07,20,0.145,640851,3,0.001,10000,1000,0.1,200,1.03e-08,0.0,0.5,80,0.0,1,MIG381_medium_loose_low_mlow,sim_migration,medium,loose,
1e-07,20,0.145,640851,3,0.001,10000,1000,0.1,200,1.03e-08,0.0,0.5,80,0.0,2,MIG382_medium_loose_low_mlow,sim_migration,medium,loose,
1e-07,20,0.145,640851,3,0.001,10000,1000,0.1,200,1.03e-08,0.0,0.5,80,0.0,3,MIG383_medium_loose_low_mlow,sim_migration,medium,loose,
1e-07,20,0.145,640851,3,0.001,10000,1000,0.1,200,1.03e-08,0.0,0.5,80,0.0,4,MIG384_medium_loose_low_mlow,sim_migration,medium,loose,
1e-07,20,0.145,640851,3,0.001,10000,1000,0.1,200,1.03e-08,0.0,0.5,80,0.0,5,MIG385_medium_loose_low_mlow,sim_migration,medium,loose,
1e-07,20,0.145,640851,3,0.001,10000,1000,0.1,200,1.03e-08,0.0,0.5,80,0.0,6,MIG386_medium_loose_low_mlow,sim_migration,medium,loose,
1e-07,20,0.145,640851,3,0.001,10000,1000,0.1,200,1.03e-08,0.0,0.5,80,0.0,7,MIG387_medium_loose_low_mlow,sim_migration,medium,loose,
1e-07,20,0.145,640851,3,0.001,10000,1000,0.1,200,1.03e-08,0.0,0.5,80,0.0,8,MIG388_medium_loose_low_mlow,sim_migration,medium,loose,
1e-07,20,0.145,640851,3,0.001,10000,1000,0.1,200,1.03e-08,0.0,0.5,80,0.0,9,MIG389_medium_loose_low_mlow,sim_migration,medium,loose,
1e-07,20,0.145,640851,3,0.001,10000,1000,0.1,200,1.03e-08,0.0,0.5,80,0.0,10,MIG390_medium_loose_low_mlow,sim_migration,medium,loose,
1e-07,20,0.145,640851,3,0.001,10000,1000,0.1,200,1.03e-08,0.0,0.5,80,0.0,11,MIG391_medium_loose_low_mlow,sim_migration,medium,loose,
1e-07,20,0.145,640851,3,0.001,10000,1000,0.1,200,1.03e-08,0.0,0.5,80,0.0,12,MIG392_medium_loose_low_mlow,sim_migration,medium,loose,
1e-07,20,0.145,640851,3,0.001,10000,1000,0.1,200,1.03e-08,0.0,0.5,80,0.0,13,MIG393_medium_loose_low_mlow,sim_migration,medium,loose,
1e-07,20,0.145,640851,3,0.001,10000,1000,0.1,200,1.03e-08,0.0,0.5,80,0.0,14,MIG394_medium_loose_low_mlow,sim_migration,medium,loose,
1e-07,20,0.145,640851,3,0.001,10000,1000,0.1,200,1.03e-08,0.0,0.5,80,0.0,15,MIG395_medium_loose_low_mlow,sim_migration,medium,loose,
1e-07,20,0.145,640851,3,0.001,10000,1000,0.1,200,1.03e-08,0.0,0.5,80,0.0,16,MIG396_medium_loose_low_mlow,sim_migration,medium,loose,
1e-07,20,0.145,640851,3,0.001,10000,1000,0.1,200,1.03e-08,0.0,0.5,80,0.0,17,MIG397_medium_loose_low_mlow,sim_migration,medium,loose,
1e-07,20,0.145,640851,3,0.001,10000,1000,0.1,200,1.03e-08,0.0,0.5,80,0.0,18,MIG398_medium_loose_low_mlow,sim_migration,medium,loose,
1e-07,20,0.145,640851,3,0.001,10000,1000,0.1,200,1.03e-08,0.0,0.5,80,0.0,19,MIG399_medium_loose_low_mlow,sim_migration,medium,loose,
1e-07,20,0.145,640851,3,0.001,10000,1000,0.1,200,1.03e-08,0.0,0.5,80,0.0,20,MIG400_medium_loose_low_mlow,sim_migration,medium,loose,
1e-07,20,0.145,640851,3,0.001,10000,1000,0.2,200,1.03e-08,0.0,0.5,80,0.0,1,MIG401_medium_loose_low_mlow,sim_migration,medium,loose,
1e-07,20,0.145,640851,3,0.001,10000,1000,0.2,200,1.03e-08,0.0,0.5,80,0.0,2,MIG402_medium_loose_low_mlow,sim_migration,medium,loose,
1e-07,20,0.145,640851,3,0.001,10000,1000,0.2,200,1.03e-08,0.0,0.5,80,0.0,3,MIG403_medium_loose_low_mlow,sim_migration,medium,loose,
1e-07,20,0.145,640851,3,0.001,10000,1000,0.2,200,1.03e-08,0.0,0.5,80,0.0,4,MIG404_medium_loose_low_mlow,sim_migration,medium,loose,
1e-07,20,0.145,640851,3,0.001,10000,1000,0.2,200,1.03e-08,0.0,0.5,80,0.0,5,MIG405_medium_loose_low_mlow,sim_migration,medium,loose,
1e-07,20,0.145,640851,3,0.001,10000,1000,0.2,200,1.03e-08,0.0,0.5,80,0.0,6,MIG406_medium_loose_low_mlow,sim_migration,medium,loose,
1e-07,20,0.145,640851,3,0.001,10000,1000,0.2,200,1.03e-08,0.0,0.5,80,0.0,7,MIG407_medium_loose_low_mlow,sim_migration,medium,loose,
1e-07,20,0.145,640851,3,0.001,10000,1000,0.2,200,1.03e-08,0.0,0.5,80,0.0,8,MIG408_medium_loose_low_mlow,sim_migration,medium,loose,
1e-07,20,0.145,640851,3,0.001,10000,1000,0.2,200,1.03e-08,0.0,0.5,80,0.0,9,MIG409_medium_loose_low_mlow,sim_migration,medium,loose,
1e-07,20,0.145,640851,3,0.001,10000,1000,0.2,200,1.03e-08,0.0,0.5,80,0.0,10,MIG410_medium_loose_low_mlow,sim_migration,medium,loose,
1e-07,20,0.145,640851,3,0.001,10000,1000,0.2,200,1.03e-08,0.0,0.5,80,0.0,11,MIG411_medium_loose_low_mlow,sim_migration,medium,loose,
1e-07,20,0.145,640851,3,0.001,10000,1000,0.2,200,1.03e-08,0.0,0.5,80,0.0,12,MIG412_medium_loose_low_mlow,sim_migration,medium,loose,
1e-07,20,0.145,640851,3,0.001,10000,1000,0.2,200,1.03e-08,0.0,0.5,80,0.0,13,MIG413_medium_loose_low_mlow,sim_migration,medium,loose,
1e-07,20,0.145,640851,3,0.001,10000,1000,0.2,200,1.03e-08,0.0,0.5,80,0.0,14,MIG414_medium_loose_low_mlow,sim_migration,medium,loose,
1e-07,20,0.145,640851,3,0.001,10000,1000,0.2,200,1.03e-08,0.0,0.5,80,0.0,15,MIG415_medium_loose_low_mlow,sim_migration,medium,loose,
1e-07,20,0.145,640851,3,0.001,10000,1000,0.2,200,1.03e-08,0.0,0.5,80,0.0,16,MIG416_medium_loose_low_mlow,sim_migration,medium,loose,
1e-07,20,0.145,640851,3,0.001,10000,1000,0.2,200,1.03e-08,0.0,0.5,80,0.0,17,MIG417_medium_loose_low_mlow,sim_migration,medium,loose,
1e-07,20,0.145,640851,3,0.001,10000,1000,0.2,200,1.03e-08,0.0,0.5,80,0.0,18,MIG418_medium_loose_low_mlow,sim_migration,medium,loose,
1e-07,20,0.145,640851,3,0.001,10000,1000,0.2,200,1.03e-08,0.0,0.5,80,0.0,19,MIG419_medium_loose_low_mlow,sim_migration,medium,loose,
1e-07,20,0.145,640851,3,0.001,10000,1000,0.2,200,1.03e-08,0.0,0.5,80,0.0,20,MIG420_medium_loose_low_mlow,sim_migration,medium,loose,
1e-07,20,0.145,640851,3,0.01,10000,1000,0.05,200,1.03e-08,0.0,0.5,80,0.0,1,MIG421_medium_loose_low_mmedium,sim_migration,medium,loose,
1e-07,20,0.145,640851,3,0.01,10000,1000,0.05,200,1.03e-08,0.0,0.5,80,0.0,2,MIG422_medium_loose_low_mmedium,sim_migration,medium,loose,
1e-07,20,0.145,640851,3,0.01,10000,1000,0.05,200,1.03e-08,0.0,0.5,80,0.0,3,MIG423_medium_loose_low_mmedium,sim_migration,medium,loose,
1e-07,20,0.145,640851,3,0.01,10000,1000,0.05,200,1.03e-08,0.0,0.5,80,0.0,4,MIG424_medium_loose_low_mmedium,sim_migration,medium,loose,
1e-07,20,0.145,640851,3,0.01,10000,1000,0.05,200,1.03e-08,0.0,0.5,80,0.0,5,MIG425_medium_loose_low_mmedium,sim_migration,medium,loose,
1e-07,20,0.145,640851,3,0.01,10000,1000,0.05,200,1.03e-08,0.0,0.5,80,0.0,6,MIG426_medium_loose_low_mmedium,sim_migration,medium,loose,
1e-07,20,0.145,640851,3,0.01,10000,1000,0.05,200,1.03e-08,0.0,0.5,80,0.0,7,MIG427_medium_loose_low_mmedium,sim_migration,medium,loose,
1e-07,20,0.145,640851,3,0.01,10000,1000,0.05,200,1.03e-08,0.0,0.5,80,0.0,8,MIG428_medium_loose_low_mmedium,sim_migration,medium,loose,
1e-07,20,0.145,640851,3,0.01,10000,1000,0.05,200,1.03e-08,0.0,0.5,80,0.0,9,MIG429_medium_loose_low_mmedium,sim_migration,medium,loose,
1e-07,20,0.145,640851,3,0.01,10000,1000,0.05,200,1.03e-08,0.0,0.5,80,0.0,10,MIG430_medium_loose_low_mmedium,sim_migration,medium,loose,
1e-07,20,0.145,640851,3,0.01,10000,1000,0.05,200,1.03e-08,0.0,0.5,80,0.0,11,MIG431_medium_loose_low_mmedium,sim_migration,medium,loose,
1e-07,20,0.145,640851,3,0.01,10000,1000,0.05,200,1.03e-08,0.0,0.5,80,0.0,12,MIG432_medium_loose_low_mmedium,sim_migration,medium,loose,
1e-07,20,0.145,640851,3,0.01,10000,1000,0.05,200,1.03e-08,0.0,0.5,80,0.0,13,MIG433_medium_loose_low_mmedium,sim_migration,medium,loose,
1e-07,20,0.145,640851,3,0.01,10000,1000,0.05,200,1.03e-08,0.0,0.5,80,0.0,14,MIG434_medium_loose_low_mmedium,sim_migration,medium,loose,
1e-07,20,0.145,640851,3,0.01,10000,1000,0.05,200,1.03e-08,0.0,0.5,80,0.0,15,MIG435_medium_loose_low_mmedium,sim_migration,medium,loose,
1e-07,20,0.145,640851,3,0.01,10000,1000,0.05,200,1.03e-08,0.0,0.5,80,0.0,16,MIG436_medium_loose_low_mmedium,sim_migration,medium,loose,
1e-07,20,0.145,640851,3,0.01,10000,1000,0.05,200,1.03e-08,0.0,0.5,80,0.0,17,MIG437_medium_loose_low_mmedium,sim_migration,medium,loose,
1e-07,20,0.145,640851,3,0.01,10000,1000,0.05,200,1.03e-08,0.0,0.5,80,0.0,18,MIG438_medium_loose_low_mmedium,sim_migration,medium,loose,
1e-07,20,0.145,640851,3,0.01,10000,1000,0.05,200,1.03e-08,0.0,0.5,80,0.0,19,MIG439_medium_loose_low_mmedium,sim_migration,medium,loose,
1e-07,20,0.145,640851,3,0.01,10000,1000,0.05,200,1.03e-08,0.0,0.5,80,0.0,20,MIG440_medium_loose_low_mmedium,sim_migration,medium,loose,
1e-07,20,0.145,640851,3,0.01,10000,1000,0.1,200,1.03e-08,0.0,0.5,80,0.0,1,MIG441_medium_loose_low_mmedium,sim_migration,medium,loose,
1e-07,20,0.145,640851,3,0.01,10000,1000,0.1,200,1.03e-08,0.0,0.5,80,0.0,2,MIG442_medium_loose_low_mmedium,sim_migration,medium,loose,
1e-07,20,0.145,640851,3,0.01,10000,1000,0.1,200,1.03e-08,0.0,0.5,80,0.0,3,MIG443_medium_loose_low_mmedium,sim_migration,medium,loose,
1e-07,20,0.145,640851,3,0.01,10000,1000,0.1,200,1.03e-08,0.0,0.5,80,0.0,4,MIG444_medium_loose_low_mmedium,sim_migration,medium,loose,
1e-07,20,0.145,640851,3,0.01,10000,1000,0.1,200,1.03e-08,0.0,0.5,80,0.0,5,MIG445_medium_loose_low_mmedium,sim_migration,medium,loose,
1e-07,20,0.145,640851,3,0.01,10000,1000,0.1,200,1.03e-08,0.0,0.5,80,0.0,6,MIG446_medium_loose_low_mmedium,sim_migration,medium,loose,
1e-07,20,0.145,640851,3,0.01,10000,1000,0.1,200,1.03e-08,0.0,0.5,80,0.0,7,MIG447_medium_loose_low_mmedium,sim_migration,medium,loose,
1e-07,20,0.145,640851,3,0.01,10000,1000,0.1,200,1.03e-08,0.0,0.5,80,0.0,8,MIG448_medium_loose_low_mmedium,sim_migration,medium,loose,
1e-07,20,0.145,640851,3,0.01,10000,1000,0.1,200,1.03e-08,0.0,0.5,80,0.0,9,MIG449_medium_loose_low_mmedium,sim_migration,medium,loose,
1e-07,20,0.145,640851,3,0.01,10000,1000,0.1,200,1.03e-08,0.0,0.5,80,0.0,10,MIG450_medium_loose_low_mmedium,sim_migration,medium,loose,
1e-07,20,0.145,640851,3,0.01,10000,1000,0.1,200,1.03e-08,0.0,0.5,80,0.0,11,MIG451_medium_loose_low_mmedium,sim_migration,medium,loose,
1e-07,20,0.145,640851,3,0.01,10000,1000,0.1,200,1.03e-08,0.0,0.5,80,0.0,12,MIG452_medium_loose_low_mmedium,sim_migration,medium,loose,
1e-07,20,0.145,640851,3,0.01,10000,1000,0.1,200,1.03e-08,0.0,0.5,80,0.0,13,MIG453_medium_loose_low_mmedium,sim_migration,medium,loose,
1e-07,20,0.145,640851,3,0.01,10000,1000,0.1,200,1.03e-08,0.0,0.5,80,0.0,14,MIG454_medium_loose_low_mmedium,sim_migration,medium,loose,
1e-07,20,0.145,640851,3,0.01,10000,1000,0.1,200,1.03e-08,0.0,0.5,80,0.0,15,MIG455_medium_loose_low_mmedium,sim_migration,medium,loose,
1e-07,20,0.145,640851,3,0.01,10000,1000,0.1,200,1.03e-08,0.0,0.5,80,0.0,16,MIG456_medium_loose_low_mmedium,sim_migration,medium,loose,
1e-07,20,0.145,640851,3,0.01,10000,1000,0.1,200,1.03e-08,0.0,0.5,80,0.0,17,MIG457_medium_loose_low_mmedium,sim_migration,medium,loose,
1e-07,20,0.145,640851,3,0.01,10000,1000,0.1,200,1.03e-08,0.0,0.5,80,0.0,18,MIG458_medium_loose_low_mmedium,sim_migration,medium,loose,
1e-07,20,0.145,640851,3,0.01,10000,1000,0.1,200,1.03e-08,0.0,0.5,80,0.0,19,MIG459_medium_loose_low_mmedium,sim_migration,medium,loose,
1e-07,20,0.145,640851,3,0.01,10000,1000,0.1,200,1.03e-08,0.0,0.5,80,0.0,20,MIG460_medium_loose_low_mmedium,sim_migration,medium,loose,
1e-07,20,0.145,640851,3,0.01,10000,1000,0.2,200,1.03e-08,0.0,0.5,80,0.0,1,MIG461_medium_loose_low_mmedium,sim_migration,medium,loose,
1e-07,20,0.145,640851,3,0.01,10000,1000,0.2,200,1.03e-08,0.0,0.5,80,0.0,2,MIG462_medium_loose_low_mmedium,sim_migration,medium,loose,
1e-07,20,0.145,640851,3,0.01,10000,1000,0.2,200,1.03e-08,0.0,0.5,80,0.0,3,MIG463_medium_loose_low_mmedium,sim_migration,medium,loose,
1e-07,20,0.145,640851,3,0.01,10000,1000,0.2,200,1.03e-08,0.0,0.5,80,0.0,4,MIG464_medium_loose_low_mmedium,sim_migration,medium,loose,
1e-07,20,0.145,640851,3,0.01,10000,1000,0.2,200,1.03e-08,0.0,0.5,80,0.0,5,MIG465_medium_loose_low_mmedium,sim_migration,medium,loose,
1e-07,20,0.145,640851,3,0.01,10000,1000,0.2,200,1.03e-08,0.0,0.5,80,0.0,6,MIG466_medium_loose_low_mmedium,sim_migration,medium,loose,
1e-07,20,0.145,640851,3,0.01,10000,1000,0.2,200,1.03e-08,0.0,0.5,80,0.0,7,MIG467_medium_loose_low_mmedium,sim_migration,medium,loose,
1e-07,20,0.145,640851,3,0.01,10000,1000,0.2,200,1.03e-08,0.0,0.5,80,0.0,8,MIG468_medium_loose_low_mmedium,sim_migration,medium,loose,
1e-07,20,0.145,640851,3,0.01,10000,1000,0.2,200,1.03e-08,0.0,0.5,80,0.0,9,MIG469_medium_loose_low_mmedium,sim_migration,medium,loose,
1e-07,20,0.145,640851,3,0.01,10000,1000,0.2,200,1.03e-08,0.0,0.5,80,0.0,10,MIG470_medium_loose_low_mmedium,sim_migration,medium,loose,
1e-07,20,0.145,640851,3,0.01,10000,1000,0.2,200,1.03e-08,0.0,0.5,80,0.0,11,MIG471_medium_loose_low_mmedium,sim_migration,medium,loose,
1e-07,20,0.145,640851,3,0.01,10000,1000,0.2,200,1.03e-08,0.0,0.5,80,0.0,12,MIG472_medium_loose_low_mmedium,sim_migration,medium,loose,
1e-07,20,0.145,640851,3,0.01,10000,1000,0.2,200,1.03e-08,0.0,0.5,80,0.0,13,MIG473_medium_loose_low_mmedium,sim_migration,medium,loose,
1e-07,20,0.145,640851,3,0.01,10000,1000,0.2,200,1.03e-08,0.0,0.5,80,0.0,14,MIG474_medium_loose_low_mmedium,sim_migration,medium,loose,
1e-07,20,0.145,640851,3,0.01,10000,1000,0.2,200,1.03e-08,0.0,0.5,80,0.0,15,MIG475_medium_loose_low_mmedium,sim_migration,medium,loose,
1e-07,20,0.145,640851,3,0.01,10000,1000,0.2,200,1.03e-08,0.0,0.5,80,0.0,16,MIG476_medium_loose_low_mmedium,sim_migration,medium,loose,
1e-07,20,0.145,640851,3,0.01,10000,1000,0.2,200,1.03e-08,0.0,0.5,80,0.0,17,MIG477_medium_loose_low_mmedium,sim_migration,medium,loose,
1e-07,20,0.145,640851,3,0.01,10000,1000,0.2,200,1.03e-08,0.0,0.5,80,0.0,18,MIG478_medium_loose_low_mmedium,sim_migration,medium,loose,
1e-07,20,0.145,640851,3,0.01,10000,1000,0.2,200,1.03e-08,0.0,0.5,80,0.0,19,MIG479_medium_loose_low_mmedium,sim_migration,medium,loose,
1e-07,20,0.145,640851,3,0.01,10000,1000,0.2,200,1.03e-08,0.0,0.5,80,0.0,20,MIG480_medium_loose_low_mmedium,sim_migration,medium,loose,
1e-07,20,0.145,640851,3,0.05,10000,1000,0.05,200,1.03e-08,0.0,0.5,80,0.0,1,MIG481_medium_loose_low_mhigh,sim_migration,medium,loose,
1e-07,20,0.145,640851,3,0.05,10000,1000,0.05,200,1.03e-08,0.0,0.5,80,0.0,2,MIG482_medium_loose_low_mhigh,sim_migration,medium,loose,
1e-07,20,0.145,640851,3,0.05,10000,1000,0.05,200,1.03e-08,0.0,0.5,80,0.0,3,MIG483_medium_loose_low_mhigh,sim_migration,medium,loose,
1e-07,20,0.145,640851,3,0.05,10000,1000,0.05,200,1.03e-08,0.0,0.5,80,0.0,4,MIG484_medium_loose_low_mhigh,sim_migration,medium,loose,
1e-07,20,0.145,640851,3,0.05,10000,1000,0.05,200,1.03e-08,0.0,0.5,80,0.0,5,MIG485_medium_loose_low_mhigh,sim_migration,medium,loose,
1e-07,20,0.145,640851,3,0.05,10000,1000,0.05,200,1.03e-08,0.0,0.5,80,0.0,6,MIG486_medium_loose_low_mhigh,sim_migration,medium,loose,
1e-07,20,0.145,640851,3,0.05,10000,1000,0.05,200,1.03e-08,0.0,0.5,80,0.0,7,MIG487_medium_loose_low_mhigh,sim_migration,medium,loose,
1e-07,20,0.145,640851,3,0.05,10000,1000,0.05,200,1.03e-08,0.0,0.5,80,0.0,8,MIG488_medium_loose_low_mhigh,sim_migration,medium,loose,
1e-07,20,0.145,640851,3,0.05,10000,1000,0.05,200,1.03e-08,0.0,0.5,80,0.0,9,MIG489_medium_loose_low_mhigh,sim_migration,medium,loose,
1e-07,20,0.145,640851,3,0.05,10000,1000,0.05,200,1.03e-08,0.0,0.5,80,0.0,10,MIG490_medium_loose_low_mhigh,sim_migration,medium,loose,
1e-07,20,0.145,640851,3,0.05,10000,1000,0.05,200,1.03e-08,0.0,0.5,80,0.0,11,MIG491_medium_loose_low_mhigh,sim_migration,medium,loose,
1e-07,20,0.145,640851,3,0.05,10000,1000,0.05,200,1.03e-08,0.0,0.5,80,0.0,12,MIG492_medium_loose_low_mhigh,sim_migration,medium,loose,
1e-07,20,0.145,640851,3,0.05,10000,1000,0.05,200,1.03e-08,0.0,0.5,80,0.0,13,MIG493_medium_loose_low_mhigh,sim_migration,medium,loose,
1e-07,20,0.145,640851,3,0.05,10000,1000,0.05,200,1.03e-08,0.0,0.5,80,0.0,14,MIG494_medium_loose_low_mhigh,sim_migration,medium,loose,
1e-07,20,0.145,640851,3,0.05,10000,1000,0.05,200,1.03e-08,0.0,0.5,80,0.0,15,MIG495_medium_loose_low_mhigh,sim_migration,medium,loose,
1e-07,20,0.145,640851,3,0.05,10000,1000,0.05,200,1.03e-08,0.0,0.5,80,0.0,16,MIG496_medium_loose_low_mhigh,sim_migration,medium,loose,
1e-07,20,0.145,640851,3,0.05,10000,1000,0.05,200,1.03e-08,0.0,0.5,80,0.0,17,MIG497_medium_loose_low_mhigh,sim_migration,medium,loose,
1e-07,20,0.145,640851,3,0.05,10000,1000,0.05,200,1.03e-08,0.0,0.5,80,0.0,18,MIG498_medium_loose_low_mhigh,sim_migration,medium,loose,
1e-07,20,0.145,640851,3,0.05,10000,1000,0.05,200,1.03e-08,0.0,0.5,80,0.0,19,MIG499_medium_loose_low_mhigh,sim_migration,medium,loose,
1e-07,20,0.145,640851,3,0.05,10000,1000,0.05,200,1.03e-08,0.0,0.5,80,0.0,20,MIG500_medium_loose_low_mhigh,sim_migration,medium,loose,
1e-07,20,0.145,640851,3,0.05,10000,1000,0.1,200,1.03e-08,0.0,0.5,80,0.0,1,MIG501_medium_loose_low_mhigh,sim_migration,medium,loose,
1e-07,20,0.145,640851,3,0.05,10000,1000,0.1,200,1.03e-08,0.0,0.5,80,0.0,2,MIG502_medium_loose_low_mhigh,sim_migration,medium,loose,
1e-07,20,0.145,640851,3,0.05,10000,1000,0.1,200,1.03e-08,0.0,0.5,80,0.0,3,MIG503_medium_loose_low_mhigh,sim_migration,medium,loose,
1e-07,20,0.145,640851,3,0.05,10000,1000,0.1,200,1.03e-08,0.0,0.5,80,0.0,4,MIG504_medium_loose_low_mhigh,sim_migration,medium,loose,
1e-07,20,0.145,640851,3,0.05,10000,1000,0.1,200,1.03e-08,0.0,0.5,80,0.0,5,MIG505_medium_loose_low_mhigh,sim_migration,medium,loose,
1e-07,20,0.145,640851,3,0.05,10000,1000,0.1,200,1.03e-08,0.0,0.5,80,0.0,6,MIG506_medium_loose_low_mhigh,sim_migration,medium,loose,
1e-07,20,0.145,640851,3,0.05,10000,1000,0.1,200,1.03e-08,0.0,0.5,80,0.0,7,MIG507_medium_loose_low_mhigh,sim_migration,medium,loose,
1e-07,20,0.145,640851,3,0.05,10000,1000,0.1,200,1.03e-08,0.0,0.5,80,0.0,8,MIG508_medium_loose_low_mhigh,sim_migration,medium,loose,
1e-07,20,0.145,640851,3,0.05,10000,1000,0.1,200,1.03e-08,0.0,0.5,80,0.0,9,MIG509_medium_loose_low_mhigh,sim_migration,medium,loose,
1e-07,20,0.145,640851,3,0.05,10000,1000,0.1,200,1.03e-08,0.0,0.5,80,0.0,10,MIG510_medium_loose_low_mhigh,sim_migration,medium,loose,
1e-07,20,0.145,640851,3,0.05,10000,1000,0.1,200,1.03e-08,0.0,0.5,80,0.0,11,MIG511_medium_loose_low_mhigh,sim_migration,medium,loose,
1e-07,20,0.145,640851,3,0.05,10000,1000,0.1,200,1.03e-08,0.0,0.5,80,0.0,12,MIG512_medium_loose_low_mhigh,sim_migration,medium,loose,
1e-07,20,0.145,640851,3,0.05,10000,1000,0.1,200,1.03e-08,0.0,0.5,80,0.0,13,MIG513_medium_loose_low_mhigh,sim_migration,medium,loose,
1e-07,20,0.145,640851,3,0.05,10000,1000,0.1,200,1.03e-08,0.0,0.5,80,0.0,14,MIG514_medium_loose_low_mhigh,sim_migration,medium,loose,
1e-07,20,0.145,640851,3,0.05,10000,1000,0.1,200,1.03e-08,0.0,0.5,80,0.0,15,MIG515_medium_loose_low_mhigh,sim_migration,medium,loose,
1e-07,20,0.145,640851,3,0.05,10000,1000,0.1,200,1.03e-08,0.0,0.5,80,0.0,16,MIG516_medium_loose_low_mhigh,sim_migration,medium,loose,
1e-07,20,0.145,640851,3,0.05,10000,1000,0.1,200,1.03e-08,0.0,0.5,80,0.0,17,MIG517_medium_loose_low_mhigh,sim_migration,medium,loose,
1e-07,20,0.145,640851,3,0.05,10000,1000,0.1,200,1.03e-08,0.0,0.5,80,0.0,18,MIG518_medium_loose_low_mhigh,sim_migration,medium,loose,
1e-07,20,0.145,640851,3,0.05,10000,1000,0.1,200,1.03e-08,0.0,0.5,80,0.0,19,MIG519_medium_loose_low_mhigh,sim_migration,medium,loose,
1e-07,20,0.145,640851,3,0.05,10000,1000,0.1,200,1.03e-08,0.0,0.5,80,0.0,20,MIG520_medium_loose_low_mhigh,sim_migration,medium,loose,
1e-07,20,0.145,640851,3,0.05,10000,1000,0.2,200,1.03e-08,0.0,0.5,80,0.0,1,MIG521_medium_loose_low_mhigh,sim_migration,medium,loose,
1e-07,20,0.145,640851,3,0.05,10000,1000,0.2,200,1.03e-08,0.0,0.5,80,0.0,2,MIG522_medium_loose_low_mhigh,sim_migration,medium,loose,
1e-07,20,0.145,640851,3,0.05,10000,1000,0.2,200,1.03e-08,0.0,0.5,80,0.0,3,MIG523_medium_loose_low_mhigh,sim_migration,medium,loose,
1e-07,20,0.145,640851,3,0.05,10000,1000,0.2,200,1.03e-08,0.0,0.5,80,0.0,4,MIG524_medium_loose_low_mhigh,sim_migration,medium,loose,
1e-07,20,0.145,640851,3,0.05,10000,1000,0.2,200,1.03e-08,0.0,0.5,80,0.0,5,MIG525_medium_loose_low_mhigh,sim_migration,medium,loose,
1e-07,20,0.145,640851,3,0.05,10000,1000,0.2,200,1.03e-08,0.0,0.5,80,0.0,6,MIG526_medium_loose_low_mhigh,sim_migration,medium,loose,
1e-07,20,0.145,640851,3,0.05,10000,1000,0.2,200,1.03e-08,0.0,0.5,80,0.0,7,MIG527_medium_loose_low_mhigh,sim_migration,medium,loose,
1e-07,20,0.145,640851,3,0.05,10000,1000,0.2,200,1.03e-08,0.0,0.5,80,0.0,8,MIG528_medium_loose_low_mhigh,sim_migration,medium,loose,
1e-07,20,0.145,640851,3,0.05,10000,1000,0.2,200,1.03e-08,0.0,0.5,80,0.0,9,MIG529_medium_loose_low_mhigh,sim_migration,medium,loose,
1e-07,20,0.145,640851,3,0.05,10000,1000,0.2,200,1.03e-08,0.0,0.5,80,0.0,10,MIG530_medium_loose_low_mhigh,sim_migration,medium,loose,
1e-07,20,0.145,640851,3,0.05,10000,1000,0.2,200,1.03e-08,0.0,0.5,80,0.0,11,MIG531_medium_loose_low_mhigh,sim_migration,medium,loose,
1e-07,20,0.145,640851,3,0.05,10000,1000,0.2,200,1.03e-08,0.0,0.5,80,0.0,12,MIG532_medium_loose_low_mhigh,sim_migration,medium,loose,
1e-07,20,0.145,640851,3,0.05,10000,1000,0.2,200,1.03e-08,0.0,0.5,80,0.0,13,MIG533_medium_loose_low_mhigh,sim_migration,medium,loose,
1e-07,20,0.145,640851,3,0.05,10000,1000,0.2,200,1.03e-08,0.0,0.5,80,0.0,14,MIG534_medium_loose_low_mhigh,sim_migration,medium,loose,
1e-07,20,0.145,640851,3,0.05,10000,1000,0.2,200,1.03e-08,0.0,0.5,80,0.0,15,MIG535_medium_loose_low_mhigh,sim_migration,medium,loose,
1e-07,20,0.145,640851,3,0.05,10000,1000,0.2,200,1.03e-08,0.0,0.5,80,0.0,16,MIG536_medium_loose_low_mhigh,sim_migration,medium,loose,
1e-07,20,0.145,640851,3,0.05,10000,1000,0.2,200,1.03e-08,0.0,0.5,80,0.0,17,MIG537_medium_loose_low_mhigh,sim_migration,medium,loose,
1e-07,20,0.145,640851,3,0.05,10000,1000,0.2,200,1.03e-08,0.0,0.5,80,0.0,18,MIG538_medium_loose_low_mhigh,sim_migration,medium,loose,
1e-07,20,0.145,640851,3,0.05,10000,1000,0.2,200,1.03e-08,0.0,0.5,80,0.0,19,MIG539_medium_loose_low_mhigh,sim_migration,medium,loose,
1e-07,20,0.145,640851,3,0.05,10000,1000,0.2,200,1.03e-08,0.0,0.5,80,0.0,20,MIG540_medium_loose_low_mhigh,sim_migration,medium,loose,
1e-07,5,0.3,640851,3,0.001,10000,1000,0.05,200,2.13e-08,0.0,0.5,80,0.0,1,MIG541_medium_medium_moderate_mlow,sim_migration,medium,medium,
1e-07,5,0.3,640851,3,0.001,10000,1000,0.05,200,2.13e-08,0.0,0.5,80,0.0,2,MIG542_medium_medium_moderate_mlow,sim_migration,medium,medium,
1e-07,5,0.3,640851,3,0.001,10000,1000,0.05,200,2.13e-08,0.0,0.5,80,0.0,3,MIG543_medium_medium_moderate_mlow,sim_migration,medium,medium,
1e-07,5,0.3,640851,3,0.001,10000,1000,0.05,200,2.13e-08,0.0,0.5,80,0.0,4,MIG544_medium_medium_moderate_mlow,sim_migration,medium,medium,
1e-07,5,0.3,640851,3,0.001,10000,1000,0.05,200,2.13e-08,0.0,0.5,80,0.0,5,MIG545_medium_medium_moderate_mlow,sim_migration,medium,medium,
1e-07,5,0.3,640851,3,0.001,10000,1000,0.05,200,2.13e-08,0.0,0.5,80,0.0,6,MIG546_medium_medium_moderate_mlow,sim_migration,medium,medium,
1e-07,5,0.3,640851,3,0.001,10000,1000,0.05,200,2.13e-08,0.0,0.5,80,0.0,7,MIG547_medium_medium_moderate_mlow,sim_migration,medium,medium,
1e-07,5,0.3,640851,3,0.001,10000,1000,0.05,200,2.13e-08,0.0,0.5,80,0.0,8,MIG548_medium_medium_moderate_mlow,sim_migration,medium,medium,
1e-07,5,0.3,640851,3,0.001,10000,1000,0.05,200,2.13e-08,0.0,0.5,80,0.0,9,MIG549_medium_medium_moderate_mlow,sim_migration,medium,medium,
1e-07,5,0.3,640851,3,0.001,10000,1000,0.05,200,2.13e-08,0.0,0.5,80,0.0,10,MIG550_medium_medium_moderate_mlow,sim_migration,medium,medium,
1e-07,5,0.3,640851,3,0.001,10000,1000,0.05,200,2.13e-08,0.0,0.5,80,0.0,11,MIG551_medium_medium_moderate_mlow,sim_migration,medium,medium,
1e-07,5,0.3,640851,3,0.001,10000,1000,0.05,200,2.13e-08,0.0,0.5,80,0.0,12,MIG552_medium_medium_moderate_mlow,sim_migration,medium,medium,
1e-07,5,0.3,640851,3,0.001,10000,1000,0.05,200,2.13e-08,0.0,0.5,80,0.0,13,MIG553_medium_medium_moderate_mlow,sim_migration,medium,medium,
1e-07,5,0.3,640851,3,0.001,10000,1000,0.05,200,2.13e-08,0.0,0.5,80,0.0,14,MIG554_medium_medium_moderate_mlow,sim_migration,medium,medium,
1e-07,5,0.3,640851,3,0.001,10000,1000,0.05,200,2.13e-08,0.0,0.5,80,0.0,15,MIG555_medium_medium_moderate_mlow,sim_migration,medium,medium,
1e-07,5,0.3,640851,3,0.001,10000,1000,0.05,200,2.13e-08,0.0,0.5,80,0.0,16,MIG556_medium_medium_moderate_mlow,sim_migration,medium,medium,
1e-07,5,0.3,640851,3,0.001,10000,1000,0.05,200,2.13e-08,0.0,0.5,80,0.0,17,MIG557_medium_medium_moderate_mlow,sim_migration,medium,medium,
1e-07,5,0.3,640851,3,0.001,10000,1000,0.05,200,2.13e-08,0.0,0.5,80,0.0,18,MIG558_medium_medium_moderate_mlow,sim_migration,medium,medium,
1e-07,5,0.3,640851,3,0.001,10000,1000,0.05,200,2.13e-08,0.0,0.5,80,0.0,19,MIG559_medium_medium_moderate_mlow,sim_migration,medium,medium,
1e-07,5,0.3,640851,3,0.001,10000,1000,0.05,200,2.13e-08,0.0,0.5,80,0.0,20,MIG560_medium_medium_moderate_mlow,sim_migration,medium,medium,
1e-07,5,0.3,640851,3,0.001,10000,1000,0.1,200,2.13e-08,0.0,0.5,80,0.0,1,MIG561_medium_medium_moderate_mlow,sim_migration,medium,medium,
1e-07,5,0.3,640851,3,0.001,10000,1000,0.1,200,2.13e-08,0.0,0.5,80,0.0,2,MIG562_medium_medium_moderate_mlow,sim_migration,medium,medium,
1e-07,5,0.3,640851,3,0.001,10000,1000,0.1,200,2.13e-08,0.0,0.5,80,0.0,3,MIG563_medium_medium_moderate_mlow,sim_migration,medium,medium,
1e-07,5,0.3,640851,3,0.001,10000,1000,0.1,200,2.13e-08,0.0,0.5,80,0.0,4,MIG564_medium_medium_moderate_mlow,sim_migration,medium,medium,
1e-07,5,0.3,640851,3,0.001,10000,1000,0.1,200,2.13e-08,0.0,0.5,80,0.0,5,MIG565_medium_medium_moderate_mlow,sim_migration,medium,medium,
1e-07,5,0.3,640851,3,0.001,10000,1000,0.1,200,2.13e-08,0.0,0.5,80,0.0,6,MIG566_medium_medium_moderate_mlow,sim_migration,medium,medium,
1e-07,5,0.3,640851,3,0.001,10000,1000,0.1,200,2.13e-08,0.0,0.5,80,0.0,7,MIG567_medium_medium_moderate_mlow,sim_migration,medium,medium,
1e-07,5,0.3,640851,3,0.001,10000,1000,0.1,200,2.13e-08,0.0,0.5,80,0.0,8,MIG568_medium_medium_moderate_mlow,sim_migration,medium,medium,
1e-07,5,0.3,640851,3,0.001,10000,1000,0.1,200,2.13e-08,0.0,0.5,80,0.0,9,MIG569_medium_medium_moderate_mlow,sim_migration,medium,medium,
1e-07,5,0.3,640851,3,0.001,10000,1000,0.1,200,2.13e-08,0.0,0.5,80,0.0,10,MIG570_medium_medium_moderate_mlow,sim_migration,medium,medium,
1e-07,5,0.3,640851,3,0.001,10000,1000,0.1,200,2.13e-08,0.0,0.5,80,0.0,11,MIG571_medium_medium_moderate_mlow,sim_migration,medium,medium,
1e-07,5,0.3,640851,3,0.001,10000,1000,0.1,200,2.13e-08,0.0,0.5,80,0.0,12,MIG572_medium_medium_moderate_mlow,sim_migration,medium,medium,
1e-07,5,0.3,640851,3,0.001,10000,1000,0.1,200,2.13e-08,0.0,0.5,80,0.0,13,MIG573_medium_medium_moderate_mlow,sim_migration,medium,medium,
1e-07,5,0.3,640851,3,0.001,10000,1000,0.1,200,2.13e-08,0.0,0.5,80,0.0,14,MIG574_medium_medium_moderate_mlow,sim_migration,medium,medium,
1e-07,5,0.3,640851,3,0.001,10000,1000,0.1,200,2.13e-08,0.0,0.5,80,0.0,15,MIG575_medium_medium_moderate_mlow,sim_migration,medium,medium,
1e-07,5,0.3,640851,3,0.001,10000,1000,0.1,200,2.13e-08,0.0,0.5,80,0.0,16,MIG576_medium_medium_moderate_mlow,sim_migration,medium,medium,
1e-07,5,0.3,640851,3,0.001,10000,1000,0.1,200,2.13e-08,0.0,0.5,80,0.0,17,MIG577_medium_medium_moderate_mlow,sim_migration,medium,medium,
1e-07,5,0.3,640851,3,0.001,10000,1000,0.1,200,2.13e-08,0.0,0.5,80,0.0,18,MIG578_medium_medium_moderate_mlow,sim_migration,medium,medium,
1e-07,5,0.3,640851,3,0.001,10000,1000,0.1,200,2.13e-08,0.0,0.5,80,0.0,19,MIG579_medium_medium_moderate_mlow,sim_migration,medium,medium,
1e-07,5,0.3,640851,3,0.001,10000,1000,0.1,200,2.13e-08,0.0,0.5,80,0.0,20,MIG580_medium_medium_moderate_mlow,sim_migration,medium,medium,
1e-07,5,0.3,640851,3,0.001,10000,1000,0.2,200,2.13e-08,0.0,0.5,80,0.0,1,MIG581_medium_medium_moderate_mlow,sim_migration,medium,medium,
1e-07,5,0.3,640851,3,0.001,10000,1000,0.2,200,2.13e-08,0.0,0.5,80,0.0,2,MIG582_medium_medium_moderate_mlow,sim_migration,medium,medium,
1e-07,5,0.3,640851,3,0.001,10000,1000,0.2,200,2.13e-08,0.0,0.5,80,0.0,3,MIG583_medium_medium_moderate_mlow,sim_migration,medium,medium,
1e-07,5,0.3,640851,3,0.001,10000,1000,0.2,200,2.13e-08,0.0,0.5,80,0.0,4,MIG584_medium_medium_moderate_mlow,sim_migration,medium,medium,
1e-07,5,0.3,640851,3,0.001,10000,1000,0.2,200,2.13e-08,0.0,0.5,80,0.0,5,MIG585_medium_medium_moderate_mlow,sim_migration,medium,medium,
1e-07,5,0.3,640851,3,0.001,10000,1000,0.2,200,2.13e-08,0.0,0.5,80,0.0,6,MIG586_medium_medium_moderate_mlow,sim_migration,medium,medium,
1e-07,5,0.3,640851,3,0.001,10000,1000,0.2,200,2.13e-08,0.0,0.5,80,0.0,7,MIG587_medium_medium_moderate_mlow,sim_migration,medium,medium,
1e-07,5,0.3,640851,3,0.001,10000,1000,0.2,200,2.13e-08,0.0,0.5,80,0.0,8,MIG588_medium_medium_moderate_mlow,sim_migration,medium,medium,
1e-07,5,0.3,640851,3,0.001,10000,1000,0.2,200,2.13e-08,0.0,0.5,80,0.0,9,MIG589_medium_medium_moderate_mlow,sim_migration,medium,medium,
1e-07,5,0.3,640851,3,0.001,10000,1000,0.2,200,2.13e-08,0.0,0.5,80,0.0,10,MIG590_medium_medium_moderate_mlow,sim_migration,medium,medium,
1e-07,5,0.3,640851,3,0.001,10000,1000,0.2,200,2.13e-08,0.0,0.5,80,0.0,11,MIG591_medium_medium_moderate_mlow,sim_migration,medium,medium,
1e-07,5,0.3,640851,3,0.001,10000,1000,0.2,200,2.13e-08,0.0,0.5,80,0.0,12,MIG592_medium_medium_moderate_mlow,sim_migration,medium,medium,
1e-07,5,0.3,640851,3,0.001,10000,1000,0.2,200,2.13e-08,0.0,0.5,80,0.0,13,MIG593_medium_medium_moderate_mlow,sim_migration,medium,medium,
1e-07,5,0.3,640851,3,0.001,10000,1000,0.2,200,2.13e-08,0.0,0.5,80,0.0,14,MIG594_medium_medium_moderate_mlow,sim_migration,medium,medium,
1e-07,5,0.3,640851,3,0.001,10000,1000,0.2,200,2.13e-08,0.0,0.5,80,0.0,15,MIG595_medium_medium_moderate_mlow,sim_migration,medium,medium,
1e-07,5,0.3,640851,3,0.001,10000,1000,0.2,200,2.13e-08,0.0,0.5,80,0.0,16,MIG596_medium_medium_moderate_mlow,sim_migration,medium,medium,
1e-07,5,0.3,640851,3,0.001,10000,1000,0.2,200,2.13e-08,0.0,0.5,80,0.0,17,MIG597_medium_medium_moderate_mlow,sim_migration,medium,medium,
1e-07,5,0.3,640851,3,0.001,10000,1000,0.2,200,2.13e-08,0.0,0.5,80,0.0,18,MIG598_medium_medium_moderate_mlow,sim_migration,medium,medium,
1e-07,5,0.3,640851,3,0.001,10000,1000,0.2,200,2.13e-08,0.0,0.5,80,0.0,19,MIG599_medium_medium_moderate_mlow,sim_migration,medium,medium,
1e-07,5,0.3,640851,3,0.001,10000,1000,0.2,200,2.13e-08,0.0,0.5,80,0.0,20,MIG600_medium_medium_moderate_mlow,sim_migration,medium,medium,
1e-07,5,0.3,640851,3,0.01,10000,1000,0.05,200,2.13e-08,0.0,0.5,80,0.0,1,MIG601_medium_medium_moderate_mmedium,sim_migration,medium,medium,
1e-07,5,0.3,640851,3,0.01,10000,1000,0.05,200,2.13e-08,0.0,0.5,80,0.0,2,MIG602_medium_medium_moderate_mmedium,sim_migration,medium,medium,
1e-07,5,0.3,640851,3,0.01,10000,1000,0.05,200,2.13e-08,0.0,0.5,80,0.0,3,MIG603_medium_medium_moderate_mmedium,sim_migration,medium,medium,
1e-07,5,0.3,640851,3,0.01,10000,1000,0.05,200,2.13e-08,0.0,0.5,80,0.0,4,MIG604_medium_medium_moderate_mmedium,sim_migration,medium,medium,
1e-07,5,0.3,640851,3,0.01,10000,1000,0.05,200,2.13e-08,0.0,0.5,80,0.0,5,MIG605_medium_medium_moderate_mmedium,sim_migration,medium,medium,
1e-07,5,0.3,640851,3,0.01,10000,1000,0.05,200,2.13e-08,0.0,0.5,80,0.0,6,MIG606_medium_medium_moderate_mmedium,sim_migration,medium,medium,
1e-07,5,0.3,640851,3,0.01,10000,1000,0.05,200,2.13e-08,0.0,0.5,80,0.0,7,MIG607_medium_medium_moderate_mmedium,sim_migration,medium,medium,
1e-07,5,0.3,640851,3,0.01,10000,1000,0.05,200,2.13e-08,0.0,0.5,80,0.0,8,MIG608_medium_medium_moderate_mmedium,sim_migration,medium,medium,
1e-07,5,0.3,640851,3,0.01,10000,1000,0.05,200,2.13e-08,0.0,0.5,80,0.0,9,MIG609_medium_medium_moderate_mmedium,sim_migration,medium,medium,
1e-07,5,0.3,640851,3,0.01,10000,1000,0.05,200,2.13e-08,0.0,0.5,80,0.0,10,MIG610_medium_medium_moderate_mmedium,sim_migration,medium,medium,
1e-07,5,0.3,640851,3,0.01,10000,1000,0.05,200,2.13e-08,0.0,0.5,80,0.0,11,MIG611_medium_medium_moderate_mmedium,sim_migration,medium,medium,
1e-07,5,0.3,640851,3,0.01,10000,1000,0.05,200,2.13e-08,0.0,0.5,80,0.0,12,MIG612_medium_medium_moderate_mmedium,sim_migration,medium,medium,
1e-07,5,0.3,640851,3,0.01,10000,1000,0.05,200,2.13e-08,0.0,0.5,80,0.0,13,MIG613_medium_medium_moderate_mmedium,sim_migration,medium,medium,
1e-07,5,0.3,640851,3,0.01,10000,1000,0.05,200,2.13e-08,0.0,0.5,80,0.0,14,MIG614_medium_medium_moderate_mmedium,sim_migration,medium,medium,
1e-07,5,0.3,640851,3,0.01,10000,1000,0.05,200,2.13e-08,0.0,0.5,80,0.0,15,MIG615_medium_medium_moderate_mmedium,sim_migration,medium,medium,
1e-07,5,0.3,640851,3,0.01,10000,1000,0.05,200,2.13e-08,0.0,0.5,80,0.0,16,MIG616_medium_medium_moderate_mmedium,sim_migration,medium,medium,
1e-07,5,0.3,640851,3,0.01,10000,1000,0.05,200,2.13e-08,0.0,0.5,80,0.0,17,MIG617_medium_medium_moderate_mmedium,sim_migration,medium,medium,
1e-07,5,0.3,640851,3,0.01,10000,1000,0.05,200,2.13e-08,0.0,0.5,80,0.0,18,MIG618_medium_medium_moderate_mmedium,sim_migration,medium,medium,
1e-07,5,0.3,640851,3,0.01,10000,1000,0.05,200,2.13e-08,0.0,0.5,80,0.0,19,MIG619_medium_medium_moderate_mmedium,sim_migration,medium,medium,
1e-07,5,0.3,640851,3,0.01,10000,1000,0.05,200,2.13e-08,0.0,0.5,80,0.0,20,MIG620_medium_medium_moderate_mmedium,sim_migration,medium,medium,
1e-07,5,0.3,640851,3,0.01,10000,1000,0.1,200,2.13e-08,0.0,0.5,80,0.0,1,MIG621_medium_medium_moderate_mmedium,sim_migration,medium,medium,
1e-07,5,0.3,640851,3,0.01,10000,1000,0.1,200,2.13e-08,0.0,0.5,80,0.0,2,MIG622_medium_medium_moderate_mmedium,sim_migration,medium,medium,
1e-07,5,0.3,640851,3,0.01,10000,1000,0.1,200,2.13e-08,0.0,0.5,80,0.0,3,MIG623_medium_medium_moderate_mmedium,sim_migration,medium,medium,
1e-07,5,0.3,640851,3,0.01,10000,1000,0.1,200,2.13e-08,0.0,0.5,80,0.0,4,MIG624_medium_medium_moderate_mmedium,sim_migration,medium,medium,
1e-07,5,0.3,640851,3,0.01,10000,1000,0.1,200,2.13e-08,0.0,0.5,80,0.0,5,MIG625_medium_medium_moderate_mmedium,sim_migration,medium,medium,
1e-07,5,0.3,640851,3,0.01,10000,1000,0.1,200,2.13e-08,0.0,0.5,80,0.0,6,MIG626_medium_medium_moderate_mmedium,sim_migration,medium,medium,
1e-07,5,0.3,640851,3,0.01,10000,1000,0.1,200,2.13e-08,0.0,0.5,80,0.0,7,MIG627_medium_medium_moderate_mmedium,sim_migration,medium,medium,
1e-07,5,0.3,640851,3,0.01,10000,1000,0.1,200,2.13e-08,0.0,0.5,80,0.0,8,MIG628_medium_medium_moderate_mmedium,sim_migration,medium,medium,
1e-07,5,0.3,640851,3,0.01,10000,1000,0.1,200,2.13e-08,0.0,0.5,80,0.0,9,MIG629_medium_medium_moderate_mmedium,sim_migration,medium,medium,
1e-07,5,0.3,640851,3,0.01,10000,1000,0.1,200,2.13e-08,0.0,0.5,80,0.0,10,MIG630_medium_medium_moderate_mmedium,sim_migration,medium,medium,
1e-07,5,0.3,640851,3,0.01,10000,1000,0.1,200,2.13e-08,0.0,0.5,80,0.0,11,MIG631_medium_medium_moderate_mmedium,sim_migration,medium,medium,
1e-07,5,0.3,640851,3,0.01,10000,1000,0.1,200,2.13e-08,0.0,0.5,80,0.0,12,MIG632_medium_medium_moderate_mmedium,sim_migration,medium,medium,
1e-07,5,0.3,640851,3,0.01,10000,1000,0.1,200,2.13e-08,0.0,0.5,80,0.0,13,MIG633_medium_medium_moderate_mmedium,sim_migration,medium,medium,
1e-07,5,0.3,640851,3,0.01,10000,1000,0.1,200,2.13e-08,0.0,0.5,80,0.0,14,MIG634_medium_medium_moderate_mmedium,sim_migration,medium,medium,
1e-07,5,0.3,640851,3,0.01,10000,1000,0.1,200,2.13e-08,0.0,0.5,80,0.0,15,MIG635_medium_medium_moderate_mmedium,sim_migration,medium,medium,
1e-07,5,0.3,640851,3,0.01,10000,1000,0.1,200,2.13e-08,0.0,0.5,80,0.0,16,MIG636_medium_medium_moderate_mmedium,sim_migration,medium,medium,
1e-07,5,0.3,640851,3,0.01,10000,1000,0.1,200,2.13e-08,0.0,0.5,80,0.0,17,MIG637_medium_medium_moderate_mmedium,sim_migration,medium,medium,
1e-07,5,0.3,640851,3,0.01,10000,1000,0.1,200,2.13e-08,0.0,0.5,80,0.0,18,MIG638_medium_medium_moderate_mmedium,sim_migration,medium,medium,
1e-07,5,0.3,640851,3,0.01,10000,1000,0.1,200,2.13e-08,0.0,0.5,80,0.0,19,MIG639_medium_medium_moderate_mmedium,sim_migration,medium,medium,
1e-07,5,0.3,640851,3,0.01,10000,1000,0.1,200,2.13e-08,0.0,0.5,80,0.0,20,MIG640_medium_medium_moderate_mmedium,sim_migration,medium,medium,
1e-07,5,0.3,640851,3,0.01,10000,1000,0.2,200,2.13e-08,0.0,0.5,80,0.0,1,MIG641_medium_medium_moderate_mmedium,sim_migration,medium,medium,
1e-07,5,0.3,640851,3,0.01,10000,1000,0.2,200,2.13e-08,0.0,0.5,80,0.0,2,MIG642_medium_medium_moderate_mmedium,sim_migration,medium,medium,
1e-07,5,0.3,640851,3,0.01,10000,1000,0.2,200,2.13e-08,0.0,0.5,80,0.0,3,MIG643_medium_medium_moderate_mmedium,sim_migration,medium,medium,
1e-07,5,0.3,640851,3,0.01,10000,1000,0.2,200,2.13e-08,0.0,0.5,80,0.0,4,MIG644_medium_medium_moderate_mmedium,sim_migration,medium,medium,
1e-07,5,0.3,640851,3,0.01,10000,1000,0.2,200,2.13e-08,0.0,0.5,80,0.0,5,MIG645_medium_medium_moderate_mmedium,sim_migration,medium,medium,
1e-07,5,0.3,640851,3,0.01,10000,1000,0.2,200,2.13e-08,0.0,0.5,80,0.0,6,MIG646_medium_medium_moderate_mmedium,sim_migration,medium,medium,
1e-07,5,0.3,640851,3,0.01,10000,1000,0.2,200,2.13e-08,0.0,0.5,80,0.0,7,MIG647_medium_medium_moderate_mmedium,sim_migration,medium,medium,
1e-07,5,0.3,640851,3,0.01,10000,1000,0.2,200,2.13e-08,0.0,0.5,80,0.0,8,MIG648_medium_medium_moderate_mmedium,sim_migration,medium,medium,
1e-07,5,0.3,640851,3,0.01,10000,1000,0.2,200,2.13e-08,0.0,0.5,80,0.0,9,MIG649_medium_medium_moderate_mmedium,sim_migration,medium,medium,
1e-07,5,0.3,640851,3,0.01,10000,1000,0.2,200,2.13e-08,0.0,0.5,80,0.0,10,MIG650_medium_medium_moderate_mmedium,sim_migration,medium,medium,
1e-07,5,0.3,640851,3,0.01,10000,1000,0.2,200,2.13e-08,0.0,0.5,80,0.0,11,MIG651_medium_medium_moderate_mmedium,sim_migration,medium,medium,
1e-07,5,0.3,640851,3,0.01,10000,1000,0.2,200,2.13e-08,0.0,0.5,80,0.0,12,MIG652_medium_medium_moderate_mmedium,sim_migration,medium,medium,
1e-07,5,0.3,640851,3,0.01,10000,1000,0.2,200,2.13e-08,0.0,0.5,80,0.0,13,MIG653_medium_medium_moderate_mmedium,sim_migration,medium,medium,
1e-07,5,0.3,640851,3,0.01,10000,1000,0.2,200,2.13e-08,0.0,0.5,80,0.0,14,MIG654_medium_medium_moderate_mmedium,sim_migration,medium,medium,
1e-07,5,0.3,640851,3,0.01,10000,1000,0.2,200,2.13e-08,0.0,0.5,80,0.0,15,MIG655_medium_medium_moderate_mmedium,sim_migration,medium,medium,
1e-07,5,0.3,640851,3,0.01,10000,1000,0.2,200,2.13e-08,0.0,0.5,80,0.0,16,MIG656_medium_medium_moderate_mmedium,sim_migration,medium,medium,
1e-07,5,0.3,640851,3,0.01,10000,1000,0.2,200,2.13e-08,0.0,0.5,80,0.0,17,MIG657_medium_medium_moderate_mmedium,sim_migration,medium,medium,
1e-07,5,0.3,640851,3,0.01,10000,1000,0.2,200,2.13e-08,0.0,0.5,80,0.0,18,MIG658_medium_medium_moderate_mmedium,sim_migration,medium,medium,
1e-07,5,0.3,640851,3,0.01,10000,1000,0.2,200,2.13e-08,0.0,0.5,80,0.0,19,MIG659_medium_medium_moderate_mmedium,sim_migration,medium,medium,
1e-07,5,0.3,640851,3,0.01,10000,1000,0.2,200,2.13e-08,0.0,0.5,80,0.0,20,MIG660_medium_medium_moderate_mmedium,sim_migration,medium,medium,
1e-07,5,0.3,640851,3,0.05,10000,1000,0.05,200,2.13e-08,0.0,0.5,80,0.0,1,MIG661_medium_medium_moderate_mhigh,sim_migration,medium,medium,
1e-07,5,0.3,640851,3,0.05,10000,1000,0.05,200,2.13e-08,0.0,0.5,80,0.0,2,MIG662_medium_medium_moderate_mhigh,sim_migration,medium,medium,
1e-07,5,0.3,640851,3,0.05,10000,1000,0.05,200,2.13e-08,0.0,0.5,80,0.0,3,MIG663_medium_medium_moderate_mhigh,sim_migration,medium,medium,
1e-07,5,0.3,640851,3,0.05,10000,1000,0.05,200,2.13e-08,0.0,0.5,80,0.0,4,MIG664_medium_medium_moderate_mhigh,sim_migration,medium,medium,
1e-07,5,0.3,640851,3,0.05,10000,1000,0.05,200,2.13e-08,0.0,0.5,80,0.0,5,MIG665_medium_medium_moderate_mhigh,sim_migration,medium,medium,
1e-07,5,0.3,640851,3,0.05,10000,1000,0.05,200,2.13e-08,0.0,0.5,80,0.0,6,MIG666_medium_medium_moderate_mhigh,sim_migration,medium,medium,
1e-07,5,0.3,640851,3,0.05,10000,1000,0.05,200,2.13e-08,0.0,0.5,80,0.0,7,MIG667_medium_medium_moderate_mhigh,sim_migration,medium,medium,
1e-07,5,0.3,640851,3,0.05,10000,1000,0.05,200,2.13e-08,0.0,0.5,80,0.0,8,MIG668_medium_medium_moderate_mhigh,sim_migration,medium,medium,
1e-07,5,0.3,640851,3,0.05,10000,1000,0.05,200,2.13e-08,0.0,0.5,80,0.0,9,MIG669_medium_medium_moderate_mhigh,sim_migration,medium,medium,
1e-07,5,0.3,640851,3,0.05,10000,1000,0.05,200,2.13e-08,0.0,0.5,80,0.0,10,MIG670_medium_medium_moderate_mhigh,sim_migration,medium,medium,
1e-07,5,0.3,640851,3,0.05,10000,1000,0.05,200,2.13e-08,0.0,0.5,80,0.0,11,MIG671_medium_medium_moderate_mhigh,sim_migration,medium,medium,
1e-07,5,0.3,640851,3,0.05,10000,1000,0.05,200,2.13e-08,0.0,0.5,80,0.0,12,MIG672_medium_medium_moderate_mhigh,sim_migration,medium,medium,
1e-07,5,0.3,640851,3,0.05,10000,1000,0.05,200,2.13e-08,0.0,0.5,80,0.0,13,MIG673_medium_medium_moderate_mhigh,sim_migration,medium,medium,
1e-07,5,0.3,640851,3,0.05,10000,1000,0.05,200,2.13e-08,0.0,0.5,80,0.0,14,MIG674_medium_medium_moderate_mhigh,sim_migration,medium,medium,
1e-07,5,0.3,640851,3,0.05,10000,1000,0.05,200,2.13e-08,0.0,0.5,80,0.0,15,MIG675_medium_medium_moderate_mhigh,sim_migration,medium,medium,
1e-07,5,0.3,640851,3,0.05,10000,1000,0.05,200,2.13e-08,0.0,0.5,80,0.0,16,MIG676_medium_medium_moderate_mhigh,sim_migration,medium,medium,
1e-07,5,0.3,640851,3,0.05,10000,1000,0.05,200,2.13e-08,0.0,0.5,80,0.0,17,MIG677_medium_medium_moderate_mhigh,sim_migration,medium,medium,
1e-07,5,0.3,640851,3,0.05,10000,1000,0.05,200,2.13e-08,0.0,0.5,80,0.0,18,MIG678_medium_medium_moderate_mhigh,sim_migration,medium,medium,
1e-07,5,0.3,640851,3,0.05,10000,1000,0.05,200,2.13e-08,0.0,0.5,80,0.0,19,MIG679_medium_medium_moderate_mhigh,sim_migration,medium,medium,
1e-07,5,0.3,640851,3,0.05,10000,1000,0.05,200,2.13e-08,0.0,0.5,80,0.0,20,MIG680_medium_medium_moderate_mhigh,sim_migration,medium,medium,
1e-07,5,0.3,640851,3,0.05,10000,1000,0.1,200,2.13e-08,0.0,0.5,80,0.0,1,MIG681_medium_medium_moderate_mhigh,sim_migration,medium,medium,
1e-07,5,0.3,640851,3,0.05,10000,1000,0.1,200,2.13e-08,0.0,0.5,80,0.0,2,MIG682_medium_medium_moderate_mhigh,sim_migration,medium,medium,
1e-07,5,0.3,640851,3,0.05,10000,1000,0.1,200,2.13e-08,0.0,0.5,80,0.0,3,MIG683_medium_medium_moderate_mhigh,sim_migration,medium,medium,
1e-07,5,0.3,640851,3,0.05,10000,1000,0.1,200,2.13e-08,0.0,0.5,80,0.0,4,MIG684_medium_medium_moderate_mhigh,sim_migration,medium,medium,
1e-07,5,0.3,640851,3,0.05,10000,1000,0.1,200,2.13e-08,0.0,0.5,80,0.0,5,MIG685_medium_medium_moderate_mhigh,sim_migration,medium,medium,
1e-07,5,0.3,640851,3,0.05,10000,1000,0.1,200,2.13e-08,0.0,0.5,80,0.0,6,MIG686_medium_medium_moderate_mhigh,sim_migration,medium,medium,
1e-07,5,0.3,640851,3,0.05,10000,1000,0.1,200,2.13e-08,0.0,0.5,80,0.0,7,MIG687_medium_medium_moderate_mhigh,sim_migration,medium,medium,
1e-07,5,0.3,640851,3,0.05,10000,1000,0.1,200,2.13e-08,0.0,0.5,80,0.0,8,MIG688_medium_medium_moderate_mhigh,sim_migration,medium,medium,
1e-07,5,0.3,640851,3,0.05,10000,1000,0.1,200,2.13e-08,0.0,0.5,80,0.0,9,MIG689_medium_medium_moderate_mhigh,sim_migration,medium,medium,
1e-07,5,0.3,640851,3,0.05,10000,1000,0.1,200,2.13e-08,0.0,0.5,80,0.0,10,MIG690_medium_medium_moderate_mhigh,sim_migration,medium,medium,
1e-07,5,0.3,640851,3,0.05,10000,1000,0.1,200,2.13e-08,0.0,0.5,80,0.0,11,MIG691_medium_medium_moderate_mhigh,sim_migration,medium,medium,
1e-07,5,0.3,640851,3,0.05,10000,1000,0.1,200,2.13e-08,0.0,0.5,80,0.0,12,MIG692_medium_medium_moderate_mhigh,sim_migration,medium,medium,
1e-07,5,0.3,640851,3,0.05,10000,1000,0.1,200,2.13e-08,0.0,0.5,80,0.0,13,MIG693_medium_medium_moderate_mhigh,sim_migration,medium,medium,
1e-07,5,0.3,640851,3,0.05,10000,1000,0.1,200,2.13e-08,0.0,0.5,80,0.0,14,MIG694_medium_medium_moderate_mhigh,sim_migration,medium,medium,
1e-07,5,0.3,640851,3,0.05,10000,1000,0.1,200,2.13e-08,0.0,0.5,80,0.0,15,MIG695_medium_medium_moderate_mhigh,sim_migration,medium,medium,
1e-07,5,0.3,640851,3,0.05,10000,1000,0.1,200,2.13e-08,0.0,0.5,80,0.0,16,MIG696_medium_medium_moderate_mhigh,sim_migration,medium,medium,
1e-07,5,0.3,640851,3,0.05,10000,1000,0.1,200,2.13e-08,0.0,0.5,80,0.0,17,MIG697_medium_medium_moderate_mhigh,sim_migration,medium,medium,
1e-07,5,0.3,640851,3,0.05,10000,1000,0.1,200,2.13e-08,0.0,0.5,80,0.0,18,MIG698_medium_medium_moderate_mhigh,sim_migration,medium,medium,
1e-07,5,0.3,640851,3,0.05,10000,1000,0.1,200,2.13e-08,0.0,0.5,80,0.0,19,MIG699_medium_medium_moderate_mhigh,sim_migration,medium,medium,
1e-07,5,0.3,640851,3,0.05,10000,1000,0.1,200,2.13e-08,0.0,0.5,80,0.0,20,MIG700_medium_medium_moderate_mhigh,sim_migration,medium,medium,
1e-07,5,0.3,640851,3,0.05,10000,1000,0.2,200,2.13e-08,0.0,0.5,80,0.0,1,MIG701_medium_medium_moderate_mhigh,sim_migration,medium,medium,
1e-07,5,0.3,640851,3,0.05,10000,1000,0.2,200,2.13e-08,0.0,0.5,80,0.0,2,MIG702_medium_medium_moderate_mhigh,sim_migration,medium,medium,
1e-07,5,0.3,640851,3,0.05,10000,1000,0.2,200,2.13e-08,0.0,0.5,80,0.0,3,MIG703_medium_medium_moderate_mhigh,sim_migration,medium,medium,
1e-07,5,0.3,640851,3,0.05,10000,1000,0.2,200,2.13e-08,0.0,0.5,80,0.0,4,MIG704_medium_medium_moderate_mhigh,sim_migration,medium,medium,
1e-07,5,0.3,640851,3,0.05,10000,1000,0.2,200,2.13e-08,0.0,0.5,80,0.0,5,MIG705_medium_medium_moderate_mhigh,sim_migration,medium,medium,
1e-07,5,0.3,640851,3,0.05,10000,1000,0.2,200,2.13e-08,0.0,0.5,80,0.0,6,MIG706_medium_medium_moderate_mhigh,sim_migration,medium,medium,
1e-07,5,0.3,640851,3,0.05,10000,1000,0.2,200,2.13e-08,0.0,0.5,80,0.0,7,MIG707_medium_medium_moderate_mhigh,sim_migration,medium,medium,
1e-07,5,0.3,640851,3,0.05,10000,1000,0.2,200,2.13e-08,0.0,0.5,80,0.0,8,MIG708_medium_medium_moderate_mhigh,sim_migration,medium,medium,
1e-07,5,0.3,640851,3,0.05,10000,1000,0.2,200,2.13e-08,0.0,0.5,80,0.0,9,MIG709_medium_medium_moderate_mhigh,sim_migration,medium,medium,
1e-07,5,0.3,640851,3,0.05,10000,1000,0.2,200,2.13e-08,0.0,0.5,80,0.0,10,MIG710_medium_medium_moderate_mhigh,sim_migration,medium,medium,
1e-07,5,0.3,640851,3,0.05,10000,1000,0.2,200,2.13e-08,0.0,0.5,80,0.0,11,MIG711_medium_medium_moderate_mhigh,sim_migration,medium,medium,
1e-07,5,0.3,640851,3,0.05,10000,1000,0.2,200,2.13e-08,0.0,0.5,80,0.0,12,MIG712_medium_medium_moderate_mhigh,sim_migration,medium,medium,
1e-07,5,0.3,640851,3,0.05,10000,1000,0.2,200,2.13e-08,0.0,0.5,80,0.0,13,MIG713_medium_medium_moderate_mhigh,sim_migration,medium,medium,
1e-07,5,0.3,640851,3,0.05,10000,1000,0.2,200,2.13e-08,0.0,0.5,80,0.0,14,MIG714_medium_medium_moderate_mhigh,sim_migration,medium,medium,
1e-07,5,0.3,640851,3,0.05,10000,1000,0.2,200,2.13e-08,0.0,0.5,80,0.0,15,MIG715_medium_medium_moderate_mhigh,sim_migration,medium,medium,
1e-07,5,0.3,640851,3,0.05,10000,1000,0.2,200,2.13e-08,0.0,0.5,80,0.0,16,MIG716_medium_medium_moderate_mhigh,sim_migration,medium,medium,
1e-07,5,0.3,640851,3,0.05,10000,1000,0.2,200,2.13e-08,0.0,0.5,80,0.0,17,MIG717_medium_medium_moderate_mhigh,sim_migration,medium,medium,
1e-07,5,0.3,640851,3,0.05,10000,1000,0.2,200,2.13e-08,0.0,0.5,80,0.0,18,MIG718_medium_medium_moderate_mhigh,sim_migration,medium,medium,
1e-07,5,0.3,640851,3,0.05,10000,1000,0.2,200,2.13e-08,0.0,0.5,80,0.0,19,MIG719_medium_medium_moderate_mhigh,sim_migration,medium,medium,
1e-07,5,0.3,640851,3,0.05,10000,1000,0.2,200,2.13e-08,0.0,0.5,80,0.0,20,MIG720_medium_medium_moderate_mhigh,sim_migration,medium,medium,
1e-06,5,0.145,640851,3,0.001,10000,1000,0.05,200,1.03e-08,0.0,0.5,80,0.0,1,MIG721_high_medium_low_mlow,sim_migration,high,medium,
1e-06,5,0.145,640851,3,0.001,10000,1000,0.05,200,1.03e-08,0.0,0.5,80,0.0,2,MIG722_high_medium_low_mlow,sim_migration,high,medium,
1e-06,5,0.145,640851,3,0.001,10000,1000,0.05,200,1.03e-08,0.0,0.5,80,0.0,3,MIG723_high_medium_low_mlow,sim_migration,high,medium,
1e-06,5,0.145,640851,3,0.001,10000,1000,0.05,200,1.03e-08,0.0,0.5,80,0.0,4,MIG724_high_medium_low_mlow,sim_migration,high,medium,
1e-06,5,0.145,640851,3,0.001,10000,1000,0.05,200,1.03e-08,0.0,0.5,80,0.0,5,MIG725_high_medium_low_mlow,sim_migration,high,medium,
1e-06,5,0.145,640851,3,0.001,10000,1000,0.05,200,1.03e-08,0.0,0.5,80,0.0,6,MIG726_high_medium_low_mlow,sim_migration,high,medium,
1e-06,5,0.145,640851,3,0.001,10000,1000,0.05,200,1.03e-08,0.0,0.5,80,0.0,7,MIG727_high_medium_low_mlow,sim_migration,high,medium,
1e-06,5,0.145,640851,3,0.001,10000,1000,0.05,200,1.03e-08,0.0,0.5,80,0.0,8,MIG728_high_medium_low_mlow,sim_migration,high,medium,
1e-06,5,0.145,640851,3,0.001,10000,1000,0.05,200,1.03e-08,0.0,0.5,80,0.0,9,MIG729_high_medium_low_mlow,sim_migration,high,medium,
1e-06,5,0.145,640851,3,0.001,10000,1000,0.05,200,1.03e-08,0.0,0.5,80,0.0,10,MIG730_high_medium_low_mlow,sim_migration,high,medium,
1e-06,5,0.145,640851,3,0.001,10000,1000,0.05,200,1.03e-08,0.0,0.5,80,0.0,11,MIG731_high_medium_low_mlow,sim_migration,high,medium,
1e-06,5,0.145,640851,3,0.001,10000,1000,0.05,200,1.03e-08,0.0,0.5,80,0.0,12,MIG732_high_medium_low_mlow,sim_migration,high,medium,
1e-06,5,0.145,640851,3,0.001,10000,1000,0.05,200,1.03e-08,0.0,0.5,80,0.0,13,MIG733_high_medium_low_mlow,sim_migration,high,medium,
1e-06,5,0.145,640851,3,0.001,10000,1000,0.05,200,1.03e-08,0.0,0.5,80,0.0,14,MIG734_high_medium_low_mlow,sim_migration,high,medium,
1e-06,5,0.145,640851,3,0.001,10000,1000,0.05,200,1.03e-08,0.0,0.5,80,0.0,15,MIG735_high_medium_low_mlow,sim_migration,high,medium,
1e-06,5,0.145,640851,3,0.001,10000,1000,0.05,200,1.03e-08,0.0,0.5,80,0.0,16,MIG736_high_medium_low_mlow,sim_migration,high,medium,
1e-06,5,0.145,640851,3,0.001,10000,1000,0.05,200,1.03e-08,0.0,0.5,80,0.0,17,MIG737_high_medium_low_mlow,sim_migration,high,medium,
1e-06,5,0.145,640851,3,0.001,10000,1000,0.05,200,1.03e-08,0.0,0.5,80,0.0,18,MIG738_high_medium_low_mlow,sim_migration,high,medium,
1e-06,5,0.145,640851,3,0.001,10000,1000,0.05,200,1.03e-08,0.0,0.5,80,0.0,19,MIG739_high_medium_low_mlow,sim_migration,high,medium,
1e-06,5,0.145,640851,3,0.001,10000,1000,0.05,200,1.03e-08,0.0,0.5,80,0.0,20,MIG740_high_medium_low_mlow,sim_migration,high,medium,
1e-06,5,0.145,640851,3,0.001,10000,1000,0.1,200,1.03e-08,0.0,0.5,80,0.0,1,MIG741_high_medium_low_mlow,sim_migration,high,medium,
1e-06,5,0.145,640851,3,0.001,10000,1000,0.1,200,1.03e-08,0.0,0.5,80,0.0,2,MIG742_high_medium_low_mlow,sim_migration,high,medium,
1e-06,5,0.145,640851,3,0.001,10000,1000,0.1,200,1.03e-08,0.0,0.5,80,0.0,3,MIG743_high_medium_low_mlow,sim_migration,high,medium,
1e-06,5,0.145,640851,3,0.001,10000,1000,0.1,200,1.03e-08,0.0,0.5,80,0.0,4,MIG744_high_medium_low_mlow,sim_migration,high,medium,
1e-06,5,0.145,640851,3,0.001,10000,1000,0.1,200,1.03e-08,0.0,0.5,80,0.0,5,MIG745_high_medium_low_mlow,sim_migration,high,medium,
1e-06,5,0.145,640851,3,0.001,10000,1000,0.1,200,1.03e-08,0.0,0.5,80,0.0,6,MIG746_high_medium_low_mlow,sim_migration,high,medium,
1e-06,5,0.145,640851,3,0.001,10000,1000,0.1,200,1.03e-08,0.0,0.5,80,0.0,7,MIG747_high_medium_low_mlow,sim_migration,high,medium,
1e-06,5,0.145,640851,3,0.001,10000,1000,0.1,200,1.03e-08,0.0,0.5,80,0.0,8,MIG748_high_medium_low_mlow,sim_migration,high,medium,
1e-06,5,0.145,640851,3,0.001,10000,1000,0.1,200,1.03e-08,0.0,0.5,80,0.0,9,MIG749_high_medium_low_mlow,sim_migration,high,medium,
1e-06,5,0.145,640851,3,0.001,10000,1000,0.1,200,1.03e-08,0.0,0.5,80,0.0,10,MIG750_high_medium_low_mlow,sim_migration,high,medium,
1e-06,5,0.145,640851,3,0.001,10000,1000,0.1,200,1.03e-08,0.0,0.5,80,0.0,11,MIG751_high_medium_low_mlow,sim_migration,high,medium,
1e-06,5,0.145,640851,3,0.001,10000,1000,0.1,200,1.03e-08,0.0,0.5,80,0.0,12,MIG752_high_medium_low_mlow,sim_migration,high,medium,
1e-06,5,0.145,640851,3,0.001,10000,1000,0.1,200,1.03e-08,0.0,0.5,80,0.0,13,MIG753_high_medium_low_mlow,sim_migration,high,medium,
1e-06,5,0.145,640851,3,0.001,10000,1000,0.1,200,1.03e-08,0.0,0.5,80,0.0,14,MIG754_high_medium_low_mlow,sim_migration,high,medium,
1e-06,5,0.145,640851,3,0.001,10000,1000,0.1,200,1.03e-08,0.0,0.5,80,0.0,15,MIG755_high_medium_low_mlow,sim_migration,high,medium,
1e-06,5,0.145,640851,3,0.001,10000,1000,0.1,200,1.03e-08,0.0,0.5,80,0.0,16,MIG756_high_medium_low_mlow,sim_migration,high,medium,
1e-06,5,0.145,640851,3,0.001,10000,1000,0.1,200,1.03e-08,0.0,0.5,80,0.0,17,MIG757_high_medium_low_mlow,sim_migration,high,medium,
1e-06,5,0.145,640851,3,0.001,10000,1000,0.1,200,1.03e-08,0.0,0.5,80,0.0,18,MIG758_high_medium_low_mlow,sim_migration,high,medium,
1e-06,5,0.145,640851,3,0.001,10000,1000,0.1,200,1.03e-08,0.0,0.5,80,0.0,19,MIG759_high_medium_low_mlow,sim_migration,high,medium,
1e-06,5,0.145,640851,3,0.001,10000,1000,0.1,200,1.03e-08,0.0,0.5,80,0.0,20,MIG760_high_medium_low_mlow,sim_migration,high,medium,
1e-06,5,0.145,640851,3,0.001,10000,1000,0.2,200,1.03e-08,0.0,0.5,80,0.0,1,MIG761_high_medium_low_mlow,sim_migration,high,medium,
1e-06,5,0.145,640851,3,0.001,10000,1000,0.2,200,1.03e-08,0.0,0.5,80,0.0,2,MIG762_high_medium_low_mlow,sim_migration,high,medium,
1e-06,5,0.145,640851,3,0.001,10000,1000,0.2,200,1.03e-08,0.0,0.5,80,0.0,3,MIG763_high_medium_low_mlow,sim_migration,high,medium,
1e-06,5,0.145,640851,3,0.001,10000,1000,0.2,200,1.03e-08,0.0,0.5,80,0.0,4,MIG764_high_medium_low_mlow,sim_migration,high,medium,
1e-06,5,0.145,640851,3,0.001,10000,1000,0.2,200,1.03e-08,0.0,0.5,80,0.0,5,MIG765_high_medium_low_mlow,sim_migration,high,medium,
1e-06,5,0.145,640851,3,0.001,10000,1000,0.2,200,1.03e-08,0.0,0.5,80,0.0,6,MIG766_high_medium_low_mlow,sim_migration,high,medium,
1e-06,5,0.145,640851,3,0.001,10000,1000,0.2,200,1.03e-08,0.0,0.5,80,0.0,7,MIG767_high_medium_low_mlow,sim_migration,high,medium,
1e-06,5,0.145,640851,3,0.001,10000,1000,0.2,200,1.03e-08,0.0,0.5,80,0.0,8,MIG768_high_medium_low_mlow,sim_migration,high,medium,
1e-06,5,0.145,640851,3,0.001,10000,1000,0.2,200,1.03e-08,0.0,0.5,80,0.0,9,MIG769_high_medium_low_mlow,sim_migration,high,medium,
1e-06,5,0.145,640851,3,0.001,10000,1000,0.2,200,1.03e-08,0.0,0.5,80,0.0,10,MIG770_high_medium_low_mlow,sim_migration,high,medium,
1e-06,5,0.145,640851,3,0.001,10000,1000,0.2,200,1.03e-08,0.0,0.5,80,0.0,11,MIG771_high_medium_low_mlow,sim_migration,high,medium,
1e-06,5,0.145,640851,3,0.001,10000,1000,0.2,200,1.03e-08,0.0,0.5,80,0.0,12,MIG772_high_medium_low_mlow,sim_migration,high,medium,
1e-06,5,0.145,640851,3,0.001,10000,1000,0.2,200,1.03e-08,0.0,0.5,80,0.0,13,MIG773_high_medium_low_mlow,sim_migration,high,medium,
1e-06,5,0.145,640851,3,0.001,10000,1000,0.2,200,1.03e-08,0.0,0.5,80,0.0,14,MIG774_high_medium_low_mlow,sim_migration,high,medium,
1e-06,5,0.145,640851,3,0.001,10000,1000,0.2,200,1.03e-08,0.0,0.5,80,0.0,15,MIG775_high_medium_low_mlow,sim_migration,high,medium,
1e-06,5,0.145,640851,3,0.001,10000,1000,0.2,200,1.03e-08,0.0,0.5,80,0.0,16,MIG776_high_medium_low_mlow,sim_migration,high,medium,
1e-06,5,0.145,640851,3,0.001,10000,1000,0.2,200,1.03e-08,0.0,0.5,80,0.0,17,MIG777_high_medium_low_mlow,sim_migration,high,medium,
1e-06,5,0.145,640851,3,0.001,10000,1000,0.2,200,1.03e-08,0.0,0.5,80,0.0,18,MIG778_high_medium_low_mlow,sim_migration,high,medium,
1e-06,5,0.145,640851,3,0.001,10000,1000,0.2,200,1.03e-08,0.0,0.5,80,0.0,19,MIG779_high_medium_low_mlow,sim_migration,high,medium,
1e-06,5,0.145,640851,3,0.001,10000,1000,0.2,200,1.03e-08,0.0,0.5,80,0.0,20,MIG780_high_medium_low_mlow,sim_migration,high,medium,
1e-06,5,0.145,640851,3,0.01,10000,1000,0.05,200,1.03e-08,0.0,0.5,80,0.0,1,MIG781_high_medium_low_mmedium,sim_migration,high,medium,
1e-06,5,0.145,640851,3,0.01,10000,1000,0.05,200,1.03e-08,0.0,0.5,80,0.0,2,MIG782_high_medium_low_mmedium,sim_migration,high,medium,
1e-06,5,0.145,640851,3,0.01,10000,1000,0.05,200,1.03e-08,0.0,0.5,80,0.0,3,MIG783_high_medium_low_mmedium,sim_migration,high,medium,
1e-06,5,0.145,640851,3,0.01,10000,1000,0.05,200,1.03e-08,0.0,0.5,80,0.0,4,MIG784_high_medium_low_mmedium,sim_migration,high,medium,
1e-06,5,0.145,640851,3,0.01,10000,1000,0.05,200,1.03e-08,0.0,0.5,80,0.0,5,MIG785_high_medium_low_mmedium,sim_migration,high,medium,
1e-06,5,0.145,640851,3,0.01,10000,1000,0.05,200,1.03e-08,0.0,0.5,80,0.0,6,MIG786_high_medium_low_mmedium,sim_migration,high,medium,
1e-06,5,0.145,640851,3,0.01,10000,1000,0.05,200,1.03e-08,0.0,0.5,80,0.0,7,MIG787_high_medium_low_mmedium,sim_migration,high,medium,
1e-06,5,0.145,640851,3,0.01,10000,1000,0.05,200,1.03e-08,0.0,0.5,80,0.0,8,MIG788_high_medium_low_mmedium,sim_migration,high,medium,
1e-06,5,0.145,640851,3,0.01,10000,1000,0.05,200,1.03e-08,0.0,0.5,80,0.0,9,MIG789_high_medium_low_mmedium,sim_migration,high,medium,
1e-06,5,0.145,640851,3,0.01,10000,1000,0.05,200,1.03e-08,0.0,0.5,80,0.0,10,MIG790_high_medium_low_mmedium,sim_migration,high,medium,
1e-06,5,0.145,640851,3,0.01,10000,1000,0.05,200,1.03e-08,0.0,0.5,80,0.0,11,MIG791_high_medium_low_mmedium,sim_migration,high,medium,
1e-06,5,0.145,640851,3,0.01,10000,1000,0.05,200,1.03e-08,0.0,0.5,80,0.0,12,MIG792_high_medium_low_mmedium,sim_migration,high,medium,
1e-06,5,0.145,640851,3,0.01,10000,1000,0.05,200,1.03e-08,0.0,0.5,80,0.0,13,MIG793_high_medium_low_mmedium,sim_migration,high,medium,
1e-06,5,0.145,640851,3,0.01,10000,1000,0.05,200,1.03e-08,0.0,0.5,80,0.0,14,MIG794_high_medium_low_mmedium,sim_migration,high,medium,
1e-06,5,0.145,640851,3,0.01,10000,1000,0.05,200,1.03e-08,0.0,0.5,80,0.0,15,MIG795_high_medium_low_mmedium,sim_migration,high,medium,
1e-06,5,0.145,640851,3,0.01,10000,1000,0.05,200,1.03e-08,0.0,0.5,80,0.0,16,MIG796_high_medium_low_mmedium,sim_migration,high,medium,
1e-06,5,0.145,640851,3,0.01,10000,1000,0.05,200,1.03e-08,0.0,0.5,80,0.0,17,MIG797_high_medium_low_mmedium,sim_migration,high,medium,
1e-06,5,0.145,640851,3,0.01,10000,1000,0.05,200,1.03e-08,0.0,0.5,80,0.0,18,MIG798_high_medium_low_mmedium,sim_migration,high,medium,
1e-06,5,0.145,640851,3,0.01,10000,1000,0.05,200,1.03e-08,0.0,0.5,80,0.0,19,MIG799_high_medium_low_mmedium,sim_migration,high,medium,
1e-06,5,0.145,640851,3,0.01,10000,1000,0.05,200,1.03e-08,0.0,0.5,80,0.0,20,MIG800_high_medium_low_mmedium,sim_migration,high,medium,
1e-06,5,0.145,640851,3,0.01,10000,1000,0.1,200,1.03e-08,0.0,0.5,80,0.0,1,MIG801_high_medium_low_mmedium,sim_migration,high,medium,
1e-06,5,0.145,640851,3,0.01,10000,1000,0.1,200,1.03e-08,0.0,0.5,80,0.0,2,MIG802_high_medium_low_mmedium,sim_migration,high,medium,
1e-06,5,0.145,640851,3,0.01,10000,1000,0.1,200,1.03e-08,0.0,0.5,80,0.0,3,MIG803_high_medium_low_mmedium,sim_migration,high,medium,
1e-06,5,0.145,640851,3,0.01,10000,1000,0.1,200,1.03e-08,0.0,0.5,80,0.0,4,MIG804_high_medium_low_mmedium,sim_migration,high,medium,
1e-06,5,0.145,640851,3,0.01,10000,1000,0.1,200,1.03e-08,0.0,0.5,80,0.0,5,MIG805_high_medium_low_mmedium,sim_migration,high,medium,
1e-06,5,0.145,640851,3,0.01,10000,1000,0.1,200,1.03e-08,0.0,0.5,80,0.0,6,MIG806_high_medium_low_mmedium,sim_migration,high,medium,
1e-06,5,0.145,640851,3,0.01,10000,1000,0.1,200,1.03e-08,0.0,0.5,80,0.0,7,MIG807_high_medium_low_mmedium,sim_migration,high,medium,
1e-06,5,0.145,640851,3,0.01,10000,1000,0.1,200,1.03e-08,0.0,0.5,80,0.0,8,MIG808_high_medium_low_mmedium,sim_migration,high,medium,
1e-06,5,0.145,640851,3,0.01,10000,1000,0.1,200,1.03e-08,0.0,0.5,80,0.0,9,MIG809_high_medium_low_mmedium,sim_migration,high,medium,
1e-06,5,0.145,640851,3,0.01,10000,1000,0.1,200,1.03e-08,0.0,0.5,80,0.0,10,MIG810_high_medium_low_mmedium,sim_migration,high,medium,
1e-06,5,0.145,640851,3,0.01,10000,1000,0.1,200,1.03e-08,0.0,0.5,80,0.0,11,MIG811_high_medium_low_mmedium,sim_migration,high,medium,
1e-06,5,0.145,640851,3,0.01,10000,1000,0.1,200,1.03e-08,0.0,0.5,80,0.0,12,MIG812_high_medium_low_mmedium,sim_migration,high,medium,
1e-06,5,0.145,640851,3,0.01,10000,1000,0.1,200,1.03e-08,0.0,0.5,80,0.0,13,MIG813_high_medium_low_mmedium,sim_migration,high,medium,
1e-06,5,0.145,640851,3,0.01,10000,1000,0.1,200,1.03e-08,0.0,0.5,80,0.0,14,MIG814_high_medium_low_mmedium,sim_migration,high,medium,
1e-06,5,0.145,640851,3,0.01,10000,1000,0.1,200,1.03e-08,0.0,0.5,80,0.0,15,MIG815_high_medium_low_mmedium,sim_migration,high,medium,
1e-06,5,0.145,640851,3,0.01,10000,1000,0.1,200,1.03e-08,0.0,0.5,80,0.0,16,MIG816_high_medium_low_mmedium,sim_migration,high,medium,
1e-06,5,0.145,640851,3,0.01,10000,1000,0.1,200,1.03e-08,0.0,0.5,80,0.0,17,MIG817_high_medium_low_mmedium,sim_migration,high,medium,
1e-06,5,0.145,640851,3,0.01,10000,1000,0.1,200,1.03e-08,0.0,0.5,80,0.0,18,MIG818_high_medium_low_mmedium,sim_migration,high,medium,
1e-06,5,0.145,640851,3,0.01,10000,1000,0.1,200,1.03e-08,0.0,0.5,80,0.0,19,MIG819_high_medium_low_mmedium,sim_migration,high,medium,
1e-06,5,0.145,640851,3,0.01,10000,1000,0.1,200,1.03e-08,0.0,0.5,80,0.0,20,MIG820_high_medium_low_mmedium,sim_migration,high,medium,
1e-06,5,0.145,640851,3,0.01,10000,1000,0.2,200,1.03e-08,0.0,0.5,80,0.0,1,MIG821_high_medium_low_mmedium,sim_migration,high,medium,
1e-06,5,0.145,640851,3,0.01,10000,1000,0.2,200,1.03e-08,0.0,0.5,80,0.0,2,MIG822_high_medium_low_mmedium,sim_migration,high,medium,
1e-06,5,0.145,640851,3,0.01,10000,1000,0.2,200,1.03e-08,0.0,0.5,80,0.0,3,MIG823_high_medium_low_mmedium,sim_migration,high,medium,
1e-06,5,0.145,640851,3,0.01,10000,1000,0.2,200,1.03e-08,0.0,0.5,80,0.0,4,MIG824_high_medium_low_mmedium,sim_migration,high,medium,
1e-06,5,0.145,640851,3,0.01,10000,1000,0.2,200,1.03e-08,0.0,0.5,80,0.0,5,MIG825_high_medium_low_mmedium,sim_migration,high,medium,
1e-06,5,0.145,640851,3,0.01,10000,1000,0.2,200,1.03e-08,0.0,0.5,80,0.0,6,MIG826_high_medium_low_mmedium,sim_migration,high,medium,
1e-06,5,0.145,640851,3,0.01,10000,1000,0.2,200,1.03e-08,0.0,0.5,80,0.0,7,MIG827_high_medium_low_mmedium,sim_migration,high,medium,
1e-06,5,0.145,640851,3,0.01,10000,1000,0.2,200,1.03e-08,0.0,0.5,80,0.0,8,MIG828_high_medium_low_mmedium,sim_migration,high,medium,
1e-06,5,0.145,640851,3,0.01,10000,1000,0.2,200,1.03e-08,0.0,0.5,80,0.0,9,MIG829_high_medium_low_mmedium,sim_migration,high,medium,
1e-06,5,0.145,640851,3,0.01,10000,1000,0.2,200,1.03e-08,0.0,0.5,80,0.0,10,MIG830_high_medium_low_mmedium,sim_migration,high,medium,
1e-06,5,0.145,640851,3,0.01,10000,1000,0.2,200,1.03e-08,0.0,0.5,80,0.0,11,MIG831_high_medium_low_mmedium,sim_migration,high,medium,
1e-06,5,0.145,640851,3,0.01,10000,1000,0.2,200,1.03e-08,0.0,0.5,80,0.0,12,MIG832_high_medium_low_mmedium,sim_migration,high,medium,
1e-06,5,0.145,640851,3,0.01,10000,1000,0.2,200,1.03e-08,0.0,0.5,80,0.0,13,MIG833_high_medium_low_mmedium,sim_migration,high,medium,
1e-06,5,0.145,640851,3,0.01,10000,1000,0.2,200,1.03e-08,0.0,0.5,80,0.0,14,MIG834_high_medium_low_mmedium,sim_migration,high,medium,
1e-06,5,0.145,640851,3,0.01,10000,1000,0.2,200,1.03e-08,0.0,0.5,80,0.0,15,MIG835_high_medium_low_mmedium,sim_migration,high,medium,
1e-06,5,0.145,640851,3,0.01,10000,1000,0.2,200,1.03e-08,0.0,0.5,80,0.0,16,MIG836_high_medium_low_mmedium,sim_migration,high,medium,
1e-06,5,0.145,640851,3,0.01,10000,1000,0.2,200,1.03e-08,0.0,0.5,80,0.0,17,MIG837_high_medium_low_mmedium,sim_migration,high,medium,
1e-06,5,0.145,640851,3,0.01,10000,1000,0.2,200,1.03e-08,0.0,0.5,80,0.0,18,MIG838_high_medium_low_mmedium,sim_migration,high,medium,
1e-06,5,0.145,640851,3,0.01,10000,1000,0.2,200,1.03e-08,0.0,0.5,80,0.0,19,MIG839_high_medium_low_mmedium,sim_migration,high,medium,
1e-06,5,0.145,640851,3,0.01,10000,1000,0.2,200,1.03e-08,0.0,0.5,80,0.0,20,MIG840_high_medium_low_mmedium,sim_migration,high,medium,
1e-06,5,0.145,640851,3,0.05,10000,1000,0.05,200,1.03e-08,0.0,0.5,80,0.0,1,MIG841_high_medium_low_mhigh,sim_migration,high,medium,
1e-06,5,0.145,640851,3,0.05,10000,1000,0.05,200,1.03e-08,0.0,0.5,80,0.0,2,MIG842_high_medium_low_mhigh,sim_migration,high,medium,
1e-06,5,0.145,640851,3,0.05,10000,1000,0.05,200,1.03e-08,0.0,0.5,80,0.0,3,MIG843_high_medium_low_mhigh,sim_migration,high,medium,
1e-06,5,0.145,640851,3,0.05,10000,1000,0.05,200,1.03e-08,0.0,0.5,80,0.0,4,MIG844_high_medium_low_mhigh,sim_migration,high,medium,
1e-06,5,0.145,640851,3,0.05,10000,1000,0.05,200,1.03e-08,0.0,0.5,80,0.0,5,MIG845_high_medium_low_mhigh,sim_migration,high,medium,
1e-06,5,0.145,640851,3,0.05,10000,1000,0.05,200,1.03e-08,0.0,0.5,80,0.0,6,MIG846_high_medium_low_mhigh,sim_migration,high,medium,
1e-06,5,0.145,640851,3,0.05,10000,1000,0.05,200,1.03e-08,0.0,0.5,80,0.0,7,MIG847_high_medium_low_mhigh,sim_migration,high,medium,
1e-06,5,0.145,640851,3,0.05,10000,1000,0.05,200,1.03e-08,0.0,0.5,80,0.0,8,MIG848_high_medium_low_mhigh,sim_migration,high,medium,
1e-06,5,0.145,640851,3,0.05,10000,1000,0.05,200,1.03e-08,0.0,0.5,80,0.0,9,MIG849_high_medium_low_mhigh,sim_migration,high,medium,
1e-06,5,0.145,640851,3,0.05,10000,1000,0.05,200,1.03e-08,0.0,0.5,80,0.0,10,MIG850_high_medium_low_mhigh,sim_migration,high,medium,
1e-06,5,0.145,640851,3,0.05,10000,1000,0.05,200,1.03e-08,0.0,0.5,80,0.0,11,MIG851_high_medium_low_mhigh,sim_migration,high,medium,
1e-06,5,0.145,640851,3,0.05,10000,1000,0.05,200,1.03e-08,0.0,0.5,80,0.0,12,MIG852_high_medium_low_mhigh,sim_migration,high,medium,
1e-06,5,0.145,640851,3,0.05,10000,1000,0.05,200,1.03e-08,0.0,0.5,80,0.0,13,MIG853_high_medium_low_mhigh,sim_migration,high,medium,
1e-06,5,0.145,640851,3,0.05,10000,1000,0.05,200,1.03e-08,0.0,0.5,80,0.0,14,MIG854_high_medium_low_mhigh,sim_migration,high,medium,
1e-06,5,0.145,640851,3,0.05,10000,1000,0.05,200,1.03e-08,0.0,0.5,80,0.0,15,MIG855_high_medium_low_mhigh,sim_migration,high,medium,
1e-06,5,0.145,640851,3,0.05,10000,1000,0.05,200,1.03e-08,0.0,0.5,80,0.0,16,MIG856_high_medium_low_mhigh,sim_migration,high,medium,
1e-06,5,0.145,640851,3,0.05,10000,1000,0.05,200,1.03e-08,0.0,0.5,80,0.0,17,MIG857_high_medium_low_mhigh,sim_migration,high,medium,
1e-06,5,0.145,640851,3,0.05,10000,1000,0.05,200,1.03e-08,0.0,0.5,80,0.0,18,MIG858_high_medium_low_mhigh,sim_migration,high,medium,
1e-06,5,0.145,640851,3,0.05,10000,1000,0.05,200,1.03e-08,0.0,0.5,80,0.0,19,MIG859_high_medium_low_mhigh,sim_migration,high,medium,
1e-06,5,0.145,640851,3,0.05,10000,1000,0.05,200,1.03e-08,0.0,0.5,80,0.0,20,MIG860_high_medium_low_mhigh,sim_migration,high,medium,
1e-06,5,0.145,640851,3,0.05,10000,1000,0.1,200,1.03e-08,0.0,0.5,80,0.0,1,MIG861_high_medium_low_mhigh,sim_migration,high,medium,
1e-06,5,0.145,640851,3,0.05,10000,1000,0.1,200,1.03e-08,0.0,0.5,80,0.0,2,MIG862_high_medium_low_mhigh,sim_migration,high,medium,
1e-06,5,0.145,640851,3,0.05,10000,1000,0.1,200,1.03e-08,0.0,0.5,80,0.0,3,MIG863_high_medium_low_mhigh,sim_migration,high,medium,
1e-06,5,0.145,640851,3,0.05,10000,1000,0.1,200,1.03e-08,0.0,0.5,80,0.0,4,MIG864_high_medium_low_mhigh,sim_migration,high,medium,
1e-06,5,0.145,640851,3,0.05,10000,1000,0.1,200,1.03e-08,0.0,0.5,80,0.0,5,MIG865_high_medium_low_mhigh,sim_migration,high,medium,
1e-06,5,0.145,640851,3,0.05,10000,1000,0.1,200,1.03e-08,0.0,0.5,80,0.0,6,MIG866_high_medium_low_mhigh,sim_migration,high,medium,
1e-06,5,0.145,640851,3,0.05,10000,1000,0.1,200,1.03e-08,0.0,0.5,80,0.0,7,MIG867_high_medium_low_mhigh,sim_migration,high,medium,
1e-06,5,0.145,640851,3,0.05,10000,1000,0.1,200,1.03e-08,0.0,0.5,80,0.0,8,MIG868_high_medium_low_mhigh,sim_migration,high,medium,
1e-06,5,0.145,640851,3,0.05,10000,1000,0.1,200,1.03e-08,0.0,0.5,80,0.0,9,MIG869_high_medium_low_mhigh,sim_migration,high,medium,
1e-06,5,0.145,640851,3,0.05,10000,1000,0.1,200,1.03e-08,0.0,0.5,80,0.0,10,MIG870_high_medium_low_mhigh,sim_migration,high,medium,
1e-06,5,0.145,640851,3,0.05,10000,1000,0.1,200,1.03e-08,0.0,0.5,80,0.0,11,MIG871_high_medium_low_mhigh,sim_migration,high,medium,
1e-06,5,0.145,640851,3,0.05,10000,1000,0.1,200,1.03e-08,0.0,0.5,80,0.0,12,MIG872_high_medium_low_mhigh,sim_migration,high,medium,
1e-06,5,0.145,640851,3,0.05,10000,1000,0.1,200,1.03e-08,0.0,0.5,80,0.0,13,MIG873_high_medium_low_mhigh,sim_migration,high,medium,
1e-06,5,0.145,640851,3,0.05,10000,1000,0.1,200,1.03e-08,0.0,0.5,80,0.0,14,MIG874_high_medium_low_mhigh,sim_migration,high,medium,
1e-06,5,0.145,640851,3,0.05,10000,1000,0.1,200,1.03e-08,0.0,0.5,80,0.0,15,MIG875_high_medium_low_mhigh,sim_migration,high,medium,
1e-06,5,0.145,640851,3,0.05,10000,1000,0.1,200,1.03e-08,0.0,0.5,80,0.0,16,MIG876_high_medium_low_mhigh,sim_migration,high,medium,
1e-06,5,0.145,640851,3,0.05,10000,1000,0.1,200,1.03e-08,0.0,0.5,80,0.0,17,MIG877_high_medium_low_mhigh,sim_migration,high,medium,
1e-06,5,0.145,640851,3,0.05,10000,1000,0.1,200,1.03e-08,0.0,0.5,80,0.0,18,MIG878_high_medium_low_mhigh,sim_migration,high,medium,
1e-06,5,0.145,640851,3,0.05,10000,1000,0.1,200,1.03e-08,0.0,0.5,80,0.0,19,MIG879_high_medium_low_mhigh,sim_migration,high,medium,
1e-06,5,0.145,640851,3,0.05,10000,1000,0.1,200,1.03e-08,0.0,0.5,80,0.0,20,MIG880_high_medium_low_mhigh,sim_migration,high,medium,
1e-06,5,0.145,640851,3,0.05,10000,1000,0.2,200,1.03e-08,0.0,0.5,80,0.0,1,MIG881_high_medium_low_mhigh,sim_migration,high,medium,
1e-06,5,0.145,640851,3,0.05,10000,1000,0.2,200,1.03e-08,0.0,0.5,80,0.0,2,MIG882_high_medium_low_mhigh,sim_migration,high,medium,
1e-06,5,0.145,640851,3,0.05,10000,1000,0.2,200,1.03e-08,0.0,0.5,80,0.0,3,MIG883_high_medium_low_mhigh,sim_migration,high,medium,
1e-06,5,0.145,640851,3,0.05,10000,1000,0.2,200,1.03e-08,0.0,0.5,80,0.0,4,MIG884_high_medium_low_mhigh,sim_migration,high,medium,
1e-06,5,0.145,640851,3,0.05,10000,1000,0.2,200,1.03e-08,0.0,0.5,80,0.0,5,MIG885_high_medium_low_mhigh,sim_migration,high,medium,
1e-06,5,0.145,640851,3,0.05,10000,1000,0.2,200,1.03e-08,0.0,0.5,80,0.0,6,MIG886_high_medium_low_mhigh,sim_migration,high,medium,
1e-06,5,0.145,640851,3,0.05,10000,1000,0.2,200,1.03e-08,0.0,0.5,80,0.0,7,MIG887_high_medium_low_mhigh,sim_migration,high,medium,
1e-06,5,0.145,640851,3,0.05,10000,1000,0.2,200,1.03e-08,0.0,0.5,80,0.0,8,MIG888_high_medium_low_mhigh,sim_migration,high,medium,
1e-06,5,0.145,640851,3,0.05,10000,1000,0.2,200,1.03e-08,0.0,0.5,80,0.0,9,MIG889_high_medium_low_mhigh,sim_migration,high,medium,
1e-06,5,0.145,640851,3,0.05,10000,1000,0.2,200,1.03e-08,0.0,0.5,80,0.0,10,MIG890_high_medium_low_mhigh,sim_migration,high,medium,
1e-06,5,0.145,640851,3,0.05,10000,1000,0.2,200,1.03e-08,0.0,0.5,80,0.0,11,MIG891_high_medium_low_mhigh,sim_migration,high,medium,
1e-06,5,0.145,640851,3,0.05,10000,1000,0.2,200,1.03e-08,0.0,0.5,80,0.0,12,MIG892_high_medium_low_mhigh,sim_migration,high,medium,
1e-06,5,0.145,640851,3,0.05,10000,1000,0.2,200,1.03e-08,0.0,0.5,80,0.0,13,MIG893_high_medium_low_mhigh,sim_migration,high,medium,
1e-06,5,0.145,640851,3,0.05,10000,1000,0.2,200,1.03e-08,0.0,0.5,80,0.0,14,MIG894_high_medium_low_mhigh,sim_migration,high,medium,
1e-06,5,0.145,640851,3,0.05,10000,1000,0.2,200,1.03e-08,0.0,0.5,80,0.0,15,MIG895_high_medium_low_mhigh,sim_migration,high,medium,
1e-06,5,0.145,640851,3,0.05,10000,1000,0.2,200,1.03e-08,0.0,0.5,80,0.0,16,MIG896_high_medium_low_mhigh,sim_migration,high,medium,
1e-06,5,0.145,640851,3,0.05,10000,1000,0.2,200,1.03e-08,0.0,0.5,80,0.0,17,MIG897_high_medium_low_mhigh,sim_migration,high,medium,
1e-06,5,0.145,640851,3,0.05,10000,1000,0.2,200,1.03e-08,0.0,0.5,80,0.0,18,MIG898_high_medium_low_mhigh,sim_migration,high,medium,
1e-06,5,0.145,640851,3,0.05,10000,1000,0.2,200,1.03e-08,0.0,0.5,80,0.0,19,MIG899_high_medium_low_mhigh,sim_migration,high,medium,
1e-06,5,0.145,640851,3,0.05,10000,1000,0.2,200,1.03e-08,0.0,0.5,80,0.0,20,MIG900_high_medium_low_mhigh,sim_migration,high,medium,
